variant,horizon_bars,N,sign_acc,sign_bacc,precision_up,recall_up,MAE_ret,MSE_ret,trades,pnl_total,pnl_avg
raw,4,9735,0.5136106831022085,0.5136094103123501,0.5160230073952342,0.513911620294599,310.1201828266228,220891.25393373045,367,-119.38670000015577,-0.012262397288430132
thetaMixSVD,4,9735,0.5240883410374936,0.5241625322427661,0.5271449861613796,0.5065466448445172,623.7364142424059,781783.7949754986,2667,-26227.256700000045,-2.69384312859491
