variant,horizon_bars,N,SSE,MSE,score
raw,4,9736,2063412732.0029,211936.39400194123,211936.39400194123
thetaPLL,4,9736,3814802819.8716583,391824.44739848585,391824.44739848585
