variant,horizon_bars,N,SSE,MSE,score
raw,4,9644,2042467617.3363998,211786.35600750725,211786.35600750725
thetaBiquatTrue,4,9644,15551836206.640593,1612591.89201997,1612591.89201997
raw,96,9552,40026484984.548004,4190377.4062550254,4190377.4062550254
thetaBiquatTrue,96,9552,75745793737.77467,7929836.027823982,7929836.027823982
