variant,horizon_bars,N,SSE,MSE,score
raw,4,9736,2063586281.869,211954.21958391537,211954.21958391537
thetaBiquatTrue,4,9736,15205717526.6918,1561803.3614104148,1561803.3614104148
