variant,horizon_bars,N,SSE,MSE,score
raw,4,9736,2150166530.5464997,220847.0142303307,220847.0142303307
thetaMixSVD,4,9736,9221970849.750793,947203.2507960963,947203.2507960963
