{
  "hit_rate_pred": 0.5108108108108108,
  "hit_rate_hold": 0.4851351351351351,
  "corr_pred_true": -0.021907796301346493,
  "mae_price": 3770.530569620286,
  "mae_return": 0.03248519331681321,
  "count": 740
}