{
  "hit_rate_pred": 0.7432432432432432,
  "hit_rate_hold": 0.5081081081081081,
  "corr_pred_true": 0.812027426723368,
  "mae_price": 708.4643783783787,
  "mae_return": 0.0062091690100755095,
  "count": 740
}