{
  "hit_rate_pred": 0.4851351351351351,
  "hit_rate_hold": 0.4540540540540541,
  "corr_pred_true": 0.05659314565973885,
  "mae_price": 13.139582276849453,
  "mae_return": 0.06284648984022348,
  "count": 740
}