{
  "hit_rate_pred": 0.6716216216216216,
  "hit_rate_hold": 0.4851351351351351,
  "corr_pred_true": 0.5743444865916736,
  "mae_price": 0.009479324324324325,
  "mae_return": 0.012866926720033398,
  "count": 740
}