{
  "hit_rate_pred": 0.49864864864864866,
  "hit_rate_hold": 0.4972972972972973,
  "corr_pred_true": 0.0020049941397447435,
  "mae_price": 3887.4087018094015,
  "mae_return": 0.033706326930117034,
  "count": 740
}