{
  "hit_rate_pred": 0.7527027027027027,
  "hit_rate_hold": 0.4905405405405405,
  "corr_pred_true": 0.8041255427103853,
  "mae_price": 0.027606351351351352,
  "mae_return": 0.010455934336569234,
  "count": 740
}