{
  "hit_rate_pred": 0.6783088235294118,
  "hit_rate_hold": 0.5257352941176471,
  "corr_pred_true": 0.5645798222305934,
  "mae_price": 703.8342095588239,
  "mae_return": 0.006085783530035519,
  "count": 544
}