{
  "hit_rate_pred": 0.6337837837837837,
  "hit_rate_hold": 0.4891891891891892,
  "corr_pred_true": 0.5732329771388307,
  "mae_price": 0.027628918918918912,
  "mae_return": 0.010468951333102989,
  "count": 740
}