{
  "hit_rate_pred": 0.4891891891891892,
  "hit_rate_hold": 0.4851351351351351,
  "corr_pred_true": 0.06473771595872171,
  "mae_price": 40.99825675675677,
  "mae_return": 0.009971036762895388,
  "count": 740
}