{
  "hit_rate_pred": 0.47162162162162163,
  "hit_rate_hold": 0.5162162162162162,
  "corr_pred_true": 0.03694010896117295,
  "mae_price": 71.99240938447139,
  "mae_return": 0.06370891212617953,
  "count": 740
}