{
  "hit_rate_pred": 0.6364864864864865,
  "hit_rate_hold": 0.4837837837837838,
  "corr_pred_true": 0.5737623917455353,
  "mae_price": 41.175094594594604,
  "mae_return": 0.010017142051973517,
  "count": 740
}