{
  "hit_rate_pred": 0.504054054054054,
  "hit_rate_hold": 0.4810810810810811,
  "corr_pred_true": 0.022294195220048586,
  "mae_price": 0.13402924979321537,
  "mae_return": 0.050088878650289576,
  "count": 740
}