{
  "hit_rate_pred": 0.6608108108108108,
  "hit_rate_hold": 0.5297297297297298,
  "corr_pred_true": 0.5299072178342008,
  "mae_price": 14.967297297297295,
  "mae_return": 0.013067036203771969,
  "count": 740
}