{
  "hit_rate_pred": 0.46216216216216216,
  "hit_rate_hold": 0.5310810810810811,
  "corr_pred_true": 0.019207253731576647,
  "mae_price": 14.931716216216213,
  "mae_return": 0.013037772432299545,
  "count": 740
}