{
  "hit_rate_pred": 0.4554054054054054,
  "hit_rate_hold": 0.47297297297297297,
  "corr_pred_true": 0.04775718482018231,
  "mae_price": 211.77889038928757,
  "mae_return": 0.050591582252899475,
  "count": 740
}