{
  "hit_rate_pred": 0.5202702702702703,
  "hit_rate_hold": 0.4851351351351351,
  "corr_pred_true": 0.0852845112871167,
  "mae_price": 0.009466891891891892,
  "mae_return": 0.012842547914392254,
  "count": 740
}