{
  "hit_rate_pred": 0.7797297297297298,
  "hit_rate_hold": 0.4851351351351351,
  "corr_pred_true": 0.8051896040648981,
  "mae_price": 0.009466891891891892,
  "mae_return": 0.012842547914392254,
  "count": 740
}