{
  "hit_rate_pred": 0.6364864864864865,
  "hit_rate_hold": 0.5081081081081081,
  "corr_pred_true": 0.5939235071798937,
  "mae_price": 709.9703243243247,
  "mae_return": 0.006223001508419178,
  "count": 740
}