{
  "hit_rate_pred": 0.4797297297297297,
  "hit_rate_hold": 0.4905405405405405,
  "corr_pred_true": 0.04239456845256675,
  "mae_price": 0.027606351351351352,
  "mae_return": 0.010455934336569234,
  "count": 740
}