{
  "hit_rate_pred": 0.4797297297297297,
  "hit_rate_hold": 0.4756756756756757,
  "corr_pred_true": 0.037666868514096175,
  "mae_price": 0.050250428513287725,
  "mae_return": 0.0668969308889794,
  "count": 740
}