{
  "hit_rate_pred": 0.6918918918918919,
  "hit_rate_hold": 0.4743243243243243,
  "corr_pred_true": 0.605951306969562,
  "mae_price": 2.6379729729729733,
  "mae_return": 0.012994507485922376,
  "count": 740
}