timestamp,close,position_btc,equity,drawdown,target_exposure,action,bar_state,target_exposure_raw,target_exposure_final,delta_e,delta_e_min,suppressed,clamped_long_only
2024-04-30 03:00:00+00:00,63647.99,0.0,1000.0,0.0,0.0,HOLD,closed,0.0,0.0,0.0,0.031602793098166465,True,False
2024-04-30 04:00:00+00:00,63403.98,0.0,1000.0,0.0,-0.0,HOLD,closed,-0.0,0.0,0.0,0.0316034199127877,True,False
2024-04-30 05:00:00+00:00,63330.0,0.0007885940283244049,1000.0768448137845,0.0,0.05,BUY,closed,0.05,0.05,0.05,0.031602793098166465,False,False
2024-04-30 06:00:00+00:00,63412.0,0.0,999.9769864649869,-9.985067579103736e-05,0.0,SELL,closed,0.0,0.0,0.049999249154153644,0.03160256133377934,False,False
2024-04-30 07:00:00+00:00,63148.74,0.0,999.9769864649869,-9.985067579103736e-05,0.0,HOLD,closed,0.0,0.0,0.0,0.03160304598833469,True,False
2024-04-30 08:00:00+00:00,61919.32,0.0007917632136959399,999.1395802430206,-0.000937192552376719,0.05,BUY,closed,0.05,0.05,0.05,0.031642837510812816,False,False
2024-04-30 09:00:00+00:00,61688.01,0.0007917632136959399,998.9564374940605,-0.0011203212288477854,0.05,HOLD,closed,0.05,0.048893320279942316,0.0011066797200576864,0.031632092860756494,True,False
2024-04-30 10:00:00+00:00,61782.19,0.0007917632136959399,999.0310057535264,-0.0010457586991256197,0.05,HOLD,closed,0.05,0.048964311439640716,0.0010356885603592866,0.03162532978141966,True,False
2024-04-30 11:00:00+00:00,61204.42,0.0,998.9331885795511,-0.0011435683569359515,0.0,SELL,closed,0.0,0.0,0.04852863200075499,0.0316342003602976,False,False
2024-04-30 12:00:00+00:00,61230.16,0.0008160630815488224,999.0894664168695,-0.000987302527836105,0.05,BUY,closed,0.05,0.05,0.05,0.03161369346663315,False,False
2024-04-30 13:00:00+00:00,60820.57,0.0,998.9895560545995,-0.0010872052131029248,0.0,SELL,closed,0.0,0.0,0.04969528171007689,0.031606351899796936,False,False
2024-04-30 14:00:00+00:00,61247.87,0.0008212594783333203,999.4756892719969,-0.0006011093496516098,0.05,BUY,closed,0.05,0.05,0.05,0.031611030098805254,False,False
2024-04-30 15:00:00+00:00,60796.85,0.0,999.3751136346633,-0.0007016772588629309,0.0,SELL,closed,0.0,0.0,0.04997470244009436,0.0316160263475517,False,False
2024-04-30 16:00:00+00:00,60336.68,0.0,999.3751136346633,-0.0007016772588629309,0.0,HOLD,closed,0.0,0.0,0.0,0.03161984632035361,True,False
2024-04-30 17:00:00+00:00,60368.81,0.0008281654821202156,999.5371421806233,-0.0005396611629996776,0.05,BUY,closed,0.05,0.05,0.05,0.031618353003214444,False,False
2024-04-30 18:00:00+00:00,60403.67,0.0,999.437184714124,-0.0006396109488762847,0.0,SELL,closed,0.0,0.0,0.050045953829323024,0.031616268159562894,False,False
2024-04-30 19:00:00+00:00,59292.95,0.0,999.437184714124,-0.0006396109488762847,0.0,HOLD,closed,0.0,0.0,0.0,0.03164891609054832,True,False
2024-04-30 20:00:00+00:00,59958.62,0.00084279596875693,999.8982400022454,-0.0001785910877402358,0.05,BUY,closed,0.05,0.05,0.05,0.03166093696214348,False,False
2024-04-30 21:00:00+00:00,60180.0,0.0,1000.0357021558873,-4.113949654028876e-05,0.0,SELL,closed,0.0,0.0,0.05071515983255063,0.03166130198749062,False,False
2024-04-30 22:00:00+00:00,60589.79,0.0,1000.0357021558873,-4.113949654028876e-05,0.0,HOLD,closed,0.0,0.0,0.0,0.03165734340906595,True,False
2024-04-30 23:00:00+00:00,60672.0,0.0,1000.0357021558873,-4.113949654028876e-05,0.0,HOLD,closed,0.0,0.0,0.0,0.03165173226821144,True,False
2024-05-01 00:00:00+00:00,60240.57,0.0,1000.0357021558873,-4.113949654028876e-05,0.0,HOLD,closed,0.0,0.0,0.0,0.03165471036291975,True,False
2024-05-01 01:00:00+00:00,60133.78,0.000830034921771908,1000.0832644297966,0.0,0.05,BUY,closed,0.05,0.05,0.05,0.0316525290620156,False,False
2024-05-01 02:00:00+00:00,59927.99,0.000830034921771908,999.9124515432452,-0.0001707986650979433,0.05,HOLD,closed,0.05,0.0497466797366373,0.000253320263362701,0.031651405839157265,True,False
2024-05-01 03:00:00+00:00,60246.03,0.000830034921771908,1000.1764358497655,0.0,0.05,HOLD,closed,0.05,0.049997487448933835,2.512551066168045e-06,0.031652178970602074,True,False
2024-05-01 04:00:00+00:00,60283.99,0.0,1000.0764399515709,-9.99782584456196e-05,0.0,SELL,closed,0.0,0.0,0.050027414024397476,0.0316494843370613,False,False
2024-05-01 05:00:00+00:00,60050.0,0.0,1000.0764399515709,-9.99782584456196e-05,0.0,HOLD,closed,0.0,0.0,0.0,0.03165016420949138,True,False
2024-05-01 06:00:00+00:00,59529.94,0.0008327032526996017,999.7796955435414,-0.0003966703193592872,0.05,BUY,closed,0.05,0.05,0.05,0.03165679056736928,False,False
2024-05-01 07:00:00+00:00,57499.99,0.0008327032526996017,998.0893495757238,-0.0020867181021602048,0.05,HOLD,closed,0.05,0.04797208659079268,0.00202791340920732,0.031776696213564465,True,False
2024-05-01 08:00:00+00:00,57169.69,0.0008327032526996017,997.8143076913572,-0.0023617114678386526,0.05,HOLD,closed,0.05,0.04770966546768854,0.0022903345323114638,0.031755968662462886,True,False
2024-05-01 09:00:00+00:00,57115.61,0.0008327032526996017,997.7692750994511,-0.002406736115782711,0.05,HOLD,closed,0.05,0.04766668548916922,0.0023333145108307835,0.031754331155110616,True,False
2024-05-01 10:00:00+00:00,57768.68,0.0008327032526996017,998.3130886126917,-0.0018630185338157246,0.05,HOLD,closed,0.05,0.0481854523283978,0.001814547671602204,0.03174532385978043,True,False
2024-05-01 11:00:00+00:00,57898.47,0.0,998.2169043292952,-0.001959185849850097,0.0,SELL,closed,0.0,0.0,0.048288483835601206,0.031728248008545484,False,False
2024-05-01 12:00:00+00:00,57969.98,0.0,998.2169043292952,-0.001959185849850097,0.0,HOLD,closed,0.0,0.0,0.0,0.03171118128782424,True,False
2024-05-01 13:00:00+00:00,57301.29,0.0,998.2169043292952,-0.001959185849850097,0.0,HOLD,closed,0.0,0.0,0.0,0.03172136964379646,True,False
2024-05-01 14:00:00+00:00,57482.0,0.0008710248096764447,998.2744605767963,-0.0019016397555430356,0.05,BUY,closed,0.05,0.05,0.05,0.03171971221150466,False,False
2024-05-01 15:00:00+00:00,56886.0,0.0,998.1743578075326,-0.002001724866205172,0.0,SELL,closed,0.0,0.0,0.049660588967910174,0.031715806838856914,False,False
2024-05-01 16:00:00+00:00,57043.99,0.0008773462344052427,998.2131273489666,-0.001962962163901471,0.05,BUY,closed,0.05,0.05,0.05,0.031715056795005664,False,False
2024-05-01 17:00:00+00:00,57424.65,0.0,998.3504484771712,-0.0018256652597928417,0.0,SELL,closed,0.0,0.0,0.0504546060392501,0.03171852674016323,False,False
2024-05-01 18:00:00+00:00,58913.99,0.0,998.3504484771712,-0.0018256652597928417,0.0,HOLD,closed,0.0,0.0,0.0,0.031777227182308715,True,False
2024-05-01 19:00:00+00:00,56954.47,0.0,998.3504484771712,-0.0018256652597928417,0.0,HOLD,closed,0.0,0.0,0.0,0.03188668235835365,True,False
2024-05-01 20:00:00+00:00,57361.7,0.0008764462418546074,998.6075124410951,-0.0015686466431669883,0.05,BUY,closed,0.05,0.05,0.05,0.03189077406233615,False,False
2024-05-01 21:00:00+00:00,57909.03,0.0,998.7491534943837,-0.0014270305760295393,0.0,SELL,closed,0.0,0.0,0.05080052152664338,0.03189880526142455,False,False
2024-05-01 22:00:00+00:00,57880.58,0.0,998.7491534943837,-0.0014270305760295393,0.0,HOLD,closed,0.0,0.0,0.0,0.03189479810448173,True,False
2024-05-01 23:00:00+00:00,58364.97,0.0,998.7491534943837,-0.0014270305760295393,0.0,HOLD,closed,0.0,0.0,0.0,0.03190064620084035,True,False
2024-05-02 00:00:00+00:00,57767.29,0.0,998.7491534943837,-0.0014270305760295393,0.0,HOLD,closed,0.0,0.0,0.0,0.031909043467702264,True,False
2024-05-02 01:00:00+00:00,57112.37,0.0008644589183624505,998.3245066769098,-0.001851602483798105,0.05,BUY,closed,0.05,0.05,0.05,0.031920837442227123,False,False
2024-05-02 02:00:00+00:00,57463.87,0.0008644589183624505,998.6283639867142,-0.0015477987758590064,0.05,HOLD,closed,0.05,0.0497433847230293,0.000256615276970705,0.03192386516229967,True,False
2024-05-02 03:00:00+00:00,57442.88,0.0,998.7688198229306,-0.0014073677167159126,0.0,SELL,closed,0.0,0.0,0.04972611832717637,0.03192369335302553,False,False
2024-05-02 04:00:00+00:00,57396.22,0.0,998.7688198229306,-0.0014073677167159126,0.0,HOLD,closed,0.0,0.0,0.0,0.03192167024557829,True,False
2024-05-02 05:00:00+00:00,57484.57,0.0,998.7688198229306,-0.0014073677167159126,0.0,HOLD,closed,0.0,0.0,0.0,0.03191797385547965,True,False
2024-05-02 06:00:00+00:00,57628.56,0.0,998.7688198229306,-0.0014073677167159126,0.0,HOLD,closed,0.0,0.0,0.0,0.031918000377399586,True,False
2024-05-02 07:00:00+00:00,57681.08,0.0,998.7688198229306,-0.0014073677167159126,0.0,HOLD,closed,0.0,0.0,0.0,0.03191356514721999,True,False
2024-05-02 08:00:00+00:00,57834.82,0.0,998.7688198229306,-0.0014073677167159126,0.0,HOLD,closed,0.0,0.0,0.0,0.031896602173381555,True,False
2024-05-02 09:00:00+00:00,57804.36,0.0,998.7688198229306,-0.0014073677167159126,0.0,HOLD,closed,0.0,0.0,0.0,0.03188732717579559,True,False
2024-05-02 10:00:00+00:00,57801.41,0.0,998.7688198229306,-0.0014073677167159126,0.0,HOLD,closed,0.0,0.0,0.0,0.031830315789452834,True,False
2024-05-02 11:00:00+00:00,58559.66,0.0,998.7688198229306,-0.0014073677167159126,0.0,HOLD,closed,0.0,0.0,0.0,0.03179599996683527,True,False
2024-05-02 12:00:00+00:00,58556.59,0.0,998.7688198229306,-0.0014073677167159126,0.0,HOLD,closed,0.0,0.0,0.0,0.03179322286405423,True,False
2024-05-02 13:00:00+00:00,58450.22,0.0,998.7688198229306,-0.0014073677167159126,0.0,HOLD,closed,0.0,0.0,0.0,0.03179006481282726,True,False
2024-05-02 14:00:00+00:00,59055.25,0.0,998.7688198229306,-0.0014073677167159126,0.0,HOLD,closed,0.0,0.0,0.0,0.03179880835737953,True,False
2024-05-02 15:00:00+00:00,59264.15,0.0,998.7688198229306,-0.0014073677167159126,0.0,HOLD,closed,0.0,0.0,0.0,0.0317967176917516,True,False
2024-05-02 16:00:00+00:00,59017.54,0.0,998.7688198229306,-0.0014073677167159126,0.0,HOLD,closed,0.0,0.0,0.0,0.031795934183269564,True,False
2024-05-02 17:00:00+00:00,59190.24,0.0008461628433305585,998.8150587563994,-0.001361136940013514,0.05,BUY,closed,0.05,0.05,0.05,0.03179162190446161,False,False
2024-05-02 18:00:00+00:00,59383.52,0.0,998.9539800727406,-0.001222240130048985,0.0,SELL,closed,0.0,0.0,0.05029950378627578,0.03179220446820269,False,False
2024-05-02 19:00:00+00:00,59351.11,0.0,998.9539800727406,-0.001222240130048985,0.0,HOLD,closed,0.0,0.0,0.0,0.031791467613322216,True,False
2024-05-02 20:00:00+00:00,58727.45,0.0008415631555883048,998.5682154536107,-0.0016079366984770552,0.05,BUY,closed,0.05,0.05,0.05,0.03179990554139292,False,False
2024-05-02 21:00:00+00:00,59112.58,0.0008415631555883048,998.8923266717225,-0.001283882655115827,0.05,HOLD,closed,0.05,0.049802133855128744,0.00019786614487125875,0.03180363319945917,True,False
2024-05-02 22:00:00+00:00,59328.0,0.0008415631555883048,999.0736162066993,-0.0011026251004696804,0.05,HOLD,closed,0.05,0.0499745545121204,2.5445487879603712e-05,0.031802024180105276,True,False
2024-05-02 23:00:00+00:00,59060.61,0.0,998.9737846530393,-0.0012024390433718565,0.0,SELL,closed,0.0,0.0,0.04976052806061008,0.03180128202378679,False,False
2024-05-03 00:00:00+00:00,59031.81,0.0008457192990361081,999.0885336417081,-0.0010877102969669274,0.05,BUY,closed,0.05,0.05,0.05,0.031800799248343725,False,False
2024-05-03 01:00:00+00:00,59311.11,0.0008457192990361081,999.3247430419289,-0.0008515425652005818,0.05,HOLD,closed,0.05,0.050194444522173615,0.00019444452217361186,0.031802223868540785,True,False
2024-05-03 02:00:00+00:00,59543.76,0.0,999.4640929718944,-0.0007122172172212133,0.0,SELL,closed,0.0,0.0,0.05038141449430581,0.03180326661391353,False,False
2024-05-03 03:00:00+00:00,59720.3,0.0,999.4640929718944,-0.0007122172172212133,0.0,HOLD,closed,0.0,0.0,0.0,0.03180363087432894,True,False
2024-05-03 04:00:00+00:00,59604.0,0.0,999.4640929718944,-0.0007122172172212133,0.0,HOLD,closed,0.0,0.0,0.0,0.03180361870605755,True,False
2024-05-03 05:00:00+00:00,59522.67,0.0008384203182436535,999.2959328515121,-0.0008803476733635662,0.05,BUY,closed,0.05,0.05,0.05,0.03180321582216819,False,False
2024-05-03 06:00:00+00:00,59254.74,0.0008384203182436535,999.0712948956451,-0.0011049460020336156,0.05,HOLD,closed,0.05,0.04972655927766812,0.0002734407223318816,0.031798435548363646,True,False
2024-05-03 07:00:00+00:00,59190.74,0.0008384203182436535,999.0176359952776,-0.0011585954367175266,0.05,HOLD,closed,0.05,0.04967551850917669,0.000324481490823314,0.031791994402368545,True,False
2024-05-03 08:00:00+00:00,59225.99,0.0008384203182436535,999.0471903114957,-0.0011290463340204887,0.05,HOLD,closed,0.05,0.04970363148572889,0.00029636851427111005,0.031766187913823574,True,False
2024-05-03 09:00:00+00:00,59481.12,0.0008384203182436535,999.2610964872891,-0.0009151778922872898,0.05,HOLD,closed,0.05,0.04990705605891994,9.294394108006615e-05,0.03173709704216773,True,False
2024-05-03 10:00:00+00:00,59040.0,0.0,999.1613726958202,-0.0010148840920081474,0.0,SELL,closed,0.0,0.0,0.04955527988096719,0.03168149398273559,False,False
2024-05-03 11:00:00+00:00,59291.09,0.000846173105912262,999.2738887229488,-0.0009023879132384944,0.05,BUY,closed,0.05,0.05,0.05,0.03163076738114934,False,False
2024-05-03 12:00:00+00:00,60641.0,0.000846173105912262,1000.4161462603507,0.0,0.05,HOLD,closed,0.05,0.05129143857527437,0.0012914385752743687,0.03166981260803925,True,False
2024-05-03 13:00:00+00:00,61689.94,0.0,1000.5562398651728,0.0,0.0,SELL,closed,0.0,0.0,0.05213240150132958,0.031685598355013556,False,False
2024-05-03 14:00:00+00:00,61618.17,0.0,1000.5562398651728,0.0,0.0,HOLD,closed,0.0,0.0,0.0,0.03163176608714738,True,False
2024-05-03 15:00:00+00:00,61690.74,0.0,1000.5562398651728,0.0,0.0,HOLD,closed,0.0,0.0,0.0,0.03162804178954126,True,False
2024-05-03 16:00:00+00:00,61681.99,0.0,1000.5562398651728,0.0,0.0,HOLD,closed,0.0,0.0,0.0,0.03162427176063415,True,False
2024-05-03 17:00:00+00:00,61805.85,0.0,1000.5562398651728,0.0,0.0,HOLD,closed,0.0,0.0,0.0,0.03162185185841515,True,False
2024-05-03 18:00:00+00:00,61829.16,0.0,1000.5562398651728,0.0,0.0,HOLD,closed,0.0,0.0,0.0,0.031621108453827595,True,False
2024-05-03 19:00:00+00:00,62067.32,0.0008091298682459428,1000.6488696880004,0.0,0.05,BUY,closed,0.05,0.05,0.05,0.03162174639114251,False,False
2024-05-03 20:00:00+00:00,62900.0,0.0,1000.7849498986845,0.0,0.0,SELL,closed,0.0,0.0,0.050827044053681214,0.03163540416396682,False,False
2024-05-03 21:00:00+00:00,62738.0,0.0,1000.7849498986845,0.0,0.0,HOLD,closed,0.0,0.0,0.0,0.0316138375833768,True,False
2024-05-03 22:00:00+00:00,62782.43,0.0,1000.7849498986845,0.0,0.0,HOLD,closed,0.0,0.0,0.0,0.03160488527440747,True,False
2024-05-03 23:00:00+00:00,62882.01,0.0007970264206912418,1000.7642222453076,-2.071139596881268e-05,0.05,BUY,closed,0.05,0.05,0.05,0.0315979197268324,False,False
2024-05-04 00:00:00+00:00,63083.99,0.0007970264206912418,1000.9252056417588,0.0,0.05,HOLD,closed,0.05,0.05023313077662435,0.00023313077662434623,0.03159640808148584,True,False
2024-05-04 01:00:00+00:00,62856.03,0.0007970264206912418,1000.7435154988981,-0.00018152219749947154,0.05,HOLD,closed,0.05,0.05006069570661782,6.069570661781931e-05,0.031597558768159145,True,False
2024-05-04 02:00:00+00:00,62699.07,0.0007970264206912418,1000.6184142319064,-0.00030650782708153523,0.05,HOLD,closed,0.05,0.04994193054215346,5.806945784653933e-05,0.031598361740864556,True,False
2024-05-04 03:00:00+00:00,62724.0,0.0007970264206912418,1000.6382841005742,-0.00028665632513533607,0.05,HOLD,closed,0.05,0.04996079602967967,3.920397032033257e-05,0.03159894072206412,True,False
2024-05-04 04:00:00+00:00,63057.99,0.0007970264206912418,1000.9044829548209,-2.0703531913384972e-05,0.05,HOLD,closed,0.05,0.050213466840824124,0.0002134668408241211,0.03160072951471754,True,False
2024-05-04 05:00:00+00:00,63384.01,0.0007970264206912418,1001.1643295084946,0.0,0.05,HOLD,closed,0.05,0.05045997857730232,0.00045997857730231684,0.031602793098166465,True,False
2024-05-04 06:00:00+00:00,62966.93,0.0,1001.0633173066212,-0.00010089472716525546,0.0,SELL,closed,0.0,0.0,0.05014459126706491,0.03160594196376623,False,False
2024-05-04 07:00:00+00:00,62959.03,0.0007949120882096674,1000.9569140919316,-0.00020717419753139618,0.05,BUY,closed,0.05,0.05,0.05,0.03160517130981444,False,False
2024-05-04 08:00:00+00:00,63160.95,0.0007949120882096674,1001.1174227407829,-4.6852216293706325e-05,0.05,HOLD,closed,0.05,0.05015136238499615,0.00015136238499614818,0.031605029423183606,True,False
2024-05-04 09:00:00+00:00,63179.8,0.0007949120882096674,1001.1324068336456,-3.188554956269233e-05,0.05,HOLD,closed,0.05,0.05016557890630186,0.0001655789063018595,0.031604427586629236,True,False
2024-05-04 10:00:00+00:00,64420.91,0.0007949120882096674,1002.1189801754435,0.0,0.05,HOLD,closed,0.05,0.05110067876720762,0.0011006787672076176,0.0316371273984041,True,False
2024-05-04 11:00:00+00:00,63873.31,0.0,1002.0165799265121,-0.0001021837236467566,0.0,SELL,closed,0.0,0.0,0.05068832299715517,0.031642643917790286,False,False
2024-05-04 12:00:00+00:00,64066.35,0.0,1002.0165799265121,-0.0001021837236467566,0.0,HOLD,closed,0.0,0.0,0.0,0.0316422572525451,True,False
2024-05-04 13:00:00+00:00,63730.01,0.0,1002.0165799265121,-0.0001021837236467566,0.0,HOLD,closed,0.0,0.0,0.0,0.03163505405586717,True,False
2024-05-04 14:00:00+00:00,63819.09,0.0007861419895861542,1001.9863906079572,-0.00013230920689987096,0.05,BUY,closed,0.05,0.05,0.05,0.03163151412755158,False,False
2024-05-04 15:00:00+00:00,63609.17,0.0007861419895861542,1001.8213636815033,-0.00029698718398504277,0.05,HOLD,closed,0.05,0.049914926225931085,8.507377406891808e-05,0.03151819450753135,True,False
2024-05-04 16:00:00+00:00,63683.01,0.0007861419895861542,1001.8794124060144,-0.00023906120347829803,0.05,HOLD,closed,0.05,0.049969973995180196,3.0026004819806718e-05,0.031316062830314184,True,False
2024-05-04 17:00:00+00:00,63463.3,0.0007861419895861542,1001.7066891494824,-0.0004114192367546879,0.05,HOLD,closed,0.05,0.04980616129264745,0.00019383870735255326,0.031287333980186155,True,False
2024-05-04 18:00:00+00:00,63643.63,0.0007861419895861542,1001.8484541344644,-0.0002699540137756488,0.05,HOLD,closed,0.05,0.049940616972764036,5.938302723596661e-05,0.031244972210615396,True,False
2024-05-04 19:00:00+00:00,63921.18,0.0007861419895861542,1002.066647843674,-5.2221675075335456e-05,0.05,HOLD,closed,0.05,0.050147486427204235,0.00014748642720423255,0.031244174656460927,True,False
2024-05-04 20:00:00+00:00,63867.73,0.0,1002.194704380701,0.0,0.0,SELL,closed,0.0,0.0,0.05010765494356203,0.031243282258818034,False,False
2024-05-04 21:00:00+00:00,63903.91,0.0007845860088212775,1002.3511521392533,0.0,0.05,BUY,closed,0.05,0.05,0.05,0.03124372660029945,False,False
2024-05-04 22:00:00+00:00,63613.92,0.0007845860088212775,1002.1236300425552,-0.0002269884124066513,0.05,HOLD,closed,0.05,0.049804824576541104,0.0001951754234588987,0.031236016430035124,True,False
2024-05-04 23:00:00+00:00,63892.04,0.0007845860088212775,1002.3418391033285,-9.291190921308924e-06,0.05,HOLD,closed,0.05,0.05001168134804535,1.1681348045348983e-05,0.031235473967809096,True,False
2024-05-05 00:00:00+00:00,63509.52,0.0007845860088212775,1002.0417192632342,-0.00030870705875745905,0.05,HOLD,closed,0.05,0.049727151934943745,0.00027284806505625814,0.03123260176287082,True,False
2024-05-05 01:00:00+00:00,63315.47,0.0007845860088212775,1001.8894703482225,-0.00046059885305205087,0.05,HOLD,closed,0.05,0.04958274677413019,0.0004172532258698153,0.031229299632949625,True,False
2024-05-05 02:00:00+00:00,63141.71,0.0007845860088212775,1001.7531406833297,-0.000596608738012921,0.05,HOLD,closed,0.05,0.04945340346550604,0.0005465965344939594,0.031229005430163215,True,False
2024-05-05 03:00:00+00:00,63235.93,0.0007845860088212775,1001.8270643770809,-0.0005228584424269325,0.05,HOLD,closed,0.05,0.049523543231137244,0.0004764567688627583,0.03122903615451389,True,False
2024-05-05 04:00:00+00:00,63345.2,0.0007845860088212775,1001.9127960902647,-0.0004373278247378793,0.05,HOLD,closed,0.05,0.04960487363763345,0.000395126362366556,0.031229704162017646,True,False
2024-05-05 05:00:00+00:00,63211.67,0.0007845860088212775,1001.8080303205069,-0.0005418478520099825,0.05,HOLD,closed,0.05,0.0495054844592939,0.0004945155407061058,0.031226974836339794,True,False
2024-05-05 06:00:00+00:00,63382.84,0.0007845860088212775,1001.9423279076368,-0.0004078652782948596,0.05,HOLD,closed,0.05,0.049632886123503375,0.0003671138764966275,0.031225256806645035,True,False
2024-05-05 07:00:00+00:00,63736.87,0.0007845860088212775,1002.2200948923398,-0.0001307498341611336,0.05,HOLD,closed,0.05,0.049896281967318226,0.0001037180326817766,0.031226267529526175,True,False
2024-05-05 08:00:00+00:00,63668.0,0.0,1002.1200979527996,-0.00023051221716115924,0.0,SELL,closed,0.0,0.0,0.04984505460802356,0.031223489858828946,False,False
2024-05-05 09:00:00+00:00,63673.42,0.0,1002.1200979527996,-0.00023051221716115924,0.0,HOLD,closed,0.0,0.0,0.0,0.031223057269381876,True,False
2024-05-05 10:00:00+00:00,63688.48,0.0,1002.1200979527996,-0.00023051221716115924,0.0,HOLD,closed,0.0,0.0,0.0,0.031218231960611714,True,False
2024-05-05 11:00:00+00:00,63859.63,0.0,1002.1200979527996,-0.00023051221716115924,0.0,HOLD,closed,0.0,0.0,0.0,0.031217313466905233,True,False
2024-05-05 12:00:00+00:00,63725.33,0.0,1002.1200979527996,-0.00023051221716115924,0.0,HOLD,closed,0.0,0.0,0.0,0.031216690433614608,True,False
2024-05-05 13:00:00+00:00,64119.92,0.0,1002.1200979527996,-0.00023051221716115924,0.0,HOLD,closed,0.0,0.0,0.0,0.031213638812901234,True,False
2024-05-05 14:00:00+00:00,64100.0,0.0,1002.1200979527996,-0.00023051221716115924,0.0,HOLD,closed,0.0,0.0,0.0,0.03120834614151652,True,False
2024-05-05 15:00:00+00:00,64428.65,0.0,1002.1200979527996,-0.00023051221716115924,0.0,HOLD,closed,0.0,0.0,0.0,0.031210893247201887,True,False
2024-05-05 16:00:00+00:00,64321.99,0.0,1002.1200979527996,-0.00023051221716115924,0.0,HOLD,closed,0.0,0.0,0.0,0.03120934018009175,True,False
2024-05-05 17:00:00+00:00,64218.0,0.0,1002.1200979527996,-0.00023051221716115924,0.0,HOLD,closed,0.0,0.0,0.0,0.031209670800738,True,False
2024-05-05 18:00:00+00:00,63932.6,0.0,1002.1200979527996,-0.00023051221716115924,0.0,HOLD,closed,0.0,0.0,0.0,0.03118123014070648,True,False
2024-05-05 19:00:00+00:00,63879.94,0.0007837315713786749,1001.9785817481373,-0.0003716964761508594,0.05,BUY,closed,0.05,0.05,0.05,0.031212360144308088,False,False
2024-05-05 20:00:00+00:00,63738.78,0.0007837315713786749,1001.8679501995215,-0.0004820685232919663,0.05,HOLD,closed,0.05,0.04986095642365975,0.00013904357634025172,0.031225480747531315,True,False
2024-05-05 21:00:00+00:00,63868.41,0.0007837315713786749,1001.9695453231193,-0.00038071170499433103,0.05,HOLD,closed,0.05,0.04995729617172677,4.2703828273232824e-05,0.031238310657492857,True,False
2024-05-05 22:00:00+00:00,63860.01,0.0007837315713786749,1001.9629619779197,-0.0003872796080546018,0.05,HOLD,closed,0.05,0.04995105396586588,4.894603413412024e-05,0.03125818054998181,True,False
2024-05-05 23:00:00+00:00,64012.0,0.0007837315713786749,1002.0820813394536,-0.000268439657325112,0.05,HOLD,closed,0.05,0.050063988051790485,6.398805179048256e-05,0.031279334090625194,True,False
2024-05-06 00:00:00+00:00,64218.02,0.0,1002.2107903517673,-0.00014003254965728014,0.0,SELL,closed,0.0,0.0,0.05021702553283288,0.031284638214526345,False,False
2024-05-06 01:00:00+00:00,64147.22,0.0,1002.2107903517673,-0.00014003254965728014,0.0,HOLD,closed,0.0,0.0,0.0,0.03128279605498974,True,False
2024-05-06 02:00:00+00:00,63826.09,0.0,1002.2107903517673,-0.00014003254965728014,0.0,HOLD,closed,0.0,0.0,0.0,0.031262357838897276,True,False
2024-05-06 03:00:00+00:00,63866.59,0.0007851107183394055,1002.1423490526623,-0.0002083133103057728,0.05,BUY,closed,0.05,0.05,0.05,0.03126178612013178,False,False
2024-05-06 04:00:00+00:00,64166.0,0.0007851107183394055,1002.3774190528403,0.0,0.05,HOLD,closed,0.05,0.05025793019217111,0.00025793019217110885,0.0312642138563802,True,False
2024-05-06 05:00:00+00:00,64186.93,0.0,1002.2766972482505,-0.00010048291459421138,0.0,SELL,closed,0.0,0.0,0.05027349943228799,0.031262458830072615,False,False
2024-05-06 06:00:00+00:00,64230.02,0.0,1002.2766972482505,-0.00010048291459421138,0.0,HOLD,closed,0.0,0.0,0.0,0.03126234604096875,True,False
2024-05-06 07:00:00+00:00,64540.75,0.0,1002.2766972482505,-0.00010048291459421138,0.0,HOLD,closed,0.0,0.0,0.0,0.031256286748411355,True,False
2024-05-06 08:00:00+00:00,65143.04,0.0,1002.2766972482505,-0.00010048291459421138,0.0,HOLD,closed,0.0,0.0,0.0,0.031264884372527446,True,False
2024-05-06 09:00:00+00:00,65166.2,0.0,1002.2766972482505,-0.00010048291459421138,0.0,HOLD,closed,0.0,0.0,0.0,0.03126469881092192,True,False
2024-05-06 10:00:00+00:00,64007.17,0.0,1002.2766972482505,-0.00010048291459421138,0.0,HOLD,closed,0.0,0.0,0.0,0.031233380849344933,True,False
2024-05-06 11:00:00+00:00,64203.56,0.0007829410781920729,1002.3302141493651,-4.7092943813300174e-05,0.05,BUY,closed,0.05,0.05,0.05,0.031231740743474512,False,False
2024-05-06 12:00:00+00:00,63593.99,0.0007829410781920729,1001.8529567563315,-0.0005232183871463747,0.05,HOLD,closed,0.05,0.049698258373504806,0.0003017416264951972,0.031237052291207074,True,False
2024-05-06 13:00:00+00:00,63870.0,0.0007829410781920729,1002.0690563233234,-0.0003076313608583876,0.05,HOLD,closed,0.05,0.04990319414472852,9.6805855271484e-05,0.031237858788250222,True,False
2024-05-06 14:00:00+00:00,63271.97,0.0007829410781920729,1001.6008340703322,-0.0007747430935165151,0.05,HOLD,closed,0.05,0.04945904868092186,0.0005409513190781437,0.031235134723529845,True,False
2024-05-06 15:00:00+00:00,63632.01,0.0007829410781920729,1001.8827241761245,-0.0004935215691343642,0.05,HOLD,closed,0.05,0.04972649324590082,0.0002735067540991856,0.031240070321981672,True,False
2024-05-06 16:00:00+00:00,63192.43,0.0007829410781920729,1001.5385589369728,-0.0008368705239391594,0.05,HOLD,closed,0.05,0.04939994455160127,0.00060005544839873,0.031244833088319407,True,False
2024-05-06 17:00:00+00:00,63169.93,0.0007829410781920729,1001.5209427627135,-0.0008544449165027107,0.05,HOLD,closed,0.05,0.04938322404630509,0.0006167759536949147,0.031244984087392208,True,False
2024-05-06 18:00:00+00:00,63400.0,0.0007829410781920729,1001.7010740165731,-0.0006747408944091087,0.05,HOLD,closed,0.05,0.049554169047997004,0.0004458309520029985,0.0312477716174345,True,False
2024-05-06 19:00:00+00:00,63220.0,0.0007829410781920729,1001.5601446224986,-0.0008153360349178593,0.05,HOLD,closed,0.05,0.04942043194216672,0.0005795680578332824,0.03125099021649394,True,False
2024-05-06 20:00:00+00:00,63308.28,0.0007829410781920729,1001.6292626608813,-0.000746381929339507,0.05,HOLD,closed,0.05,0.04948602726522706,0.0005139727347729453,0.031291674120832724,True,False
2024-05-06 21:00:00+00:00,63550.29,0.0,1001.7574562230147,-0.0006184924141760681,0.0,SELL,closed,0.0,0.0,0.04966580327814975,0.031334959052881306,False,False
2024-05-06 22:00:00+00:00,63495.67,0.0,1001.7574562230147,-0.0006184924141760681,0.0,HOLD,closed,0.0,0.0,0.0,0.03133598831729975,True,False
2024-05-06 23:00:00+00:00,63165.19,0.0,1001.7574562230147,-0.0006184924141760681,0.0,HOLD,closed,0.0,0.0,0.0,0.031336265075844166,True,False
2024-05-07 00:00:00+00:00,63545.45,0.000792966517488761,1001.9587968110615,-0.00041762936177713406,0.05,BUY,closed,0.05,0.05,0.05,0.03133430877153759,False,False
2024-05-07 01:00:00+00:00,63895.72,0.0,1002.0891407206973,-0.00028759459926324006,0.0,SELL,closed,0.0,0.0,0.05055409983963061,0.03133642383557991,False,False
2024-05-07 02:00:00+00:00,63702.76,0.0,1002.0891407206973,-0.00028759459926324006,0.0,HOLD,closed,0.0,0.0,0.0,0.031331167691916545,True,False
2024-05-07 03:00:00+00:00,63239.49,0.0,1002.0891407206973,-0.00028759459926324006,0.0,HOLD,closed,0.0,0.0,0.0,0.0313344028930376,True,False
2024-05-07 04:00:00+00:00,63466.26,0.0007922968561743035,1002.1685679895028,-0.00020835571449213182,0.05,BUY,closed,0.05,0.05,0.05,0.03133454830782445,False,False
2024-05-07 05:00:00+00:00,63563.48,0.0,1002.2986237232335,-7.860844439339036e-05,0.0,SELL,closed,0.0,0.0,0.05024830801773981,0.03133489423270314,False,False
2024-05-07 06:00:00+00:00,63623.81,0.0,1002.2986237232335,-7.860844439339036e-05,0.0,HOLD,closed,0.0,0.0,0.0,0.031322885519461885,True,False
2024-05-07 07:00:00+00:00,63669.69,0.0,1002.2986237232335,-7.860844439339036e-05,0.0,HOLD,closed,0.0,0.0,0.0,0.0313156133444743,True,False
2024-05-07 08:00:00+00:00,64232.0,0.0,1002.2986237232335,-7.860844439339036e-05,0.0,HOLD,closed,0.0,0.0,0.0,0.0313240592188446,True,False
2024-05-07 09:00:00+00:00,64119.98,0.0,1002.2986237232335,-7.860844439339036e-05,0.0,HOLD,closed,0.0,0.0,0.0,0.031321276848232854,True,False
2024-05-07 10:00:00+00:00,64086.37,0.0,1002.2986237232335,-7.860844439339036e-05,0.0,HOLD,closed,0.0,0.0,0.0,0.0313118833579302,True,False
2024-05-07 11:00:00+00:00,63490.43,0.0,1002.2986237232335,-7.860844439339036e-05,0.0,HOLD,closed,0.0,0.0,0.0,0.03131857419852249,True,False
2024-05-07 12:00:00+00:00,63663.02,0.0007893304736818081,1002.3345993498483,-4.2718144062409707e-05,0.05,BUY,closed,0.05,0.05,0.05,0.03129353504356072,False,False
2024-05-07 13:00:00+00:00,63213.16,0.0007893304736818081,1001.9795111429579,-0.0003969641597257791,0.05,HOLD,closed,0.05,0.04979749882191452,0.00020250117808548462,0.03129733558324657,True,False
2024-05-07 14:00:00+00:00,64024.47,0.0007893304736818081,1002.6199028495606,0.0,0.05,HOLD,closed,0.05,0.05040441057343495,0.00040441057343494624,0.031307563544175715,True,False
2024-05-07 15:00:00+00:00,63740.48,0.0,1002.7500336566861,0.0,0.0,SELL,closed,0.0,0.0,0.05019205611001321,0.031307537534459806,False,False
2024-05-07 16:00:00+00:00,63634.0,0.0,1002.7500336566861,0.0,0.0,HOLD,closed,0.0,0.0,0.0,0.03130778415178437,True,False
2024-05-07 17:00:00+00:00,63391.79,0.0007879044152792292,1002.6882156444201,-6.164847687972788e-05,0.05,BUY,closed,0.05,0.05,0.05,0.03128581394353239,False,False
2024-05-07 18:00:00+00:00,63169.99,0.0007879044152792292,1002.5134584451112,-0.00023592640601792256,0.05,HOLD,closed,0.05,0.04964712804089485,0.00035287195910515406,0.03128812797305108,True,False
2024-05-07 19:00:00+00:00,63060.01,0.0007879044152792292,1002.4268047175187,-0.0003223424864805915,0.05,HOLD,closed,0.05,0.049564975789482726,0.00043502421051727636,0.03129077503001099,True,False
2024-05-07 20:00:00+00:00,62974.94,0.0007879044152792292,1002.359777688911,-0.000389185694017897,0.05,HOLD,closed,0.05,0.049501420929266265,0.0004985790707337373,0.03129016894332831,True,False
2024-05-07 21:00:00+00:00,63074.01,0.0007879044152792292,1002.4378353793327,-0.0003113420761652486,0.05,HOLD,closed,0.05,0.049575434220876825,0.00042456577912317744,0.031291014831772435,True,False
2024-05-07 22:00:00+00:00,62850.92,0.0007879044152792292,1002.262061783328,-0.0004866336145396469,0.05,HOLD,closed,0.05,0.04940875172332633,0.0005912482766736726,0.03130588453809244,True,False
2024-05-07 23:00:00+00:00,62312.08,0.0007879044152792292,1001.837507368199,-0.0009100236927038118,0.05,HOLD,closed,0.05,0.04900591422875189,0.0009940857712481127,0.03132836122728555,True,False
2024-05-08 00:00:00+00:00,62586.01,0.0007879044152792292,1002.0533380246763,-0.0006947849500130829,0.05,HOLD,closed,0.05,0.049210747315025304,0.0007892526849746992,0.031329476715333815,True,False
2024-05-08 01:00:00+00:00,62530.31,0.0007879044152792292,1002.0094517487454,-0.0007385508681960227,0.05,HOLD,closed,0.05,0.04916910439496822,0.0008308956050317798,0.03132958035113484,True,False
2024-05-08 02:00:00+00:00,62756.01,0.0007879044152792292,1002.1872817752738,-0.0005612085390414985,0.05,HOLD,closed,0.05,0.049337821646189044,0.0006621783538109591,0.03133093051563271,True,False
2024-05-08 03:00:00+00:00,62893.99,0.0,1002.0884071601239,-0.000659811991378858,0.0,SELL,closed,0.0,0.0,0.04944093618295273,0.03132235444904444,False,False
2024-05-08 04:00:00+00:00,62520.15,0.0,1002.0884071601239,-0.000659811991378858,0.0,HOLD,closed,0.0,0.0,0.0,0.0313262916843601,True,False
2024-05-08 05:00:00+00:00,62617.71,0.0008014123503863346,1002.0663590561013,-0.0006817996286588945,0.05,BUY,closed,0.05,0.05,0.05,0.031326662471597544,False,False
2024-05-08 06:00:00+00:00,62505.98,0.0,1001.9660189351106,-0.0007818645676994013,0.0,SELL,closed,0.0,0.0,0.049994234878882486,0.03132262962154378,False,False
2024-05-08 07:00:00+00:00,62208.0,0.0,1001.9660189351106,-0.0007818645676994013,0.0,HOLD,closed,0.0,0.0,0.0,0.03132304548189124,True,False
2024-05-08 08:00:00+00:00,62375.99,0.0008053353418652831,1002.0010855681466,-0.0007468941046139091,0.05,BUY,closed,0.05,0.05,0.05,0.031323578456381534,False,False
2024-05-08 09:00:00+00:00,62302.01,0.0,1001.9006435064795,-0.0008470607047593148,0.0,SELL,closed,0.0,0.0,0.0500767860985295,0.03132279952661715,False,False
2024-05-08 10:00:00+00:00,62450.05,0.0,1001.9006435064795,-0.0008470607047593148,0.0,HOLD,closed,0.0,0.0,0.0,0.03127306606962871,True,False
2024-05-08 11:00:00+00:00,62243.4,0.0,1001.9006435064795,-0.0008470607047593148,0.0,HOLD,closed,0.0,0.0,0.0,0.03124791578200084,True,False
2024-05-08 12:00:00+00:00,62238.29,0.0,1001.9006435064795,-0.0008470607047593148,0.0,HOLD,closed,0.0,0.0,0.0,0.031247986798580596,True,False
2024-05-08 13:00:00+00:00,62447.61,0.0,1001.9006435064795,-0.0008470607047593148,0.0,HOLD,closed,0.0,0.0,0.0,0.0312145284905333,True,False
2024-05-08 14:00:00+00:00,62560.01,0.0,1001.9006435064795,-0.0008470607047593148,0.0,HOLD,closed,0.0,0.0,0.0,0.031214612314600793,True,False
2024-05-08 15:00:00+00:00,62273.08,0.0,1001.9006435064795,-0.0008470607047593148,0.0,HOLD,closed,0.0,0.0,0.0,0.031212221616854913,True,False
2024-05-08 16:00:00+00:00,62444.45,0.0,1001.9006435064795,-0.0008470607047593148,0.0,HOLD,closed,0.0,0.0,0.0,0.03121380893020534,True,False
2024-05-08 17:00:00+00:00,62594.18,0.0,1001.9006435064795,-0.0008470607047593148,0.0,HOLD,closed,0.0,0.0,0.0,0.031209941920024353,True,False
2024-05-08 18:00:00+00:00,62515.46,0.0,1001.9006435064795,-0.0008470607047593148,0.0,HOLD,closed,0.0,0.0,0.0,0.03120697704025463,True,False
2024-05-08 19:00:00+00:00,62179.45,0.0,1001.9006435064795,-0.0008470607047593148,0.0,HOLD,closed,0.0,0.0,0.0,0.031206523056249852,True,False
2024-05-08 20:00:00+00:00,61570.01,0.0008056525455809593,1001.5371035000157,-0.0012096037057682666,0.05,BUY,closed,0.05,0.05,0.05,0.031215985375607158,False,False
2024-05-08 21:00:00+00:00,61485.94,0.0008056525455809593,1001.4693722905087,-0.0012771491629946254,0.05,HOLD,closed,0.05,0.049463623600531366,0.0005363763994686369,0.031216009121987992,True,False
2024-05-08 22:00:00+00:00,61251.01,0.0008056525455809593,1001.2801003379753,-0.0014659020387667735,0.05,HOLD,closed,0.05,0.04928394373287558,0.0007160562671244194,0.031227513036823445,True,False
2024-05-08 23:00:00+00:00,61193.03,0.0008056525455809593,1001.2333886033825,-0.0015124856668145958,0.05,HOLD,closed,0.05,0.04923958884359708,0.0007604111564029209,0.031234508048536863,True,False
2024-05-09 00:00:00+00:00,61400.0,0.0008056525455809593,1001.4001345107415,-0.0013461970587245943,0.05,HOLD,closed,0.05,0.0493979025904957,0.0006020974095043014,0.03123229443483158,True,False
2024-05-09 01:00:00+00:00,61551.0,0.0008056525455809593,1001.5217880451241,-0.0012248771581517646,0.05,HOLD,closed,0.05,0.049513370977026995,0.00048662902297300775,0.031223385577057255,True,False
2024-05-09 02:00:00+00:00,61664.64,0.0,1001.4226273594015,-0.0013237658965156056,0.0,SELL,closed,0.0,0.0,0.0496002519987132,0.031223642066784213,False,False
2024-05-09 03:00:00+00:00,61680.4,0.0,1001.4226273594015,-0.0013237658965156056,0.0,HOLD,closed,0.0,0.0,0.0,0.031223668172861235,True,False
2024-05-09 04:00:00+00:00,61511.12,0.0,1001.4226273594015,-0.0013237658965156056,0.0,HOLD,closed,0.0,0.0,0.0,0.031223981087026925,True,False
2024-05-09 05:00:00+00:00,61580.01,0.0,1001.4226273594015,-0.0013237658965156056,0.0,HOLD,closed,0.0,0.0,0.0,0.031221638012203873,True,False
2024-05-09 06:00:00+00:00,61616.01,0.0,1001.4226273594015,-0.0013237658965156056,0.0,HOLD,closed,0.0,0.0,0.0,0.031220972371406475,True,False
2024-05-09 07:00:00+00:00,61253.16,0.0,1001.4226273594015,-0.0013237658965156056,0.0,HOLD,closed,0.0,0.0,0.0,0.031207627369504776,True,False
2024-05-09 08:00:00+00:00,61310.0,0.0,1001.4226273594015,-0.0013237658965156056,0.0,HOLD,closed,0.0,0.0,0.0,0.031205065036605584,True,False
2024-05-09 09:00:00+00:00,61289.99,0.0,1001.4226273594015,-0.0013237658965156056,0.0,HOLD,closed,0.0,0.0,0.0,0.03119662017819433,True,False
2024-05-09 10:00:00+00:00,60805.99,0.0,1001.4226273594015,-0.0013237658965156056,0.0,HOLD,closed,0.0,0.0,0.0,0.031175646225558712,True,False
2024-05-09 11:00:00+00:00,61053.99,0.0,1001.4226273594015,-0.0013237658965156056,0.0,HOLD,closed,0.0,0.0,0.0,0.03117535365184404,True,False
2024-05-09 12:00:00+00:00,61516.66,0.0,1001.4226273594015,-0.0013237658965156056,0.0,HOLD,closed,0.0,0.0,0.0,0.031182521842870875,True,False
2024-05-09 13:00:00+00:00,61182.33,0.0,1001.4226273594015,-0.0013237658965156056,0.0,HOLD,closed,0.0,0.0,0.0,0.031170326063724163,True,False
2024-05-09 14:00:00+00:00,61540.61,0.0,1001.4226273594015,-0.0013237658965156056,0.0,HOLD,closed,0.0,0.0,0.0,0.031171277220007315,True,False
2024-05-09 15:00:00+00:00,62159.06,0.0,1001.4226273594015,-0.0013237658965156056,0.0,HOLD,closed,0.0,0.0,0.0,0.031178796911778467,True,False
2024-05-09 16:00:00+00:00,61859.81,0.0,1001.4226273594015,-0.0013237658965156056,0.0,HOLD,closed,0.0,0.0,0.0,0.031185553679548256,True,False
2024-05-09 17:00:00+00:00,61946.29,0.0,1001.4226273594015,-0.0013237658965156056,0.0,HOLD,closed,0.0,0.0,0.0,0.031189878536511423,True,False
2024-05-09 18:00:00+00:00,62259.69,0.0,1001.4226273594015,-0.0013237658965156056,0.0,HOLD,closed,0.0,0.0,0.0,0.031193347431696022,True,False
2024-05-09 19:00:00+00:00,62454.92,0.0,1001.4226273594015,-0.0013237658965156056,0.0,HOLD,closed,0.0,0.0,0.0,0.03119501897385285,True,False
2024-05-09 20:00:00+00:00,62624.7,0.0,1001.4226273594015,-0.0013237658965156056,0.0,HOLD,closed,0.0,0.0,0.0,0.03118071341165171,True,False
2024-05-09 21:00:00+00:00,62543.34,0.0,1001.4226273594015,-0.0013237658965156056,0.0,HOLD,closed,0.0,0.0,0.0,0.03109586021179714,True,False
2024-05-09 22:00:00+00:00,63280.47,0.0,1001.4226273594015,-0.0013237658965156056,0.0,HOLD,closed,0.0,0.0,0.0,0.031109977884428208,True,False
2024-05-09 23:00:00+00:00,63074.01,0.0,1001.4226273594015,-0.0013237658965156056,0.0,HOLD,closed,0.0,0.0,0.0,0.031107256314541726,True,False
2024-05-10 00:00:00+00:00,62840.73,0.0,1001.4226273594015,-0.0013237658965156056,0.0,HOLD,closed,0.0,0.0,0.0,0.031096293564736394,True,False
2024-05-10 01:00:00+00:00,62883.5,0.0,1001.4226273594015,-0.0013237658965156056,0.0,HOLD,closed,0.0,0.0,0.0,0.031092722747869117,True,False
2024-05-10 02:00:00+00:00,62910.61,0.0,1001.4226273594015,-0.0013237658965156056,0.0,HOLD,closed,0.0,0.0,0.0,0.03089792546751363,True,False
2024-05-10 03:00:00+00:00,62916.16,0.0,1001.4226273594015,-0.0013237658965156056,0.0,HOLD,closed,0.0,0.0,0.0,0.030897930882455876,True,False
2024-05-10 04:00:00+00:00,62929.99,0.0,1001.4226273594015,-0.0013237658965156056,0.0,HOLD,closed,0.0,0.0,0.0,0.030897771942473673,True,False
2024-05-10 05:00:00+00:00,62767.99,0.0,1001.4226273594015,-0.0013237658965156056,0.0,HOLD,closed,0.0,0.0,0.0,0.030898122765696562,True,False
2024-05-10 06:00:00+00:00,63166.0,0.0,1001.4226273594015,-0.0013237658965156056,0.0,HOLD,closed,0.0,0.0,0.0,0.03090442311139535,True,False
2024-05-10 07:00:00+00:00,63078.02,0.0,1001.4226273594015,-0.0013237658965156056,0.0,HOLD,closed,0.0,0.0,0.0,0.030905794316402974,True,False
2024-05-10 08:00:00+00:00,63039.99,0.0,1001.4226273594015,-0.0013237658965156056,0.0,HOLD,closed,0.0,0.0,0.0,0.030905903479382935,True,False
2024-05-10 09:00:00+00:00,63126.98,0.0,1001.4226273594015,-0.0013237658965156056,0.0,HOLD,closed,0.0,0.0,0.0,0.030906352158408562,True,False
2024-05-10 10:00:00+00:00,63025.45,0.0,1001.4226273594015,-0.0013237658965156056,0.0,HOLD,closed,0.0,0.0,0.0,0.030901127921518917,True,False
2024-05-10 11:00:00+00:00,63299.63,0.0,1001.4226273594015,-0.0013237658965156056,0.0,HOLD,closed,0.0,0.0,0.0,0.03090390531602555,True,False
2024-05-10 12:00:00+00:00,63007.92,0.0,1001.4226273594015,-0.0013237658965156056,0.0,HOLD,closed,0.0,0.0,0.0,0.030901826850496056,True,False
2024-05-10 13:00:00+00:00,63004.0,0.0,1001.4226273594015,-0.0013237658965156056,0.0,HOLD,closed,0.0,0.0,0.0,0.030891125350171356,True,False
2024-05-10 14:00:00+00:00,61063.87,0.0,1001.4226273594015,-0.0013237658965156056,0.0,HOLD,closed,0.0,0.0,0.0,0.03100542582087812,True,False
2024-05-10 15:00:00+00:00,60928.02,0.0,1001.4226273594015,-0.0013237658965156056,0.0,HOLD,closed,0.0,0.0,0.0,0.03100583529078399,True,False
2024-05-10 16:00:00+00:00,61071.54,0.0,1001.4226273594015,-0.0013237658965156056,0.0,HOLD,closed,0.0,0.0,0.0,0.031006470674248693,True,False
2024-05-10 17:00:00+00:00,60383.72,0.0,1001.4226273594015,-0.0013237658965156056,0.0,HOLD,closed,0.0,0.0,0.0,0.031020535410086647,True,False
2024-05-10 18:00:00+00:00,60717.07,0.0,1001.4226273594015,-0.0013237658965156056,0.0,HOLD,closed,0.0,0.0,0.0,0.03102027729290069,True,False
2024-05-10 19:00:00+00:00,60716.97,0.0,1001.4226273594015,-0.0013237658965156056,0.0,HOLD,closed,0.0,0.0,0.0,0.03101960295088152,True,False
2024-05-10 20:00:00+00:00,60516.92,0.0,1001.4226273594015,-0.0013237658965156056,0.0,HOLD,closed,0.0,0.0,0.0,0.0310171547951828,True,False
2024-05-10 21:00:00+00:00,60710.0,0.0,1001.4226273594015,-0.0013237658965156056,0.0,HOLD,closed,0.0,0.0,0.0,0.03101743079841332,True,False
2024-05-10 22:00:00+00:00,60854.01,0.0,1001.4226273594015,-0.0013237658965156056,0.0,HOLD,closed,0.0,0.0,0.0,0.031018706059809525,True,False
2024-05-10 23:00:00+00:00,60799.99,0.0,1001.4226273594015,-0.0013237658965156056,0.0,HOLD,closed,0.0,0.0,0.0,0.031019901558382662,True,False
2024-05-11 00:00:00+00:00,60779.99,0.0,1001.4226273594015,-0.0013237658965156056,0.0,HOLD,closed,0.0,0.0,0.0,0.03102148242521338,True,False
2024-05-11 01:00:00+00:00,60876.69,0.0,1001.4226273594015,-0.0013237658965156056,0.0,HOLD,closed,0.0,0.0,0.0,0.031024260506897522,True,False
2024-05-11 02:00:00+00:00,60895.23,0.0,1001.4226273594015,-0.0013237658965156056,0.0,HOLD,closed,0.0,0.0,0.0,0.0310245134122889,True,False
2024-05-11 03:00:00+00:00,60731.9,0.0,1001.4226273594015,-0.0013237658965156056,0.0,HOLD,closed,0.0,0.0,0.0,0.031025788938884385,True,False
2024-05-11 04:00:00+00:00,60766.01,0.0,1001.4226273594015,-0.0013237658965156056,0.0,HOLD,closed,0.0,0.0,0.0,0.031024683596096253,True,False
2024-05-11 05:00:00+00:00,60922.0,0.0,1001.4226273594015,-0.0013237658965156056,0.0,HOLD,closed,0.0,0.0,0.0,0.031025535881144456,True,False
2024-05-11 06:00:00+00:00,60953.01,0.0,1001.4226273594015,-0.0013237658965156056,0.0,HOLD,closed,0.0,0.0,0.0,0.03102566858552408,True,False
2024-05-11 07:00:00+00:00,61018.52,0.0,1001.4226273594015,-0.0013237658965156056,0.0,HOLD,closed,0.0,0.0,0.0,0.031025393573854587,True,False
2024-05-11 08:00:00+00:00,60790.0,0.0,1001.4226273594015,-0.0013237658965156056,0.0,HOLD,closed,0.0,0.0,0.0,0.031056187316360867,True,False
2024-05-11 09:00:00+00:00,60904.43,0.0,1001.4226273594015,-0.0013237658965156056,0.0,HOLD,closed,0.0,0.0,0.0,0.03108651076253313,True,False
2024-05-11 10:00:00+00:00,60745.99,0.0,1001.4226273594015,-0.0013237658965156056,0.0,HOLD,closed,0.0,0.0,0.0,0.03108843694017288,True,False
2024-05-11 11:00:00+00:00,60684.01,0.0,1001.4226273594015,-0.0013237658965156056,0.0,HOLD,closed,0.0,0.0,0.0,0.031067107840663882,True,False
2024-05-11 12:00:00+00:00,60710.01,0.0,1001.4226273594015,-0.0013237658965156056,0.0,HOLD,closed,0.0,0.0,0.0,0.031067102925645212,True,False
2024-05-11 13:00:00+00:00,60972.0,0.0,1001.4226273594015,-0.0013237658965156056,0.0,HOLD,closed,0.0,0.0,0.0,0.03106329196399446,True,False
2024-05-11 14:00:00+00:00,60840.01,0.0,1001.4226273594015,-0.0013237658965156056,0.0,HOLD,closed,0.0,0.0,0.0,0.03106251132555793,True,False
2024-05-11 15:00:00+00:00,61174.18,0.0,1001.4226273594015,-0.0013237658965156056,0.0,HOLD,closed,0.0,0.0,0.0,0.03106620442149341,True,False
2024-05-11 16:00:00+00:00,61201.19,0.0,1001.4226273594015,-0.0013237658965156056,0.0,HOLD,closed,0.0,0.0,0.0,0.031065692340259993,True,False
2024-05-11 17:00:00+00:00,61099.05,0.0,1001.4226273594015,-0.0013237658965156056,0.0,HOLD,closed,0.0,0.0,0.0,0.031066068027128135,True,False
2024-05-11 18:00:00+00:00,61214.54,0.0,1001.4226273594015,-0.0013237658965156056,0.0,HOLD,closed,0.0,0.0,0.0,0.031066219496821118,True,False
2024-05-11 19:00:00+00:00,61144.0,0.0,1001.4226273594015,-0.0013237658965156056,0.0,HOLD,closed,0.0,0.0,0.0,0.03106331613702179,True,False
2024-05-11 20:00:00+00:00,61016.58,0.0,1001.4226273594015,-0.0013237658965156056,0.0,HOLD,closed,0.0,0.0,0.0,0.031063049308145546,True,False
2024-05-11 21:00:00+00:00,60919.55,0.0,1001.4226273594015,-0.0013237658965156056,0.0,HOLD,closed,0.0,0.0,0.0,0.03106249909863315,True,False
2024-05-11 22:00:00+00:00,60909.99,0.0,1001.4226273594015,-0.0013237658965156056,0.0,HOLD,closed,0.0,0.0,0.0,0.03106221566408776,True,False
2024-05-11 23:00:00+00:00,60825.99,0.0,1001.4226273594015,-0.0013237658965156056,0.0,HOLD,closed,0.0,0.0,0.0,0.031065309956551213,True,False
2024-05-12 00:00:00+00:00,60978.0,0.0,1001.4226273594015,-0.0013237658965156056,0.0,HOLD,closed,0.0,0.0,0.0,0.03107488422768767,True,False
2024-05-12 01:00:00+00:00,60867.99,0.0,1001.4226273594015,-0.0013237658965156056,0.0,HOLD,closed,0.0,0.0,0.0,0.031084493828522047,True,False
2024-05-12 02:00:00+00:00,60929.85,0.0,1001.4226273594015,-0.0013237658965156056,0.0,HOLD,closed,0.0,0.0,0.0,0.031084717385674143,True,False
2024-05-12 03:00:00+00:00,60930.0,0.0,1001.4226273594015,-0.0013237658965156056,0.0,HOLD,closed,0.0,0.0,0.0,0.031084514337109653,True,False
2024-05-12 04:00:00+00:00,61100.0,0.0,1001.4226273594015,-0.0013237658965156056,0.0,HOLD,closed,0.0,0.0,0.0,0.031084295097809994,True,False
2024-05-12 05:00:00+00:00,61050.01,0.0,1001.4226273594015,-0.0013237658965156056,0.0,HOLD,closed,0.0,0.0,0.0,0.031084647519564856,True,False
2024-05-12 06:00:00+00:00,60946.49,0.0,1001.4226273594015,-0.0013237658965156056,0.0,HOLD,closed,0.0,0.0,0.0,0.03108516185145843,True,False
2024-05-12 07:00:00+00:00,60820.0,0.0,1001.4226273594015,-0.0013237658965156056,0.0,HOLD,closed,0.0,0.0,0.0,0.031083642369990616,True,False
2024-05-12 08:00:00+00:00,61049.97,0.0,1001.4226273594015,-0.0013237658965156056,0.0,HOLD,closed,0.0,0.0,0.0,0.031084159652279814,True,False
2024-05-12 09:00:00+00:00,61000.0,0.0,1001.4226273594015,-0.0013237658965156056,0.0,HOLD,closed,0.0,0.0,0.0,0.03108409476186963,True,False
2024-05-12 10:00:00+00:00,61159.99,0.0,1001.4226273594015,-0.0013237658965156056,0.0,HOLD,closed,0.0,0.0,0.0,0.031085065494677155,True,False
2024-05-12 11:00:00+00:00,61146.0,0.0,1001.4226273594015,-0.0013237658965156056,0.0,HOLD,closed,0.0,0.0,0.0,0.03108452358717184,True,False
2024-05-12 12:00:00+00:00,61155.75,0.0,1001.4226273594015,-0.0013237658965156056,0.0,HOLD,closed,0.0,0.0,0.0,0.031078099267125403,True,False
2024-05-12 13:00:00+00:00,61191.29,0.0,1001.4226273594015,-0.0013237658965156056,0.0,HOLD,closed,0.0,0.0,0.0,0.031076379514461433,True,False
2024-05-12 14:00:00+00:00,61168.82,0.0,1001.4226273594015,-0.0013237658965156056,0.0,HOLD,closed,0.0,0.0,0.0,0.031079260150308124,True,False
2024-05-12 15:00:00+00:00,61419.0,0.0,1001.4226273594015,-0.0013237658965156056,0.0,HOLD,closed,0.0,0.0,0.0,0.031082648941550217,True,False
2024-05-12 16:00:00+00:00,61346.77,0.0,1001.4226273594015,-0.0013237658965156056,0.0,HOLD,closed,0.0,0.0,0.0,0.031090501084334615,True,False
2024-05-12 17:00:00+00:00,61616.3,0.0,1001.4226273594015,-0.0013237658965156056,0.0,HOLD,closed,0.0,0.0,0.0,0.03110097479679247,True,False
2024-05-12 18:00:00+00:00,61373.94,0.0,1001.4226273594015,-0.0013237658965156056,0.0,HOLD,closed,0.0,0.0,0.0,0.031099200254065873,True,False
2024-05-12 19:00:00+00:00,61406.1,0.0,1001.4226273594015,-0.0013237658965156056,0.0,HOLD,closed,0.0,0.0,0.0,0.031099335432207026,True,False
2024-05-12 20:00:00+00:00,61284.03,0.0,1001.4226273594015,-0.0013237658965156056,0.0,HOLD,closed,0.0,0.0,0.0,0.031100043696155988,True,False
2024-05-12 21:00:00+00:00,61236.0,0.0008083342282464798,1001.5074310814985,-0.0012391947479236962,0.04946760512542861,BUY,closed,0.04946760512542861,0.04946760512542861,0.04946760512542861,0.031098473673335403,False,False
2024-05-12 22:00:00+00:00,61326.0,0.0008083342282464798,1001.5801811620406,-0.001166644183874479,0.05,HOLD,closed,0.05,0.049493695875581264,0.0005063041244187383,0.03109812393491232,True,False
2024-05-12 23:00:00+00:00,61483.99,0.0008083342282464798,1001.7078898867612,-0.0010392856992729922,0.05,HOLD,closed,0.05,0.049614876859742627,0.00038512314025737626,0.03107516230494195,True,False
2024-05-13 00:00:00+00:00,61512.89,0.0,1001.8311043902249,-0.0009164091105638468,0.0,SELL,closed,0.0,0.0,0.04963704030231011,0.031075251030740325,False,False
2024-05-13 01:00:00+00:00,61415.87,0.0,1001.8311043902249,-0.0009164091105638468,0.0,HOLD,closed,0.0,0.0,0.0,0.03106378553779751,True,False
2024-05-13 02:00:00+00:00,61044.26,0.0008156124314999842,1001.6523894422562,-0.0010946339342689296,0.05,BUY,closed,0.05,0.05,0.05,0.031068325299223043,False,False
2024-05-13 03:00:00+00:00,61170.0,0.0008156124314999842,1001.754944549393,-0.0009923600836634708,0.05,HOLD,closed,0.05,0.04980360986118804,0.0001963901388119596,0.03106593690523285,True,False
2024-05-13 04:00:00+00:00,60976.96,0.0008156124314999842,1001.5974987256163,-0.0011493741135733442,0.05,HOLD,closed,0.05,0.04965424401953463,0.00034575598046537176,0.031067325368683424,True,False
2024-05-13 05:00:00+00:00,60858.97,0.0008156124314999842,1001.5012646148236,-0.00124534430311476,0.05,HOLD,closed,0.05,0.04956292543412321,0.00043707456587679244,0.03106791613865509,True,False
2024-05-13 06:00:00+00:00,61504.1,0.0008156124314999842,1002.0274406627572,-0.0007206112886318444,0.05,HOLD,closed,0.05,0.05006201079187934,6.201079187933417e-05,0.031082399478060463,True,False
2024-05-13 07:00:00+00:00,62334.37,0.0,1002.1524066126912,-0.0005959880567798483,0.0,SELL,closed,0.0,0.0,0.050703553278204916,0.03110499379569709,False,False
2024-05-13 08:00:00+00:00,62767.18,0.0,1002.1524066126912,-0.0005959880567798483,0.0,HOLD,closed,0.0,0.0,0.0,0.031110832925004217,True,False
2024-05-13 09:00:00+00:00,63060.6,0.0,1002.1524066126912,-0.0005959880567798483,0.0,HOLD,closed,0.0,0.0,0.0,0.03111338324483856,True,False
2024-05-13 10:00:00+00:00,62674.7,0.0,1002.1524066126912,-0.0005959880567798483,0.0,HOLD,closed,0.0,0.0,0.0,0.03111793044417363,True,False
2024-05-13 11:00:00+00:00,62738.0,0.0,1002.1524066126912,-0.0005959880567798483,0.0,HOLD,closed,0.0,0.0,0.0,0.031118029672412395,True,False
2024-05-13 12:00:00+00:00,62844.04,0.0,1002.1524066126912,-0.0005959880567798483,0.0,HOLD,closed,0.0,0.0,0.0,0.031117701651483448,True,False
2024-05-13 13:00:00+00:00,62779.66,0.0,1002.1524066126912,-0.0005959880567798483,0.0,HOLD,closed,0.0,0.0,0.0,0.03111365339557584,True,False
2024-05-13 14:00:00+00:00,62747.87,0.0007981505527528272,1002.0267931121476,-0.000721257063339193,0.05,BUY,closed,0.05,0.05,0.05,0.03111307049128198,False,False
2024-05-13 15:00:00+00:00,63002.0,0.0007981505527528272,1002.2296271121187,-0.0005189793339319984,0.05,HOLD,closed,0.05,0.05017321356726193,0.00017321356726193032,0.031114682278686606,True,False
2024-05-13 16:00:00+00:00,63178.89,0.0,1002.355132421854,-0.0003938182214684503,0.0,SELL,closed,0.0,0.0,0.05030699754418981,0.031115964646709626,False,False
2024-05-13 17:00:00+00:00,62810.51,0.0,1002.355132421854,-0.0003938182214684503,0.0,HOLD,closed,0.0,0.0,0.0,0.031120551882120318,True,False
2024-05-13 18:00:00+00:00,62786.9,0.0007979199121467522,1002.4616856074484,-0.00028755725710244147,0.05,BUY,closed,0.05,0.05,0.05,0.03111373296618236,False,False
2024-05-13 19:00:00+00:00,63172.69,0.0007979199121467522,1002.7695151303556,0.0,0.05,HOLD,closed,0.05,0.05026753056839922,0.0002675305683992185,0.031117462675912283,True,False
2024-05-13 20:00:00+00:00,63091.89,0.0,1002.6687348024641,-0.00010050198612027984,0.0,SELL,closed,0.0,0.0,0.0502064646700478,0.031116531129120634,False,False
2024-05-13 21:00:00+00:00,62901.75,0.0007946099678773752,1002.6431347298766,-0.00012603135473514084,0.05,BUY,closed,0.05,0.05,0.05,0.0311160332008886,False,False
2024-05-13 22:00:00+00:00,62770.0,0.0007946099678773752,1002.5384448666088,-0.00023043207861854782,0.05,HOLD,closed,0.05,0.04975137655723441,0.00024862344276559145,0.031115828214917846,True,False
2024-05-13 23:00:00+00:00,62940.08,0.0007946099678773752,1002.6735921299454,-9.565807392707109e-05,0.05,HOLD,closed,0.05,0.04987945762165622,0.00012054237834378118,0.031115824652149154,True,False
2024-05-14 00:00:00+00:00,62815.03,0.0007946099678773752,1002.5742261534623,-0.0001947496148882026,0.05,HOLD,closed,0.05,0.04978529037397795,0.00021470962602205407,0.031115517703138557,True,False
2024-05-14 01:00:00+00:00,62652.02,0.0007946099678773752,1002.4446967825986,-0.0003239212429734869,0.05,HOLD,closed,0.05,0.04966250982167584,0.0003374901783241638,0.03111487702845242,True,False
2024-05-14 02:00:00+00:00,62541.99,0.0007946099678773752,1002.3572658478331,-0.00041111070520413864,0.05,HOLD,closed,0.05,0.04957961632856712,0.00042038367143288485,0.031115440732381927,True,False
2024-05-14 03:00:00+00:00,62488.46,0.0007946099678773752,1002.3147303762526,-0.00045352869950766536,0.05,HOLD,closed,0.05,0.04953928310987444,0.00046071689012556344,0.031113842630516503,True,False
2024-05-14 04:00:00+00:00,62550.22,0.0007946099678773752,1002.3638054878687,-0.00040458912677864966,0.05,HOLD,closed,0.05,0.049585817078392394,0.0004141829216076087,0.03111392320696721,True,False
2024-05-14 05:00:00+00:00,62717.22,0.0007946099678773752,1002.4965053525042,-0.0002722557614008448,0.05,HOLD,closed,0.05,0.049711622837063874,0.00028837716293612925,0.0311144569908873,True,False
2024-05-14 06:00:00+00:00,62042.0,0.0,1002.3968588140292,-0.0003716270894791937,0.0,SELL,closed,0.0,0.0,0.049202755760391986,0.03112878652183615,False,False
2024-05-14 07:00:00+00:00,62035.39,0.000807837449132458,1002.2912623410621,-0.0004769319191273196,0.05,BUY,closed,0.05,0.05,0.05,0.031128256182671038,False,False
2024-05-14 08:00:00+00:00,61861.0,0.000807837449132458,1002.1503835683079,-0.000617421603574733,0.05,HOLD,closed,0.05,0.04986640055242438,0.00013359944757562053,0.0311331916920152,True,False
2024-05-14 09:00:00+00:00,61797.85,0.000807837449132458,1002.0993686333951,-0.0006682956420681973,0.05,HOLD,closed,0.05,0.04981803109401399,0.000181968905986013,0.031133500993104857,True,False
2024-05-14 10:00:00+00:00,61719.01,0.000807837449132458,1002.0356787289055,-0.0007318096435696423,0.05,HOLD,closed,0.05,0.04975763703806168,0.00024236296193832357,0.031129399852158873,True,False
2024-05-14 11:00:00+00:00,61798.57,0.000807837449132458,1002.0999502763585,-0.0006677156055247554,0.05,HOLD,closed,0.05,0.049818582602529665,0.00018141739747033758,0.031123022201365952,True,False
2024-05-14 12:00:00+00:00,61566.52,0.0,1002.2246971382446,-0.0005433132777677061,0.0,SELL,closed,0.0,0.0,0.04964080285047796,0.031122972833442647,False,False
2024-05-14 13:00:00+00:00,61695.98,0.0008139363198951156,1002.2298136695238,-0.0005382108776627841,0.05,BUY,closed,0.05,0.05,0.05,0.031124753582486314,False,False
2024-05-14 14:00:00+00:00,61803.74,0.0,1002.3553731530226,-0.00041299817264502483,0.0,SELL,closed,0.0,0.0,0.05018799683192077,0.031126798561921326,False,False
2024-05-14 15:00:00+00:00,61787.61,0.0,1002.3553731530226,-0.00041299817264502483,0.0,HOLD,closed,0.0,0.0,0.0,0.031125945613280526,True,False
2024-05-14 16:00:00+00:00,61427.54,0.0,1002.3553731530226,-0.00041299817264502483,0.0,HOLD,closed,0.0,0.0,0.0,0.03113050031245418,True,False
2024-05-14 17:00:00+00:00,61314.98,0.0008158843518339027,1002.3893017214594,-0.0003791633103711625,0.05,BUY,closed,0.05,0.05,0.05,0.031131656843819355,False,False
2024-05-14 18:00:00+00:00,61429.99,0.0008158843518339027,1002.4831365807638,-0.00028558761038374557,0.05,HOLD,closed,0.05,0.049995621617396936,4.378382603066611e-06,0.031134351514250397,True,False
2024-05-14 19:00:00+00:00,61596.52,0.0,1002.6086831804539,-0.00016038775359135385,0.0,SELL,closed,0.0,0.0,0.05012436080366396,0.031137460668857392,False,False
2024-05-14 20:00:00+00:00,61610.04,0.0,1002.6086831804539,-0.00016038775359135385,0.0,HOLD,closed,0.0,0.0,0.0,0.031136666667196417,True,False
2024-05-14 21:00:00+00:00,61694.56,0.0,1002.6086831804539,-0.00016038775359135385,0.0,HOLD,closed,0.0,0.0,0.0,0.031139183548303806,True,False
2024-05-14 22:00:00+00:00,61708.79,0.0,1002.6086831804539,-0.00016038775359135385,0.0,HOLD,closed,0.0,0.0,0.0,0.03113791377854913,True,False
2024-05-14 23:00:00+00:00,61577.49,0.0,1002.6086831804539,-0.00016038775359135385,0.0,HOLD,closed,0.0,0.0,0.0,0.03113833643038605,True,False
2024-05-15 00:00:00+00:00,61438.35,0.0,1002.6086831804539,-0.00016038775359135385,0.0,HOLD,closed,0.0,0.0,0.0,0.031135445152479707,True,False
2024-05-15 01:00:00+00:00,61696.0,0.0008159469477781011,1002.7186259780138,-5.074860331697975e-05,0.05,BUY,closed,0.05,0.05,0.05,0.031136558398130287,False,False
2024-05-15 02:00:00+00:00,61774.01,0.0,1002.6179616794104,-0.0001511348806065656,0.0,SELL,closed,0.0,0.0,0.05026446519584739,0.031140565753145194,False,False
2024-05-15 03:00:00+00:00,61949.99,0.0,1002.6179616794104,-0.0001511348806065656,0.0,HOLD,closed,0.0,0.0,0.0,0.031144840000822627,True,False
2024-05-15 04:00:00+00:00,61900.0,0.0,1002.6179616794104,-0.0001511348806065656,0.0,HOLD,closed,0.0,0.0,0.0,0.031146477716761184,True,False
2024-05-15 05:00:00+00:00,61928.68,0.0,1002.6179616794104,-0.0001511348806065656,0.0,HOLD,closed,0.0,0.0,0.0,0.031147517111790424,True,False
2024-05-15 06:00:00+00:00,61962.75,0.0,1002.6179616794104,-0.0001511348806065656,0.0,HOLD,closed,0.0,0.0,0.0,0.031149180596456383,True,False
2024-05-15 07:00:00+00:00,62195.04,0.0,1002.6179616794104,-0.0001511348806065656,0.0,HOLD,closed,0.0,0.0,0.0,0.031152159914445393,True,False
2024-05-15 08:00:00+00:00,62143.51,0.0,1002.6179616794104,-0.0001511348806065656,0.0,HOLD,closed,0.0,0.0,0.0,0.031151174769495138,True,False
2024-05-15 09:00:00+00:00,62649.98,0.0,1002.6179616794104,-0.0001511348806065656,0.0,HOLD,closed,0.0,0.0,0.0,0.03115729463007666,True,False
2024-05-15 10:00:00+00:00,62674.71,0.0,1002.6179616794104,-0.0001511348806065656,0.0,HOLD,closed,0.0,0.0,0.0,0.031137533486335356,True,False
2024-05-15 11:00:00+00:00,62467.18,0.0,1002.6179616794104,-0.0001511348806065656,0.0,HOLD,closed,0.0,0.0,0.0,0.031127225273554743,True,False
2024-05-15 12:00:00+00:00,63757.56,0.0,1002.6179616794104,-0.0001511348806065656,0.0,HOLD,closed,0.0,0.0,0.0,0.031179645802946798,True,False
2024-05-15 13:00:00+00:00,64145.99,0.0,1002.6179616794104,-0.0001511348806065656,0.0,HOLD,closed,0.0,0.0,0.0,0.031184259300592543,True,False
2024-05-15 14:00:00+00:00,64500.0,0.0,1002.6179616794104,-0.0001511348806065656,0.0,HOLD,closed,0.0,0.0,0.0,0.03117189082969596,True,False
2024-05-15 15:00:00+00:00,64725.11,0.0,1002.6179616794104,-0.0001511348806065656,0.0,HOLD,closed,0.0,0.0,0.0,0.03117423679034642,True,False
2024-05-15 16:00:00+00:00,64759.27,0.0,1002.6179616794104,-0.0001511348806065656,0.0,HOLD,closed,0.0,0.0,0.0,0.031173842179030964,True,False
2024-05-15 17:00:00+00:00,65046.56,0.0,1002.6179616794104,-0.0001511348806065656,0.0,HOLD,closed,0.0,0.0,0.0,0.031173880763092382,True,False
2024-05-15 18:00:00+00:00,65717.28,0.0,1002.6179616794104,-0.0001511348806065656,0.0,HOLD,closed,0.0,0.0,0.0,0.031186253742301828,True,False
2024-05-15 19:00:00+00:00,66006.23,0.0,1002.6179616794104,-0.0001511348806065656,0.0,HOLD,closed,0.0,0.0,0.0,0.031189384521688873,True,False
2024-05-15 20:00:00+00:00,65930.87,0.0,1002.6179616794104,-0.0001511348806065656,0.0,HOLD,closed,0.0,0.0,0.0,0.03118736390452065,True,False
2024-05-15 21:00:00+00:00,65859.99,0.0007603553613112781,1002.46377322623,-0.00030489748592503485,0.05,BUY,closed,0.05,0.05,0.05,0.031180160565871112,False,False
2024-05-15 22:00:00+00:00,66116.3,0.0007603553613112781,1002.6586599088878,-0.00011054905418954848,0.05,HOLD,closed,0.05,0.05013858173790978,0.00013858173790978062,0.03118056608742839,True,False
2024-05-15 23:00:00+00:00,66206.5,0.0007603553613112781,1002.727243962478,-4.21544205719305e-05,0.05,HOLD,closed,0.05,0.050203549900294596,0.00020354990029459313,0.031180940982058897,True,False
2024-05-16 00:00:00+00:00,66083.9,0.0007603553613112781,1002.6340243951813,-0.00013511652790584768,0.05,HOLD,closed,0.05,0.05011524288901825,0.00011524288901824942,0.031181284975892176,True,False
2024-05-16 01:00:00+00:00,65985.99,0.0007603553613112781,1002.5595780017553,-0.0002093573103615483,0.05,HOLD,closed,0.05,0.050044707934399225,4.470793439922266e-05,0.031181163558249958,True,False
2024-05-16 02:00:00+00:00,65909.51,0.0007603553613112781,1002.5014260237222,-0.00026734868041789904,0.05,HOLD,closed,0.05,0.049989603993554246,1.0396006445756445e-05,0.031181243871394593,True,False
2024-05-16 03:00:00+00:00,65975.39,0.0007603553613112781,1002.5515182349254,-0.00021739481719465153,0.05,HOLD,closed,0.05,0.050037071002018575,3.707100201857244e-05,0.031179155294350502,True,False
2024-05-16 04:00:00+00:00,65813.33,0.0007603553613112781,1002.4282950450713,-0.00034027768109792583,0.05,HOLD,closed,0.05,0.049920297101149175,7.970289885082804e-05,0.03117978347982797,True,False
2024-05-16 05:00:00+00:00,65781.99,0.0007603553613112781,1002.4044655080478,-0.0003640414041309487,0.05,HOLD,closed,0.05,0.04989771144811737,0.0001022885518826358,0.03117981055804772,True,False
2024-05-16 06:00:00+00:00,65958.14,0.0007603553613112781,1002.5384021049427,-0.0002304747221825611,0.05,HOLD,closed,0.05,0.05002464271275879,2.464271275878782e-05,0.03117277854846698,True,False
2024-05-16 07:00:00+00:00,66142.62,0.0007603553613112781,1002.6786724619975,-9.059177307184191e-05,0.05,HOLD,closed,0.05,0.05015754010672913,0.00015754010672913016,0.031168784725240095,True,False
2024-05-16 08:00:00+00:00,66297.12,0.0,1002.8051904822418,0.0,0.0,SELL,closed,0.0,0.0,0.05026881162631048,0.031163834723545558,False,False
2024-05-16 09:00:00+00:00,66364.69,0.0,1002.8051904822418,0.0,0.0,HOLD,closed,0.0,0.0,0.0,0.031164186268603122,True,False
2024-05-16 10:00:00+00:00,66169.99,0.0,1002.8051904822418,0.0,0.0,HOLD,closed,0.0,0.0,0.0,0.031165355257785105,True,False
2024-05-16 11:00:00+00:00,66503.8,0.0007577491238342465,1002.9578215505996,0.0,0.05,BUY,closed,0.05,0.05,0.05,0.031150979094678732,False,False
2024-05-16 12:00:00+00:00,66011.01,0.0,1003.0844261455791,0.0,0.0,SELL,closed,0.0,0.0,0.049890846570175264,0.031155393411664928,False,False
2024-05-16 13:00:00+00:00,66328.05,0.0007597856979809726,1003.4516825356529,0.0,0.05,BUY,closed,0.05,0.05,0.05,0.031156578747177255,False,False
2024-05-16 14:00:00+00:00,65598.7,0.0007597856979809726,1002.8975328368305,-0.0005522435294763499,0.05,HOLD,closed,0.05,0.049696955505676224,0.00030304449432377867,0.031173474881160568,True,False
2024-05-16 15:00:00+00:00,65818.88,0.0007597856979809726,1003.064822451812,-0.0003855293588858814,0.05,HOLD,closed,0.05,0.04985544559213003,0.00014455440786997203,0.031176150041816786,True,False
2024-05-16 16:00:00+00:00,65154.99,0.0007597856979809726,1002.5604083247794,-0.0008882083974600424,0.05,HOLD,closed,0.05,0.04937740323978217,0.0006225967602178362,0.03121431824431073,True,False
2024-05-16 17:00:00+00:00,64994.99,0.0007597856979809726,1002.4388426131025,-0.0010093559462585255,0.05,HOLD,closed,0.05,0.049262121281822405,0.0007378787181775981,0.03124034901198572,True,False
2024-05-16 18:00:00+00:00,65122.18,0.0007597856979809726,1002.5354797560286,-0.0009130512166855237,0.05,HOLD,closed,0.05,0.049353765512003066,0.000646234487996937,0.031253986110275994,True,False
2024-05-16 19:00:00+00:00,65186.85,0.0007597856979809726,1002.5846150971171,-0.0008640848918054886,0.05,HOLD,closed,0.05,0.0494003554220043,0.0005996445779957033,0.03126736299797436,True,False
2024-05-16 20:00:00+00:00,65273.9,0.0007597856979809726,1002.6507544421263,-0.0007981730535373126,0.05,HOLD,closed,0.05,0.04946306124213146,0.0005369387578685395,0.03126663337522825,True,False
2024-05-16 21:00:00+00:00,65461.99,0.0,1002.5515908878713,-0.0008969955040657216,0.0,SELL,closed,0.0,0.0,0.04959852223007457,0.03126760485639557,False,False
2024-05-16 22:00:00+00:00,65418.97,0.0,1002.5515908878713,-0.0008969955040657216,0.0,HOLD,closed,0.0,0.0,0.0,0.03128447991176808,True,False
2024-05-16 23:00:00+00:00,65235.21,0.0,1002.5515908878713,-0.0008969955040657216,0.0,HOLD,closed,0.0,0.0,0.0,0.03130233299755186,True,False
2024-05-17 00:00:00+00:00,65508.69,0.0007684129405637472,1002.6614562359781,-0.0007875080718166525,0.05,BUY,closed,0.05,0.05,0.05,0.031303960089778454,False,False
2024-05-17 01:00:00+00:00,65340.84,0.0,1002.5608136233749,-0.0008878044930144393,0.0,SELL,closed,0.0,0.0,0.050081915647524726,0.031301355109973894,False,False
2024-05-17 02:00:00+00:00,65386.01,0.0,1002.5608136233749,-0.0008878044930144393,0.0,HOLD,closed,0.0,0.0,0.0,0.03130195626701737,True,False
2024-05-17 03:00:00+00:00,65584.53,0.0,1002.5608136233749,-0.0008878044930144393,0.0,HOLD,closed,0.0,0.0,0.0,0.0313043623309843,True,False
2024-05-17 04:00:00+00:00,65451.81,0.0,1002.5608136233749,-0.0008878044930144393,0.0,HOLD,closed,0.0,0.0,0.0,0.0313043612684204,True,False
2024-05-17 05:00:00+00:00,65700.0,0.0,1002.5608136233749,-0.0008878044930144393,0.0,HOLD,closed,0.0,0.0,0.0,0.03130615945476464,True,False
2024-05-17 06:00:00+00:00,65955.56,0.0,1002.5608136233749,-0.0008878044930144393,0.0,HOLD,closed,0.0,0.0,0.0,0.03130422638173805,True,False
2024-05-17 07:00:00+00:00,66386.94,0.0,1002.5608136233749,-0.0008878044930144393,0.0,HOLD,closed,0.0,0.0,0.0,0.031309693009608064,True,False
2024-05-17 08:00:00+00:00,66146.01,0.0,1002.5608136233749,-0.0008878044930144393,0.0,HOLD,closed,0.0,0.0,0.0,0.031311801115181864,True,False
2024-05-17 09:00:00+00:00,66344.44,0.0,1002.5608136233749,-0.0008878044930144393,0.0,HOLD,closed,0.0,0.0,0.0,0.03130963447260707,True,False
2024-05-17 10:00:00+00:00,66500.48,0.0,1002.5608136233749,-0.0008878044930144393,0.0,HOLD,closed,0.0,0.0,0.0,0.031297182337811785,True,False
2024-05-17 11:00:00+00:00,66218.0,0.0,1002.5608136233749,-0.0008878044930144393,0.0,HOLD,closed,0.0,0.0,0.0,0.031295697450320126,True,False
2024-05-17 12:00:00+00:00,66379.97,0.0007570154376653345,1002.5831538385852,-0.0008655411238865367,0.05,BUY,closed,0.05,0.05,0.05,0.0312963251223404,False,False
2024-05-17 13:00:00+00:00,65944.02,0.0,1002.4826776398327,-0.0009656717036655458,0.0,SELL,closed,0.0,0.0,0.04980841617760938,0.031298843735973386,False,False
2024-05-17 14:00:00+00:00,66806.66,0.0007601012780535921,1003.0380980765019,-0.0004121618074384266,0.05,BUY,closed,0.05,0.05,0.05,0.03132172346493753,False,False
2024-05-17 15:00:00+00:00,67195.1,0.0,1003.169200816084,-0.0002815100362930936,0.0,SELL,closed,0.0,0.0,0.05090539579537193,0.031323674348413544,False,False
2024-05-17 16:00:00+00:00,66929.99,0.0,1003.169200816084,-0.0002815100362930936,0.0,HOLD,closed,0.0,0.0,0.0,0.03132448175593694,True,False
2024-05-17 17:00:00+00:00,66702.52,0.0,1003.169200816084,-0.0002815100362930936,0.0,HOLD,closed,0.0,0.0,0.0,0.03132609721534574,True,False
2024-05-17 18:00:00+00:00,66821.98,0.0007519726025423061,1003.3889489798738,-6.251776430390258e-05,0.05,BUY,closed,0.05,0.05,0.05,0.03132654144267255,False,False
2024-05-17 19:00:00+00:00,67047.99,0.0007519726025423061,1003.5589023077745,0.0,0.05,HOLD,closed,0.05,0.05023945422594448,0.00023945422594447846,0.03132979124152324,True,False
2024-05-17 20:00:00+00:00,66890.0,0.0,1003.4580910138292,-0.00010045378872478121,0.0,SELL,closed,0.0,0.0,0.05012700556463119,0.03132018159702221,False,False
2024-05-17 21:00:00+00:00,66810.65,0.0007500807975884507,1003.298201206987,-0.0002597765813127746,0.05,BUY,closed,0.05,0.05,0.05,0.03130975588875695,False,False
2024-05-17 22:00:00+00:00,66771.6,0.0007500807975884507,1003.2689105518411,-0.00028896336355192174,0.05,HOLD,closed,0.05,0.04992090800133395,7.909199866605598e-05,0.031307689181889004,True,False
2024-05-17 23:00:00+00:00,67024.0,0.0007500807975884507,1003.4582309451524,-0.00010031435363738866,0.05,HOLD,closed,0.05,0.05010015746267389,0.00010015746267388881,0.03131048286840418,True,False
2024-05-18 00:00:00+00:00,66891.59,0.0,1003.357709251105,-0.00020047956946702946,0.0,SELL,closed,0.0,0.0,0.05000613094850137,0.031311003816373056,False,False
2024-05-18 01:00:00+00:00,66980.0,0.0007499879351433455,1003.3236548295832,-0.00023441322442585853,0.05,BUY,closed,0.05,0.05,0.05,0.03131115514214447,False,False
2024-05-18 02:00:00+00:00,66907.84,0.0007499879351433455,1003.2695357001833,-0.00028834043216176,0.05,HOLD,closed,0.05,0.05001654189716883,1.6541897168827202e-05,0.03131126628488737,True,False
2024-05-18 03:00:00+00:00,66945.05,0.0007499879351433455,1003.29744275125,-0.00026053234735228615,0.05,HOLD,closed,0.05,0.05004296600207344,4.296600207343709e-05,0.03131119301345722,True,False
2024-05-18 04:00:00+00:00,66883.61,0.0007499879351433455,1003.2513634925148,-0.0003064481960675063,0.05,HOLD,closed,0.05,0.04999933454783395,6.654521660515167e-07,0.03131132100580594,True,False
2024-05-18 05:00:00+00:00,66854.71,0.0007499879351433455,1003.2296888411892,-0.0003280459829794338,0.05,HOLD,closed,0.05,0.04997880990286797,2.1190097132035846e-05,0.031311409723552064,True,False
2024-05-18 06:00:00+00:00,66920.03,0.0007499879351433455,1003.2786780531127,-0.00027923050058884235,0.05,HOLD,closed,0.05,0.05002519859868263,2.519859868262836e-05,0.031311507542817696,True,False
2024-05-18 07:00:00+00:00,66887.0,0.0007499879351433455,1003.2539059516149,-0.0003039147532428804,0.05,HOLD,closed,0.05,0.05000174205187923,1.7420518792291007e-06,0.03131255097647154,True,False
2024-05-18 08:00:00+00:00,67027.59,0.0007499879351433455,1003.3593467554167,-0.00019884787220647335,0.05,HOLD,closed,0.05,0.05010157525745236,0.00010157525745235763,0.0313126424522602,True,False
2024-05-18 09:00:00+00:00,67125.04,0.0,1003.2588321227151,-0.00029900605173177917,0.0,SELL,closed,0.0,0.0,0.050170762361650745,0.03131219411543398,False,False
2024-05-18 10:00:00+00:00,67222.22,0.0,1003.2588321227151,-0.00029900605173177917,0.0,HOLD,closed,0.0,0.0,0.0,0.031319175676032956,True,False
2024-05-18 11:00:00+00:00,67190.82,0.0,1003.2588321227151,-0.00029900605173177917,0.0,HOLD,closed,0.0,0.0,0.0,0.03132515550233478,True,False
2024-05-18 12:00:00+00:00,66948.0,0.0,1003.2588321227151,-0.00029900605173177917,0.0,HOLD,closed,0.0,0.0,0.0,0.03132747570999744,True,False
2024-05-18 13:00:00+00:00,66863.17,0.0007492822653247059,1003.0949270362872,-0.0004623298845940082,0.05,BUY,closed,0.05,0.05,0.05,0.031314807094324854,False,False
2024-05-18 14:00:00+00:00,66793.66,0.0007492822653247059,1003.0428444260244,-0.0005142277952627613,0.05,HOLD,closed,0.05,0.04989548068883038,0.00010451931116962215,0.031319729627884374,True,False
2024-05-18 15:00:00+00:00,66823.63,0.0007492822653247059,1003.0653004155163,-0.0004918514410296354,0.05,HOLD,closed,0.05,0.04991675102595888,8.324897404111964e-05,0.031324739015653164,True,False
2024-05-18 16:00:00+00:00,66888.17,0.0007492822653247059,1003.1136590929203,-0.0004436642571056544,0.05,HOLD,closed,0.05,0.04996255318300027,3.744681699973523e-05,0.03133182552519409,True,False
2024-05-18 17:00:00+00:00,66866.51,0.0007492822653247059,1003.0974296390534,-0.0004598361567615609,0.05,HOLD,closed,0.05,0.049947182204609336,5.2817795390666666e-05,0.03133900554013752,True,False
2024-05-18 18:00:00+00:00,66796.36,0.0007492822653247059,1003.0448674881409,-0.0005122119074939438,0.05,HOLD,closed,0.05,0.0498973969744542,0.00010260302554580131,0.0313396933159405,True,False
2024-05-18 19:00:00+00:00,66912.62,0.0007492822653247059,1003.1319790443075,-0.0004254092734220303,0.05,HOLD,closed,0.05,0.04997990348206887,2.0096517931132707e-05,0.03133930563138573,True,False
2024-05-18 20:00:00+00:00,66964.01,0.0,1003.0317312335425,-0.0005253015772364965,0.0,SELL,closed,0.0,0.0,0.05001636897743826,0.03133923893844637,False,False
2024-05-18 21:00:00+00:00,66899.29,0.0,1003.0317312335425,-0.0005253015772364965,0.0,HOLD,closed,0.0,0.0,0.0,0.03134000715201668,True,False
2024-05-18 22:00:00+00:00,66932.01,0.000749657979354895,1002.9559317937103,-0.0006008322109221321,0.05,BUY,closed,0.05,0.05,0.05,0.0313369348512999,False,False
2024-05-18 23:00:00+00:00,66915.2,0.0,1002.8555971694361,-0.0007008110203806045,0.0,SELL,closed,0.0,0.0,0.05001629914421396,0.031337630645181,False,False
2024-05-19 00:00:00+00:00,66906.53,0.0007493481280556856,1002.7487896900591,-0.0008072397303760276,0.05,BUY,closed,0.05,0.05,0.05,0.031336697217986265,False,False
2024-05-19 01:00:00+00:00,66920.01,0.0007493481280556856,1002.7588909028252,-0.0007971743393532367,0.05,HOLD,closed,0.05,0.050008416457737806,8.416457737803196e-06,0.03133640969720308,True,False
2024-05-19 02:00:00+00:00,67211.61,0.0,1002.8886871958331,-0.0006678383405300557,0.0,SELL,closed,0.0,0.0,0.05021538281529028,0.031340328104169285,False,False
2024-05-19 03:00:00+00:00,67170.21,0.0,1002.8886871958331,-0.0006678383405300557,0.0,HOLD,closed,0.0,0.0,0.0,0.031341676508984034,True,False
2024-05-19 04:00:00+00:00,67151.75,0.0,1002.8886871958331,-0.0006678383405300557,0.0,HOLD,closed,0.0,0.0,0.0,0.03134081485019122,True,False
2024-05-19 05:00:00+00:00,67097.62,0.0,1002.8886871958331,-0.0006678383405300557,0.0,HOLD,closed,0.0,0.0,0.0,0.03134134447072914,True,False
2024-05-19 06:00:00+00:00,67022.65,0.0,1002.8886871958331,-0.0006678383405300557,0.0,HOLD,closed,0.0,0.0,0.0,0.03134187269269467,True,False
2024-05-19 07:00:00+00:00,67324.44,0.0007481715784366545,1003.0141714372686,-0.0005427991015307773,0.05,BUY,closed,0.05,0.05,0.05,0.03134361327329041,False,False
2024-05-19 08:00:00+00:00,67160.01,0.0,1002.9134561573005,-0.0006431572167709305,0.0,SELL,closed,0.0,0.0,0.0501023572800824,0.03134692829297786,False,False
2024-05-19 09:00:00+00:00,67180.01,0.0007466598095274721,1002.828080401637,-0.000728230205976879,0.05,BUY,closed,0.05,0.05,0.05,0.03134868801608856,False,False
2024-05-19 10:00:00+00:00,67269.99,0.0,1002.958089125944,-0.0005986825291957383,0.0,SELL,closed,0.0,0.0,0.05008279496439975,0.03134846509915323,False,False
2024-05-19 11:00:00+00:00,67330.0,0.0,1002.958089125944,-0.0005986825291957383,0.0,HOLD,closed,0.0,0.0,0.0,0.031348897561236655,True,False
2024-05-19 12:00:00+00:00,66832.99,0.0,1002.958089125944,-0.0005986825291957383,0.0,HOLD,closed,0.0,0.0,0.0,0.031355624569018165,True,False
2024-05-19 13:00:00+00:00,67049.99,0.0007503465647174725,1003.0205934476229,-0.0005363998654325958,0.05,BUY,closed,0.05,0.05,0.05,0.0313571511574251,False,False
2024-05-19 14:00:00+00:00,66928.0,0.0007503465647174725,1002.929058670193,-0.0006276100347803677,0.05,HOLD,closed,0.05,0.05007252950672084,7.252950672084063e-05,0.0313958213713999,True,False
2024-05-19 15:00:00+00:00,66889.88,0.0007503465647174725,1002.900455459146,-0.0006561118107909186,0.05,HOLD,closed,0.05,0.05004543711108977,4.5437111089764726e-05,0.03143438305474103,True,False
2024-05-19 16:00:00+00:00,66662.01,0.0007503465647174725,1002.7294739874437,-0.0008264869340737282,0.05,HOLD,closed,0.05,0.04988345460890296,0.00011654539109703932,0.0314382783207805,True,False
2024-05-19 17:00:00+00:00,66720.01,0.0007503465647174725,1002.7729940881974,-0.0007831211678455825,0.05,HOLD,closed,0.05,0.049924689432763264,7.531056723673879e-05,0.031440728789096956,True,False
2024-05-19 18:00:00+00:00,66586.21,0.0007503465647174725,1002.6725977178382,-0.0008831615044200125,0.05,HOLD,closed,0.05,0.0498295595638849,0.00017044043611510323,0.03143680586852479,True,False
2024-05-19 19:00:00+00:00,66034.01,0.0007503465647174725,1002.2582563448012,-0.0012960335063365947,0.05,HOLD,closed,0.05,0.049436751699826725,0.0005632483001732774,0.03145079444501739,True,False
2024-05-19 20:00:00+00:00,66163.99,0.0007503465647174725,1002.3557863912831,-0.001198849328848244,0.05,HOLD,closed,0.05,0.04952924228954494,0.00047075771045506504,0.03145243149046095,True,False
2024-05-19 21:00:00+00:00,66280.0,0.0007503465647174725,1002.4428340962561,-0.0011121103195356865,0.05,HOLD,closed,0.05,0.04961177696911806,0.0003882230308819429,0.03145460283415591,True,False
2024-05-19 22:00:00+00:00,66363.61,0.0007503465647174725,1002.5055705725321,-0.0010495963244610532,0.05,HOLD,closed,0.05,0.04967125195854196,0.0003287480414580421,0.031447403360681386,True,False
2024-05-19 23:00:00+00:00,66274.01,0.0,1002.4060040568139,-0.00114880974929261,0.0,SELL,closed,0.0,0.0,0.04960751576735033,0.03144340587460656,False,False
2024-05-20 00:00:00+00:00,66459.99,0.0007562588677737981,1002.4463949830754,-0.001108562060623232,0.05,BUY,closed,0.05,0.05,0.05,0.03148866443472961,False,False
2024-05-20 01:00:00+00:00,66520.4,0.0,1002.3458981999745,-0.0012087024538475642,0.0,SELL,closed,0.0,0.0,0.050181585832269844,0.03153611585063229,False,False
2024-05-20 02:00:00+00:00,66674.02,0.0,1002.3458981999745,-0.0012087024538475642,0.0,HOLD,closed,0.0,0.0,0.0,0.031535074744920344,True,False
2024-05-20 03:00:00+00:00,66675.22,0.0,1002.3458981999745,-0.0012087024538475642,0.0,HOLD,closed,0.0,0.0,0.0,0.031534007722029245,True,False
2024-05-20 04:00:00+00:00,67132.43,0.0,1002.3458981999745,-0.0012087024538475642,0.0,HOLD,closed,0.0,0.0,0.0,0.03154126729042164,True,False
2024-05-20 05:00:00+00:00,67136.36,0.0,1002.3458981999745,-0.0012087024538475642,0.0,HOLD,closed,0.0,0.0,0.0,0.031541214307950816,True,False
2024-05-20 06:00:00+00:00,66410.0,0.0,1002.3458981999745,-0.0012087024538475642,0.0,HOLD,closed,0.0,0.0,0.0,0.031558809064823945,True,False
2024-05-20 07:00:00+00:00,66825.14,0.0007546647698140496,1002.5589225373999,-0.0009964335606759463,0.05,BUY,closed,0.05,0.05,0.05,0.03156528786453097,False,False
2024-05-20 08:00:00+00:00,66762.0,0.0,1002.4580941264558,-0.0010969044056978656,0.0,SELL,closed,0.0,0.0,0.05025672101557794,0.031561129165905644,False,False
2024-05-20 09:00:00+00:00,66894.01,0.0007507698570837336,1002.4569248767258,-0.0010980695089392203,0.05,BUY,closed,0.05,0.05,0.05,0.031549124430125364,False,False
2024-05-20 10:00:00+00:00,67109.99,0.0,1002.5907604866765,-0.0009647085177279438,0.0,SELL,closed,0.0,0.0,0.05025254236598013,0.031526146861088955,False,False
2024-05-20 11:00:00+00:00,66994.2,0.0,1002.5907604866765,-0.0009647085177279438,0.0,HOLD,closed,0.0,0.0,0.0,0.031525194949907354,True,False
2024-05-20 12:00:00+00:00,66936.39,0.0,1002.5907604866765,-0.0009647085177279438,0.0,HOLD,closed,0.0,0.0,0.0,0.03152313364913589,True,False
2024-05-20 13:00:00+00:00,67099.98,0.0007489129684944787,1002.6129835292451,-0.0009425642843227016,0.05,BUY,closed,0.05,0.05,0.05,0.03152191711204114,False,False
2024-05-20 14:00:00+00:00,67006.01,0.0,1002.5125045648523,-0.0010426869220290858,0.0,SELL,closed,0.0,0.0,0.05005440112644198,0.03152143491860307,False,False
2024-05-20 15:00:00+00:00,67419.99,0.0007480766681825898,1002.7219245114442,-0.0008340096375066736,0.05,BUY,closed,0.05,0.05,0.05,0.031526541808964414,False,False
2024-05-20 16:00:00+00:00,68190.06,0.0,1002.8567271314847,-0.0006996850654954495,0.0,SELL,closed,0.0,0.0,0.050843710538499017,0.03154504939028199,False,False
2024-05-20 17:00:00+00:00,68331.51,0.0,1002.8567271314847,-0.0006996850654954495,0.0,HOLD,closed,0.0,0.0,0.0,0.03154529625537711,True,False
2024-05-20 18:00:00+00:00,68728.41,0.0,1002.8567271314847,-0.0006996850654954495,0.0,HOLD,closed,0.0,0.0,0.0,0.03152762569799902,True,False
2024-05-20 19:00:00+00:00,69999.99,0.0,1002.8567271314847,-0.0006996850654954495,0.0,HOLD,closed,0.0,0.0,0.0,0.03157524847239229,True,False
2024-05-20 20:00:00+00:00,69500.0,0.0,1002.8567271314847,-0.0006996850654954495,0.0,HOLD,closed,0.0,0.0,0.0,0.031565221285765416,True,False
2024-05-20 21:00:00+00:00,69717.79,0.0,1002.8567271314847,-0.0006996850654954495,0.0,HOLD,closed,0.0,0.0,0.0,0.03153402908697678,True,False
2024-05-20 22:00:00+00:00,69590.77,0.0,1002.8567271314847,-0.0006996850654954495,0.0,HOLD,closed,0.0,0.0,0.0,0.03153345296028984,True,False
2024-05-20 23:00:00+00:00,71446.62,0.0,1002.8567271314847,-0.0006996850654954495,0.0,HOLD,closed,0.0,0.0,0.0,0.031630405523693395,True,False
2024-05-21 00:00:00+00:00,71312.32,0.0,1002.8567271314847,-0.0006996850654954495,0.0,HOLD,closed,0.0,0.0,0.0,0.03162866808761591,True,False
2024-05-21 01:00:00+00:00,71089.96,0.0,1002.8567271314847,-0.0006996850654954495,0.0,HOLD,closed,0.0,0.0,0.0,0.03162966625776403,True,False
2024-05-21 02:00:00+00:00,71283.8,0.0007053434318513364,1002.8931401581835,-0.0006634011696373299,0.05,BUY,closed,0.05,0.05,0.05,0.03163045994402139,False,False
2024-05-21 03:00:00+00:00,71284.0,0.0007053434318513364,1002.8932812268698,-0.0006632606012203181,0.05,HOLD,closed,0.05,0.050134647561485286,0.0001346475614852835,0.031628037851468394,True,False
2024-05-21 04:00:00+00:00,70910.0,0.0007053434318513364,1002.6294827833575,-0.0009261235412088789,0.05,HOLD,closed,0.05,0.049884731709396,0.0001152682906040009,0.031577705652082844,True,False
2024-05-21 05:00:00+00:00,71209.86,0.0007053434318513364,1002.8409870648323,-0.0007153693134416082,0.05,HOLD,closed,0.05,0.050085115867732344,8.511586773234103e-05,0.03157824833299508,True,False
2024-05-21 06:00:00+00:00,71205.41,0.0007053434318513364,1002.8378482865606,-0.0007184969607221881,0.05,HOLD,closed,0.05,0.05008214273283979,8.214273283978918e-05,0.031578091247547235,True,False
2024-05-21 07:00:00+00:00,70878.29,0.0007053434318513364,1002.6071163431334,-0.0009484106637411833,0.05,HOLD,closed,0.05,0.049863536272013065,0.00013646372798693795,0.03156879532753726,True,False
2024-05-21 08:00:00+00:00,70916.0,0.0007053434318513364,1002.6337148439486,-0.0009219064886956928,0.05,HOLD,closed,0.05,0.04988874209257423,0.00011125790742576996,0.0315688340712964,True,False
2024-05-21 09:00:00+00:00,70990.02,0.0007053434318513364,1002.6859243647742,-0.0008698821175247005,0.05,HOLD,closed,0.05,0.0499382140680962,6.178593190380582e-05,0.03156264392728825,True,False
2024-05-21 10:00:00+00:00,71056.0,0.0007053434318513364,1002.7324629244077,-0.0008235085967213888,0.05,HOLD,closed,0.05,0.04998230808989659,1.7691910103409536e-05,0.031555968877548995,True,False
2024-05-21 11:00:00+00:00,71130.0,0.0007053434318513364,1002.7846583383647,-0.0007714982823921317,0.05,HOLD,closed,0.05,0.050031756958388345,3.175695838834175e-05,0.031548518791612135,True,False
2024-05-21 12:00:00+00:00,71349.99,0.0007053434318513364,1002.9398268399377,-0.0006168800519960822,0.05,HOLD,closed,0.05,0.050178730031817005,0.00017873003181700237,0.031541722154460106,True,False
2024-05-21 13:00:00+00:00,70595.92,0.0,1002.8391995094428,-0.0007171505296566788,0.0,SELL,closed,0.0,0.0,0.04967475423664226,0.03155773828316266,False,False
2024-05-21 14:00:00+00:00,70213.2,0.000710267108573302,1002.7020966924366,-0.0008537671414877194,0.05,BUY,closed,0.05,0.05,0.05,0.03156208091354745,False,False
2024-05-21 15:00:00+00:00,69826.99,0.000710267108573302,1002.4277844324345,-0.001127106613013847,0.05,HOLD,closed,0.05,0.04947569795838967,0.0005243020416103306,0.031517649597061825,True,False
2024-05-21 16:00:00+00:00,69668.03,0.000710267108573302,1002.3148803728557,-0.0012396102830218182,0.05,HOLD,closed,0.05,0.049368627760660096,0.0006313722393399071,0.03150056841703103,True,False
2024-05-21 17:00:00+00:00,69857.05,0.000710267108573302,1002.4491350617183,-0.0011058316990703763,0.05,HOLD,closed,0.05,0.04949594266835872,0.0005040573316412861,0.031499679542503684,True,False
2024-05-21 18:00:00+00:00,69829.74,0.000710267108573302,1002.4297376669831,-0.0011251603051846352,0.05,HOLD,closed,0.05,0.04947755005518632,0.0005224499448136799,0.031493164619249725,True,False
2024-05-21 19:00:00+00:00,69285.99,0.000710267108573302,1002.0435299266964,-0.0015099984441305709,0.05,HOLD,closed,0.05,0.04911119957586948,0.0008888004241305245,0.0315017328263949,True,False
2024-05-21 20:00:00+00:00,69727.01,0.000710267108573302,1002.3567719269194,-0.0011978672881987457,0.05,HOLD,closed,0.05,0.04940835755212766,0.0005916424478723398,0.03150022512502332,True,False
2024-05-21 21:00:00+00:00,69727.76,0.0,1002.2577399972866,-0.0012965480227375642,0.0,SELL,closed,0.0,0.0,0.04940886274172488,0.0314997947505756,False,False
2024-05-21 22:00:00+00:00,70222.22,0.0,1002.2577399972866,-0.0012965480227375642,0.0,HOLD,closed,0.0,0.0,0.0,0.03150547254082481,True,False
2024-05-21 23:00:00+00:00,70148.34,0.0,1002.2577399972866,-0.0012965480227375642,0.0,HOLD,closed,0.0,0.0,0.0,0.031501826295813634,True,False
2024-05-22 00:00:00+00:00,70120.01,0.0,1002.2577399972866,-0.0012965480227375642,0.0,HOLD,closed,0.0,0.0,0.0,0.0315018366669407,True,False
2024-05-22 01:00:00+00:00,70159.58,0.0,1002.2577399972866,-0.0012965480227375642,0.0,HOLD,closed,0.0,0.0,0.0,0.03149975820510478,True,False
2024-05-22 02:00:00+00:00,70003.01,0.0,1002.2577399972866,-0.0012965480227375642,0.0,HOLD,closed,0.0,0.0,0.0,0.031489921012282096,True,False
2024-05-22 03:00:00+00:00,69955.72,0.0,1002.2577399972866,-0.0012965480227375642,0.0,HOLD,closed,0.0,0.0,0.0,0.03131410144558894,True,False
2024-05-22 04:00:00+00:00,69599.98,0.0,1002.2577399972866,-0.0012965480227375642,0.0,HOLD,closed,0.0,0.0,0.0,0.03131310651966854,True,False
2024-05-22 05:00:00+00:00,69898.12,0.0007200130546013789,1002.3721610590728,-0.0011825327302389845,0.05,BUY,closed,0.05,0.05,0.05,0.031315776968070336,False,False
2024-05-22 06:00:00+00:00,69854.08,0.0,1002.2715311050681,-0.001282805822105649,0.0,SELL,closed,0.0,0.0,0.0501784093744408,0.03129665557360872,False,False
2024-05-22 07:00:00+00:00,69715.0,0.0,1002.2715311050681,-0.001282805822105649,0.0,HOLD,closed,0.0,0.0,0.0,0.03129663140304331,True,False
2024-05-22 08:00:00+00:00,70010.27,0.000718834921541324,1002.3835292824529,-0.001171204821778515,0.05,BUY,closed,0.05,0.05,0.05,0.03129965413786115,False,False
2024-05-22 09:00:00+00:00,69987.44,0.0,1002.2828956175052,-0.0012714816114280374,0.0,SELL,closed,0.0,0.0,0.05019060883356394,0.031280047144737116,False,False
2024-05-22 10:00:00+00:00,70190.0,0.0,1002.2828956175052,-0.0012714816114280374,0.0,HOLD,closed,0.0,0.0,0.0,0.03128025211268712,True,False
2024-05-22 11:00:00+00:00,69736.13,0.0,1002.2828956175052,-0.0012714816114280374,0.0,HOLD,closed,0.0,0.0,0.0,0.031270670415955854,True,False
2024-05-22 12:00:00+00:00,69643.88,0.000718625160223598,1002.1163419135888,-0.0014374446690357187,0.05,BUY,closed,0.05,0.05,0.05,0.031269860116057396,False,False
2024-05-22 13:00:00+00:00,69586.87,0.000718625160223598,1002.0753730932045,-0.0014782682024527935,0.05,HOLD,closed,0.05,0.04990330762130951,9.669237869049108e-05,0.031263371108802535,True,False
2024-05-22 14:00:00+00:00,70114.63,0.000718625160223598,1002.4546347077642,-0.0011003515563171625,0.05,HOLD,closed,0.05,0.05026276050133368,0.00026276050133367673,0.031172837662473224,True,False
2024-05-22 15:00:00+00:00,70455.9,0.0,1002.5779147087482,-0.000977508740912418,0.0,SELL,closed,0.0,0.0,0.05049505184984125,0.030997284613870718,False,False
2024-05-22 16:00:00+00:00,70229.88,0.0,1002.5779147087482,-0.000977508740912418,0.0,HOLD,closed,0.0,0.0,0.0,0.030991842794412888,True,False
2024-05-22 17:00:00+00:00,69863.52,0.0,1002.5779147087482,-0.000977508740912418,0.0,HOLD,closed,0.0,0.0,0.0,0.03098277571484731,True,False
2024-05-22 18:00:00+00:00,69574.6,0.0007175260527302003,1002.4933757186234,-0.0010617479319856723,0.05,BUY,closed,0.05,0.05,0.05,0.03098634973711617,False,False
2024-05-22 19:00:00+00:00,69637.47,0.0007175260527302003,1002.5384865815586,-0.0010167970448663882,0.05,HOLD,closed,0.05,0.04984018034219662,0.00015981965780337976,0.030976103268862715,True,False
2024-05-22 20:00:00+00:00,69442.01,0.0007175260527302003,1002.3982389392919,-0.0011565473295224859,0.05,HOLD,closed,0.05,0.04970724148685254,0.0002927585131474661,0.03096023868507855,True,False
2024-05-22 21:00:00+00:00,69497.77,0.0007175260527302003,1002.4382481919922,-0.001116679960892393,0.05,HOLD,closed,0.05,0.04974516951202829,0.00025483048797171615,0.03093920504594172,True,False
2024-05-22 22:00:00+00:00,69141.28,0.0007175260527302003,1002.1824573294543,-0.0013715637170422957,0.05,HOLD,closed,0.05,0.04950263233634381,0.0004973676636561911,0.030937730979638534,True,False
2024-05-22 23:00:00+00:00,69166.62,0.0007175260527302003,1002.2006394396305,-0.001353446085745915,0.05,HOLD,closed,0.05,0.04951987643615868,0.0004801235638413198,0.030938085480309185,True,False
2024-05-23 00:00:00+00:00,69499.81,0.0007175260527302003,1002.4397119451397,-0.001115221398625506,0.05,HOLD,closed,0.05,0.04974655706529712,0.0002534429347028841,0.030941995268068012,True,False
2024-05-23 01:00:00+00:00,69483.16,0.0,1002.3400010304323,-0.0012145787103668851,0.0,SELL,closed,0.0,0.0,0.049735232063568155,0.030941865776637545,False,False
2024-05-23 02:00:00+00:00,69505.86,0.0,1002.3400010304323,-0.0012145787103668851,0.0,HOLD,closed,0.0,0.0,0.0,0.03094086829602488,True,False
2024-05-23 03:00:00+00:00,69446.14,0.0,1002.3400010304323,-0.0012145787103668851,0.0,HOLD,closed,0.0,0.0,0.0,0.03094086023119197,True,False
2024-05-23 04:00:00+00:00,69550.01,0.0,1002.3400010304323,-0.0012145787103668851,0.0,HOLD,closed,0.0,0.0,0.0,0.030940405419363465,True,False
2024-05-23 05:00:00+00:00,69478.89,0.0,1002.3400010304323,-0.0012145787103668851,0.0,HOLD,closed,0.0,0.0,0.0,0.030940868448838588,True,False
2024-05-23 06:00:00+00:00,69561.4,0.0,1002.3400010304323,-0.0012145787103668851,0.0,HOLD,closed,0.0,0.0,0.0,0.03094132241493111,True,False
2024-05-23 07:00:00+00:00,69734.04,0.0,1002.3400010304323,-0.0012145787103668851,0.0,HOLD,closed,0.0,0.0,0.0,0.030914719506978133,True,False
2024-05-23 08:00:00+00:00,69687.99,0.0,1002.3400010304323,-0.0012145787103668851,0.0,HOLD,closed,0.0,0.0,0.0,0.03091482924397876,True,False
2024-05-23 09:00:00+00:00,69645.06,0.0,1002.3400010304323,-0.0012145787103668851,0.0,HOLD,closed,0.0,0.0,0.0,0.030914386599925514,True,False
2024-05-23 10:00:00+00:00,69537.21,0.0,1002.3400010304323,-0.0012145787103668851,0.0,HOLD,closed,0.0,0.0,0.0,0.030897368245402373,True,False
2024-05-23 11:00:00+00:00,69982.72,0.0007207219392941164,1002.5608235957848,-0.0009945392439791362,0.05,BUY,closed,0.05,0.05,0.05,0.030902100743595923,False,False
2024-05-23 12:00:00+00:00,69428.53,0.0,1002.4599726514746,-0.0010950325424574617,0.0,SELL,closed,0.0,0.0,0.04993074413881005,0.030910085033874157,False,False
2024-05-23 13:00:00+00:00,68036.14,0.0007219366250815584,1001.577297335242,-0.0019745776435998357,0.05,BUY,closed,0.05,0.05,0.05,0.03097616939313519,False,False
2024-05-23 14:00:00+00:00,67748.63,0.0007219366250815584,1001.3697333361647,-0.002181405562319842,0.05,HOLD,closed,0.05,0.04884331497932325,0.0011566850206767496,0.030977439335414386,True,False
2024-05-23 15:00:00+00:00,68076.0,0.0007219366250815584,1001.6060737291177,-0.0019459032989155329,0.05,HOLD,closed,0.05,0.049067751262802106,0.0009322487371978966,0.0309812406705047,True,False
2024-05-23 16:00:00+00:00,67822.78,0.0007219366250815584,1001.4232649369145,-0.002128063799692152,0.05,HOLD,closed,0.05,0.048894159553936,0.001105840446064002,0.030965397674514533,True,False
2024-05-23 17:00:00+00:00,67639.25,0.0007219366250815584,1001.2907679081134,-0.0022600909567393876,0.05,HOLD,closed,0.05,0.04876830330720572,0.0012316966927942846,0.03095964740483309,True,False
2024-05-23 18:00:00+00:00,67393.06,0.0007219366250815584,1001.1130343303845,-0.0024371942411805484,0.05,HOLD,closed,0.05,0.048599425461343534,0.0014005745386564683,0.030959722419629743,True,False
2024-05-23 19:00:00+00:00,67199.98,0.0007219366250815584,1000.9736428068137,-0.0025760914431786075,0.05,HOLD,closed,0.05,0.04846693728189541,0.0015330627181045914,0.030957805564759133,True,False
2024-05-23 20:00:00+00:00,67802.89,0.0007219366250815584,1001.4089056174416,-0.0021423721969769083,0.05,HOLD,closed,0.05,0.048880521536000594,0.0011194784639994085,0.030970769207366244,True,False
2024-05-23 21:00:00+00:00,67992.77,0.0,1001.5280847344131,-0.0020236157226957816,0.0,SELL,closed,0.0,0.0,0.04901070099989372,0.030968455208176898,False,False
2024-05-23 22:00:00+00:00,67686.47,0.0,1001.5280847344131,-0.0020236157226957816,0.0,HOLD,closed,0.0,0.0,0.0,0.03096933585986819,True,False
2024-05-23 23:00:00+00:00,67969.65,0.0,1001.5280847344131,-0.0020236157226957816,0.0,HOLD,closed,0.0,0.0,0.0,0.03097080178155273,True,False
2024-05-24 00:00:00+00:00,67852.0,0.0,1001.5280847344131,-0.0020236157226957816,0.0,HOLD,closed,0.0,0.0,0.0,0.030970781762082344,True,False
2024-05-24 01:00:00+00:00,67742.01,0.0,1001.5280847344131,-0.0020236157226957816,0.0,HOLD,closed,0.0,0.0,0.0,0.03097101597262389,True,False
2024-05-24 02:00:00+00:00,67978.37,0.0,1001.5280847344131,-0.0020236157226957816,0.0,HOLD,closed,0.0,0.0,0.0,0.030969739440456917,True,False
2024-05-24 03:00:00+00:00,67891.83,0.0,1001.5280847344131,-0.0020236157226957816,0.0,HOLD,closed,0.0,0.0,0.0,0.030969871634366153,True,False
2024-05-24 04:00:00+00:00,67708.23,0.0,1001.5280847344131,-0.0020236157226957816,0.0,HOLD,closed,0.0,0.0,0.0,0.03097119957301861,True,False
2024-05-24 05:00:00+00:00,67299.99,0.0007395910989952132,1001.3485438995069,-0.0022025198552717068,0.05,BUY,closed,0.05,0.05,0.05,0.030974331647823067,False,False
2024-05-24 06:00:00+00:00,66887.01,0.0007395910989952132,1001.0431075674438,-0.0025068730241397394,0.05,HOLD,closed,0.05,0.04941748947716611,0.0005825105228338956,0.03097164351014081,True,False
2024-05-24 07:00:00+00:00,67155.93,0.0007395910989952132,1001.2419984057856,-0.0023086875086863004,0.05,HOLD,closed,0.05,0.04960631710598308,0.00039368289401692236,0.03097148894789864,True,False
2024-05-24 08:00:00+00:00,67190.15,0.0007395910989952132,1001.2673072131932,-0.0022834684534325743,0.05,HOLD,closed,0.05,0.04963033999228776,0.0003696600077122414,0.03088842159403843,True,False
2024-05-24 09:00:00+00:00,67375.26,0.0,1001.385658122339,-0.002165537249919156,0.0,SELL,closed,0.0,0.0,0.04976026857637457,0.030840676634141084,False,False
2024-05-24 10:00:00+00:00,67353.43,0.0,1001.385658122339,-0.002165537249919156,0.0,HOLD,closed,0.0,0.0,0.0,0.030840486326114858,True,False
2024-05-24 11:00:00+00:00,67349.99,0.0,1001.385658122339,-0.002165537249919156,0.0,HOLD,closed,0.0,0.0,0.0,0.030840273740982804,True,False
2024-05-24 12:00:00+00:00,67490.0,0.0,1001.385658122339,-0.002165537249919156,0.0,HOLD,closed,0.0,0.0,0.0,0.03084131487987926,True,False
2024-05-24 13:00:00+00:00,67077.12,0.0,1001.385658122339,-0.002165537249919156,0.0,HOLD,closed,0.0,0.0,0.0,0.03084727225481959,True,False
2024-05-24 14:00:00+00:00,67869.48,0.0,1001.385658122339,-0.002165537249919156,0.0,HOLD,closed,0.0,0.0,0.0,0.030870325744134952,True,False
2024-05-24 15:00:00+00:00,68326.46,0.0,1001.385658122339,-0.002165537249919156,0.0,HOLD,closed,0.0,0.0,0.0,0.03087540905200367,True,False
2024-05-24 16:00:00+00:00,68394.33,0.0,1001.385658122339,-0.002165537249919156,0.0,HOLD,closed,0.0,0.0,0.0,0.030846950349211366,True,False
2024-05-24 17:00:00+00:00,68919.02,0.0,1001.385658122339,-0.002165537249919156,0.0,HOLD,closed,0.0,0.0,0.0,0.030856636605601062,True,False
2024-05-24 18:00:00+00:00,68970.43,0.0,1001.385658122339,-0.002165537249919156,0.0,HOLD,closed,0.0,0.0,0.0,0.03085668345916434,True,False
2024-05-24 19:00:00+00:00,69115.98,0.0,1001.385658122339,-0.002165537249919156,0.0,HOLD,closed,0.0,0.0,0.0,0.030857044338893247,True,False
2024-05-24 20:00:00+00:00,68836.96,0.0,1001.385658122339,-0.002165537249919156,0.0,HOLD,closed,0.0,0.0,0.0,0.030858080298216267,True,False
2024-05-24 21:00:00+00:00,68876.0,0.0,1001.385658122339,-0.002165537249919156,0.0,HOLD,closed,0.0,0.0,0.0,0.030855961429605366,True,False
2024-05-24 22:00:00+00:00,68787.99,0.0,1001.385658122339,-0.002165537249919156,0.0,HOLD,closed,0.0,0.0,0.0,0.030855287491892897,True,False
2024-05-24 23:00:00+00:00,68549.99,0.0,1001.385658122339,-0.002165537249919156,0.0,HOLD,closed,0.0,0.0,0.0,0.030857369253871947,True,False
2024-05-25 00:00:00+00:00,68530.89,0.0,1001.385658122339,-0.002165537249919156,0.0,HOLD,closed,0.0,0.0,0.0,0.03085276556431485,True,False
2024-05-25 01:00:00+00:00,68613.46,0.0,1001.385658122339,-0.002165537249919156,0.0,HOLD,closed,0.0,0.0,0.0,0.03084865602179812,True,False
2024-05-25 02:00:00+00:00,68817.22,0.0,1001.385658122339,-0.002165537249919156,0.0,HOLD,closed,0.0,0.0,0.0,0.030842935935530086,True,False
2024-05-25 03:00:00+00:00,68757.85,0.0,1001.385658122339,-0.002165537249919156,0.0,HOLD,closed,0.0,0.0,0.0,0.030843175341449536,True,False
2024-05-25 04:00:00+00:00,68784.37,0.0,1001.385658122339,-0.002165537249919156,0.0,HOLD,closed,0.0,0.0,0.0,0.030841748063062585,True,False
2024-05-25 05:00:00+00:00,68718.21,0.0,1001.385658122339,-0.002165537249919156,0.0,HOLD,closed,0.0,0.0,0.0,0.030842158248406443,True,False
2024-05-25 06:00:00+00:00,68660.4,0.0,1001.385658122339,-0.002165537249919156,0.0,HOLD,closed,0.0,0.0,0.0,0.0307782096234214,True,False
2024-05-25 07:00:00+00:00,68753.92,0.0,1001.385658122339,-0.002165537249919156,0.0,HOLD,closed,0.0,0.0,0.0,0.030766083549454926,True,False
2024-05-25 08:00:00+00:00,68876.69,0.0,1001.385658122339,-0.002165537249919156,0.0,HOLD,closed,0.0,0.0,0.0,0.0307651186769283,True,False
2024-05-25 09:00:00+00:00,69095.27,0.0,1001.385658122339,-0.002165537249919156,0.0,HOLD,closed,0.0,0.0,0.0,0.030762140714459763,True,False
2024-05-25 10:00:00+00:00,69387.99,0.0,1001.385658122339,-0.002165537249919156,0.0,HOLD,closed,0.0,0.0,0.0,0.030764877910830213,True,False
2024-05-25 11:00:00+00:00,69104.67,0.0,1001.385658122339,-0.002165537249919156,0.0,HOLD,closed,0.0,0.0,0.0,0.03076589472376523,True,False
2024-05-25 12:00:00+00:00,69116.3,0.0,1001.385658122339,-0.002165537249919156,0.0,HOLD,closed,0.0,0.0,0.0,0.030765945123515492,True,False
2024-05-25 13:00:00+00:00,69025.98,0.0,1001.385658122339,-0.002165537249919156,0.0,HOLD,closed,0.0,0.0,0.0,0.030764467627080905,True,False
2024-05-25 14:00:00+00:00,69021.65,0.0,1001.385658122339,-0.002165537249919156,0.0,HOLD,closed,0.0,0.0,0.0,0.030763095028987247,True,False
2024-05-25 15:00:00+00:00,68930.4,0.0,1001.385658122339,-0.002165537249919156,0.0,HOLD,closed,0.0,0.0,0.0,0.03076015429112866,True,False
2024-05-25 16:00:00+00:00,68936.62,0.0,1001.385658122339,-0.002165537249919156,0.0,HOLD,closed,0.0,0.0,0.0,0.030760297186545354,True,False
2024-05-25 17:00:00+00:00,69065.14,0.0,1001.385658122339,-0.002165537249919156,0.0,HOLD,closed,0.0,0.0,0.0,0.03076109907930749,True,False
2024-05-25 18:00:00+00:00,69213.2,0.0,1001.385658122339,-0.002165537249919156,0.0,HOLD,closed,0.0,0.0,0.0,0.030758534866979464,True,False
2024-05-25 19:00:00+00:00,69155.32,0.0,1001.385658122339,-0.002165537249919156,0.0,HOLD,closed,0.0,0.0,0.0,0.030755585011143255,True,False
2024-05-25 20:00:00+00:00,69100.01,0.0,1001.385658122339,-0.002165537249919156,0.0,HOLD,closed,0.0,0.0,0.0,0.0307495135044846,True,False
2024-05-25 21:00:00+00:00,69139.01,0.0,1001.385658122339,-0.002165537249919156,0.0,HOLD,closed,0.0,0.0,0.0,0.030747976783512265,True,False
2024-05-25 22:00:00+00:00,69129.0,0.0,1001.385658122339,-0.002165537249919156,0.0,HOLD,closed,0.0,0.0,0.0,0.030746690725412834,True,False
2024-05-25 23:00:00+00:00,69290.57,0.0,1001.385658122339,-0.002165537249919156,0.0,HOLD,closed,0.0,0.0,0.0,0.030747257628366054,True,False
2024-05-26 00:00:00+00:00,69156.0,0.0,1001.385658122339,-0.002165537249919156,0.0,HOLD,closed,0.0,0.0,0.0,0.03074743388715226,True,False
2024-05-26 01:00:00+00:00,69161.44,0.0,1001.385658122339,-0.002165537249919156,0.0,HOLD,closed,0.0,0.0,0.0,0.030746706638520888,True,False
2024-05-26 02:00:00+00:00,68904.01,0.0,1001.385658122339,-0.002165537249919156,0.0,HOLD,closed,0.0,0.0,0.0,0.030747902606799465,True,False
2024-05-26 03:00:00+00:00,69073.62,0.0,1001.385658122339,-0.002165537249919156,0.0,HOLD,closed,0.0,0.0,0.0,0.03074365794728237,True,False
2024-05-26 04:00:00+00:00,68974.0,0.0,1001.385658122339,-0.002165537249919156,0.0,HOLD,closed,0.0,0.0,0.0,0.03074381650735991,True,False
2024-05-26 05:00:00+00:00,69139.6,0.0,1001.385658122339,-0.002165537249919156,0.0,HOLD,closed,0.0,0.0,0.0,0.03074480754862785,True,False
2024-05-26 06:00:00+00:00,69105.63,0.0,1001.385658122339,-0.002165537249919156,0.0,HOLD,closed,0.0,0.0,0.0,0.03074487964131728,True,False
2024-05-26 07:00:00+00:00,69340.15,0.0,1001.385658122339,-0.002165537249919156,0.0,HOLD,closed,0.0,0.0,0.0,0.0307456566881244,True,False
2024-05-26 08:00:00+00:00,69160.33,0.0,1001.385658122339,-0.002165537249919156,0.0,HOLD,closed,0.0,0.0,0.0,0.03074606852504594,True,False
2024-05-26 09:00:00+00:00,69086.54,0.0,1001.385658122339,-0.002165537249919156,0.0,HOLD,closed,0.0,0.0,0.0,0.03073970678795726,True,False
2024-05-26 10:00:00+00:00,69222.92,0.0,1001.385658122339,-0.002165537249919156,0.0,HOLD,closed,0.0,0.0,0.0,0.030740389739104368,True,False
2024-05-26 11:00:00+00:00,69134.91,0.0,1001.385658122339,-0.002165537249919156,0.0,HOLD,closed,0.0,0.0,0.0,0.03073618146460838,True,False
2024-05-26 12:00:00+00:00,68993.22,0.0,1001.385658122339,-0.002165537249919156,0.0,HOLD,closed,0.0,0.0,0.0,0.03073707316241603,True,False
2024-05-26 13:00:00+00:00,69136.14,0.0,1001.385658122339,-0.002165537249919156,0.0,HOLD,closed,0.0,0.0,0.0,0.030737999823266637,True,False
2024-05-26 14:00:00+00:00,69287.12,0.0,1001.385658122339,-0.002165537249919156,0.0,HOLD,closed,0.0,0.0,0.0,0.030735415249675713,True,False
2024-05-26 15:00:00+00:00,68847.99,0.0,1001.385658122339,-0.002165537249919156,0.0,HOLD,closed,0.0,0.0,0.0,0.03074230489779417,True,False
2024-05-26 16:00:00+00:00,68808.62,0.0,1001.385658122339,-0.002165537249919156,0.0,HOLD,closed,0.0,0.0,0.0,0.030741520091503882,True,False
2024-05-26 17:00:00+00:00,68778.14,0.0,1001.385658122339,-0.002165537249919156,0.0,HOLD,closed,0.0,0.0,0.0,0.030740844818065216,True,False
2024-05-26 18:00:00+00:00,68800.16,0.0,1001.385658122339,-0.002165537249919156,0.0,HOLD,closed,0.0,0.0,0.0,0.030740865896178998,True,False
2024-05-26 19:00:00+00:00,68903.54,0.0,1001.385658122339,-0.002165537249919156,0.0,HOLD,closed,0.0,0.0,0.0,0.030740285631850994,True,False
2024-05-26 20:00:00+00:00,68720.84,0.0,1001.385658122339,-0.002165537249919156,0.0,HOLD,closed,0.0,0.0,0.0,0.030739722934062463,True,False
2024-05-26 21:00:00+00:00,68518.02,0.0,1001.385658122339,-0.002165537249919156,0.0,HOLD,closed,0.0,0.0,0.0,0.030741024820860496,True,False
2024-05-26 22:00:00+00:00,68560.0,0.0,1001.385658122339,-0.002165537249919156,0.0,HOLD,closed,0.0,0.0,0.0,0.030736745010713107,True,False
2024-05-26 23:00:00+00:00,68507.67,0.0,1001.385658122339,-0.002165537249919156,0.0,HOLD,closed,0.0,0.0,0.0,0.03073678355771789,True,False
2024-05-27 00:00:00+00:00,68821.71,0.0,1001.385658122339,-0.002165537249919156,0.0,HOLD,closed,0.0,0.0,0.0,0.030736657010922624,True,False
2024-05-27 01:00:00+00:00,69074.01,0.0,1001.385658122339,-0.002165537249919156,0.0,HOLD,closed,0.0,0.0,0.0,0.030738992066711712,True,False
2024-05-27 02:00:00+00:00,69111.35,0.0,1001.385658122339,-0.002165537249919156,0.0,HOLD,closed,0.0,0.0,0.0,0.030738972196287434,True,False
2024-05-27 03:00:00+00:00,68873.43,0.0,1001.385658122339,-0.002165537249919156,0.0,HOLD,closed,0.0,0.0,0.0,0.0307370095412334,True,False
2024-05-27 04:00:00+00:00,68770.01,0.0,1001.385658122339,-0.002165537249919156,0.0,HOLD,closed,0.0,0.0,0.0,0.030722459621993603,True,False
2024-05-27 05:00:00+00:00,68524.61,0.0,1001.385658122339,-0.002165537249919156,0.0,HOLD,closed,0.0,0.0,0.0,0.03072465732625851,True,False
2024-05-27 06:00:00+00:00,68393.23,0.0,1001.385658122339,-0.002165537249919156,0.0,HOLD,closed,0.0,0.0,0.0,0.03066907025481122,True,False
2024-05-27 07:00:00+00:00,68643.36,0.0,1001.385658122339,-0.002165537249919156,0.0,HOLD,closed,0.0,0.0,0.0,0.030669793579950783,True,False
2024-05-27 08:00:00+00:00,68624.0,0.0,1001.385658122339,-0.002165537249919156,0.0,HOLD,closed,0.0,0.0,0.0,0.03065391436850945,True,False
2024-05-27 09:00:00+00:00,68595.37,0.0,1001.385658122339,-0.002165537249919156,0.0,HOLD,closed,0.0,0.0,0.0,0.030650782208994976,True,False
2024-05-27 10:00:00+00:00,68577.79,0.0,1001.385658122339,-0.002165537249919156,0.0,HOLD,closed,0.0,0.0,0.0,0.03063512249108999,True,False
2024-05-27 11:00:00+00:00,68434.26,0.0,1001.385658122339,-0.002165537249919156,0.0,HOLD,closed,0.0,0.0,0.0,0.030630194094667884,True,False
2024-05-27 12:00:00+00:00,68621.42,0.0,1001.385658122339,-0.002165537249919156,0.0,HOLD,closed,0.0,0.0,0.0,0.030623015291608713,True,False
2024-05-27 13:00:00+00:00,68919.24,0.0,1001.385658122339,-0.002165537249919156,0.0,HOLD,closed,0.0,0.0,0.0,0.030626380906347922,True,False
2024-05-27 14:00:00+00:00,69500.0,0.0,1001.385658122339,-0.002165537249919156,0.0,HOLD,closed,0.0,0.0,0.0,0.0306366805640223,True,False
2024-05-27 15:00:00+00:00,70373.85,0.0,1001.385658122339,-0.002165537249919156,0.0,HOLD,closed,0.0,0.0,0.0,0.030663006159159845,True,False
2024-05-27 16:00:00+00:00,70161.22,0.0,1001.385658122339,-0.002165537249919156,0.0,HOLD,closed,0.0,0.0,0.0,0.030664286228738902,True,False
2024-05-27 17:00:00+00:00,70184.01,0.0,1001.385658122339,-0.002165537249919156,0.0,HOLD,closed,0.0,0.0,0.0,0.03066174685679318,True,False
2024-05-27 18:00:00+00:00,69985.5,0.0,1001.385658122339,-0.002165537249919156,0.0,HOLD,closed,0.0,0.0,0.0,0.03066306988259429,True,False
2024-05-27 19:00:00+00:00,69260.01,0.0,1001.385658122339,-0.002165537249919156,0.0,HOLD,closed,0.0,0.0,0.0,0.030677426885796583,True,False
2024-05-27 20:00:00+00:00,69660.01,0.0,1001.385658122339,-0.002165537249919156,0.0,HOLD,closed,0.0,0.0,0.0,0.030676968155747525,True,False
2024-05-27 21:00:00+00:00,69805.0,0.0,1001.385658122339,-0.002165537249919156,0.0,HOLD,closed,0.0,0.0,0.0,0.030672459933648616,True,False
2024-05-27 22:00:00+00:00,69591.58,0.0,1001.385658122339,-0.002165537249919156,0.0,HOLD,closed,0.0,0.0,0.0,0.0306725409620765,True,False
2024-05-27 23:00:00+00:00,69436.43,0.0,1001.385658122339,-0.002165537249919156,0.0,HOLD,closed,0.0,0.0,0.0,0.030664076840193427,True,False
2024-05-28 00:00:00+00:00,69377.41,0.0,1001.385658122339,-0.002165537249919156,0.0,HOLD,closed,0.0,0.0,0.0,0.030662030608803847,True,False
2024-05-28 01:00:00+00:00,68614.11,0.0,1001.385658122339,-0.002165537249919156,0.0,HOLD,closed,0.0,0.0,0.0,0.030683236312971318,True,False
2024-05-28 02:00:00+00:00,68680.0,0.0,1001.385658122339,-0.002165537249919156,0.0,HOLD,closed,0.0,0.0,0.0,0.030683305368631453,True,False
2024-05-28 03:00:00+00:00,68050.3,0.0,1001.385658122339,-0.002165537249919156,0.0,HOLD,closed,0.0,0.0,0.0,0.03069813564164292,True,False
2024-05-28 04:00:00+00:00,67797.29,0.0,1001.385658122339,-0.002165537249919156,0.0,HOLD,closed,0.0,0.0,0.0,0.030687126840192508,True,False
2024-05-28 05:00:00+00:00,68049.67,0.0,1001.385658122339,-0.002165537249919156,0.0,HOLD,closed,0.0,0.0,0.0,0.030689106816666867,True,False
2024-05-28 06:00:00+00:00,67972.8,0.0,1001.385658122339,-0.002165537249919156,0.0,HOLD,closed,0.0,0.0,0.0,0.030689321174638517,True,False
2024-05-28 07:00:00+00:00,67694.0,0.0,1001.385658122339,-0.002165537249919156,0.0,HOLD,closed,0.0,0.0,0.0,0.03067700792114461,True,False
2024-05-28 08:00:00+00:00,68159.99,0.0,1001.385658122339,-0.002165537249919156,0.0,HOLD,closed,0.0,0.0,0.0,0.030684107596280985,True,False
2024-05-28 09:00:00+00:00,68336.24,0.0,1001.385658122339,-0.002165537249919156,0.0,HOLD,closed,0.0,0.0,0.0,0.030676576327482302,True,False
2024-05-28 10:00:00+00:00,68592.01,0.0,1001.385658122339,-0.002165537249919156,0.0,HOLD,closed,0.0,0.0,0.0,0.0306504153806495,True,False
2024-05-28 11:00:00+00:00,68389.87,0.0,1001.385658122339,-0.002165537249919156,0.0,HOLD,closed,0.0,0.0,0.0,0.030648527243100576,True,False
2024-05-28 12:00:00+00:00,68208.63,0.0,1001.385658122339,-0.002165537249919156,0.0,HOLD,closed,0.0,0.0,0.0,0.030649289706493194,True,False
2024-05-28 13:00:00+00:00,67792.0,0.0,1001.385658122339,-0.002165537249919156,0.0,HOLD,closed,0.0,0.0,0.0,0.030653370424730375,True,False
2024-05-28 14:00:00+00:00,67969.0,0.0,1001.385658122339,-0.002165537249919156,0.0,HOLD,closed,0.0,0.0,0.0,0.030652402493523773,True,False
2024-05-28 15:00:00+00:00,68374.08,0.0,1001.385658122339,-0.002165537249919156,0.0,HOLD,closed,0.0,0.0,0.0,0.030658111582076125,True,False
2024-05-28 16:00:00+00:00,67713.22,0.0,1001.385658122339,-0.002165537249919156,0.0,HOLD,closed,0.0,0.0,0.0,0.030674560847454707,True,False
2024-05-28 17:00:00+00:00,67782.67,0.0,1001.385658122339,-0.002165537249919156,0.0,HOLD,closed,0.0,0.0,0.0,0.030674450524230984,True,False
2024-05-28 18:00:00+00:00,67879.43,0.0,1001.385658122339,-0.002165537249919156,0.0,HOLD,closed,0.0,0.0,0.0,0.030672616098508992,True,False
2024-05-28 19:00:00+00:00,68424.29,0.0,1001.385658122339,-0.002165537249919156,0.0,HOLD,closed,0.0,0.0,0.0,0.030670833640883494,True,False
2024-05-28 20:00:00+00:00,68325.86,0.0,1001.385658122339,-0.002165537249919156,0.0,HOLD,closed,0.0,0.0,0.0,0.030667931884603705,True,False
2024-05-28 21:00:00+00:00,68401.47,0.0,1001.385658122339,-0.002165537249919156,0.0,HOLD,closed,0.0,0.0,0.0,0.030668131075584942,True,False
2024-05-28 22:00:00+00:00,68615.4,0.0,1001.385658122339,-0.002165537249919156,0.0,HOLD,closed,0.0,0.0,0.0,0.03066760897213458,True,False
2024-05-28 23:00:00+00:00,68398.39,0.0,1001.385658122339,-0.002165537249919156,0.0,HOLD,closed,0.0,0.0,0.0,0.030668574903192886,True,False
2024-05-29 00:00:00+00:00,68496.0,0.0,1001.385658122339,-0.002165537249919156,0.0,HOLD,closed,0.0,0.0,0.0,0.030662726392442025,True,False
2024-05-29 01:00:00+00:00,68570.0,0.0,1001.385658122339,-0.002165537249919156,0.0,HOLD,closed,0.0,0.0,0.0,0.03066256543826465,True,False
2024-05-29 02:00:00+00:00,68684.6,0.0,1001.385658122339,-0.002165537249919156,0.0,HOLD,closed,0.0,0.0,0.0,0.030662539229775215,True,False
2024-05-29 03:00:00+00:00,68829.42,0.0,1001.385658122339,-0.002165537249919156,0.0,HOLD,closed,0.0,0.0,0.0,0.03065933379093644,True,False
2024-05-29 04:00:00+00:00,68843.53,0.0,1001.385658122339,-0.002165537249919156,0.0,HOLD,closed,0.0,0.0,0.0,0.030658086927870032,True,False
2024-05-29 05:00:00+00:00,68584.73,0.0,1001.385658122339,-0.002165537249919156,0.0,HOLD,closed,0.0,0.0,0.0,0.030660376144602985,True,False
2024-05-29 06:00:00+00:00,68513.33,0.0,1001.385658122339,-0.002165537249919156,0.0,HOLD,closed,0.0,0.0,0.0,0.030659621646738716,True,False
2024-05-29 07:00:00+00:00,67946.9,0.0,1001.385658122339,-0.002165537249919156,0.0,HOLD,closed,0.0,0.0,0.0,0.030669894883929044,True,False
2024-05-29 08:00:00+00:00,67872.41,0.0,1001.385658122339,-0.002165537249919156,0.0,HOLD,closed,0.0,0.0,0.0,0.03067020128672379,True,False
2024-05-29 09:00:00+00:00,67905.72,0.0,1001.385658122339,-0.002165537249919156,0.0,HOLD,closed,0.0,0.0,0.0,0.030668351956673362,True,False
2024-05-29 10:00:00+00:00,67989.89,0.0,1001.385658122339,-0.002165537249919156,0.0,HOLD,closed,0.0,0.0,0.0,0.030668270819171728,True,False
2024-05-29 11:00:00+00:00,67763.59,0.0,1001.385658122339,-0.002165537249919156,0.0,HOLD,closed,0.0,0.0,0.0,0.03066672223169356,True,False
2024-05-29 12:00:00+00:00,67898.15,0.0,1001.385658122339,-0.002165537249919156,0.0,HOLD,closed,0.0,0.0,0.0,0.030666137203521765,True,False
2024-05-29 13:00:00+00:00,67879.99,0.0,1001.385658122339,-0.002165537249919156,0.0,HOLD,closed,0.0,0.0,0.0,0.030665190653824642,True,False
2024-05-29 14:00:00+00:00,67635.01,0.0,1001.385658122339,-0.002165537249919156,0.0,HOLD,closed,0.0,0.0,0.0,0.030667404088048994,True,False
2024-05-29 15:00:00+00:00,67379.13,0.0,1001.385658122339,-0.002165537249919156,0.0,HOLD,closed,0.0,0.0,0.0,0.030664999069739185,True,False
2024-05-29 16:00:00+00:00,67555.18,0.0,1001.385658122339,-0.002165537249919156,0.0,HOLD,closed,0.0,0.0,0.0,0.030649181182826224,True,False
2024-05-29 17:00:00+00:00,67611.12,0.0,1001.385658122339,-0.002165537249919156,0.0,HOLD,closed,0.0,0.0,0.0,0.0306491162333265,True,False
2024-05-29 18:00:00+00:00,67392.83,0.0,1001.385658122339,-0.002165537249919156,0.0,HOLD,closed,0.0,0.0,0.0,0.03064854397455999,True,False
2024-05-29 19:00:00+00:00,67266.78,0.0,1001.385658122339,-0.002165537249919156,0.0,HOLD,closed,0.0,0.0,0.0,0.030649178889666118,True,False
2024-05-29 20:00:00+00:00,67485.76,0.0,1001.385658122339,-0.002165537249919156,0.0,HOLD,closed,0.0,0.0,0.0,0.030649157602218396,True,False
2024-05-29 21:00:00+00:00,67700.42,0.0,1001.385658122339,-0.002165537249919156,0.0,HOLD,closed,0.0,0.0,0.0,0.03065000379326696,True,False
2024-05-29 22:00:00+00:00,67680.01,0.0,1001.385658122339,-0.002165537249919156,0.0,HOLD,closed,0.0,0.0,0.0,0.030649619775275083,True,False
2024-05-29 23:00:00+00:00,67652.42,0.0,1001.385658122339,-0.002165537249919156,0.0,HOLD,closed,0.0,0.0,0.0,0.030649841122853377,True,False
2024-05-30 00:00:00+00:00,67583.0,0.0,1001.385658122339,-0.002165537249919156,0.0,HOLD,closed,0.0,0.0,0.0,0.03064873948492705,True,False
2024-05-30 01:00:00+00:00,67800.0,0.0,1001.385658122339,-0.002165537249919156,0.0,HOLD,closed,0.0,0.0,0.0,0.030650392315159453,True,False
2024-05-30 02:00:00+00:00,67949.1,0.0,1001.385658122339,-0.002165537249919156,0.0,HOLD,closed,0.0,0.0,0.0,0.03065119769027755,True,False
2024-05-30 03:00:00+00:00,68118.2,0.0,1001.385658122339,-0.002165537249919156,0.0,HOLD,closed,0.0,0.0,0.0,0.030646148655692873,True,False
2024-05-30 04:00:00+00:00,68163.0,0.0,1001.385658122339,-0.002165537249919156,0.0,HOLD,closed,0.0,0.0,0.0,0.03064615399716189,True,False
2024-05-30 05:00:00+00:00,68134.14,0.0,1001.385658122339,-0.002165537249919156,0.0,HOLD,closed,0.0,0.0,0.0,0.03064621553196431,True,False
2024-05-30 06:00:00+00:00,67831.25,0.0,1001.385658122339,-0.002165537249919156,0.0,HOLD,closed,0.0,0.0,0.0,0.030638594531922914,True,False
2024-05-30 07:00:00+00:00,67584.56,0.0007381448858389873,1001.3189174185616,-0.0022320412723775933,0.05,BUY,closed,0.05,0.05,0.05,0.030638036666446655,False,False
2024-05-30 08:00:00+00:00,67688.96,0.0007381448858389873,1001.3959797446432,-0.002155252230992531,0.05,HOLD,closed,0.05,0.04989460778991814,0.00010539221008186439,0.03062851612439721,True,False
2024-05-30 09:00:00+00:00,67745.94,0.0007381448858389873,1001.4380392402384,-0.0021133418902059362,0.05,HOLD,closed,0.05,0.04993451136057624,6.548863942375943e-05,0.03062356873892802,True,False
2024-05-30 10:00:00+00:00,67942.08,0.0007381448858389873,1001.5828189781467,-0.0019690755819947833,0.05,HOLD,closed,0.05,0.050071844219961185,7.184421996118268e-05,0.030619010472104857,True,False
2024-05-30 11:00:00+00:00,67817.01,0.0,1001.4825418559257,-0.002068997093318623,0.0,SELL,closed,0.0,0.0,0.04998427757878392,0.03060175473428503,False,False
2024-05-30 12:00:00+00:00,68133.34,0.0007383712005704216,1001.615937526553,-0.0019360744812820048,0.05,BUY,closed,0.05,0.05,0.05,0.030601558546997254,False,False
2024-05-30 13:00:00+00:00,68623.99,0.0,1001.7309211513531,-0.0018214986207763127,0.0,SELL,closed,0.0,0.0,0.05056993945117285,0.03061054066434915,False,False
2024-05-30 14:00:00+00:00,68359.6,0.0,1001.7309211513531,-0.0018214986207763127,0.0,HOLD,closed,0.0,0.0,0.0,0.030608757284292243,True,False
2024-05-30 15:00:00+00:00,68530.76,0.0,1001.7309211513531,-0.0018214986207763127,0.0,HOLD,closed,0.0,0.0,0.0,0.030608202731259637,True,False
2024-05-30 16:00:00+00:00,68676.0,0.0,1001.7309211513531,-0.0018214986207763127,0.0,HOLD,closed,0.0,0.0,0.0,0.030607757253909518,True,False
2024-05-30 17:00:00+00:00,69315.1,0.0,1001.7309211513531,-0.0018214986207763127,0.0,HOLD,closed,0.0,0.0,0.0,0.030622934936979207,True,False
2024-05-30 18:00:00+00:00,69360.13,0.0,1001.7309211513531,-0.0018214986207763127,0.0,HOLD,closed,0.0,0.0,0.0,0.03059841987418621,True,False
2024-05-30 19:00:00+00:00,68653.02,0.0,1001.7309211513531,-0.0018214986207763127,0.0,HOLD,closed,0.0,0.0,0.0,0.03061537742991252,True,False
2024-05-30 20:00:00+00:00,68475.99,0.0007295607106223099,1001.7166501659675,-0.0018357189972312946,0.05,BUY,closed,0.05,0.05,0.05,0.030614138635019106,False,False
2024-05-30 21:00:00+00:00,68416.76,0.0007295607106223099,1001.6734382850774,-0.00187877763663028,0.05,HOLD,closed,0.05,0.04983079129015537,0.00016920870984463154,0.030614244678481672,True,False
2024-05-30 22:00:00+00:00,68314.93,0.0007295607106223099,1001.5991471179148,-0.0019528053464057625,0.05,HOLD,closed,0.05,0.04976031481289378,0.00023968518710622277,0.03061469657720023,True,False
2024-05-30 23:00:00+00:00,68352.17,0.0007295607106223099,1001.6263159587783,-0.0019257328538983143,0.05,HOLD,closed,0.05,0.04978608980540124,0.00021391019459876537,0.03061482136663668,True,False
2024-05-31 00:00:00+00:00,68460.0,0.0007295607106223099,1001.7049844902047,-0.0018473433032247244,0.05,HOLD,closed,0.05,0.049860714504302975,0.00013928549569702797,0.030615315080661815,True,False
2024-05-31 01:00:00+00:00,68440.0,0.0007295607106223099,1001.6903932759923,-0.00186188277288497,0.05,HOLD,closed,0.05,0.049846874213990325,0.00015312578600967797,0.0306143194509301,True,False
2024-05-31 02:00:00+00:00,68539.99,0.0007295607106223099,1001.7633420514474,-0.001789192694318259,0.05,HOLD,closed,0.05,0.04991606471449219,8.39352855078121e-05,0.030607694772717464,True,False
2024-05-31 03:00:00+00:00,68535.81,0.0007295607106223099,1001.760292487677,-0.0017922314434771968,0.05,HOLD,closed,0.05,0.049913172464150835,8.682753584916825e-05,0.03060753188784479,True,False
2024-05-31 04:00:00+00:00,68516.59,0.0007295607106223099,1001.7462703308188,-0.0018062038738208335,0.05,HOLD,closed,0.05,0.04989987342135013,0.00010012657864987007,0.030607695384543193,True,False
2024-05-31 05:00:00+00:00,68442.72,0.0007295607106223099,1001.6923776811251,-0.0018599054050112429,0.05,HOLD,closed,0.05,0.0498487565171623,0.00015124348283770267,0.030607687159526054,True,False
2024-05-31 06:00:00+00:00,68272.0,0.0007295607106223099,1001.5678270766077,-0.0019840143180316462,0.05,HOLD,closed,0.05,0.04973059985461832,0.0002694001453816819,0.030608439770873047,True,False
2024-05-31 07:00:00+00:00,68174.99,0.0007295607106223099,1001.4970523920703,-0.002054538015619018,0.05,HOLD,closed,0.05,0.04966344537137721,0.0003365546286227955,0.030605480579412148,True,False
2024-05-31 08:00:00+00:00,68136.0,0.0007295607106223099,1001.468606819963,-0.002082882711721861,0.05,HOLD,closed,0.05,0.04963645214682012,0.0003635478531798797,0.03060175889884581,True,False
2024-05-31 09:00:00+00:00,67950.0,0.0007295607106223099,1001.3329085277874,-0.0022180997795627467,0.05,HOLD,closed,0.05,0.04950766110311081,0.0004923388968891898,0.03060314192904509,True,False
2024-05-31 10:00:00+00:00,68333.33,0.0007295607106223099,1001.6125710349902,-0.0019394290343182775,0.05,HOLD,closed,0.05,0.04977305021488916,0.00022694978511084152,0.0304288014838896,True,False
2024-05-31 11:00:00+00:00,68349.73,0.0,1001.5128893360586,-0.0020387572338911807,0.0,SELL,closed,0.0,0.0,0.049784401046336066,0.030428048667144103,False,False
2024-05-31 12:00:00+00:00,68643.59,0.0,1001.5128893360586,-0.0020387572338911807,0.0,HOLD,closed,0.0,0.0,0.0,0.030430544694444422,True,False
2024-05-31 13:00:00+00:00,68078.34,0.0,1001.5128893360586,-0.0020387572338911807,0.0,HOLD,closed,0.0,0.0,0.0,0.030419315247039697,True,False
2024-05-31 14:00:00+00:00,67501.76,0.0007355591288918463,1001.1997128095818,-0.0023508231482651464,0.05,BUY,closed,0.05,0.05,0.05,0.030427436892896786,False,False
2024-05-31 15:00:00+00:00,67215.58,0.0007355591288918463,1000.9892104980755,-0.002560578959331349,0.05,HOLD,closed,0.05,0.04939217421550346,0.0006078257844965435,0.0304310799066303,True,False
2024-05-31 16:00:00+00:00,67200.01,0.0007355591288918463,1000.9777578424387,-0.002571991000628086,0.05,HOLD,closed,0.05,0.04938129786586521,0.0006187021341347923,0.030429252088589376,True,False
2024-05-31 17:00:00+00:00,67342.77,0.0007355591288918463,1001.0827662636793,-0.0024673549688025717,0.05,HOLD,closed,0.05,0.049481012866938956,0.0005189871330610468,0.030428261752648927,True,False
2024-05-31 18:00:00+00:00,67414.88,0.0007355591288918463,1001.1358074324637,-0.002414501898930537,0.05,HOLD,closed,0.05,0.049531372306342684,0.0004686276936573183,0.030427486926727476,True,False
2024-05-31 19:00:00+00:00,67681.0,0.0007355591288918463,1001.3315544278444,-0.0022194490774862536,0.05,HOLD,closed,0.05,0.0497171762763184,0.00028282372368160225,0.030430367387804497,True,False
2024-05-31 20:00:00+00:00,67709.04,0.0,1001.232012564728,-0.0023186379371410376,0.0,SELL,closed,0.0,0.0,0.04973674946718761,0.030430525388769697,False,False
2024-05-31 21:00:00+00:00,67564.91,0.0,1001.232012564728,-0.0023186379371410376,0.0,HOLD,closed,0.0,0.0,0.0,0.03043117024981562,True,False
2024-05-31 22:00:00+00:00,67509.52,0.0,1001.232012564728,-0.0023186379371410376,0.0,HOLD,closed,0.0,0.0,0.0,0.030431483303486745,True,False
2024-05-31 23:00:00+00:00,67540.01,0.0,1001.232012564728,-0.0023186379371410376,0.0,HOLD,closed,0.0,0.0,0.0,0.030430219456053953,True,False
2024-06-01 00:00:00+00:00,67655.66,0.0,1001.232012564728,-0.0023186379371410376,0.0,HOLD,closed,0.0,0.0,0.0,0.03043072103580452,True,False
2024-06-01 01:00:00+00:00,67560.0,0.0,1001.232012564728,-0.0023186379371410376,0.0,HOLD,closed,0.0,0.0,0.0,0.03042987721543397,True,False
2024-06-01 02:00:00+00:00,67729.05,0.0,1001.232012564728,-0.0023186379371410376,0.0,HOLD,closed,0.0,0.0,0.0,0.030431054533242463,True,False
2024-06-01 03:00:00+00:00,67715.31,0.0,1001.232012564728,-0.0023186379371410376,0.0,HOLD,closed,0.0,0.0,0.0,0.030430924816759575,True,False
2024-06-01 04:00:00+00:00,67680.01,0.0,1001.232012564728,-0.0023186379371410376,0.0,HOLD,closed,0.0,0.0,0.0,0.03042848842255219,True,False
2024-06-01 05:00:00+00:00,67686.35,0.0,1001.232012564728,-0.0023186379371410376,0.0,HOLD,closed,0.0,0.0,0.0,0.030428139286715367,True,False
2024-06-01 06:00:00+00:00,67693.32,0.0,1001.232012564728,-0.0023186379371410376,0.0,HOLD,closed,0.0,0.0,0.0,0.030427310099274296,True,False
2024-06-01 07:00:00+00:00,67632.08,0.0,1001.232012564728,-0.0023186379371410376,0.0,HOLD,closed,0.0,0.0,0.0,0.03042757867219567,True,False
2024-06-01 08:00:00+00:00,67704.0,0.0,1001.232012564728,-0.0023186379371410376,0.0,HOLD,closed,0.0,0.0,0.0,0.03042790900304959,True,False
2024-06-01 09:00:00+00:00,67706.69,0.0,1001.232012564728,-0.0023186379371410376,0.0,HOLD,closed,0.0,0.0,0.0,0.030424544945981596,True,False
2024-06-01 10:00:00+00:00,67627.33,0.0,1001.232012564728,-0.0023186379371410376,0.0,HOLD,closed,0.0,0.0,0.0,0.030423977997420165,True,False
2024-06-01 11:00:00+00:00,67660.57,0.0,1001.232012564728,-0.0023186379371410376,0.0,HOLD,closed,0.0,0.0,0.0,0.03041862796218564,True,False
2024-06-01 12:00:00+00:00,67717.76,0.0,1001.232012564728,-0.0023186379371410376,0.0,HOLD,closed,0.0,0.0,0.0,0.03041901279410214,True,False
2024-06-01 13:00:00+00:00,67720.01,0.0,1001.232012564728,-0.0023186379371410376,0.0,HOLD,closed,0.0,0.0,0.0,0.030418550140016987,True,False
2024-06-01 14:00:00+00:00,67803.34,0.0,1001.232012564728,-0.0023186379371410376,0.0,HOLD,closed,0.0,0.0,0.0,0.030418229928485724,True,False
2024-06-01 15:00:00+00:00,67691.28,0.0,1001.232012564728,-0.0023186379371410376,0.0,HOLD,closed,0.0,0.0,0.0,0.03041851641193319,True,False
2024-06-01 16:00:00+00:00,67700.01,0.0007395576007461583,1001.1383206705258,-0.0024119975735179483,0.05,BUY,closed,0.05,0.05,0.05,0.030417724045359307,False,False
2024-06-01 17:00:00+00:00,67791.02,0.0,1001.038209590622,-0.00251175363135723,0.0,SELL,closed,0.0,0.0,0.05007499230014393,0.030417641559381814,False,False
2024-06-01 18:00:00+00:00,67750.71,0.0,1001.038209590622,-0.00251175363135723,0.0,HOLD,closed,0.0,0.0,0.0,0.030417821439343323,True,False
2024-06-01 19:00:00+00:00,67753.76,0.0,1001.038209590622,-0.00251175363135723,0.0,HOLD,closed,0.0,0.0,0.0,0.03041754919387815,True,False
2024-06-01 20:00:00+00:00,67796.54,0.0,1001.038209590622,-0.00251175363135723,0.0,HOLD,closed,0.0,0.0,0.0,0.030416512042885285,True,False
2024-06-01 21:00:00+00:00,67760.01,0.0,1001.038209590622,-0.00251175363135723,0.0,HOLD,closed,0.0,0.0,0.0,0.030416051203630834,True,False
2024-06-01 22:00:00+00:00,67765.4,0.0,1001.038209590622,-0.00251175363135723,0.0,HOLD,closed,0.0,0.0,0.0,0.03041592263527504,True,False
2024-06-01 23:00:00+00:00,67766.85,0.0,1001.038209590622,-0.00251175363135723,0.0,HOLD,closed,0.0,0.0,0.0,0.030416045506952788,True,False
2024-06-02 00:00:00+00:00,67889.0,0.0,1001.038209590622,-0.00251175363135723,0.0,HOLD,closed,0.0,0.0,0.0,0.030415321110975974,True,False
2024-06-02 01:00:00+00:00,67755.0,0.0,1001.038209590622,-0.00251175363135723,0.0,HOLD,closed,0.0,0.0,0.0,0.03041599768953529,True,False
2024-06-02 02:00:00+00:00,67733.26,0.0007387190684013151,1000.9220209911607,-0.0026275301933449246,0.05,BUY,closed,0.05,0.05,0.05,0.030415549599027814,False,False
2024-06-02 03:00:00+00:00,67789.47,0.0007387190684013151,1000.9635443899955,-0.0025861540481686954,0.05,HOLD,closed,0.05,0.05002916880088467,2.9168800884667168e-05,0.030415013626286486,True,False
2024-06-02 04:00:00+00:00,67852.62,0.0,1000.8634220528509,-0.0026859213233275184,0.0,SELL,closed,0.0,0.0,0.05007344032102188,0.03041259222606668,False,False
2024-06-02 05:00:00+00:00,67728.4,0.0,1000.8634220528509,-0.0026859213233275184,0.0,HOLD,closed,0.0,0.0,0.0,0.030413143480640087,True,False
2024-06-02 06:00:00+00:00,67841.09,0.0007388800519994866,1000.8465676933193,-0.002702715912556674,0.05,BUY,closed,0.05,0.05,0.05,0.03041238948818986,False,False
2024-06-02 07:00:00+00:00,67721.0,0.0,1000.7463399003196,-0.0028025882695944327,0.0,SELL,closed,0.0,0.0,0.049999804370318625,0.030412997917010687,False,False
2024-06-02 08:00:00+00:00,67750.67,0.0007388743463072389,1000.6681552607826,-0.0028804956443955454,0.05,BUY,closed,0.05,0.05,0.05,0.030413042390618095,False,False
2024-06-02 09:00:00+00:00,67529.99,0.0007388743463072389,1000.5051004700396,-0.0030429721969606523,0.05,HOLD,closed,0.05,0.049870987358228404,0.00012901264177159893,0.030415015530625755,True,False
2024-06-02 10:00:00+00:00,67529.99,0.0007388743463072389,1000.5051004700396,-0.0030429721969606523,0.05,HOLD,closed,0.05,0.049870987358228404,0.00012901264177159893,0.030414999523323383,True,False
2024-06-02 11:00:00+00:00,68251.52,0.0007388743463072389,1001.0382204771306,-0.0025117427834552915,0.05,HOLD,closed,0.05,0.050376994796901005,0.00037699479690100207,0.03043328887064442,True,False
2024-06-02 12:00:00+00:00,67934.99,0.0,1000.9373944713,-0.0026122112318929286,0.0,SELL,closed,0.0,0.0,0.05015507936138028,0.030437228677520217,False,False
2024-06-02 13:00:00+00:00,68165.98,0.0,1000.9373944713,-0.0026122112318929286,0.0,HOLD,closed,0.0,0.0,0.0,0.030435929349940355,True,False
2024-06-02 14:00:00+00:00,68252.5,0.0,1000.9373944713,-0.0026122112318929286,0.0,HOLD,closed,0.0,0.0,0.0,0.030433376438956022,True,False
2024-06-02 15:00:00+00:00,68142.17,0.0,1000.9373944713,-0.0026122112318929286,0.0,HOLD,closed,0.0,0.0,0.0,0.0304338933047249,True,False
2024-06-02 16:00:00+00:00,68103.63,0.0,1000.9373944713,-0.0026122112318929286,0.0,HOLD,closed,0.0,0.0,0.0,0.03043332729855236,True,False
2024-06-02 17:00:00+00:00,67879.28,0.0007348634679761563,1000.8835630854958,-0.002665851716452826,0.05,BUY,closed,0.05,0.05,0.05,0.030435359380630855,False,False
2024-06-02 18:00:00+00:00,67697.14,0.0007348634679761563,1000.7497150534386,-0.002799225085718282,0.05,HOLD,closed,0.05,0.04971088607285877,0.0002891139271412324,0.030436343342029215,True,False
2024-06-02 19:00:00+00:00,67736.95,0.0007348634679761563,1000.7789699680987,-0.002770073917219028,0.05,HOLD,closed,0.05,0.04973866506079182,0.0002613349392081854,0.030435382491288132,True,False
2024-06-02 20:00:00+00:00,67831.2,0.0007348634679761563,1000.8482308499555,-0.002701058653942041,0.05,HOLD,closed,0.05,0.049804425219049146,0.0001955747809508565,0.03043591299691431,True,False
2024-06-02 21:00:00+00:00,67816.14,0.0007348634679761563,1000.8371638061278,-0.0027120864509176004,0.05,HOLD,closed,0.05,0.049793918159108434,0.0002060818408915685,0.03043549661883735,True,False
2024-06-02 22:00:00+00:00,67927.99,0.0007348634679761563,1000.919358285021,-0.0026301834567793096,0.05,HOLD,closed,0.05,0.04987194811535968,0.00012805188464032335,0.030429224627479157,True,False
2024-06-02 23:00:00+00:00,67765.63,0.0,1000.8195549812531,-0.002729632829943534,0.0,SELL,closed,0.0,0.0,0.04975867664851748,0.030429820577215133,False,False
2024-06-03 00:00:00+00:00,67823.99,0.0007384419673141433,1000.7625508628983,-0.002786434795651515,0.05,BUY,closed,0.05,0.05,0.05,0.030428791086015372,False,False
2024-06-03 01:00:00+00:00,68476.01,0.0007384419673141433,1001.2440297944264,-0.0023066633239213017,0.05,HOLD,closed,0.05,0.05050273263412614,0.0005027326341261393,0.030446106599258532,True,False
2024-06-03 02:00:00+00:00,68416.08,0.0,1001.3556791110341,-0.0021954099472127494,0.0,SELL,closed,0.0,0.0,0.05046076315066152,0.030425397640152313,False,False
2024-06-03 03:00:00+00:00,68382.81,0.0,1001.3556791110341,-0.0021954099472127494,0.0,HOLD,closed,0.0,0.0,0.0,0.030391201243055832,True,False
2024-06-03 04:00:00+00:00,68510.0,0.0,1001.3556791110341,-0.0021954099472127494,0.0,HOLD,closed,0.0,0.0,0.0,0.030382712448586063,True,False
2024-06-03 05:00:00+00:00,68700.0,0.0,1001.3556791110341,-0.0021954099472127494,0.0,HOLD,closed,0.0,0.0,0.0,0.030380114763578547,True,False
2024-06-03 06:00:00+00:00,69038.94,0.0,1001.3556791110341,-0.0021954099472127494,0.0,HOLD,closed,0.0,0.0,0.0,0.030377783372229322,True,False
2024-06-03 07:00:00+00:00,68906.7,0.0,1001.3556791110341,-0.0021954099472127494,0.0,HOLD,closed,0.0,0.0,0.0,0.030378518363721158,True,False
2024-06-03 08:00:00+00:00,69142.55,0.0,1001.3556791110341,-0.0021954099472127494,0.0,HOLD,closed,0.0,0.0,0.0,0.030380313414340304,True,False
2024-06-03 09:00:00+00:00,69014.88,0.0,1001.3556791110341,-0.0021954099472127494,0.0,HOLD,closed,0.0,0.0,0.0,0.03038094073157574,True,False
2024-06-03 10:00:00+00:00,68907.99,0.0007254635044053783,1001.17796646061,-0.0023724923785631916,0.05,BUY,closed,0.05,0.05,0.05,0.030381476306292454,False,False
2024-06-03 11:00:00+00:00,69080.0,0.0007254635044053783,1001.3027534380028,-0.0022481479309121224,0.05,HOLD,closed,0.05,0.050049816314049,4.981631404899628e-05,0.03037953848466529,True,False
2024-06-03 12:00:00+00:00,69746.23,0.0007254635044053783,1001.7860789885428,-0.0017665363888007633,0.05,HOLD,closed,0.05,0.050508132919904754,0.000508132919904751,0.030395798468201313,True,False
2024-06-03 13:00:00+00:00,69795.34,0.0,1001.8970351583669,-0.0016559737007822847,0.0,SELL,closed,0.0,0.0,0.050541899440768395,0.03038938476837061,False,False
2024-06-03 14:00:00+00:00,68776.01,0.0,1001.8970351583669,-0.0016559737007822847,0.0,HOLD,closed,0.0,0.0,0.0,0.03043075384974367,True,False
2024-06-03 15:00:00+00:00,69615.28,0.0007283768243885964,1002.4081252248299,-0.0011466961035354263,0.05,BUY,closed,0.05,0.05,0.05,0.030451671423960575,False,False
2024-06-03 16:00:00+00:00,69080.02,0.0,1002.3067309955532,-0.0012477307603388703,0.0,SELL,closed,0.0,0.0,0.05021493908229492,0.030462753094801648,False,False
2024-06-03 17:00:00+00:00,69268.97,0.0007254678928838998,1002.5555674247817,-0.0009997767751205814,0.05,BUY,closed,0.05,0.05,0.05,0.030462503734262486,False,False
2024-06-03 18:00:00+00:00,69288.41,0.0007254678928838998,1002.5696705206193,-0.0009857236928299364,0.05,HOLD,closed,0.05,0.05013767948702567,0.00013767948702566452,0.030461906044475573,True,False
2024-06-03 19:00:00+00:00,69204.0,0.0007254678928838998,1002.508433775781,-0.0010467432749366684,0.05,HOLD,closed,0.05,0.05007965855214562,7.965855214561723e-05,0.030461608347815528,True,False
2024-06-03 20:00:00+00:00,69101.28,0.0007254678928838998,1002.4339137138239,-0.0011209990677812079,0.05,HOLD,closed,0.05,0.05000904230330315,9.042303303147259e-06,0.030462104054269745,True,False
2024-06-03 21:00:00+00:00,69081.17,0.0007254678928838998,1002.4193245544981,-0.0011355364898421373,0.05,HOLD,closed,0.05,0.049995216183733725,4.7838162662780515e-06,0.030461395112344247,True,False
2024-06-03 22:00:00+00:00,69042.51,0.0007254678928838998,1002.3912779657592,-0.0011634836174839798,0.05,HOLD,closed,0.05,0.04996863535241828,3.136464758172336e-05,0.030461496854140235,True,False
2024-06-03 23:00:00+00:00,68809.9,0.0007254678928838998,1002.2225268791955,-0.0013316362652016614,0.05,HOLD,closed,0.05,0.04980867205010346,0.00019132794989654145,0.030463895349901127,True,False
2024-06-04 00:00:00+00:00,69001.41,0.0007254678928838998,1002.3614612353616,-0.001193194609363968,0.05,HOLD,closed,0.05,0.04994037525846577,5.962474153423103e-05,0.030465325185457443,True,False
2024-06-04 01:00:00+00:00,69215.4,0.0007254678928838998,1002.5167041097599,-0.0010385022698896635,0.05,HOLD,closed,0.05,0.050087494988630805,8.749498863080268e-05,0.030466179613173966,True,False
2024-06-04 02:00:00+00:00,69139.57,0.0,1002.4163093559221,-0.001138540995675402,0.0,SELL,closed,0.0,0.0,0.050035366507382745,0.03044510791099636,False,False
2024-06-04 03:00:00+00:00,69170.22,0.000724922185928756,1002.3382542803556,-0.0012163192659761875,0.05,BUY,closed,0.05,0.05,0.05,0.03044573646036136,False,False
2024-06-04 04:00:00+00:00,69061.22,0.000724922185928756,1002.2592377620894,-0.0012950555694303764,0.05,HOLD,closed,0.05,0.049951159020587284,4.884097941271898e-05,0.030445041813198626,True,False
2024-06-04 05:00:00+00:00,68956.01,0.000724922185928756,1002.1829686989078,-0.0013710541610488763,0.05,HOLD,closed,0.05,0.04987885751742733,0.00012114248257267396,0.030445814062185328,True,False
2024-06-04 06:00:00+00:00,68905.43,0.000724922185928756,1002.1463021347436,-0.0014075906952571574,0.05,HOLD,closed,0.05,0.04984409445163497,0.0001559055483650318,0.030445948723175353,True,False
2024-06-04 07:00:00+00:00,69013.63,0.000724922185928756,1002.224738715261,-0.001329432272929347,0.05,HOLD,closed,0.05,0.04991845599681621,8.15440031837894e-05,0.0304466397894885,True,False
2024-06-04 08:00:00+00:00,68836.54,0.000724922185928756,1002.0963622453548,-0.001457353483743098,0.05,HOLD,closed,0.05,0.04979674303652883,0.00020325696347116978,0.030447317446771788,True,False
2024-06-04 09:00:00+00:00,68717.92,0.000724922185928756,1002.0103719756601,-0.0015430388077405568,0.05,HOLD,closed,0.05,0.049715198736573006,0.0002848012634269967,0.03044926330276454,True,False
2024-06-04 10:00:00+00:00,68890.66,0.000724922185928756,1002.1355950340574,-0.0014182598255509371,0.05,HOLD,closed,0.05,0.04983394271668148,0.0001660572833185256,0.030450679324709184,True,False
2024-06-04 11:00:00+00:00,68955.85,0.0,1002.0357392685668,-0.001517761474393831,0.0,SELL,closed,0.0,0.0,0.049878747555235324,0.030452069646791896,False,False
2024-06-04 12:00:00+00:00,68946.56,0.0,1002.0357392685668,-0.001517761474393831,0.0,HOLD,closed,0.0,0.0,0.0,0.030447220044286266,True,False
2024-06-04 13:00:00+00:00,69527.99,0.0,1002.0357392685668,-0.001517761474393831,0.0,HOLD,closed,0.0,0.0,0.0,0.030460676368935152,True,False
2024-06-04 14:00:00+00:00,69651.49,0.0,1002.0357392685668,-0.001517761474393831,0.0,HOLD,closed,0.0,0.0,0.0,0.0304609568979205,True,False
2024-06-04 15:00:00+00:00,70445.0,0.0,1002.0357392685668,-0.001517761474393831,0.0,HOLD,closed,0.0,0.0,0.0,0.03048446048620368,True,False
2024-06-04 16:00:00+00:00,70800.0,0.0,1002.0357392685668,-0.001517761474393831,0.0,HOLD,closed,0.0,0.0,0.0,0.03048949415587271,True,False
2024-06-04 17:00:00+00:00,70564.0,0.0,1002.0357392685668,-0.001517761474393831,0.0,HOLD,closed,0.0,0.0,0.0,0.030491645410955615,True,False
2024-06-04 18:00:00+00:00,70693.67,0.0,1002.0357392685668,-0.001517761474393831,0.0,HOLD,closed,0.0,0.0,0.0,0.03049338809200594,True,False
2024-06-04 19:00:00+00:00,70423.6,0.0,1002.0357392685668,-0.001517761474393831,0.0,HOLD,closed,0.0,0.0,0.0,0.030496546914424272,True,False
2024-06-04 20:00:00+00:00,70402.69,0.0007114345169670844,1002.1332971679903,-0.001420549542738166,0.05,BUY,closed,0.05,0.05,0.05,0.0304963178753416,False,False
2024-06-04 21:00:00+00:00,70620.0,0.0007114345169670844,1002.2878990028725,-0.0012664959694734777,0.05,HOLD,closed,0.05,0.05012682048560931,0.00012682048560930942,0.030495576801676832,True,False
2024-06-04 22:00:00+00:00,70561.3,0.0007114345169670844,1002.2461377967264,-0.00130810907862929,0.05,HOLD,closed,0.05,0.05008724153572239,8.724153572238491e-05,0.03049622657554696,True,False
2024-06-04 23:00:00+00:00,70537.84,0.0007114345169670844,1002.2294475429584,-0.0013247401440601941,0.05,HOLD,closed,0.05,0.050071422518395414,7.142251839541147e-05,0.030495211709767128,True,False
2024-06-05 00:00:00+00:00,70776.0,0.0007114345169670844,1002.3988827875193,-0.0011559057645621484,0.05,HOLD,closed,0.05,0.05023198871973972,0.0002319887197397147,0.030497962002343004,True,False
2024-06-05 01:00:00+00:00,70986.3,0.0,1002.5116442748313,-0.0010435441612195759,0.0,SELL,closed,0.0,0.0,0.05037372673681676,0.030500640215749497,False,False
2024-06-05 02:00:00+00:00,70837.96,0.0,1002.5116442748313,-0.0010435441612195759,0.0,HOLD,closed,0.0,0.0,0.0,0.0305022837059844,True,False
2024-06-05 03:00:00+00:00,70947.58,0.0007076090589528773,1002.4889361526551,-0.0010661717540035387,0.05,BUY,closed,0.05,0.05,0.05,0.030504816359756298,False,False
2024-06-05 04:00:00+00:00,71168.53,0.0007076090589528773,1002.6452823742308,-0.0009103799801314725,0.05,HOLD,closed,0.05,0.05022663291359632,0.0002266329135963141,0.030512232286876467,True,False
2024-06-05 05:00:00+00:00,70999.99,0.0,1002.5445956228402,-0.0010107096679644319,0.0,SELL,closed,0.0,0.0,0.050113647935213786,0.030502227859364822,False,False
2024-06-05 06:00:00+00:00,71119.05,0.0007060174203002283,1002.528374533724,-0.0010268732325334285,0.05,BUY,closed,0.05,0.05,0.05,0.030502883031580247,False,False
2024-06-05 07:00:00+00:00,71200.0,0.0007060174203002283,1002.5855266438973,-0.000969923799827592,0.05,HOLD,closed,0.05,0.050138805108874085,0.00013880510887408215,0.03050128134359123,True,False
2024-06-05 08:00:00+00:00,70927.57,0.0007060174203002283,1002.393186318085,-0.001161582032712598,0.05,HOLD,closed,0.05,0.049956544680336085,4.3455319663918135e-05,0.030423965336951686,True,False
2024-06-05 09:00:00+00:00,70894.19,0.0007060174203002283,1002.3696194565954,-0.0011850653194787303,0.05,HOLD,closed,0.05,0.04993420806708879,6.57919329112161e-05,0.030417139842426527,True,False
2024-06-05 10:00:00+00:00,70800.33,0.0007060174203002283,1002.303352661526,-0.0012510971138427775,0.05,HOLD,closed,0.05,0.04987139493275249,0.00012860506724751003,0.030411727554837897,True,False
2024-06-05 11:00:00+00:00,70971.71,0.0007060174203002283,1002.424349927017,-0.0011305289387084656,0.05,HOLD,closed,0.05,0.04998607985943683,1.3920140563172811e-05,0.030410717316309344,True,False
2024-06-05 12:00:00+00:00,70940.01,0.0007060174203002283,1002.4019691747935,-0.0011528303224857858,0.05,HOLD,closed,0.05,0.0499648687816363,3.5131218363702865e-05,0.030413091837286327,True,False
2024-06-05 13:00:00+00:00,70730.7,0.0007060174203002283,1002.2541926685504,-0.0013000827716477142,0.05,HOLD,closed,0.05,0.049824791669934934,0.00017520833006506864,0.03041468563403768,True,False
2024-06-05 14:00:00+00:00,70867.99,0.0007060174203002283,1002.3511218001835,-0.0012034973779950493,0.05,HOLD,closed,0.05,0.04991667529817616,8.332470182384477e-05,0.030397123664065773,True,False
2024-06-05 15:00:00+00:00,71580.0,0.0007060174203002283,1002.8538132636114,-0.0007025885999731992,0.05,HOLD,closed,0.05,0.050392914975939965,0.00039291497593996194,0.030413926480693132,True,False
2024-06-05 16:00:00+00:00,71312.77,0.0,1002.7527721241421,-0.0008032714191250829,0.0,SELL,closed,0.0,0.0,0.05021422974527511,0.03041646624995828,False,False
2024-06-05 17:00:00+00:00,71628.98,0.0,1002.7527721241421,-0.0008032714191250829,0.0,HOLD,closed,0.0,0.0,0.0,0.030420177135752124,True,False
2024-06-05 18:00:00+00:00,71096.81,0.0,1002.7527721241421,-0.0008032714191250829,0.0,HOLD,closed,0.0,0.0,0.0,0.03042957997478346,True,False
2024-06-05 19:00:00+00:00,71279.95,0.0007052024648958477,1002.7816296095561,-0.0007745162704759201,0.05,BUY,closed,0.05,0.05,0.05,0.03043247536330984,False,False
2024-06-05 20:00:00+00:00,71196.02,0.0007052024648958477,1002.7224419666774,-0.0008334940173153687,0.05,HOLD,closed,0.05,0.05007129260645648,7.12926064564759e-05,0.030432698629483168,True,False
2024-06-05 21:00:00+00:00,71138.42,0.0007052024648958477,1002.6818223046994,-0.0008739696305400396,0.05,HOLD,closed,0.05,0.05003281002689915,3.281002689914381e-05,0.030432471680058526,True,False
2024-06-05 22:00:00+00:00,71144.86,0.0007052024648958477,1002.6863638085733,-0.000869444232116979,0.05,HOLD,closed,0.05,0.05003711274789854,3.711274789854058e-05,0.030432325050843062,True,False
2024-06-05 23:00:00+00:00,71108.0,0.0007052024648958477,1002.6603700457173,-0.0008953458137742903,0.05,HOLD,closed,0.05,0.05001248515639199,1.2485156391989216e-05,0.030432548754956684,True,False
2024-06-06 00:00:00+00:00,71018.06,0.0007052024648958477,1002.5969441360245,-0.000958546797340818,0.05,HOLD,closed,0.05,0.049952387404570475,4.761259542952756e-05,0.030432204523894002,True,False
2024-06-06 01:00:00+00:00,71124.0,0.0007052024648958477,1002.6716532851556,-0.0008841025878785924,0.05,HOLD,closed,0.05,0.05002317553200826,2.317553200825717e-05,0.030437871536980743,True,False
2024-06-06 02:00:00+00:00,71160.0,0.0007052024648958477,1002.6970405738919,-0.0008588053296131305,0.05,HOLD,closed,0.05,0.05004722799746853,4.722799746852829e-05,0.030499062323236042,True,False
2024-06-06 03:00:00+00:00,71050.0,0.0007052024648958477,1002.6194683027533,-0.0009361025076464358,0.05,HOLD,closed,0.05,0.049973730527762175,2.6269472237827607e-05,0.030558235023642216,True,False
2024-06-06 04:00:00+00:00,71054.52,0.0007052024648958477,1002.6226558178946,-0.0009329262963308681,0.05,HOLD,closed,0.05,0.049976750829668404,2.3249170331599012e-05,0.03055816478632989,True,False
2024-06-06 05:00:00+00:00,70895.45,0.0007052024648958477,1002.5104792618037,-0.001044705042783117,0.05,HOLD,closed,0.05,0.04987044736601108,0.00012955263398892192,0.03056521857918537,True,False
2024-06-06 06:00:00+00:00,70887.99,0.0007052024648958477,1002.5052184514155,-0.0010499471968569943,0.05,HOLD,closed,0.05,0.04986546140551077,0.00013453859448923217,0.030570199499678097,True,False
2024-06-06 07:00:00+00:00,71021.47,0.0007052024648958477,1002.5993488764298,-0.0009561505848218138,0.05,HOLD,closed,0.05,0.04995466609932878,4.533390067121973e-05,0.03056670712361556,True,False
2024-06-06 08:00:00+00:00,70904.01,0.0007052024648958477,1002.5165157949032,-0.001038689916928883,0.05,HOLD,closed,0.05,0.04987616845728782,0.00012383154271218555,0.030563106301419174,True,False
2024-06-06 09:00:00+00:00,70978.88,0.0007052024648958477,1002.5693143034499,-0.0009860786467529835,0.05,HOLD,closed,0.05,0.04992620501887462,7.379498112538435e-05,0.030565880671899165,True,False
2024-06-06 10:00:00+00:00,70988.0,0.0007052024648958477,1002.5757457499298,-0.000979670007992421,0.05,HOLD,closed,0.05,0.04993229966936884,6.77003306311652e-05,0.03054452799354543,True,False
2024-06-06 11:00:00+00:00,71170.01,0.0,1002.4756559931541,-0.0010794048183214492,0.0,SELL,closed,0.0,0.0,0.05005391570270102,0.03054797477924892,False,False
2024-06-06 12:00:00+00:00,71187.17,0.0,1002.4756559931541,-0.0010794048183214492,0.0,HOLD,closed,0.0,0.0,0.0,0.03052935689864439,True,False
2024-06-06 13:00:00+00:00,71123.09,0.0,1002.4756559931541,-0.0010794048183214492,0.0,HOLD,closed,0.0,0.0,0.0,0.03056830866675231,True,False
2024-06-06 14:00:00+00:00,71464.57,0.0,1002.4756559931541,-0.0010794048183214492,0.0,HOLD,closed,0.0,0.0,0.0,0.03068752570922953,True,False
2024-06-06 15:00:00+00:00,71300.0,0.0,1002.4756559931541,-0.0010794048183214492,0.0,HOLD,closed,0.0,0.0,0.0,0.030771995379985623,True,False
2024-06-06 16:00:00+00:00,70948.95,0.0,1002.4756559931541,-0.0010794048183214492,0.0,HOLD,closed,0.0,0.0,0.0,0.030783662472488316,True,False
2024-06-06 17:00:00+00:00,71098.31,0.00070647673855156,1002.4809027313335,-0.0010741766865522875,0.05,BUY,closed,0.05,0.05,0.05,0.03078756136102251,False,False
2024-06-06 18:00:00+00:00,71075.0,0.00070647673855156,1002.4644347585578,-0.001090586259261774,0.05,HOLD,closed,0.05,0.050089392153494026,8.939215349402369e-05,0.0307920409776804,True,False
2024-06-06 19:00:00+00:00,70479.49,0.00070647673855156,1002.043720795983,-0.001509808251720181,0.05,HOLD,closed,0.05,0.04969056658568196,0.000309433414318043,0.03081034264934468,True,False
2024-06-06 20:00:00+00:00,70720.01,0.00070647673855156,1002.2136425811393,-0.0013404890570365294,0.05,HOLD,closed,0.05,0.04985168819540268,0.00014831180459732446,0.030810769286875234,True,False
2024-06-06 21:00:00+00:00,70740.51,0.00070647673855156,1002.2281253542797,-0.0013260576438857523,0.05,HOLD,closed,0.05,0.049865418385268034,0.0001345816147319684,0.030810927049425646,True,False
2024-06-06 22:00:00+00:00,70901.01,0.00070647673855156,1002.3415148708172,-0.0012130702384860834,0.05,HOLD,closed,0.05,0.04997290201161345,2.709798838654992e-05,0.030814013194289086,True,False
2024-06-06 23:00:00+00:00,70799.06,0.0,1002.2413600871647,-0.0013128698450882742,0.0,SELL,closed,0.0,0.0,0.049904630961986926,0.030815130982674854,False,False
2024-06-07 00:00:00+00:00,70883.05,0.0007078069681201733,1002.2005596023744,-0.0013535256398767158,0.05,BUY,closed,0.05,0.05,0.05,0.03081585469630979,False,False
2024-06-07 01:00:00+00:00,70840.01,0.0,1002.1002416547095,-0.001453487831865804,0.0,SELL,closed,0.0,0.0,0.050032477441027866,0.03081272354180417,False,False
2024-06-07 02:00:00+00:00,70824.08,0.0,1002.1002416547095,-0.001453487831865804,0.0,HOLD,closed,0.0,0.0,0.0,0.030809305418173172,True,False
2024-06-07 03:00:00+00:00,70989.68,0.0,1002.1002416547095,-0.001453487831865804,0.0,HOLD,closed,0.0,0.0,0.0,0.030800875610999645,True,False
2024-06-07 04:00:00+00:00,71226.52,0.0,1002.1002416547095,-0.001453487831865804,0.0,HOLD,closed,0.0,0.0,0.0,0.030800432469712036,True,False
2024-06-07 05:00:00+00:00,71290.6,0.0,1002.1002416547095,-0.001453487831865804,0.0,HOLD,closed,0.0,0.0,0.0,0.030798663692374967,True,False
2024-06-07 06:00:00+00:00,71265.7,0.0,1002.1002416547095,-0.001453487831865804,0.0,HOLD,closed,0.0,0.0,0.0,0.030797963547237323,True,False
2024-06-07 07:00:00+00:00,71110.0,0.0,1002.1002416547095,-0.001453487831865804,0.0,HOLD,closed,0.0,0.0,0.0,0.030795369989941895,True,False
2024-06-07 08:00:00+00:00,71117.2,0.00070461264289986,1002.0050727429405,-0.0015483192478895325,0.05,BUY,closed,0.05,0.05,0.05,0.03079406712715549,False,False
2024-06-07 09:00:00+00:00,71302.07,0.00070461264289986,1002.1353344822334,-0.0014185194533848388,0.05,HOLD,closed,0.05,0.05013328864697518,0.00013328864697517706,0.030786045298429404,True,False
2024-06-07 10:00:00+00:00,71377.38,0.0,1002.0348718903917,-0.0015186257766017389,0.0,SELL,closed,0.0,0.0,0.05018358266994342,0.030748904475568162,False,False
2024-06-07 11:00:00+00:00,71699.99,0.0,1002.0348718903917,-0.0015186257766017389,0.0,HOLD,closed,0.0,0.0,0.0,0.03074786530989948,True,False
2024-06-07 12:00:00+00:00,71234.09,0.0,1002.0348718903917,-0.0015186257766017389,0.0,HOLD,closed,0.0,0.0,0.0,0.03075683075219543,True,False
2024-06-07 13:00:00+00:00,71534.6,0.0007033394206975844,1002.1460038816448,-0.0014078878906665056,0.05,BUY,closed,0.05,0.05,0.05,0.030760255151256605,False,False
2024-06-07 14:00:00+00:00,71430.94,0.0,1002.0454028299491,-0.0015081321827198379,0.0,SELL,closed,0.0,0.0,0.05013625869629941,0.030760934000627488,False,False
2024-06-07 15:00:00+00:00,71111.54,0.0007014086214682836,1001.9395676433838,-0.0016135920479274596,0.05,BUY,closed,0.05,0.05,0.05,0.030770065173942457,False,False
2024-06-07 16:00:00+00:00,70873.47,0.0007014086214682836,1001.7725832928709,-0.0017799842249376645,0.05,HOLD,closed,0.05,0.04962330145627526,0.00037669854372474054,0.030777771583276436,True,False
2024-06-07 17:00:00+00:00,69803.59,0.0007014086214682836,1001.0221602369344,-0.0025277460695198096,0.05,HOLD,closed,0.05,0.04891084511440646,0.0010891548855935448,0.030831869045093108,True,False
2024-06-07 18:00:00+00:00,69154.43,0.0007014086214682836,1000.566833816222,-0.0029814577745979104,0.05,HOLD,closed,0.05,0.04847803442546858,0.0015219655745314226,0.03085238726815348,True,False
2024-06-07 19:00:00+00:00,69255.0,0.0007014086214682836,1000.6373744812831,-0.002911167266587965,0.05,HOLD,closed,0.05,0.048545112663783065,0.0014548873362169382,0.030849821571341224,True,False
2024-06-07 20:00:00+00:00,69307.99,0.0007014086214682836,1000.6745421241347,-0.0028741314306583114,0.05,HOLD,closed,0.05,0.04858045216124531,0.0014195478387546909,0.030849270463083944,True,False
2024-06-07 21:00:00+00:00,69250.01,0.0007014086214682836,1000.633874452262,-0.00291465488352111,0.05,HOLD,closed,0.05,0.04854178465360572,0.0014582153463942801,0.03084914217200535,True,False
2024-06-07 22:00:00+00:00,69499.0,0.0007014086214682836,1000.8085181849214,-0.0027406304866892843,0.05,HOLD,closed,0.05,0.04870781662793274,0.0012921833720672612,0.03085200879116784,True,False
2024-06-07 23:00:00+00:00,69355.6,0.0,1000.7110481629535,-0.002837754852527427,0.0,SELL,closed,0.0,0.0,0.04861220145049124,0.03085369872645055,False,False
2024-06-08 00:00:00+00:00,69401.5,0.0,1000.7110481629535,-0.002837754852527427,0.0,HOLD,closed,0.0,0.0,0.0,0.030854325283955486,True,False
2024-06-08 01:00:00+00:00,69465.25,0.0,1000.7110481629535,-0.002837754852527427,0.0,HOLD,closed,0.0,0.0,0.0,0.030866681114945727,True,False
2024-06-08 02:00:00+00:00,69422.11,0.0,1000.7110481629535,-0.002837754852527427,0.0,HOLD,closed,0.0,0.0,0.0,0.03087887387263033,True,False
2024-06-08 03:00:00+00:00,69432.0,0.0,1000.7110481629535,-0.002837754852527427,0.0,HOLD,closed,0.0,0.0,0.0,0.03087906022003173,True,False
2024-06-08 04:00:00+00:00,69316.73,0.0,1000.7110481629535,-0.002837754852527427,0.0,HOLD,closed,0.0,0.0,0.0,0.030881285849716583,True,False
2024-06-08 05:00:00+00:00,69319.99,0.0,1000.7110481629535,-0.002837754852527427,0.0,HOLD,closed,0.0,0.0,0.0,0.030886955307425856,True,False
2024-06-08 06:00:00+00:00,69333.45,0.0,1000.7110481629535,-0.002837754852527427,0.0,HOLD,closed,0.0,0.0,0.0,0.03089256637741472,True,False
2024-06-08 07:00:00+00:00,69582.2,0.0,1000.7110481629535,-0.002837754852527427,0.0,HOLD,closed,0.0,0.0,0.0,0.030903532835188957,True,False
2024-06-08 08:00:00+00:00,69436.42,0.0,1000.7110481629535,-0.002837754852527427,0.0,HOLD,closed,0.0,0.0,0.0,0.030914177013495026,True,False
2024-06-08 09:00:00+00:00,69443.24,0.0,1000.7110481629535,-0.002837754852527427,0.0,HOLD,closed,0.0,0.0,0.0,0.030923340699632346,True,False
2024-06-08 10:00:00+00:00,69453.4,0.0,1000.7110481629535,-0.002837754852527427,0.0,HOLD,closed,0.0,0.0,0.0,0.03093299707181507,True,False
2024-06-08 11:00:00+00:00,69365.93,0.0,1000.7110481629535,-0.002837754852527427,0.0,HOLD,closed,0.0,0.0,0.0,0.030941178422225518,True,False
2024-06-08 12:00:00+00:00,69360.22,0.0,1000.7110481629535,-0.002837754852527427,0.0,HOLD,closed,0.0,0.0,0.0,0.030941481008736588,True,False
2024-06-08 13:00:00+00:00,69430.0,0.0,1000.7110481629535,-0.002837754852527427,0.0,HOLD,closed,0.0,0.0,0.0,0.030941906019647136,True,False
2024-06-08 14:00:00+00:00,69461.69,0.0,1000.7110481629535,-0.002837754852527427,0.0,HOLD,closed,0.0,0.0,0.0,0.030941865581294525,True,False
2024-06-08 15:00:00+00:00,69430.01,0.0,1000.7110481629535,-0.002837754852527427,0.0,HOLD,closed,0.0,0.0,0.0,0.030941610382619306,True,False
2024-06-08 16:00:00+00:00,69387.15,0.0,1000.7110481629535,-0.002837754852527427,0.0,HOLD,closed,0.0,0.0,0.0,0.030942361685877384,True,False
2024-06-08 17:00:00+00:00,69439.99,0.0,1000.7110481629535,-0.002837754852527427,0.0,HOLD,closed,0.0,0.0,0.0,0.030944070924906836,True,False
2024-06-08 18:00:00+00:00,69454.89,0.0,1000.7110481629535,-0.002837754852527427,0.0,HOLD,closed,0.0,0.0,0.0,0.03094693454107128,True,False
2024-06-08 19:00:00+00:00,69460.01,0.0,1000.7110481629535,-0.002837754852527427,0.0,HOLD,closed,0.0,0.0,0.0,0.030949087442779077,True,False
2024-06-08 20:00:00+00:00,69372.73,0.0,1000.7110481629535,-0.002837754852527427,0.0,HOLD,closed,0.0,0.0,0.0,0.030950198663878187,True,False
2024-06-08 21:00:00+00:00,69404.91,0.0007212566839387874,1000.6341548678834,-0.0029143754623325046,0.05,BUY,closed,0.05,0.05,0.05,0.030952490682281064,False,False
2024-06-08 22:00:00+00:00,69338.15,0.0,1000.5340551886443,-0.0030141201599370765,0.0,SELL,closed,0.0,0.0,0.04998131490040589,0.03095054145482748,False,False
2024-06-08 23:00:00+00:00,69310.46,0.0007214888594436428,1000.413998743256,-0.0031337508513815003,0.05,BUY,closed,0.05,0.05,0.05,0.03095074107535975,False,False
2024-06-09 00:00:00+00:00,69268.7,0.0007214888594436428,1000.3838693684856,-0.00316377337890935,0.05,HOLD,closed,0.05,0.04995741823555461,4.258176444539574e-05,0.03095103716496514,True,False
2024-06-09 01:00:00+00:00,69285.0,0.0007214888594436428,1000.3956296368946,-0.003152054815722001,0.05,HOLD,closed,0.05,0.049968586572790866,3.141342720913709e-05,0.030951338446342763,True,False
2024-06-09 02:00:00+00:00,69174.93,0.0,1000.2956851202817,-0.0032516449009506714,0.0,SELL,closed,0.0,0.0,0.04989316436295627,0.030952027341025923,False,False
2024-06-09 03:00:00+00:00,69259.38,0.0007230190400800477,1000.2566967325027,-0.003290495024933771,0.05,BUY,closed,0.05,0.05,0.05,0.030948393977544397,False,False
2024-06-09 04:00:00+00:00,69304.44,0.0,1000.1565700695396,-0.0033902666105705324,0.0,SELL,closed,0.0,0.0,0.05009393870935151,0.03094788598866166,False,False
2024-06-09 05:00:00+00:00,69293.47,0.0,1000.1565700695396,-0.0033902666105705324,0.0,HOLD,closed,0.0,0.0,0.0,0.030981168423950656,True,False
2024-06-09 06:00:00+00:00,69391.01,0.0,1000.1565700695396,-0.0033902666105705324,0.0,HOLD,closed,0.0,0.0,0.0,0.031021562173228656,True,False
2024-06-09 07:00:00+00:00,69295.64,0.0,1000.1565700695396,-0.0033902666105705324,0.0,HOLD,closed,0.0,0.0,0.0,0.031028529727493537,True,False
2024-06-09 08:00:00+00:00,69352.15,0.0,1000.1565700695396,-0.0033902666105705324,0.0,HOLD,closed,0.0,0.0,0.0,0.031015618343919832,True,False
2024-06-09 09:00:00+00:00,69369.98,0.0,1000.1565700695396,-0.0033902666105705324,0.0,HOLD,closed,0.0,0.0,0.0,0.031013453044859446,True,False
2024-06-09 10:00:00+00:00,69346.49,0.0,1000.1565700695396,-0.0033902666105705324,0.0,HOLD,closed,0.0,0.0,0.0,0.031013092275160165,True,False
2024-06-09 11:00:00+00:00,69367.69,0.0,1000.1565700695396,-0.0033902666105705324,0.0,HOLD,closed,0.0,0.0,0.0,0.03101371825385027,True,False
2024-06-09 12:00:00+00:00,69712.95,0.0,1000.1565700695396,-0.0033902666105705324,0.0,HOLD,closed,0.0,0.0,0.0,0.03101815543368483,True,False
2024-06-09 13:00:00+00:00,69467.03,0.0,1000.1565700695396,-0.0033902666105705324,0.0,HOLD,closed,0.0,0.0,0.0,0.031021963361635096,True,False
2024-06-09 14:00:00+00:00,69490.12,0.0,1000.1565700695396,-0.0033902666105705324,0.0,HOLD,closed,0.0,0.0,0.0,0.03102236884937437,True,False
2024-06-09 15:00:00+00:00,69508.64,0.0,1000.1565700695396,-0.0033902666105705324,0.0,HOLD,closed,0.0,0.0,0.0,0.031006810358305437,True,False
2024-06-09 16:00:00+00:00,69622.88,0.0,1000.1565700695396,-0.0033902666105705324,0.0,HOLD,closed,0.0,0.0,0.0,0.03100681365094493,True,False
2024-06-09 17:00:00+00:00,69660.51,0.0,1000.1565700695396,-0.0033902666105705324,0.0,HOLD,closed,0.0,0.0,0.0,0.03100739066196842,True,False
2024-06-09 18:00:00+00:00,69738.1,0.0,1000.1565700695396,-0.0033902666105705324,0.0,HOLD,closed,0.0,0.0,0.0,0.03101019309933825,True,False
2024-06-09 19:00:00+00:00,69710.26,0.0,1000.1565700695396,-0.0033902666105705324,0.0,HOLD,closed,0.0,0.0,0.0,0.031014762540391844,True,False
2024-06-09 20:00:00+00:00,69686.85,0.0,1000.1565700695396,-0.0033902666105705324,0.0,HOLD,closed,0.0,0.0,0.0,0.031016988519134703,True,False
2024-06-09 21:00:00+00:00,69749.96,0.0,1000.1565700695396,-0.0033902666105705324,0.0,HOLD,closed,0.0,0.0,0.0,0.03101795545016678,True,False
2024-06-09 22:00:00+00:00,69634.35,0.0,1000.1565700695396,-0.0033902666105705324,0.0,HOLD,closed,0.0,0.0,0.0,0.03101764919546629,True,False
2024-06-09 23:00:00+00:00,69648.14,0.0007181487487423879,1000.0664254983761,-0.0034800915037145044,0.05,BUY,closed,0.05,0.05,0.05,0.03101793303910788,False,False
2024-06-10 00:00:00+00:00,69559.99,0.0007181487487423879,1000.0031206861745,-0.003543171819235657,0.05,HOLD,closed,0.05,0.049954263889452344,4.5736110547658915e-05,0.031007182543350137,True,False
2024-06-10 01:00:00+00:00,69625.52,0.0007181487487423879,1000.0501809736795,-0.0034962784207547113,0.05,HOLD,closed,0.05,0.049998971071486764,1.0289285132386583e-06,0.0310077396208093,True,False
2024-06-10 02:00:00+00:00,69716.0,0.0007181487487423879,1000.1151590724658,-0.0034315307525941098,0.05,HOLD,closed,0.05,0.05006069322432561,6.0693224325607253e-05,0.03097932058658906,True,False
2024-06-10 03:00:00+00:00,69613.2,0.0,1000.0150583564883,-0.0035312764832604697,0.0,SELL,closed,0.0,0.0,0.04999056619682983,0.030970859826985636,False,False
2024-06-10 04:00:00+00:00,69674.33,0.0007182653996343283,999.9589394141559,-0.0035871964120293555,0.05,BUY,closed,0.05,0.05,0.05,0.030971435247020063,False,False
2024-06-10 05:00:00+00:00,69580.48,0.0007182653996343283,999.8915302064001,-0.003654366567762861,0.05,HOLD,closed,0.05,0.049982672884159696,1.7327115840307106e-05,0.030971325759818147,True,False
2024-06-10 06:00:00+00:00,69429.87,0.0007182653996343283,999.7833522545612,-0.0037621608901391023,0.05,HOLD,closed,0.05,0.0498798796855861,0.00012012031441390597,0.03097045043368149,True,False
2024-06-10 07:00:00+00:00,69303.99,0.0007182653996343283,999.6929370060553,-0.003852255500727467,0.05,HOLD,closed,0.05,0.049793947952342064,0.00020605204765793833,0.030971141162296212,True,False
2024-06-10 08:00:00+00:00,69387.5,0.0007182653996343283,999.7529193495787,-0.003792485871475531,0.05,HOLD,closed,0.05,0.049850957624160856,0.00014904237583914653,0.03097292146298386,True,False
2024-06-10 09:00:00+00:00,69449.99,0.0007182653996343283,999.7978037544019,-0.0037477606393840723,0.05,HOLD,closed,0.05,0.04989361312320294,0.00010638687679706549,0.03097345718227415,True,False
2024-06-10 10:00:00+00:00,69439.99,0.0007182653996343283,999.7906211004056,-0.003754917821667849,0.05,HOLD,closed,0.05,0.04988678740860568,0.00011321259139432382,0.030973393153460677,True,False
2024-06-10 11:00:00+00:00,69473.89,0.0007182653996343283,999.8149702974531,-0.00373065497372587,0.05,HOLD,closed,0.05,0.04990992618379729,9.00738162027126e-05,0.030964307197007795,True,False
2024-06-10 12:00:00+00:00,69363.99,0.0007182653996343283,999.7360329300334,-0.0038093124070246913,0.05,HOLD,closed,0.05,0.04983490877243227,0.00016509122756773464,0.03093276352151661,True,False
2024-06-10 13:00:00+00:00,69408.21,0.0007182653996343283,999.7677946260052,-0.0037776633469657787,0.05,HOLD,closed,0.05,0.04986509463650274,0.00013490536349726467,0.03093190596162848,True,False
2024-06-10 14:00:00+00:00,69662.09,0.0007182653996343283,999.9501478456643,-0.0035959568031447725,0.05,HOLD,closed,0.05,0.05003836343342913,3.8363433429125515e-05,0.03092688163593646,True,False
2024-06-10 15:00:00+00:00,70066.12,0.0,1000.0695141948876,-0.0034770137605901717,0.0,SELL,closed,0.0,0.0,0.050313976787986714,0.03084990729804238,False,False
2024-06-10 16:00:00+00:00,69972.17,0.0,1000.0695141948876,-0.0034770137605901717,0.0,HOLD,closed,0.0,0.0,0.0,0.030837688026255528,True,False
2024-06-10 17:00:00+00:00,70043.0,0.0,1000.0695141948876,-0.0034770137605901717,0.0,HOLD,closed,0.0,0.0,0.0,0.03083613627872156,True,False
2024-06-10 18:00:00+00:00,69860.01,0.0,1000.0695141948876,-0.0034770137605901717,0.0,HOLD,closed,0.0,0.0,0.0,0.030837486679001352,True,False
2024-06-10 19:00:00+00:00,69490.8,0.0,1000.0695141948876,-0.0034770137605901717,0.0,HOLD,closed,0.0,0.0,0.0,0.030661956255873563,True,False
2024-06-10 20:00:00+00:00,69632.51,0.000719569619489892,1000.0714452568119,-0.0034750895467549063,0.05,BUY,closed,0.05,0.05,0.05,0.030662653326187533,False,False
2024-06-10 21:00:00+00:00,69585.48,0.000719569619489892,1000.0376038976074,-0.003508810894975433,0.05,HOLD,closed,0.05,0.050069714549202345,6.971454920234182e-05,0.030660397693925562,True,False
2024-06-10 22:00:00+00:00,69495.99,0.000719569619489892,999.9732096123591,-0.003572976819965134,0.05,HOLD,closed,0.05,0.05000854282862108,8.542828621074805e-06,0.03065926640832098,True,False
2024-06-10 23:00:00+00:00,69540.0,0.000719569619489892,1000.0048778713129,-0.003541420865570253,0.05,HOLD,closed,0.05,0.05003862725734265,3.8627257342646604e-05,0.030659747009300742,True,False
2024-06-11 00:00:00+00:00,69410.85,0.000719569619489892,999.9119454549558,-0.0036340237174242273,0.05,HOLD,closed,0.05,0.04995033727719372,4.9662722806285975e-05,0.03065325100682456,True,False
2024-06-11 01:00:00+00:00,68724.01,0.000719569619489892,999.4177162575054,-0.004126500239045314,0.05,HOLD,closed,0.05,0.04948052142871762,0.0005194785712823793,0.030675307238639732,True,False
2024-06-11 02:00:00+00:00,68268.62,0.000719569619489892,999.0900314484859,-0.0044530229855088855,0.05,HOLD,closed,0.05,0.04916876694813956,0.0008312330518604402,0.030687859217450375,True,False
2024-06-11 03:00:00+00:00,68464.0,0.000719569619489892,999.2306209607418,-0.004312932043230729,0.05,HOLD,closed,0.05,0.04930254677482656,0.000697453225173443,0.030690292102772104,True,False
2024-06-11 04:00:00+00:00,68024.04,0.000719569619489892,998.9140391109511,-0.004628391204683762,0.05,HOLD,closed,0.05,0.04900124601565285,0.0009987539843471505,0.030707941416308976,True,False
2024-06-11 05:00:00+00:00,67903.57,0.000719569619489892,998.8273525588911,-0.00471477034183319,0.05,HOLD,closed,0.05,0.04891871042751042,0.0010812895724895827,0.030722419773985515,True,False
2024-06-11 06:00:00+00:00,67692.0,0.000719569619489892,998.6751132144956,-0.004866469802667465,0.05,HOLD,closed,0.05,0.04877372634802808,0.0012262736519719208,0.030742344102819147,True,False
2024-06-11 07:00:00+00:00,67570.18,0.000719569619489892,998.5874552434493,-0.0049538169138780685,0.05,HOLD,closed,0.05,0.04869022583466153,0.0013097741653384717,0.030747617178210646,True,False
2024-06-11 08:00:00+00:00,67516.74,0.000719569619489892,998.5490014429838,-0.004992134346344739,0.05,HOLD,closed,0.05,0.04865359120162519,0.001346408798374811,0.03074623589441436,True,False
2024-06-11 09:00:00+00:00,67084.34,0.000719569619489892,998.2378595395164,-0.005302172853055096,0.05,HOLD,closed,0.05,0.04835706494822604,0.0016429350517739652,0.030729281632027705,True,False
2024-06-11 10:00:00+00:00,66961.99,0.000719569619489892,998.1498201965718,-0.005389899983711973,0.05,HOLD,closed,0.05,0.048273127630375987,0.0017268723696240162,0.030723930806903693,True,False
2024-06-11 11:00:00+00:00,66890.01,0.000719569619489892,998.0980255753609,-0.005441510926619042,0.05,HOLD,closed,0.05,0.04822373936230263,0.0017762606376973758,0.03071604381913054,True,False
2024-06-11 12:00:00+00:00,67019.99,0.000719569619489892,998.1915552345022,-0.005348312949971944,0.05,HOLD,closed,0.05,0.04831291994970533,0.0016870800502946717,0.030718415666094623,True,False
2024-06-11 13:00:00+00:00,66812.0,0.000719569619489892,998.0418919493445,-0.0054974454869994105,0.05,HOLD,closed,0.05,0.04817020788922831,0.0018297921107716941,0.030722078772420003,True,False
2024-06-11 14:00:00+00:00,66851.26,0.000719569619489892,998.0701422526057,-0.005469295367264311,0.05,HOLD,closed,0.05,0.04819714936271979,0.0018028506372802094,0.030722718477542738,True,False
2024-06-11 15:00:00+00:00,66244.48,0.0,997.9739652145407,-0.005565131334484383,0.0,SELL,closed,0.0,0.0,0.047780586984440605,0.030729482185104684,False,False
2024-06-11 16:00:00+00:00,66487.47,0.0007532506596885814,998.0571752464679,-0.005482216388748972,0.05,BUY,closed,0.05,0.05,0.05,0.030723593468739513,False,False
2024-06-11 17:00:00+00:00,66770.99,0.0,998.1741471717401,-0.005365659278844204,0.0,SELL,closed,0.0,0.0,0.05038241672101916,0.0307299040246424,False,False
2024-06-11 18:00:00+00:00,67117.3,0.0,998.1741471717401,-0.005365659278844204,0.0,HOLD,closed,0.0,0.0,0.0,0.030723927409742224,True,False
2024-06-11 19:00:00+00:00,67407.01,0.0,998.1741471717401,-0.005365659278844204,0.0,HOLD,closed,0.0,0.0,0.0,0.03072907724315152,True,False
2024-06-11 20:00:00+00:00,67290.07,0.0,998.1741471717401,-0.005365659278844204,0.0,HOLD,closed,0.0,0.0,0.0,0.030730502976792307,True,False
2024-06-11 21:00:00+00:00,67396.61,0.0,998.1741471717401,-0.005365659278844204,0.0,HOLD,closed,0.0,0.0,0.0,0.030732017567957015,True,False
2024-06-11 22:00:00+00:00,67360.22,0.0,998.1741471717401,-0.005365659278844204,0.0,HOLD,closed,0.0,0.0,0.0,0.030731364589764443,True,False
2024-06-11 23:00:00+00:00,67314.24,0.0,998.1741471717401,-0.005365659278844204,0.0,HOLD,closed,0.0,0.0,0.0,0.0307319901449587,True,False
2024-06-12 00:00:00+00:00,67199.99,0.0,998.1741471717401,-0.005365659278844204,0.0,HOLD,closed,0.0,0.0,0.0,0.03072659546325543,True,False
2024-06-12 01:00:00+00:00,67180.01,0.0,998.1741471717401,-0.005365659278844204,0.0,HOLD,closed,0.0,0.0,0.0,0.030722392418679384,True,False
2024-06-12 02:00:00+00:00,67415.25,0.0,998.1741471717401,-0.005365659278844204,0.0,HOLD,closed,0.0,0.0,0.0,0.03072626117115468,True,False
2024-06-12 03:00:00+00:00,67407.0,0.0,998.1741471717401,-0.005365659278844204,0.0,HOLD,closed,0.0,0.0,0.0,0.030725821074850307,True,False
2024-06-12 04:00:00+00:00,67481.59,0.0,998.1741471717401,-0.005365659278844204,0.0,HOLD,closed,0.0,0.0,0.0,0.030721414810115366,True,False
2024-06-12 05:00:00+00:00,67243.21,0.0,998.1741471717401,-0.005365659278844204,0.0,HOLD,closed,0.0,0.0,0.0,0.030725088599140526,True,False
2024-06-12 06:00:00+00:00,67281.64,0.000742211850959926,998.1028280041016,-0.005436725528642214,0.05,BUY,closed,0.05,0.05,0.05,0.030723109793091563,False,False
2024-06-12 07:00:00+00:00,67453.63,0.0,998.0029711043189,-0.005536228307754709,0.0,SELL,closed,0.0,0.0,0.0501536313788894,0.030713364092159884,False,False
2024-06-12 08:00:00+00:00,67393.46,0.0,998.0029711043189,-0.005536228307754709,0.0,HOLD,closed,0.0,0.0,0.0,0.030713844581178984,True,False
2024-06-12 09:00:00+00:00,67753.32,0.0,998.0029711043189,-0.005536228307754709,0.0,HOLD,closed,0.0,0.0,0.0,0.03072225533043524,True,False
2024-06-12 10:00:00+00:00,67991.98,0.0,998.0029711043189,-0.005536228307754709,0.0,HOLD,closed,0.0,0.0,0.0,0.030710027128328737,True,False
2024-06-12 11:00:00+00:00,67778.43,0.0,998.0029711043189,-0.005536228307754709,0.0,HOLD,closed,0.0,0.0,0.0,0.030706403708127022,True,False
2024-06-12 12:00:00+00:00,69339.29,0.0,998.0029711043189,-0.005536228307754709,0.0,HOLD,closed,0.0,0.0,0.0,0.030846183972629365,True,False
2024-06-12 13:00:00+00:00,69320.0,0.0,998.0029711043189,-0.005536228307754709,0.0,HOLD,closed,0.0,0.0,0.0,0.03083924152330375,True,False
2024-06-12 14:00:00+00:00,69960.57,0.0,998.0029711043189,-0.005536228307754709,0.0,HOLD,closed,0.0,0.0,0.0,0.0308575136054465,True,False
2024-06-12 15:00:00+00:00,69734.0,0.0,998.0029711043189,-0.005536228307754709,0.0,HOLD,closed,0.0,0.0,0.0,0.030860567751411605,True,False
2024-06-12 16:00:00+00:00,69616.0,0.0,998.0029711043189,-0.005536228307754709,0.0,HOLD,closed,0.0,0.0,0.0,0.03085989197273256,True,False
2024-06-12 17:00:00+00:00,69799.99,0.0007167912748118709,998.0350211158741,-0.005504291954560636,0.05,BUY,closed,0.05,0.05,0.05,0.03086185574959993,False,False
2024-06-12 18:00:00+00:00,68828.01,0.0,997.9349892378386,-0.005603969091403745,0.0,SELL,closed,0.0,0.0,0.04946698258923234,0.030907432040782862,False,False
2024-06-12 19:00:00+00:00,67532.92,0.0007249484143356183,997.118663590859,-0.006417399817893661,0.05,BUY,closed,0.05,0.05,0.05,0.03100276356172693,False,False
2024-06-12 20:00:00+00:00,68103.97,0.0007249484143356183,997.5326453828653,-0.006004886121832237,0.05,HOLD,closed,0.05,0.04949398427207461,0.0005060157279253921,0.031015770855639307,True,False
2024-06-12 21:00:00+00:00,68536.0,0.0007249484143356183,997.8458448463107,-0.005692797351830668,0.05,HOLD,closed,0.05,0.049792324918242745,0.00020767508175725813,0.03102627310447778,True,False
2024-06-12 22:00:00+00:00,68345.82,0.0,997.7464995597932,-0.0057917903320026,0.0,SELL,closed,0.0,0.0,0.04966101817251503,0.031029544951392457,False,False
2024-06-12 23:00:00+00:00,68263.99,0.0007299251406631902,997.5869774911657,-0.005950746690479021,0.05,BUY,closed,0.05,0.05,0.05,0.031031437481980784,False,False
2024-06-13 00:00:00+00:00,68330.02,0.0007299251406631902,997.6351744482037,-0.00590272065341523,0.05,HOLD,closed,0.05,0.04999402661158687,5.973388413134384e-06,0.03103164770262934,True,False
2024-06-13 01:00:00+00:00,67979.63,0.0007299251406631902,997.3794159781667,-0.006157572131937173,0.05,HOLD,closed,0.05,0.049750416135586104,0.00024958386441389924,0.031038508600795406,True,False
2024-06-13 02:00:00+00:00,67734.81,0.0007299251406631902,997.2007157052295,-0.006335638683413323,0.05,HOLD,closed,0.05,0.04958012959515286,0.00041987040484714466,0.031042221496218575,True,False
2024-06-13 03:00:00+00:00,67474.94,0.0007299251406631902,997.0110300589254,-0.006524651651030825,0.05,HOLD,closed,0.05,0.04939930811781435,0.0006006918821856513,0.03104579928976081,True,False
2024-06-13 04:00:00+00:00,67328.01,0.0007299251406631902,996.9037821580077,-0.006631519220708102,0.05,HOLD,closed,0.05,0.049297041549425435,0.0007029584505745673,0.0310490525037187,True,False
2024-06-13 05:00:00+00:00,67604.04,0.0007299251406631902,997.105263394585,-0.006430752493300346,0.05,HOLD,closed,0.05,0.04948914645020007,0.0005108535497999334,0.031055123173912846,True,False
2024-06-13 06:00:00+00:00,67518.57,0.0,997.0065962907164,-0.006529069695849892,0.0,SELL,closed,0.0,0.0,0.049429671337807096,0.031055462130008538,False,False
2024-06-13 07:00:00+00:00,67724.81,0.0,997.0065962907164,-0.006529069695849892,0.0,HOLD,closed,0.0,0.0,0.0,0.03104839415931865,True,False
2024-06-13 08:00:00+00:00,67565.56,0.0,997.0065962907164,-0.006529069695849892,0.0,HOLD,closed,0.0,0.0,0.0,0.031035178347924353,True,False
2024-06-13 09:00:00+00:00,67419.86,0.0007378066937722248,997.0199972750346,-0.006515716235193642,0.05,BUY,closed,0.05,0.05,0.05,0.030929468979537827,False,False
2024-06-13 10:00:00+00:00,67820.4,0.0007378066937722248,997.3155183681581,-0.006221243143037383,0.05,HOLD,closed,0.05,0.05017303368164194,0.00017303368164194033,0.03093493253439228,True,False
2024-06-13 11:00:00+00:00,67739.99,0.0,997.2154666971421,-0.00632094000266955,0.0,SELL,closed,0.0,0.0,0.05011652822261527,0.030929961278362533,False,False
2024-06-13 12:00:00+00:00,67749.54,0.0,997.2154666971421,-0.00632094000266955,0.0,HOLD,closed,0.0,0.0,0.0,0.030926667373822547,True,False
2024-06-13 13:00:00+00:00,67589.99,0.0,997.2154666971421,-0.00632094000266955,0.0,HOLD,closed,0.0,0.0,0.0,0.030926256999325386,True,False
2024-06-13 14:00:00+00:00,67365.62,0.000737694530771669,997.1707981977726,-0.006365450094968896,0.05,BUY,closed,0.05,0.05,0.05,0.03092577233084931,False,False
2024-06-13 15:00:00+00:00,66470.01,0.000737694530771669,996.5101115990682,-0.007023793713051581,0.05,HOLD,closed,0.05,0.04920628728859955,0.0007937127114004544,0.03097143217708137,True,False
2024-06-13 16:00:00+00:00,66976.0,0.000737694530771669,996.8833776546933,-0.006651851363911201,0.05,HOLD,closed,0.05,0.04956229585169941,0.0004377041483005911,0.0309656969971141,True,False
2024-06-13 17:00:00+00:00,66920.0,0.000737694530771669,996.84206676097,-0.0066930157575788,0.05,HOLD,closed,0.05,0.04952290803662236,0.0004770919633776405,0.03096382153448629,True,False
2024-06-13 18:00:00+00:00,66862.99,0.0,996.7433510460355,-0.006791381398805774,0.0,SELL,closed,0.0,0.0,0.04948280648057359,0.030958693689251027,False,False
2024-06-13 19:00:00+00:00,66604.01,0.0,996.7433510460355,-0.006791381398805774,0.0,HOLD,closed,0.0,0.0,0.0,0.030958309381045185,True,False
2024-06-13 20:00:00+00:00,66712.98,0.0007482607661656075,996.7251897680362,-0.006809478271802002,0.05,BUY,closed,0.05,0.05,0.05,0.0309587722025296,False,False
2024-06-13 21:00:00+00:00,66969.99,0.0,996.8466260710948,-0.006688472616050963,0.0,SELL,closed,0.0,0.0,0.050265960838338675,0.030963853897568117,False,False
2024-06-13 22:00:00+00:00,66896.0,0.0,996.8466260710948,-0.006688472616050963,0.0,HOLD,closed,0.0,0.0,0.0,0.03096247545694189,True,False
2024-06-13 23:00:00+00:00,66773.01,0.0,996.8466260710948,-0.006688472616050963,0.0,HOLD,closed,0.0,0.0,0.0,0.030962985411932042,True,False
2024-06-14 00:00:00+00:00,66727.73,0.0,996.8466260710948,-0.006688472616050963,0.0,HOLD,closed,0.0,0.0,0.0,0.030963612877535268,True,False
2024-06-14 01:00:00+00:00,66806.17,0.0,996.8466260710948,-0.006688472616050963,0.0,HOLD,closed,0.0,0.0,0.0,0.030957416154113293,True,False
2024-06-14 02:00:00+00:00,66952.0,0.0,996.8466260710948,-0.006688472616050963,0.0,HOLD,closed,0.0,0.0,0.0,0.030950317063845684,True,False
2024-06-14 03:00:00+00:00,66744.0,0.0,996.8466260710948,-0.006688472616050963,0.0,HOLD,closed,0.0,0.0,0.0,0.03094994285427577,True,False
2024-06-14 04:00:00+00:00,66717.39,0.0,996.8466260710948,-0.006688472616050963,0.0,HOLD,closed,0.0,0.0,0.0,0.030951610841486482,True,False
2024-06-14 05:00:00+00:00,67052.49,0.0,996.8466260710948,-0.006688472616050963,0.0,HOLD,closed,0.0,0.0,0.0,0.03095983209863315,True,False
2024-06-14 06:00:00+00:00,66962.41,0.0,996.8466260710948,-0.006688472616050963,0.0,HOLD,closed,0.0,0.0,0.0,0.03096427579632338,True,False
2024-06-14 07:00:00+00:00,66904.98,0.0,996.8466260710948,-0.006688472616050963,0.0,HOLD,closed,0.0,0.0,0.0,0.030966308111463864,True,False
2024-06-14 08:00:00+00:00,67152.04,0.0,996.8466260710948,-0.006688472616050963,0.0,HOLD,closed,0.0,0.0,0.0,0.03097165894614104,True,False
2024-06-14 09:00:00+00:00,66920.01,0.0,996.8466260710948,-0.006688472616050963,0.0,HOLD,closed,0.0,0.0,0.0,0.030968355831303168,True,False
2024-06-14 10:00:00+00:00,66873.14,0.0007448046003512962,996.7120074957036,-0.006822613796086952,0.05,BUY,closed,0.05,0.05,0.05,0.03093377923021834,False,False
2024-06-14 11:00:00+00:00,67036.0,0.0007448046003512962,996.8333063729168,-0.006701745078830499,0.05,HOLD,closed,0.05,0.05008733242553905,8.733242553904397e-05,0.030927321758636217,True,False
2024-06-14 12:00:00+00:00,67083.3,0.0,996.9540601298729,-0.006581419548681326,0.0,SELL,closed,0.0,0.0,0.050120902266359735,0.03092975847979118,False,False
2024-06-14 13:00:00+00:00,67070.5,0.0,996.9540601298729,-0.006581419548681326,0.0,HOLD,closed,0.0,0.0,0.0,0.03091425078513499,True,False
2024-06-14 14:00:00+00:00,66982.98,0.0,996.9540601298729,-0.006581419548681326,0.0,HOLD,closed,0.0,0.0,0.0,0.03091483252249902,True,False
2024-06-14 15:00:00+00:00,66392.0,0.0007441846123671065,996.6352831731808,-0.006899066032568853,0.05,BUY,closed,0.05,0.05,0.05,0.0309352929539575,False,False
2024-06-14 16:00:00+00:00,65293.4,0.0007441846123671065,995.8177219580343,-0.007713727945553174,0.05,HOLD,closed,0.05,0.048794415381149564,0.0012055846188504388,0.03100630269012264,True,False
2024-06-14 17:00:00+00:00,65416.01,0.0007441846123671065,995.9089664333566,-0.00762280704882014,0.05,HOLD,closed,0.05,0.0488815641642387,0.0011184358357613014,0.03100734044526257,True,False
2024-06-14 18:00:00+00:00,65524.86,0.0007441846123671065,995.9899709284127,-0.0075420898185012365,0.05,HOLD,closed,0.05,0.04895891922893043,0.001041080771069576,0.031009407185476484,True,False
2024-06-14 19:00:00+00:00,65520.02,0.0007441846123671065,995.9863690748889,-0.0075456788988387735,0.05,HOLD,closed,0.05,0.04895547991412204,0.0010445200858779646,0.03100886751788859,True,False
2024-06-14 20:00:00+00:00,65766.41,0.0007441846123671065,996.1697287215301,-0.007362969497109062,0.05,HOLD,closed,0.05,0.04913053360438698,0.0008694663956130208,0.031014052471233372,True,False
2024-06-14 21:00:00+00:00,66196.01,0.0,996.2900523721773,-0.00724307254799071,0.0,SELL,closed,0.0,0.0,0.04943559915210763,0.031025671692625517,False,False
2024-06-14 22:00:00+00:00,66014.01,0.0,996.2900523721773,-0.00724307254799071,0.0,HOLD,closed,0.0,0.0,0.0,0.031026061721516895,True,False
2024-06-14 23:00:00+00:00,66043.99,0.0,996.2900523721773,-0.00724307254799071,0.0,HOLD,closed,0.0,0.0,0.0,0.031026408418402374,True,False
2024-06-15 00:00:00+00:00,66185.62,0.0,996.2900523721773,-0.00724307254799071,0.0,HOLD,closed,0.0,0.0,0.0,0.031027863454013788,True,False
2024-06-15 01:00:00+00:00,66076.01,0.0,996.2900523721773,-0.00724307254799071,0.0,HOLD,closed,0.0,0.0,0.0,0.031028576983587186,True,False
2024-06-15 02:00:00+00:00,66215.35,0.0,996.2900523721773,-0.00724307254799071,0.0,HOLD,closed,0.0,0.0,0.0,0.031029678857280724,True,False
2024-06-15 03:00:00+00:00,66267.87,0.0,996.2900523721773,-0.00724307254799071,0.0,HOLD,closed,0.0,0.0,0.0,0.03103076806538224,True,False
2024-06-15 04:00:00+00:00,66246.85,0.0,996.2900523721773,-0.00724307254799071,0.0,HOLD,closed,0.0,0.0,0.0,0.03103229856418424,True,False
2024-06-15 05:00:00+00:00,66231.82,0.0,996.2900523721773,-0.00724307254799071,0.0,HOLD,closed,0.0,0.0,0.0,0.031030801909891076,True,False
2024-06-15 06:00:00+00:00,66168.57,0.0,996.2900523721773,-0.00724307254799071,0.0,HOLD,closed,0.0,0.0,0.0,0.031026619723233784,True,False
2024-06-15 07:00:00+00:00,66076.99,0.0,996.2900523721773,-0.00724307254799071,0.0,HOLD,closed,0.0,0.0,0.0,0.03102360082771044,True,False
2024-06-15 08:00:00+00:00,66221.31,0.0007538857720154757,996.299199254306,-0.007233958103280348,0.05,BUY,closed,0.05,0.05,0.05,0.03102673413533036,False,False
2024-06-15 09:00:00+00:00,66227.0,0.0,996.1993776091313,-0.007333425752807653,0.0,SELL,closed,0.0,0.0,0.05011283567839315,0.03110509266834008,False,False
2024-06-15 10:00:00+00:00,66300.01,0.0,996.1993776091313,-0.007333425752807653,0.0,HOLD,closed,0.0,0.0,0.0,0.031186619346928013,True,False
2024-06-15 11:00:00+00:00,66319.95,0.0,996.1993776091313,-0.007333425752807653,0.0,HOLD,closed,0.0,0.0,0.0,0.03118645713421292,True,False
2024-06-15 12:00:00+00:00,66348.01,0.0,996.1993776091313,-0.007333425752807653,0.0,HOLD,closed,0.0,0.0,0.0,0.03118680962626702,True,False
2024-06-15 13:00:00+00:00,66313.47,0.0,996.1993776091313,-0.007333425752807653,0.0,HOLD,closed,0.0,0.0,0.0,0.031186355251839132,True,False
2024-06-15 14:00:00+00:00,66220.52,0.0,996.1993776091313,-0.007333425752807653,0.0,HOLD,closed,0.0,0.0,0.0,0.03118648471524571,True,False
2024-06-15 15:00:00+00:00,66316.02,0.0007521834078362817,996.1715738036684,-0.007361130958151313,0.05,BUY,closed,0.05,0.05,0.05,0.03118746684907539,False,False
2024-06-15 16:00:00+00:00,66184.0,0.0,996.0718351247378,-0.0074605159356560345,0.0,SELL,closed,0.0,0.0,0.049978809907778914,0.031188531510901507,False,False
2024-06-15 17:00:00+00:00,66250.01,0.0007525019907566315,996.0218756958393,-0.007510298194359196,0.05,BUY,closed,0.05,0.05,0.05,0.031189054246625214,False,False
2024-06-15 18:00:00+00:00,66145.19,0.0,995.9221865836727,-0.00760963378087772,0.0,SELL,closed,0.0,0.0,0.04997714450734782,0.031190009170490723,False,False
2024-06-15 19:00:00+00:00,66154.7,0.0007528303921900237,995.8297288839893,-0.007701763599536816,0.05,BUY,closed,0.05,0.05,0.05,0.031188587752317115,False,False
2024-06-15 20:00:00+00:00,66048.02,0.0007528303921900237,995.7494169377505,-0.007781790737011368,0.05,HOLD,closed,0.05,0.04993521056019155,6.478943980845614e-05,0.031189242709600745,True,False
2024-06-15 21:00:00+00:00,66126.89,0.0007528303921900237,995.8087926707825,-0.007722625567039351,0.05,HOLD,closed,0.05,0.04999185877791777,8.141222082230781e-06,0.031190656499153285,True,False
2024-06-15 22:00:00+00:00,66200.0,0.0,995.7092528968828,-0.007821812344886435,0.0,SELL,closed,0.0,0.0,0.050044363854291805,0.031190103716697615,False,False
2024-06-15 23:00:00+00:00,66228.25,0.0,995.7092528968828,-0.007821812344886435,0.0,HOLD,closed,0.0,0.0,0.0,0.03119265028962162,True,False
2024-06-16 00:00:00+00:00,66161.96,0.0,995.7092528968828,-0.007821812344886435,0.0,HOLD,closed,0.0,0.0,0.0,0.031193922844548,True,False
2024-06-16 01:00:00+00:00,66175.68,0.0,995.7092528968828,-0.007821812344886435,0.0,HOLD,closed,0.0,0.0,0.0,0.031193443365213624,True,False
2024-06-16 02:00:00+00:00,66142.86,0.0,995.7092528968828,-0.007821812344886435,0.0,HOLD,closed,0.0,0.0,0.0,0.031194831183606497,True,False
2024-06-16 03:00:00+00:00,66146.0,0.0007526959469978188,995.6120205441355,-0.007918699884346026,0.05,BUY,closed,0.05,0.05,0.05,0.03119234186903569,False,False
2024-06-16 04:00:00+00:00,66166.02,0.0,995.5124622739189,-0.008017905092916862,0.0,SELL,closed,0.0,0.0,0.0500216352159897,0.03119082309830082,False,False
2024-06-16 05:00:00+00:00,66264.0,0.0,995.5124622739189,-0.008017905092916862,0.0,HOLD,closed,0.0,0.0,0.0,0.031191580600650692,True,False
2024-06-16 06:00:00+00:00,66312.01,0.0,995.5124622739189,-0.008017905092916862,0.0,HOLD,closed,0.0,0.0,0.0,0.031190961535322637,True,False
2024-06-16 07:00:00+00:00,66266.3,0.0,995.5124622739189,-0.008017905092916862,0.0,HOLD,closed,0.0,0.0,0.0,0.03119136370512618,True,False
2024-06-16 08:00:00+00:00,66272.51,0.0,995.5124622739189,-0.008017905092916862,0.0,HOLD,closed,0.0,0.0,0.0,0.03119091858608658,True,False
2024-06-16 09:00:00+00:00,66409.97,0.0,995.5124622739189,-0.008017905092916862,0.0,HOLD,closed,0.0,0.0,0.0,0.03119112613632441,True,False
2024-06-16 10:00:00+00:00,66716.31,0.0,995.5124622739189,-0.008017905092916862,0.0,HOLD,closed,0.0,0.0,0.0,0.031196699983259968,True,False
2024-06-16 11:00:00+00:00,66492.83,0.0,995.5124622739189,-0.008017905092916862,0.0,HOLD,closed,0.0,0.0,0.0,0.03118953830015428,True,False
2024-06-16 12:00:00+00:00,66597.47,0.0,995.5124622739189,-0.008017905092916862,0.0,HOLD,closed,0.0,0.0,0.0,0.031194569513905368,True,False
2024-06-16 13:00:00+00:00,66762.49,0.0,995.5124622739189,-0.008017905092916862,0.0,HOLD,closed,0.0,0.0,0.0,0.031202764873746652,True,False
2024-06-16 14:00:00+00:00,66519.02,0.0,995.5124622739189,-0.008017905092916862,0.0,HOLD,closed,0.0,0.0,0.0,0.03121094336899019,True,False
2024-06-16 15:00:00+00:00,66712.8,0.0007482917005784656,995.5578975885351,-0.007972630904713585,0.05,BUY,closed,0.05,0.05,0.05,0.031214758823191163,False,False
2024-06-16 16:00:00+00:00,66592.19,0.0,995.4580812797276,-0.00807209323679787,0.0,SELL,closed,0.0,0.0,0.050057260318042154,0.031215397337201634,False,False
2024-06-16 17:00:00+00:00,66578.02,0.0007474285507652832,995.3479195225833,-0.00818186432934755,0.05,BUY,closed,0.05,0.05,0.05,0.03121523667506923,False,False
2024-06-16 18:00:00+00:00,66590.01,0.0007474285507652832,995.356881190907,-0.008172934441621935,0.05,HOLD,closed,0.05,0.0500034466132351,3.4466132350988166e-06,0.031215803795909075,True,False
2024-06-16 19:00:00+00:00,66562.52,0.0007474285507652832,995.3363343800464,-0.008193408387708496,0.05,HOLD,closed,0.05,0.049983835755250346,1.616424474965711e-05,0.031215943789442036,True,False
2024-06-16 20:00:00+00:00,66517.55,0.0007474285507652832,995.3027225181186,-0.008226901052514278,0.05,HOLD,closed,0.05,0.049951753242644434,4.824675735556894e-05,0.031210356072366968,True,False
2024-06-16 21:00:00+00:00,66525.0,0.0007474285507652832,995.3082908608217,-0.008221352456721549,0.05,HOLD,closed,0.05,0.049957068373916926,4.293162608307727e-05,0.031206699944845206,True,False
2024-06-16 22:00:00+00:00,66755.99,0.0007474285507652832,995.4809393817629,-0.008049316196025495,0.05,HOLD,closed,0.05,0.05012183647794293,0.00012183647794292846,0.031210234506106993,True,False
2024-06-16 23:00:00+00:00,66676.87,0.0,995.3811736637082,-0.008148728116766106,0.0,SELL,closed,0.0,0.0,0.05006540561170998,0.031207293068943764,False,False
2024-06-17 00:00:00+00:00,66583.96,0.0007464217523618451,995.212268081018,-0.008317034712723511,0.05,BUY,closed,0.05,0.05,0.05,0.031207239625768823,False,False
2024-06-17 01:00:00+00:00,66472.26,0.0007464217523618451,995.1288927712792,-0.008400114350148962,0.05,HOLD,closed,0.05,0.04985921035261913,0.0001407896473808734,0.031204645147530824,True,False
2024-06-17 02:00:00+00:00,66344.02,0.0007464217523618451,995.0331716457563,-0.008495496021621154,0.05,HOLD,closed,0.05,0.049767807826168874,0.00023219217383112917,0.031204905104178282,True,False
2024-06-17 03:00:00+00:00,66222.0,0.0007464217523618451,994.9420932635331,-0.008586251414267965,0.05,HOLD,closed,0.05,0.049680822250439814,0.00031917774956018857,0.031202107535687057,True,False
2024-06-17 04:00:00+00:00,66447.88,0.0007464217523618451,995.1106950089567,-0.008418247578084743,0.05,HOLD,closed,0.05,0.04984183496277586,0.0001581650372241422,0.031205462985056942,True,False
2024-06-17 05:00:00+00:00,66351.62,0.0007464217523618451,995.0388444510743,-0.008489843333667358,0.05,HOLD,closed,0.05,0.04977322518476055,0.00022677481523945137,0.03120609559498977,True,False
2024-06-17 06:00:00+00:00,66132.4,0.0007464217523618451,994.8752138745215,-0.00865289363014375,0.05,HOLD,closed,0.05,0.049616938091816144,0.0003830619081838585,0.031209318686980903,True,False
2024-06-17 07:00:00+00:00,66172.0,0.0007464217523618451,994.904772175915,-0.008623440150805803,0.05,HOLD,closed,0.05,0.04964517366749014,0.00035482633250986245,0.03120825334529087,True,False
2024-06-17 08:00:00+00:00,66194.51,0.0007464217523618451,994.9215741295607,-0.008606697781616494,0.05,HOLD,closed,0.05,0.049661222990526416,0.000338777009473587,0.031206193358295387,True,False
2024-06-17 09:00:00+00:00,65722.08,0.0007464217523618451,994.5689421010924,-0.00895807927766758,0.05,HOLD,closed,0.05,0.049324273105523,0.0006757268944770009,0.031215514618687212,True,False
2024-06-17 10:00:00+00:00,65890.0,0.0007464217523618451,994.694281241749,-0.008833184624879026,0.05,HOLD,closed,0.05,0.04944406556929719,0.0005559344307028147,0.031197270621344614,True,False
2024-06-17 11:00:00+00:00,65817.2,0.0007464217523618451,994.6399417381771,-0.008887331425278025,0.05,HOLD,closed,0.05,0.04939213447802805,0.0006078655219719509,0.03115268442465083,True,False
2024-06-17 12:00:00+00:00,65625.01,0.0007464217523618451,994.4964869415907,-0.009030277490782026,0.05,HOLD,closed,0.05,0.04925501055675479,0.0007449894432452128,0.031152603279899244,True,False
2024-06-17 13:00:00+00:00,65200.01,0.0007464217523618451,994.1792576968369,-0.009346381751353357,0.05,HOLD,closed,0.05,0.048951640603479736,0.0010483593965202667,0.031164864685224336,True,False
2024-06-17 14:00:00+00:00,65472.98,0.0007464217523618451,994.383008442579,-0.009143353563098951,0.05,HOLD,closed,0.05,0.04914651200697189,0.0008534879930281111,0.031167609816325936,True,False
2024-06-17 15:00:00+00:00,65368.0,0.0007464217523618451,994.3046490870161,-0.009221435034333732,0.05,HOLD,closed,0.05,0.04907157695902423,0.000928423040975776,0.031137074676228116,True,False
2024-06-17 16:00:00+00:00,65898.0,0.0007464217523618451,994.7002526157679,-0.008827234427032931,0.05,HOLD,closed,0.05,0.049449771936612805,0.0005502280633871981,0.031146561201522704,True,False
2024-06-17 17:00:00+00:00,66607.28,0.0,994.8243017688117,-0.008703625187198086,0.0,SELL,closed,0.0,0.0,0.049955426294765286,0.03117866231209493,False,False
2024-06-17 18:00:00+00:00,67101.48,0.0,994.8243017688117,-0.008703625187198086,0.0,HOLD,closed,0.0,0.0,0.0,0.031191938306425998,True,False
2024-06-17 19:00:00+00:00,66691.99,0.0,994.8243017688117,-0.008703625187198086,0.0,HOLD,closed,0.0,0.0,0.0,0.031201334384790197,True,False
2024-06-17 20:00:00+00:00,66397.94,0.0,994.8243017688117,-0.008703625187198086,0.0,HOLD,closed,0.0,0.0,0.0,0.031206816472895443,True,False
2024-06-17 21:00:00+00:00,66572.0,0.0,994.8243017688117,-0.008703625187198086,0.0,HOLD,closed,0.0,0.0,0.0,0.031173725444187783,True,False
2024-06-17 22:00:00+00:00,66656.0,0.0,994.8243017688117,-0.008703625187198086,0.0,HOLD,closed,0.0,0.0,0.0,0.031174029894630056,True,False
2024-06-17 23:00:00+00:00,66504.33,0.0,994.8243017688117,-0.008703625187198086,0.0,HOLD,closed,0.0,0.0,0.0,0.031151217230505512,True,False
2024-06-18 00:00:00+00:00,65749.99,0.0,994.8243017688117,-0.008703625187198086,0.0,HOLD,closed,0.0,0.0,0.0,0.031184952461949744,True,False
2024-06-18 01:00:00+00:00,65133.99,0.000756520611693579,994.4846539744391,-0.00904206849490183,0.05,BUY,closed,0.05,0.05,0.05,0.03120649551336399,False,False
2024-06-18 02:00:00+00:00,65467.43,0.000756520611693579,994.7369082072022,-0.008790708826642173,0.05,HOLD,closed,0.05,0.049789506934923206,0.00021049306507679721,0.031213716164257,True,False
2024-06-18 03:00:00+00:00,65500.0,0.000756520611693579,994.761548083525,-0.008766156330255431,0.05,HOLD,closed,0.05,0.049813043298059606,0.0001869567019403967,0.03120907672850426,True,False
2024-06-18 04:00:00+00:00,65574.21,0.000756520611693579,994.8176894781188,-0.008710214028847163,0.05,HOLD,closed,0.05,0.04986666600847004,0.00013333399152996167,0.031196049521926505,True,False
2024-06-18 05:00:00+00:00,65596.01,0.000756520611693579,994.8341816274537,-0.008693780365315325,0.05,HOLD,closed,0.05,0.04988241711666642,0.00011758288333358485,0.03119457609178722,True,False
2024-06-18 06:00:00+00:00,65500.0,0.000756520611693579,994.761548083525,-0.008766156330255431,0.05,HOLD,closed,0.05,0.049813043298059606,0.0001869567019403967,0.031191587466623927,True,False
2024-06-18 07:00:00+00:00,65672.51,0.000756520611693579,994.8920554542483,-0.008636111775398516,0.05,HOLD,closed,0.05,0.049937686369370564,6.23136306294389e-05,0.031191551525534905,True,False
2024-06-18 08:00:00+00:00,65727.53,0.0,994.7927150806787,-0.008735099860045215,0.0,SELL,closed,0.0,0.0,0.049977432907663995,0.031190864768227522,False,False
2024-06-18 09:00:00+00:00,65469.92,0.0,994.7927150806787,-0.008735099860045215,0.0,HOLD,closed,0.0,0.0,0.0,0.031185300024026558,True,False
2024-06-18 10:00:00+00:00,65435.52,0.0007597326490399552,994.6670761362259,-0.008860293253441356,0.05,BUY,closed,0.05,0.05,0.05,0.031183532010459453,False,False
2024-06-18 11:00:00+00:00,65366.0,0.0007597326490399552,994.6142595224646,-0.008912922564625577,0.05,HOLD,closed,0.05,0.049929592162683105,7.040783731689787e-05,0.03117485338318443,True,False
2024-06-18 12:00:00+00:00,65231.95,0.0007597326490399552,994.5124173608608,-0.009014403565262044,0.05,HOLD,closed,0.05,0.049832301045628254,0.00016769895437174914,0.031150057147097565,True,False
2024-06-18 13:00:00+00:00,64844.0,0.0007597326490399552,994.2176790796657,-0.009308096621561325,0.05,HOLD,closed,0.05,0.049550621489601744,0.00044937851039825866,0.031160741707804723,True,False
2024-06-18 14:00:00+00:00,64633.99,0.0007597326490399552,994.0581276260408,-0.009467082260827724,0.05,HOLD,closed,0.05,0.04939806946500299,0.0006019305349970125,0.031163948147519077,True,False
2024-06-18 15:00:00+00:00,64706.0,0.0007597326490399552,994.1128359740982,-0.009412567923969599,0.05,HOLD,closed,0.05,0.04945038330644812,0.0005496166935518854,0.03114616184674754,True,False
2024-06-18 16:00:00+00:00,64700.99,0.0007597326490399552,994.1090297135265,-0.009416360686470034,0.05,HOLD,closed,0.05,0.04944674382685452,0.000553256173145486,0.031145899276326716,True,False
2024-06-18 17:00:00+00:00,64610.0,0.0007597326490399552,994.0399016397904,-0.009485243612601384,0.05,HOLD,closed,0.05,0.04938063992551768,0.0006193600744823224,0.031146338718333277,True,False
2024-06-18 18:00:00+00:00,64678.01,0.0007597326490399552,994.0915710572516,-0.00943375742943627,0.05,HOLD,closed,0.05,0.04943004980886491,0.0005699501911350935,0.031144713834215937,True,False
2024-06-18 19:00:00+00:00,64412.19,0.0,993.99331205237,-0.009531667980232668,0.0,SELL,closed,0.0,0.0,0.0492368999609031,0.03114918112847259,False,False
2024-06-18 20:00:00+00:00,64936.51,0.0007715880071535927,994.5233906754396,-0.009003469165145063,0.05,BUY,closed,0.05,0.05,0.05,0.03117034036778102,False,False
2024-06-18 21:00:00+00:00,65220.02,0.0,994.649692900022,-0.008877614843797305,0.0,SELL,closed,0.0,0.0,0.05058897482380194,0.031176584555188402,False,False
2024-06-18 22:00:00+00:00,65279.99,0.0,994.649692900022,-0.008877614843797305,0.0,HOLD,closed,0.0,0.0,0.0,0.03117635172101685,True,False
2024-06-18 23:00:00+00:00,65175.32,0.0,994.649692900022,-0.008877614843797305,0.0,HOLD,closed,0.0,0.0,0.0,0.03117615802898241,True,False
2024-06-19 00:00:00+00:00,65142.54,0.0,994.649692900022,-0.008877614843797305,0.0,HOLD,closed,0.0,0.0,0.0,0.031176463820740075,True,False
2024-06-19 01:00:00+00:00,65035.59,0.0,994.649692900022,-0.008877614843797305,0.0,HOLD,closed,0.0,0.0,0.0,0.031173640476169107,True,False
2024-06-19 02:00:00+00:00,65327.94,0.0,994.649692900022,-0.008877614843797305,0.0,HOLD,closed,0.0,0.0,0.0,0.031179569291572895,True,False
2024-06-19 03:00:00+00:00,65404.0,0.0,994.649692900022,-0.008877614843797305,0.0,HOLD,closed,0.0,0.0,0.0,0.031159981445710416,True,False
2024-06-19 04:00:00+00:00,65425.56,0.0,994.649692900022,-0.008877614843797305,0.0,HOLD,closed,0.0,0.0,0.0,0.031159887567816735,True,False
2024-06-19 05:00:00+00:00,65413.09,0.0,994.649692900022,-0.008877614843797305,0.0,HOLD,closed,0.0,0.0,0.0,0.031160706268745342,True,False
2024-06-19 06:00:00+00:00,65599.99,0.0,994.649692900022,-0.008877614843797305,0.0,HOLD,closed,0.0,0.0,0.0,0.03116367974473594,True,False
2024-06-19 07:00:00+00:00,65326.89,0.0,994.649692900022,-0.008877614843797305,0.0,HOLD,closed,0.0,0.0,0.0,0.03116598998079756,True,False
2024-06-19 08:00:00+00:00,65183.89,0.0007612865796152412,994.4413390836048,-0.009085229778942718,0.05,BUY,closed,0.05,0.05,0.05,0.031166364908383676,False,False
2024-06-19 09:00:00+00:00,65306.65,0.0007612865796152412,994.5347946241184,-0.008992105658077813,0.05,HOLD,closed,0.05,0.04999028337004552,9.716629954484302e-06,0.031167529976943692,True,False
2024-06-19 10:00:00+00:00,65520.0,0.0,994.435392927891,-0.009091154847914866,0.0,SELL,closed,0.0,0.0,0.050145407002652354,0.031167303063042384,False,False
2024-06-19 11:00:00+00:00,65210.0,0.0,994.435392927891,-0.009091154847914866,0.0,HOLD,closed,0.0,0.0,0.0,0.03117005877590867,True,False
2024-06-19 12:00:00+00:00,65192.21,0.0007624868830914669,994.3223598860633,-0.009203787042764432,0.05,BUY,closed,0.05,0.05,0.05,0.031168525733276414,False,False
2024-06-19 13:00:00+00:00,65090.22,0.0007624868830914669,994.2445938488568,-0.009281277299716652,0.05,HOLD,closed,0.05,0.049917735811277224,8.226418872277902e-05,0.03116956514439259,True,False
2024-06-19 14:00:00+00:00,64952.02,0.0007624868830914669,994.1392181616135,-0.009386279295116184,0.05,HOLD,closed,0.05,0.04981703002510813,0.00018296997489187367,0.031167993078278944,True,False
2024-06-19 15:00:00+00:00,64922.0,0.0007624868830914669,994.1163283053831,-0.009409087977474239,0.05,HOLD,closed,0.05,0.049795151748938594,0.0002048482510614083,0.031168159334756446,True,False
2024-06-19 16:00:00+00:00,64922.26,0.0007624868830914669,994.1165265519727,-0.009408890433922892,0.05,HOLD,closed,0.05,0.04979534123866697,0.00020465876133303473,0.03116628369976049,True,False
2024-06-19 17:00:00+00:00,65083.99,0.0007624868830914669,994.2398435555751,-0.00928601074712139,0.05,HOLD,closed,0.05,0.049913196494707025,8.680350529297748e-05,0.031165264735896314,True,False
2024-06-19 18:00:00+00:00,64973.0,0.0,994.1406169910709,-0.009384885426301668,0.0,SELL,closed,0.0,0.0,0.049832319441490545,0.031166310027812838,False,False
2024-06-19 19:00:00+00:00,64882.01,0.0007650413379335038,993.9715669645178,-0.009553335953883434,0.05,BUY,closed,0.05,0.05,0.05,0.03116720393267422,False,False
2024-06-19 20:00:00+00:00,64874.76,0.0007650413379335038,993.9660204148179,-0.009558862833957129,0.05,HOLD,closed,0.05,0.04993316891034342,6.683108965658408e-05,0.03118034184064175,True,False
2024-06-19 21:00:00+00:00,65004.38,0.0007650413379335038,994.0651850730408,-0.009460049841521058,0.05,HOLD,closed,0.05,0.050027944438154545,2.7944438154542395e-05,0.031194065972726726,True,False
2024-06-19 22:00:00+00:00,64836.01,0.0,993.9657478628662,-0.00955913441936284,0.0,SELL,closed,0.0,0.0,0.049904832020588215,0.031198740157331567,False,False
2024-06-19 23:00:00+00:00,64974.37,0.0007665229151692603,993.9723825494791,-0.009552523261215955,0.05,BUY,closed,0.05,0.05,0.05,0.031201958844646216,False,False
2024-06-20 00:00:00+00:00,65098.01,0.0,993.8727987646434,-0.009651753893923868,0.0,SELL,closed,0.0,0.0,0.05019692696183584,0.03120644653534574,False,False
2024-06-20 01:00:00+00:00,65158.56,0.0,993.8727987646434,-0.009651753893923868,0.0,HOLD,closed,0.0,0.0,0.0,0.031209817308759852,True,False
2024-06-20 02:00:00+00:00,65197.45,0.0,993.8727987646434,-0.009651753893923868,0.0,HOLD,closed,0.0,0.0,0.0,0.031205600677068374,True,False
2024-06-20 03:00:00+00:00,65189.99,0.0,993.8727987646434,-0.009651753893923868,0.0,HOLD,closed,0.0,0.0,0.0,0.03120193093322285,True,False
2024-06-20 04:00:00+00:00,65306.01,0.0,993.8727987646434,-0.009651753893923868,0.0,HOLD,closed,0.0,0.0,0.0,0.031202338267150215,True,False
2024-06-20 05:00:00+00:00,65513.93,0.0,993.8727987646434,-0.009651753893923868,0.0,HOLD,closed,0.0,0.0,0.0,0.031205249900570775,True,False
2024-06-20 06:00:00+00:00,65465.24,0.0,993.8727987646434,-0.009651753893923868,0.0,HOLD,closed,0.0,0.0,0.0,0.031203177700185963,True,False
2024-06-20 07:00:00+00:00,65858.84,0.0,993.8727987646434,-0.009651753893923868,0.0,HOLD,closed,0.0,0.0,0.0,0.031213014411808543,True,False
2024-06-20 08:00:00+00:00,65690.63,0.0,993.8727987646434,-0.009651753893923868,0.0,HOLD,closed,0.0,0.0,0.0,0.031208702208426226,True,False
2024-06-20 09:00:00+00:00,65719.99,0.0,993.8727987646434,-0.009651753893923868,0.0,HOLD,closed,0.0,0.0,0.0,0.03119363509404574,True,False
2024-06-20 10:00:00+00:00,66209.49,0.0,993.8727987646434,-0.009651753893923868,0.0,HOLD,closed,0.0,0.0,0.0,0.03120567877087807,True,False
2024-06-20 11:00:00+00:00,66169.85,0.0,993.8727987646434,-0.009651753893923868,0.0,HOLD,closed,0.0,0.0,0.0,0.031204321492624254,True,False
2024-06-20 12:00:00+00:00,65979.99,0.0,993.8727987646434,-0.009651753893923868,0.0,HOLD,closed,0.0,0.0,0.0,0.031205856212404764,True,False
2024-06-20 13:00:00+00:00,65142.65,0.0007531622835685815,993.3688482352092,-0.010153917272949665,0.05,BUY,closed,0.05,0.05,0.05,0.031228961251138443,False,False
2024-06-20 14:00:00+00:00,64952.02,0.0007531622835685815,993.2252729090925,-0.010296983440552281,0.05,HOLD,closed,0.05,0.04925308793473447,0.0007469120652655314,0.031231507358497806,True,False
2024-06-20 15:00:00+00:00,64831.23,0.0007531622835685815,993.1342984368603,-0.010387635291702252,0.05,HOLD,closed,0.05,0.04916599629094802,0.0008340037090519836,0.031201731889485718,True,False
2024-06-20 16:00:00+00:00,64888.0,0.0007531622835685815,993.1770554596984,-0.010345029897300568,0.05,HOLD,closed,0.05,0.04920693041340728,0.0007930695865927262,0.03120056755424455,True,False
2024-06-20 17:00:00+00:00,64970.02,0.0007531622835685815,993.2388298301967,-0.010283474596105789,0.05,HOLD,closed,0.05,0.04926606487491226,0.0007339351250877438,0.03120116119459654,True,False
2024-06-20 18:00:00+00:00,65116.01,0.0007531622835685815,993.3487839919749,-0.010173910362730592,0.05,HOLD,closed,0.05,0.04937130198255803,0.0006286980174419754,0.031202680847418618,True,False
2024-06-20 19:00:00+00:00,65050.0,0.0007531622835685815,993.2990677496365,-0.01022345029728157,0.05,HOLD,closed,0.05,0.049323721461988816,0.0006762785380111866,0.03120374528951969,True,False
2024-06-20 20:00:00+00:00,65099.99,0.0007531622835685815,993.336718332192,-0.01018593323428808,0.05,HOLD,closed,0.05,0.049359755079842825,0.0006402449201571778,0.031203853438719092,True,False
2024-06-20 21:00:00+00:00,65050.46,0.0,993.2386886499266,-0.010283615275710839,0.0,SELL,closed,0.0,0.0,0.04932405305004077,0.03120506567115286,False,False
2024-06-20 22:00:00+00:00,64989.95,0.0007634369810471214,993.0931367440014,-0.010428651013613737,0.05,BUY,closed,0.05,0.05,0.05,0.03120623658684804,False,False
2024-06-20 23:00:00+00:00,64869.99,0.0007634369810471214,993.001554843755,-0.010519908138667194,0.05,HOLD,closed,0.05,0.04987318406963561,0.00012681593036439204,0.031209006517341736,True,False
2024-06-21 00:00:00+00:00,64832.0,0.0007634369810471214,992.9725518728451,-0.010548808256879707,0.05,HOLD,closed,0.05,0.04984543254684553,0.00015456745315447357,0.031209875207399818,True,False
2024-06-21 01:00:00+00:00,64967.98,0.0007634369810471214,993.0763640335279,-0.01044536424333547,0.05,HOLD,closed,0.05,0.04994475783763113,5.5242162368872305e-05,0.031210913917218724,True,False
2024-06-21 02:00:00+00:00,64786.0,0.0,992.9771985350801,-0.010544178073016724,0.0,SELL,closed,0.0,0.0,0.04981182758539246,0.03121233482046007,False,False
2024-06-21 03:00:00+00:00,64506.14,0.0007663516797881333,992.88910263246,-0.010631961562772572,0.05,BUY,closed,0.05,0.05,0.05,0.03121859441865185,False,False
2024-06-21 04:00:00+00:00,64670.0,0.0007663516797881333,993.0146770187101,-0.010506832498637542,0.05,HOLD,closed,0.05,0.04990859075788342,9.140924211658435e-05,0.03122183629785716,True,False
2024-06-21 05:00:00+00:00,64661.47,0.0007663516797881333,993.0081400388815,-0.010513346296495949,0.05,HOLD,closed,0.05,0.049902336299206686,9.766370079331704e-05,0.031222209502114046,True,False
2024-06-21 06:00:00+00:00,64627.64,0.0007663516797881333,992.9822143615543,-0.010539180034074884,0.05,HOLD,closed,0.05,0.04987753029049654,0.00012246970950346298,0.03121798627443767,True,False
2024-06-21 07:00:00+00:00,64201.63,0.0007663516797881333,992.6557408824477,-0.01086449574634228,0.05,HOLD,closed,0.05,0.04956504553320535,0.00043495446679465283,0.031237350543431935,True,False
2024-06-21 08:00:00+00:00,63639.64,0.0007663516797881333,992.2250589019236,-0.011293650407352945,0.05,HOLD,closed,0.05,0.04915250282943396,0.0008474971705660431,0.03126153208606586,True,False
2024-06-21 09:00:00+00:00,64100.0,0.0007663516797881333,992.5778565612309,-0.010942103867836448,0.05,HOLD,closed,0.05,0.04949046802696731,0.0005095319730326897,0.031269131466690775,True,False
2024-06-21 10:00:00+00:00,63896.02,0.0007663516797881333,992.4215361455877,-0.011097869927291205,0.05,HOLD,closed,0.05,0.049340749344231036,0.000659250655768967,0.03125980722353022,True,False
2024-06-21 11:00:00+00:00,63770.0,0.0007663516797881333,992.3249605069008,-0.011194103081583197,0.05,HOLD,closed,0.05,0.04924822872048416,0.0007517712795158393,0.03125631269901985,True,False
2024-06-21 12:00:00+00:00,63827.39,0.0007663516797881333,992.3689414298038,-0.011150278127410665,0.05,HOLD,closed,0.05,0.04929036520683199,0.0007096347931680111,0.03125664539529574,True,False
2024-06-21 13:00:00+00:00,63615.21,0.0,992.2711374318317,-0.011247735284880201,0.0,SELL,closed,0.0,0.0,0.04913456125910158,0.031258703582764585,False,False
2024-06-21 14:00:00+00:00,64222.84,0.0007799008581688496,992.6457766697592,-0.01087442462312826,0.05,BUY,closed,0.05,0.05,0.05,0.031285573794421956,False,False
2024-06-21 15:00:00+00:00,63732.02,0.0,992.5456190340087,-0.010974227071714186,0.0,SELL,closed,0.0,0.0,0.05009222132199083,0.03129857127836627,False,False
2024-06-21 16:00:00+00:00,63657.29,0.0007786867723900866,992.3881483959641,-0.011131139274557996,0.05,BUY,closed,0.05,0.05,0.05,0.03129916298151156,False,False
2024-06-21 17:00:00+00:00,63671.04,0.0007786867723900866,992.3988553390845,-0.011120470301271194,0.05,HOLD,closed,0.05,0.049959546371483456,4.045362851654716e-05,0.03129806824828857,True,False
2024-06-21 18:00:00+00:00,64172.01,0.0,992.5267036836375,-0.01099307534292949,0.0,SELL,closed,0.0,0.0,0.05033284782305787,0.031316393780980806,False,False
2024-06-21 19:00:00+00:00,64232.01,0.0,992.5267036836375,-0.01099307534292949,0.0,HOLD,closed,0.0,0.0,0.0,0.03131676160181865,True,False
2024-06-21 20:00:00+00:00,64200.52,0.0,992.5267036836375,-0.01099307534292949,0.0,HOLD,closed,0.0,0.0,0.0,0.03131599182405273,True,False
2024-06-21 21:00:00+00:00,64084.43,0.0,992.5267036836375,-0.01099307534292949,0.0,HOLD,closed,0.0,0.0,0.0,0.03131641128176235,True,False
2024-06-21 22:00:00+00:00,64155.02,0.0007743897767411539,992.4820826305439,-0.011037538157210714,0.05,BUY,closed,0.05,0.05,0.05,0.03131495635416645,False,False
2024-06-21 23:00:00+00:00,64143.56,0.0,992.3827454878104,-0.011136523022478752,0.0,SELL,closed,0.0,0.0,0.0500488241911228,0.03131503008294184,False,False
2024-06-22 00:00:00+00:00,64056.47,0.0,992.3827454878104,-0.011136523022478752,0.0,HOLD,closed,0.0,0.0,0.0,0.03131554512237811,True,False
2024-06-22 01:00:00+00:00,64144.33,0.0007746156636565699,992.3515478820585,-0.01116760999274046,0.05,BUY,closed,0.05,0.05,0.05,0.03131616406064738,False,False
2024-06-22 02:00:00+00:00,64303.4,0.0,992.2522060508227,-0.01126659952988412,0.0,SELL,closed,0.0,0.0,0.05018809804842017,0.03131821008945876,False,False
2024-06-22 03:00:00+00:00,64327.45,0.0,992.2522060508227,-0.01126659952988412,0.0,HOLD,closed,0.0,0.0,0.0,0.03131819296707733,True,False
2024-06-22 04:00:00+00:00,64364.11,0.0,992.2522060508227,-0.01126659952988412,0.0,HOLD,closed,0.0,0.0,0.0,0.031317999183640616,True,False
2024-06-22 05:00:00+00:00,64424.21,0.0,992.2522060508227,-0.01126659952988412,0.0,HOLD,closed,0.0,0.0,0.0,0.03131837888310768,True,False
2024-06-22 06:00:00+00:00,64430.0,0.0,992.2522060508227,-0.01126659952988412,0.0,HOLD,closed,0.0,0.0,0.0,0.031318096813515744,True,False
2024-06-22 07:00:00+00:00,64520.0,0.0,992.2522060508227,-0.01126659952988412,0.0,HOLD,closed,0.0,0.0,0.0,0.031318678853624604,True,False
2024-06-22 08:00:00+00:00,64289.15,0.0,992.2522060508227,-0.01126659952988412,0.0,HOLD,closed,0.0,0.0,0.0,0.03132236274768457,True,False
2024-06-22 09:00:00+00:00,64325.99,0.0007717103521424316,992.1813781161818,-0.011337176288735045,0.05,BUY,closed,0.05,0.05,0.05,0.03132249287793043,False,False
2024-06-22 10:00:00+00:00,64311.71,0.0007717103521424316,992.1703580923532,-0.011348157232457653,0.05,HOLD,closed,0.05,0.050021664088418856,2.16640884188532e-05,0.031322462665036716,True,False
2024-06-22 11:00:00+00:00,64265.26,0.0007717103521424316,992.1345121464963,-0.011383876058502189,0.05,HOLD,closed,0.05,0.049987341250560154,1.2658749439849182e-05,0.0313226365838809,True,False
2024-06-22 12:00:00+00:00,64297.84,0.0007717103521424316,992.1596544697691,-0.011358822896983731,0.05,HOLD,closed,0.05,0.05001141552658208,1.1415526582077284e-05,0.03132328024835146,True,False
2024-06-22 13:00:00+00:00,64284.0,0.0007717103521424316,992.1489739984954,-0.011369465492300343,0.05,HOLD,closed,0.05,0.05000118891137341,1.1889113734064871e-06,0.031323219617409664,True,False
2024-06-22 14:00:00+00:00,64287.96,0.0007717103521424316,992.1520299714898,-0.011366420356646261,0.05,HOLD,closed,0.05,0.05000411504630413,4.11504630412618e-06,0.03132405388734957,True,False
2024-06-22 15:00:00+00:00,64307.08,0.0,992.0528314088317,-0.011465267133282876,0.0,SELL,closed,0.0,0.0,0.050018242999718084,0.03132481245700969,False,False
2024-06-22 16:00:00+00:00,64321.28,0.0,992.0528314088317,-0.011465267133282876,0.0,HOLD,closed,0.0,0.0,0.0,0.031324918311592675,True,False
2024-06-22 17:00:00+00:00,64256.37,0.0,992.0528314088317,-0.011465267133282876,0.0,HOLD,closed,0.0,0.0,0.0,0.03132523400325518,True,False
2024-06-22 18:00:00+00:00,64260.81,0.0007719488955095446,991.9570210579772,-0.011560737713668565,0.05,BUY,closed,0.05,0.05,0.05,0.031325271280063155,False,False
2024-06-22 19:00:00+00:00,64295.01,0.0007719488955095446,991.9834217102036,-0.011534430685585052,0.05,HOLD,closed,0.05,0.05003355990638186,3.3559906381853966e-05,0.031325424690123976,True,False
2024-06-22 20:00:00+00:00,64283.99,0.0,991.8841816025221,-0.011633318859914785,0.0,SELL,closed,0.0,0.0,0.05002541328152647,0.03132464166250032,False,False
2024-06-22 21:00:00+00:00,64330.0,0.0,991.8841816025221,-0.011633318859914785,0.0,HOLD,closed,0.0,0.0,0.0,0.03132453846840899,True,False
2024-06-22 22:00:00+00:00,64315.79,0.0,991.8841816025221,-0.011633318859914785,0.0,HOLD,closed,0.0,0.0,0.0,0.03132553762660836,True,False
2024-06-22 23:00:00+00:00,64262.01,0.0,991.8841816025221,-0.011633318859914785,0.0,HOLD,closed,0.0,0.0,0.0,0.0313263947970738,True,False
2024-06-23 00:00:00+00:00,64476.43,0.000771750044546165,991.9504470318088,-0.011567288426489911,0.05,BUY,closed,0.05,0.05,0.05,0.03133038237511937,False,False
2024-06-23 01:00:00+00:00,64476.19,0.0,991.8509602382727,-0.01166642241185674,0.0,SELL,closed,0.0,0.0,0.05016330396826674,0.03132990721490361,False,False
2024-06-23 02:00:00+00:00,64507.17,0.0,991.8509602382727,-0.01166642241185674,0.0,HOLD,closed,0.0,0.0,0.0,0.03132950651370106,True,False
2024-06-23 03:00:00+00:00,64416.14,0.0,991.8509602382727,-0.01166642241185674,0.0,HOLD,closed,0.0,0.0,0.0,0.03132973579841855,True,False
2024-06-23 04:00:00+00:00,64378.02,0.0007698776736996914,991.7224026090535,-0.011794524139541697,0.05,BUY,closed,0.05,0.05,0.05,0.031330345994520975,False,False
2024-06-23 05:00:00+00:00,64380.0,0.0007698776736996914,991.7239269668473,-0.011793005187549577,0.05,HOLD,closed,0.05,0.04997834910001425,2.165089998575065e-05,0.03132732823625836,True,False
2024-06-23 06:00:00+00:00,64386.5,0.0007698776736996914,991.7289311717263,-0.01178801872898944,0.05,HOLD,closed,0.05,0.04998314285245124,1.685714754876e-05,0.031327355910583665,True,False
2024-06-23 07:00:00+00:00,64415.27,0.0007698776736996914,991.7510805523988,-0.011765947896254564,0.05,HOLD,closed,0.05,0.05000436015730396,4.360157303956447e-06,0.03129479630563997,True,False
2024-06-23 08:00:00+00:00,64395.43,0.0,991.6519215919012,-0.011864755211171044,0.0,SELL,closed,0.0,0.0,0.0499897286519123,0.03129151594317725,False,False
2024-06-23 09:00:00+00:00,64418.81,0.0007699706078504171,991.5707258215494,-0.011945663038469523,0.05,BUY,closed,0.05,0.05,0.05,0.03129163338390725,False,False
2024-06-23 10:00:00+00:00,64305.6,0.0,991.4715494412592,-0.012044487711403215,0.0,SELL,closed,0.0,0.0,0.0499387221786892,0.03129385733929499,False,False
2024-06-23 11:00:00+00:00,64341.45,0.0007709060715095259,991.4000144821899,-0.012115768987374912,0.05,BUY,closed,0.05,0.05,0.05,0.031293665613783384,False,False
2024-06-23 12:00:00+00:00,64375.99,0.0007709060715095259,991.4266415778999,-0.012089236318840237,0.05,HOLD,closed,0.05,0.05005699813699942,5.699813699941436e-05,0.03129402346203605,True,False
2024-06-23 13:00:00+00:00,64297.79,0.0007709060715095259,991.3663567231079,-0.01214930738657069,0.05,HOLD,closed,0.05,0.04999923223084407,7.677691559321298e-07,0.03129137823139966,True,False
2024-06-23 14:00:00+00:00,64192.01,0.0007709060715095259,991.2848102788636,-0.012230564644173367,0.05,HOLD,closed,0.05,0.04992108195169361,7.891804830639088e-05,0.03129068663759496,True,False
2024-06-23 15:00:00+00:00,64094.0,0.0007709060715095259,991.2092537747949,-0.01230585320361411,0.05,HOLD,closed,0.05,0.04984866067297403,0.00015133932702597608,0.03129271417999835,True,False
2024-06-23 16:00:00+00:00,63927.49,0.0007709060715095259,991.0808902048278,-0.01243376156023561,0.05,HOLD,closed,0.05,0.04972559824776695,0.00027440175223305413,0.031295204111597585,True,False
2024-06-23 17:00:00+00:00,64120.39,0.0007709060715095259,991.2295979860221,-0.012285581138685556,0.05,HOLD,closed,0.05,0.049868161785112206,0.00013183821488779723,0.031298769295197176,True,False
2024-06-23 18:00:00+00:00,64111.98,0.0007709060715095259,991.2231146659607,-0.012292041467069382,0.05,HOLD,closed,0.05,0.049861947231883454,0.00013805276811654915,0.03129897163468573,True,False
2024-06-23 19:00:00+00:00,64149.78,0.0007709060715095259,991.2522549154637,-0.012263004557092281,0.05,HOLD,closed,0.05,0.049889878830306274,0.00011012116969372904,0.031297884611011045,True,False
2024-06-23 20:00:00+00:00,63740.01,0.0,991.1533727324152,-0.012361536076090474,0.0,SELL,closed,0.0,0.0,0.049586999381730425,0.031310356657357596,False,False
2024-06-23 21:00:00+00:00,63844.67,0.0007774969106790485,991.1355976680102,-0.012379248105114492,0.05,BUY,closed,0.05,0.05,0.05,0.031283463733928374,False,False
2024-06-23 22:00:00+00:00,63657.99,0.0007774969106790485,990.9904545447246,-0.012523876510036053,0.05,HOLD,closed,0.05,0.04994386206048369,5.613793951630974e-05,0.03128622993529115,True,False
2024-06-23 23:00:00+00:00,63210.01,0.0007774969106790485,990.6421514786786,-0.012870944395383948,0.05,HOLD,closed,0.05,0.04960982876171256,0.00039017123828744005,0.031301703506091766,True,False
2024-06-24 00:00:00+00:00,63080.0,0.0007774969106790485,990.5410691053212,-0.012971668302196915,0.05,HOLD,closed,0.05,0.04951284369252097,0.0004871563074790308,0.03130263552458698,True,False
2024-06-24 01:00:00+00:00,63315.99,0.0007774969106790485,990.7245506012723,-0.012788837483269202,0.05,HOLD,closed,0.05,0.04968887325110595,0.0003111267488940528,0.031305912925172485,True,False
2024-06-24 02:00:00+00:00,62880.94,0.0007774969106790485,990.3863005702814,-0.013125887984453634,0.05,HOLD,closed,0.05,0.04936431023171773,0.0006356897682822729,0.03131371755115675,True,False
2024-06-24 03:00:00+00:00,62862.0,0.0007774969106790485,990.3715747787932,-0.013140561554140829,0.05,HOLD,closed,0.05,0.04935017527136008,0.0006498247286399195,0.03131335736080823,True,False
2024-06-24 04:00:00+00:00,62840.97,0.0007774969106790485,990.3552240187615,-0.01315685432977565,0.05,HOLD,closed,0.05,0.04933448004728167,0.0006655199527183311,0.03131159139684739,True,False
2024-06-24 05:00:00+00:00,62314.01,0.0007774969106790485,989.9455142467101,-0.01356511115566725,0.05,HOLD,closed,0.05,0.04894102712702337,0.0010589728729766337,0.031333844156890334,True,False
2024-06-24 06:00:00+00:00,62405.0,0.0007774969106790485,990.0162586906129,-0.01349461759147279,0.05,HOLD,closed,0.05,0.0490089877666229,0.0009910122333771018,0.031337061380830616,True,False
2024-06-24 07:00:00+00:00,62456.0,0.0007774969106790485,990.0559110330574,-0.013455105867394214,0.05,HOLD,closed,0.05,0.04904707553606968,0.0009529244639303255,0.03133804828370801,True,False
2024-06-24 08:00:00+00:00,62730.92,0.0007774969106790485,990.2696604837413,-0.01324211443241983,0.05,HOLD,closed,0.05,0.04925233847942907,0.0007476615205709303,0.031316494442614556,True,False
2024-06-24 09:00:00+00:00,61402.28,0.0,990.1721386772815,-0.013339290399107508,0.0,SELL,closed,0.0,0.0,0.04825951722875547,0.031454022322534136,False,False
2024-06-24 10:00:00+00:00,61167.15,0.0008062991624067393,990.1121656448697,-0.01339905075026764,0.05,BUY,closed,0.05,0.05,0.05,0.03139436897942091,False,False
2024-06-24 11:00:00+00:00,61291.95,0.0008062991624067393,990.2127917803381,-0.013298781463395727,0.05,HOLD,closed,0.05,0.04990810900192719,9.189099807281609e-05,0.03135269650795383,True,False
2024-06-24 12:00:00+00:00,61215.21,0.0008062991624067393,990.150916382615,-0.01336043743354432,0.05,HOLD,closed,0.05,0.04984873692777533,0.0001512630722246694,0.03133619343304614,True,False
2024-06-24 13:00:00+00:00,61569.2,0.0008062991624067393,990.4363382231154,-0.013076027779219089,0.05,HOLD,closed,0.05,0.05012254950087453,0.00012254950087452893,0.031344342463709596,True,False
2024-06-24 14:00:00+00:00,61303.41,0.0,990.3370686090627,-0.013174945355282032,0.0,SELL,closed,0.0,0.0,0.04991697471869356,0.031350324231593674,False,False
2024-06-24 15:00:00+00:00,60843.99,0.0,990.3370686090627,-0.013174945355282032,0.0,HOLD,closed,0.0,0.0,0.0,0.03136717756853091,True,False
2024-06-24 16:00:00+00:00,60168.01,0.0008138331071064396,989.9168865466911,-0.013593637333805043,0.05,BUY,closed,0.05,0.05,0.05,0.03141000798449739,False,False
2024-06-24 17:00:00+00:00,60244.89,0.0008138331071064396,989.9794540359654,-0.013531291726456587,0.05,HOLD,closed,0.05,0.04952555915792215,0.0004744408420778515,0.03141643024823318,True,False
2024-06-24 18:00:00+00:00,60412.01,0.0008138331071064396,990.115461824825,-0.013395766259494107,0.05,HOLD,closed,0.05,0.049656121634775376,0.00034387836522462717,0.03143142841308494,True,False
2024-06-24 19:00:00+00:00,59306.72,0.0,990.0171558198623,-0.013493723643696156,0.0,SELL,closed,0.0,0.0,0.048791947487902144,0.03154335024426519,False,False
2024-06-24 20:00:00+00:00,59514.0,0.0008346584972325753,990.322856460499,-0.013189107103567108,0.05,BUY,closed,0.05,0.05,0.05,0.03154657469639205,False,False
2024-06-24 21:00:00+00:00,60119.24,0.0008346584972325753,990.8280251693641,-0.012685729865117621,0.05,HOLD,closed,0.05,0.0506435357483831,0.0006435357483830992,0.031575182939995616,True,False
2024-06-24 22:00:00+00:00,60048.98,0.0,990.727692189855,-0.012785707035643773,0.0,SELL,closed,0.0,0.0,0.05058734385066447,0.03157612242199098,False,False
2024-06-24 23:00:00+00:00,60293.3,0.0,990.727692189855,-0.012785707035643773,0.0,HOLD,closed,0.0,0.0,0.0,0.03158236525603644,True,False
2024-06-25 00:00:00+00:00,60409.11,0.0,990.727692189855,-0.012785707035643773,0.0,HOLD,closed,0.0,0.0,0.0,0.03158469784327045,True,False
2024-06-25 01:00:00+00:00,60492.0,0.0,990.727692189855,-0.012785707035643773,0.0,HOLD,closed,0.0,0.0,0.0,0.0315877656430876,True,False
2024-06-25 02:00:00+00:00,60676.01,0.0,990.727692189855,-0.012785707035643773,0.0,HOLD,closed,0.0,0.0,0.0,0.03159442460271314,True,False
2024-06-25 03:00:00+00:00,61302.59,0.0,990.727692189855,-0.012785707035643773,0.0,HOLD,closed,0.0,0.0,0.0,0.03162467879285502,True,False
2024-06-25 04:00:00+00:00,61371.27,0.0,990.727692189855,-0.012785707035643773,0.0,HOLD,closed,0.0,0.0,0.0,0.03162311386895769,True,False
2024-06-25 05:00:00+00:00,61024.01,0.0,990.727692189855,-0.012785707035643773,0.0,HOLD,closed,0.0,0.0,0.0,0.031631660152004304,True,False
2024-06-25 06:00:00+00:00,61139.67,0.0008117523677892153,990.7224819313022,-0.012790898817153356,0.05,BUY,closed,0.05,0.05,0.05,0.0316308660194663,False,False
2024-06-25 07:00:00+00:00,60685.16,0.0,990.6232462026616,-0.012889782627971512,0.0,SELL,closed,0.0,0.0,0.04974114870085638,0.031646849915371394,False,False
2024-06-25 08:00:00+00:00,60860.12,0.000816198924253196,990.6669612762475,-0.01284622258033957,0.05,BUY,closed,0.05,0.05,0.05,0.03164925845379635,False,False
2024-06-25 09:00:00+00:00,61468.01,0.0,990.8020010831689,-0.012711661662578998,0.0,SELL,closed,0.0,0.0,0.05061742371497564,0.03165747941714231,False,False
2024-06-25 10:00:00+00:00,61317.17,0.0,990.8020010831689,-0.012711661662578998,0.0,HOLD,closed,0.0,0.0,0.0,0.031658318634628924,True,False
2024-06-25 11:00:00+00:00,61187.64,0.0,990.8020010831689,-0.012711661662578998,0.0,HOLD,closed,0.0,0.0,0.0,0.031622191546867184,True,False
2024-06-25 12:00:00+00:00,61048.51,0.0008096422750437579,990.8235718828455,-0.012690167359028883,0.05,BUY,closed,0.05,0.05,0.05,0.03161630810120358,False,False
2024-06-25 13:00:00+00:00,61200.0,0.0008096422750437579,990.9462245910919,-0.012567949611805136,0.05,HOLD,closed,0.05,0.05000282154879246,2.8215487924559968e-06,0.03161484075590584,True,False
2024-06-25 14:00:00+00:00,61763.44,0.0,991.0805493625841,-0.012434101193756847,0.0,SELL,closed,0.0,0.0,0.050439954150051224,0.03163841932283959,False,False
2024-06-25 15:00:00+00:00,61810.0,0.0,991.0805493625841,-0.012434101193756847,0.0,HOLD,closed,0.0,0.0,0.0,0.03163430840243747,True,False
2024-06-25 16:00:00+00:00,61390.01,0.0,991.0805493625841,-0.012434101193756847,0.0,HOLD,closed,0.0,0.0,0.0,0.03164783976841254,True,False
2024-06-25 17:00:00+00:00,61381.44,0.0008072345052588839,990.9766054129827,-0.012537676528859053,0.05,BUY,closed,0.05,0.05,0.05,0.031645078354493233,False,False
2024-06-25 18:00:00+00:00,62159.09,0.0008072345052588839,991.6043513259973,-0.011912156779523956,0.05,HOLD,closed,0.05,0.05060179717484558,0.0006017971748455767,0.0316908559772541,True,False
2024-06-25 19:00:00+00:00,61975.46,0.0,991.7415029850007,-0.011775491498903156,0.0,SELL,closed,0.0,0.0,0.05045985277606537,0.031693351188147645,False,False
2024-06-25 20:00:00+00:00,61924.01,0.0,991.7415029850007,-0.011775491498903156,0.0,HOLD,closed,0.0,0.0,0.0,0.03169026998977162,True,False
2024-06-25 21:00:00+00:00,61916.53,0.0008007731275313294,991.636322265902,-0.011880299217570032,0.05,BUY,closed,0.05,0.05,0.05,0.03168773119311827,False,False
2024-06-25 22:00:00+00:00,61909.99,0.0008007731275313294,991.6310852096478,-0.011885517701748791,0.05,HOLD,closed,0.05,0.04999425396920886,5.746030791141388e-06,0.03168646977226611,True,False
2024-06-25 23:00:00+00:00,61806.01,0.0008007731275313294,991.5478208198472,-0.011968486812589406,0.05,HOLD,closed,0.05,0.0499144780400106,8.552195998940554e-05,0.0316865953852874,True,False
2024-06-26 00:00:00+00:00,61767.72,0.0008007731275313294,991.517159216794,-0.011999039680968826,0.05,HOLD,closed,0.05,0.04988509766583339,0.00011490233416661111,0.03168391121277245,True,False
2024-06-26 01:00:00+00:00,62090.01,0.0008007731275313294,991.7752403880661,-0.011741873738164032,0.05,HOLD,closed,0.05,0.05013233792436365,0.0001323379243636444,0.03169011382447218,True,False
2024-06-26 02:00:00+00:00,62028.01,0.0,991.9110666017557,-0.011606529202454913,0.0,SELL,closed,0.0,0.0,0.05008478548922848,0.03168959125666315,False,False
2024-06-26 03:00:00+00:00,61936.07,0.0007995670557557431,991.7383385022126,-0.011778644759544647,0.05,BUY,closed,0.05,0.05,0.05,0.03168985300419069,False,False
2024-06-26 04:00:00+00:00,61712.96,0.0007995670557557431,991.559947096403,-0.011956403539223058,0.05,HOLD,closed,0.05,0.04976365763226474,0.0002363423677352594,0.031689369660056116,True,False
2024-06-26 05:00:00+00:00,61562.01,0.0007995670557557431,991.4392524493367,-0.012076670169102759,0.05,HOLD,closed,0.05,0.04964797889583351,0.00035202110416649585,0.03169103788846872,True,False
2024-06-26 06:00:00+00:00,61577.21,0.0007995670557557431,991.4514058685842,-0.01206455984930034,0.05,HOLD,closed,0.05,0.04965962851020372,0.0003403714897962859,0.03169054862350951,True,False
2024-06-26 07:00:00+00:00,61720.02,0.0007995670557557431,991.5655920398166,-0.01195077861436752,0.05,HOLD,closed,0.05,0.04976906728990646,0.00023093271009354266,0.03169041030012279,True,False
2024-06-26 08:00:00+00:00,61472.48,0.0007995670557557431,991.3676672108348,-0.01214800154620201,0.05,HOLD,closed,0.05,0.04957935533835677,0.00042064466164323105,0.03169501495377819,True,False
2024-06-26 09:00:00+00:00,61376.73,0.0007995670557557431,991.2911086652463,-0.012224288593641393,0.05,HOLD,closed,0.05,0.04950595326542719,0.0004940467345728103,0.03169319637218174,True,False
2024-06-26 10:00:00+00:00,61264.3,0.0007995670557557431,991.2012133411677,-0.012313865123600809,0.05,HOLD,closed,0.05,0.04941974980924096,0.0005802501907590449,0.031693081308733745,True,False
2024-06-26 11:00:00+00:00,61445.26,0.0007995670557557431,991.3459029955771,-0.012169688579427107,0.05,HOLD,closed,0.05,0.04955848960477857,0.0004415103952214311,0.031666676280779044,True,False
2024-06-26 12:00:00+00:00,61431.47,0.0,991.2476683491233,-0.012267574858177636,0.0,SELL,closed,0.0,0.0,0.049547918407734905,0.03166262996857769,False,False
2024-06-26 13:00:00+00:00,61760.0,0.0,991.2476683491233,-0.012267574858177636,0.0,HOLD,closed,0.0,0.0,0.0,0.031665206065543655,True,False
2024-06-26 14:00:00+00:00,61728.13,0.0,991.2476683491233,-0.012267574858177636,0.0,HOLD,closed,0.0,0.0,0.0,0.03164911689838906,True,False
2024-06-26 15:00:00+00:00,61467.86,0.0,991.2476683491233,-0.012267574858177636,0.0,HOLD,closed,0.0,0.0,0.0,0.03165238713843163,True,False
2024-06-26 16:00:00+00:00,61274.01,0.0008063139253684027,991.2264333768097,-0.012288734525303022,0.05,BUY,closed,0.05,0.05,0.05,0.03165488581362691,False,False
2024-06-26 17:00:00+00:00,61242.0,0.0008063139253684027,991.2006232680587,-0.01231445310414442,0.05,HOLD,closed,0.05,0.049818650491362124,0.00018134950863787913,0.03165477470726932,True,False
2024-06-26 18:00:00+00:00,60910.02,0.0008063139253684027,990.9329431711149,-0.012581183932129028,0.05,HOLD,closed,0.05,0.049561978596958524,0.0004380214030414789,0.031663358112186846,True,False
2024-06-26 19:00:00+00:00,61000.01,0.0008063139253684027,991.0055033612588,-0.012508881060840598,0.05,HOLD,closed,0.05,0.04963156848653945,0.00036843151346055425,0.03166391294659099,True,False
2024-06-26 20:00:00+00:00,60993.36,0.0008063139253684027,991.0001413736551,-0.012514224033327177,0.05,HOLD,closed,0.05,0.04962642634423697,0.0003735736557630362,0.0316634513287998,True,False
2024-06-26 21:00:00+00:00,61054.35,0.0008063139253684027,991.0493184599633,-0.012465221342807363,0.05,HOLD,closed,0.05,0.049673585050051275,0.0003264149499487279,0.03166309620297969,True,False
2024-06-26 22:00:00+00:00,60924.61,0.0,990.950885129231,-0.01256330560124594,0.0,SELL,closed,0.0,0.0,0.0495732618370997,0.03166433567284099,False,False
2024-06-26 23:00:00+00:00,60864.99,0.0008132599331610255,990.8032787097309,-0.01271038856684036,0.05,BUY,closed,0.05,0.05,0.05,0.031663919176765004,False,False
2024-06-27 00:00:00+00:00,60982.0,0.0008132599331610255,990.8984382545101,-0.012615566484588493,0.05,HOLD,closed,0.05,0.05004974811685745,4.9748116857449565e-05,0.03166498880344065,True,False
2024-06-27 01:00:00+00:00,61064.01,0.0,990.7992746171307,-0.012714378459801307,0.0,SELL,closed,0.0,0.0,0.05011368311783277,0.031664054976771994,False,False
2024-06-27 02:00:00+00:00,61029.49,0.0,990.7992746171307,-0.012714378459801307,0.0,HOLD,closed,0.0,0.0,0.0,0.03166414459006425,True,False
2024-06-27 03:00:00+00:00,61037.31,0.0,990.7992746171307,-0.012714378459801307,0.0,HOLD,closed,0.0,0.0,0.0,0.03166312187774806,True,False
2024-06-27 04:00:00+00:00,61114.02,0.0,990.7992746171307,-0.012714378459801307,0.0,HOLD,closed,0.0,0.0,0.0,0.03166278437044384,True,False
2024-06-27 05:00:00+00:00,60805.5,0.0,990.7992746171307,-0.012714378459801307,0.0,HOLD,closed,0.0,0.0,0.0,0.03166989396003847,True,False
2024-06-27 06:00:00+00:00,60742.01,0.000814728334293058,990.6484428177429,-0.012864675367178578,0.05,BUY,closed,0.05,0.05,0.05,0.03167020564206785,False,False
2024-06-27 07:00:00+00:00,60794.01,0.000814728334293058,990.6908086911261,-0.012822459735105754,0.05,HOLD,closed,0.05,0.04999602506430236,3.974935697641235e-06,0.03166851639844648,True,False
2024-06-27 08:00:00+00:00,60866.0,0.000814728334293058,990.7494609839118,-0.012764015439857265,0.05,HOLD,closed,0.05,0.050052265227411026,5.2265227411023296e-05,0.03166890577400433,True,False
2024-06-27 09:00:00+00:00,61282.78,0.0,990.8847793031839,-0.012629176997429126,0.0,SELL,closed,0.0,0.0,0.0503777320588088,0.03168215989705353,False,False
2024-06-27 10:00:00+00:00,61110.01,0.0,990.8847793031839,-0.012629176997429126,0.0,HOLD,closed,0.0,0.0,0.0,0.031677827171704614,True,False
2024-06-27 11:00:00+00:00,61196.02,0.0,990.8847793031839,-0.012629176997429126,0.0,HOLD,closed,0.0,0.0,0.0,0.0316768609207472,True,False
2024-06-27 12:00:00+00:00,61341.88,0.0,990.8847793031839,-0.012629176997429126,0.0,HOLD,closed,0.0,0.0,0.0,0.03167144466324784,True,False
2024-06-27 13:00:00+00:00,61990.0,0.0,990.8847793031839,-0.012629176997429126,0.0,HOLD,closed,0.0,0.0,0.0,0.03170209288304171,True,False
2024-06-27 14:00:00+00:00,61729.99,0.0,990.8847793031839,-0.012629176997429126,0.0,HOLD,closed,0.0,0.0,0.0,0.031707150089501424,True,False
2024-06-27 15:00:00+00:00,61576.0,0.0,990.8847793031839,-0.012629176997429126,0.0,HOLD,closed,0.0,0.0,0.0,0.031688533068485764,True,False
2024-06-27 16:00:00+00:00,61714.57,0.0008046030753078991,990.8971599012796,-0.01261684030441869,0.05,BUY,closed,0.05,0.05,0.05,0.031686639308334874,False,False
2024-06-27 17:00:00+00:00,61842.11,0.0,991.0327831646864,-0.01248169799927351,0.0,SELL,closed,0.0,0.0,0.0502102552846875,0.03168784672249489,False,False
2024-06-27 18:00:00+00:00,61882.39,0.0,991.0327831646864,-0.01248169799927351,0.0,HOLD,closed,0.0,0.0,0.0,0.0316864849618069,True,False
2024-06-27 19:00:00+00:00,61450.0,0.0,991.0327831646864,-0.01248169799927351,0.0,HOLD,closed,0.0,0.0,0.0,0.03170007872490771,True,False
2024-06-27 20:00:00+00:00,61493.11,0.0008063732979370923,990.9684178634244,-0.012545835043062356,0.05,BUY,closed,0.05,0.05,0.05,0.031699815289065486,False,False
2024-06-27 21:00:00+00:00,61536.04,0.0008063732979370923,991.0030354691048,-0.012511340201154419,0.05,HOLD,closed,0.05,0.05007151112640138,7.151112640137874e-05,0.031699849342656655,True,False
2024-06-27 22:00:00+00:00,61640.01,0.0008063732979370923,991.0868741008914,-0.012427798884751625,0.05,HOLD,closed,0.05,0.05015186806269362,0.00015186806269362058,0.031700656240531255,True,False
2024-06-27 23:00:00+00:00,61706.47,0.0,990.9874892370233,-0.01252683130192168,0.0,SELL,closed,0.0,0.0,0.050203226930409316,0.03169941869134443,False,False
2024-06-28 00:00:00+00:00,61560.0,0.0,990.9874892370233,-0.01252683130192168,0.0,HOLD,closed,0.0,0.0,0.0,0.03169784838708525,True,False
2024-06-28 01:00:00+00:00,62091.99,0.0008048957522873406,991.3165702536293,-0.012198917299216676,0.05,BUY,closed,0.05,0.05,0.05,0.03171892404857776,False,False
2024-06-28 02:00:00+00:00,61730.67,0.0,991.2166400844146,-0.012298493087927081,0.0,SELL,closed,0.0,0.0,0.050136693525340385,0.031728661877720665,False,False
2024-06-28 03:00:00+00:00,61828.17,0.0008028558900174053,991.1957720892668,-0.012319287079291023,0.05,BUY,closed,0.05,0.05,0.05,0.031728004524812364,False,False
2024-06-28 04:00:00+00:00,61750.44,0.0008028558900174053,991.1333661009357,-0.012381471758424028,0.08062770802055813,HOLD,closed,0.08062770802055813,0.05002021540269441,0.03060749261786372,0.03172845526702131,True,False
2024-06-28 05:00:00+00:00,61604.01,0.0008028558900174053,991.0158039129606,-0.012498617037794115,0.05,HOLD,closed,0.05,0.04990752123417706,9.247876582293979e-05,0.03172813894119525,True,False
2024-06-28 06:00:00+00:00,61620.96,0.0008028558900174053,991.0294123202963,-0.012485056889700748,0.05,HOLD,closed,0.05,0.04992056751241764,7.943248758236071e-05,0.0317278411454725,True,False
2024-06-28 07:00:00+00:00,61350.01,0.0008028558900174053,990.8118785168961,-0.012701819257011703,0.05,HOLD,closed,0.05,0.04971197656093379,0.0002880234390662123,0.031727578199955864,True,False
2024-06-28 08:00:00+00:00,61480.21,0.0008028558900174053,990.9164103537763,-0.012597658119444317,0.05,HOLD,closed,0.05,0.04981222250662353,0.0001877774933764717,0.03171667007460538,True,False
2024-06-28 09:00:00+00:00,61547.55,0.0008028558900174053,990.9704746694101,-0.012543785531089528,0.05,HOLD,closed,0.05,0.049864061843139476,0.00013593815686052668,0.0317119201754448,True,False
2024-06-28 10:00:00+00:00,61548.14,0.0,990.8716717502493,-0.012642238067292021,0.0,SELL,closed,0.0,0.0,0.049864516008944204,0.03171131538206656,False,False
2024-06-28 11:00:00+00:00,61690.0,0.0,990.8716717502493,-0.012642238067292021,0.0,HOLD,closed,0.0,0.0,0.0,0.03170706146529892,True,False
2024-06-28 12:00:00+00:00,61395.09,0.0,990.8716717502493,-0.012642238067292021,0.0,HOLD,closed,0.0,0.0,0.0,0.031710433413328715,True,False
2024-06-28 13:00:00+00:00,61297.99,0.0008069632862743988,990.6942036761852,-0.012819076789619136,0.05,BUY,closed,0.05,0.05,0.05,0.031644165407271746,False,False
2024-06-28 14:00:00+00:00,60928.02,0.0008069632862743988,990.3956514691623,-0.013116570246491831,0.05,HOLD,closed,0.05,0.04964346841836187,0.0003565315816381337,0.03162938175463248,True,False
2024-06-28 15:00:00+00:00,61062.01,0.0008069632862743988,990.5037764798902,-0.013008828677482504,0.05,HOLD,closed,0.05,0.04974721089023592,0.00025278910976408303,0.03163017498789347,True,False
2024-06-28 16:00:00+00:00,60940.01,0.0008069632862743988,990.4053269589648,-0.013106929068699251,0.05,HOLD,closed,0.05,0.04965275266257956,0.0003472473374204407,0.03163117296604029,True,False
2024-06-28 17:00:00+00:00,60826.63,0.0008069632862743988,990.3138334615669,-0.013198098104405571,0.05,HOLD,closed,0.05,0.049564951613595594,0.00043504838640440885,0.03163198162690212,True,False
2024-06-28 18:00:00+00:00,60828.02,0.0008069632862743988,990.3149551405348,-0.01319698040322694,0.05,HOLD,closed,0.05,0.04956602812263811,0.00043397187736188975,0.031628216812658705,True,False
2024-06-28 19:00:00+00:00,60123.73,0.0008069632862743988,989.7466189676447,-0.013763301096096246,0.05,HOLD,closed,0.05,0.0490202662116502,0.0009797337883498056,0.0316664793237314,True,False
2024-06-28 20:00:00+00:00,60229.92,0.0008069632862743988,989.8323103990142,-0.013677913550659289,0.05,HOLD,closed,0.05,0.04910259411076559,0.0008974058892344122,0.03166725583703195,True,False
2024-06-28 21:00:00+00:00,60366.01,0.0008069632862743988,989.9421300326433,-0.01356848336835856,0.05,HOLD,closed,0.05,0.04920808230200983,0.0007919176979901757,0.03166848899009023,True,False
2024-06-28 22:00:00+00:00,60367.99,0.0,989.8447200281048,-0.013665547929605995,0.0,SELL,closed,0.0,0.0,0.04920961689757807,0.03166837736205866,False,False
2024-06-28 23:00:00+00:00,60427.84,0.0,989.8447200281048,-0.013665547929605995,0.0,HOLD,closed,0.0,0.0,0.0,0.03166865629449683,True,False
2024-06-29 00:00:00+00:00,60770.71,0.0,989.8447200281048,-0.013665547929605995,0.0,HOLD,closed,0.0,0.0,0.0,0.03167713377487327,True,False
2024-06-29 01:00:00+00:00,60901.03,0.0,989.8447200281048,-0.013665547929605995,0.0,HOLD,closed,0.0,0.0,0.0,0.031678461725469925,True,False
2024-06-29 02:00:00+00:00,60766.05,0.0,989.8447200281048,-0.013665547929605995,0.0,HOLD,closed,0.0,0.0,0.0,0.03167987584444526,True,False
2024-06-29 03:00:00+00:00,60762.0,0.0,989.8447200281048,-0.013665547929605995,0.0,HOLD,closed,0.0,0.0,0.0,0.031676163882157965,True,False
2024-06-29 04:00:00+00:00,60773.55,0.0,989.8447200281048,-0.013665547929605995,0.0,HOLD,closed,0.0,0.0,0.0,0.03167490027852618,True,False
2024-06-29 05:00:00+00:00,60762.02,0.0,989.8447200281048,-0.013665547929605995,0.0,HOLD,closed,0.0,0.0,0.0,0.031674907913257166,True,False
2024-06-29 06:00:00+00:00,60847.75,0.0,989.8447200281048,-0.013665547929605995,0.0,HOLD,closed,0.0,0.0,0.0,0.03167547755127015,True,False
2024-06-29 07:00:00+00:00,61052.3,0.0,989.8447200281048,-0.013665547929605995,0.0,HOLD,closed,0.0,0.0,0.0,0.03167827918224303,True,False
2024-06-29 08:00:00+00:00,60982.03,0.0,989.8447200281048,-0.013665547929605995,0.0,HOLD,closed,0.0,0.0,0.0,0.03167866116340587,True,False
2024-06-29 09:00:00+00:00,60970.0,0.0,989.8447200281048,-0.013665547929605995,0.0,HOLD,closed,0.0,0.0,0.0,0.03167837972585419,True,False
2024-06-29 10:00:00+00:00,60994.36,0.0,989.8447200281048,-0.013665547929605995,0.0,HOLD,closed,0.0,0.0,0.0,0.031678365637618555,True,False
2024-06-29 11:00:00+00:00,61102.33,0.0,989.8447200281048,-0.013665547929605995,0.0,HOLD,closed,0.0,0.0,0.0,0.03167921084326383,True,False
2024-06-29 12:00:00+00:00,61045.43,0.0,989.8447200281048,-0.013665547929605995,0.0,HOLD,closed,0.0,0.0,0.0,0.031679351708193526,True,False
2024-06-29 13:00:00+00:00,61102.98,0.0,989.8447200281048,-0.013665547929605995,0.0,HOLD,closed,0.0,0.0,0.0,0.03167944098294345,True,False
2024-06-29 14:00:00+00:00,61018.01,0.0,989.8447200281048,-0.013665547929605995,0.0,HOLD,closed,0.0,0.0,0.0,0.03167998810804468,True,False
2024-06-29 15:00:00+00:00,61106.0,0.0008111086546645039,989.817080260508,-0.013693089678808038,0.05,BUY,closed,0.05,0.05,0.05,0.031680587432370705,False,False
2024-06-29 16:00:00+00:00,61009.91,0.0,989.7179778314068,-0.013791840662804405,0.0,SELL,closed,0.0,0.0,0.0499986955954975,0.031680846637369864,False,False
2024-06-29 17:00:00+00:00,61040.77,0.000811112471589785,989.6440122215474,-0.013865543969794397,0.05,BUY,closed,0.05,0.05,0.05,0.0316808583987907,False,False
2024-06-29 18:00:00+00:00,61059.04,0.000811112471589785,989.6588312464033,-0.01385077749737127,0.05,HOLD,closed,0.05,0.05004325458797298,4.325458797297538e-05,0.031680616330544586,True,False
2024-06-29 19:00:00+00:00,61057.39,0.0,989.5598045115833,-0.013949453055519742,0.0,SELL,closed,0.0,0.0,0.050041969940588224,0.03168057037567809,False,False
2024-06-29 20:00:00+00:00,61050.0,0.0,989.5598045115833,-0.013949453055519742,0.0,HOLD,closed,0.0,0.0,0.0,0.03168046950608916,True,False
2024-06-29 21:00:00+00:00,61044.99,0.000810450290345277,989.4567634361823,-0.014052128718267574,0.05,BUY,closed,0.05,0.05,0.05,0.031680455435157684,False,False
2024-06-29 22:00:00+00:00,60970.0,0.000810450290345277,989.3959877689093,-0.014112688857919798,0.05,HOLD,closed,0.05,0.04994274770992183,5.725229007817051e-05,0.03168016115393005,True,False
2024-06-29 23:00:00+00:00,60986.68,0.000810450290345277,989.4095060797523,-0.01409921848681164,0.05,HOLD,closed,0.05,0.049955728350572784,4.427164942721884e-05,0.031679752008471035,True,False
2024-06-30 00:00:00+00:00,61024.55,0.000810450290345277,989.4401978322477,-0.014068635575908445,0.05,HOLD,closed,0.05,0.04998519806861031,1.4801931389689382e-05,0.03167974111021096,True,False
2024-06-30 01:00:00+00:00,60961.99,0.0,989.3413078323985,-0.014167174883986753,0.0,SELL,closed,0.0,0.0,0.04993651407476195,0.03168003832414734,False,False
2024-06-30 02:00:00+00:00,60834.27,0.0008114411191567061,989.1387117083439,-0.014369052545167084,0.05,BUY,closed,0.05,0.05,0.05,0.031680738592519186,False,False
2024-06-30 03:00:00+00:00,60898.32,0.0008114411191567061,989.1906845120258,-0.014317264051674185,0.05,HOLD,closed,0.05,0.04995538444636704,4.461555363296371e-05,0.031680511676428325,True,False
2024-06-30 04:00:00+00:00,60777.55,0.0008114411191567061,989.0926867680653,-0.014414914268054246,0.05,HOLD,closed,0.05,0.04986125552373761,0.00013874447626239378,0.03168145962184574,True,False
2024-06-30 05:00:00+00:00,60789.26,0.0008114411191567061,989.1021887435705,-0.014405445989228351,0.05,HOLD,closed,0.05,0.04987038319040281,0.0001296168095971939,0.03168145124155977,True,False
2024-06-30 06:00:00+00:00,61040.18,0.0008114411191567061,989.3057955491894,-0.01420256123064504,0.05,HOLD,closed,0.05,0.05006592723459293,6.592723459292876e-05,0.03168632483075054,True,False
2024-06-30 07:00:00+00:00,61528.01,0.0,989.4413994535528,-0.014067438215890689,0.0,SELL,closed,0.0,0.0,0.05044586694832553,0.03170458000190468,False,False
2024-06-30 08:00:00+00:00,61556.01,0.0,989.4413994535528,-0.014067438215890689,0.0,HOLD,closed,0.0,0.0,0.0,0.03169753531069153,True,False
2024-06-30 09:00:00+00:00,61529.7,0.0,989.4413994535528,-0.014067438215890689,0.0,HOLD,closed,0.0,0.0,0.0,0.03169398516138042,True,False
2024-06-30 10:00:00+00:00,61540.0,0.0,989.4413994535528,-0.014067438215890689,0.0,HOLD,closed,0.0,0.0,0.0,0.03169396137228772,True,False
2024-06-30 11:00:00+00:00,61560.0,0.0,989.4413994535528,-0.014067438215890689,0.0,HOLD,closed,0.0,0.0,0.0,0.03169397135097249,True,False
2024-06-30 12:00:00+00:00,61496.0,0.0,989.4413994535528,-0.014067438215890689,0.0,HOLD,closed,0.0,0.0,0.0,0.03169350528364023,True,False
2024-06-30 13:00:00+00:00,61719.61,0.0008044762256517114,989.5223195063904,-0.013986805128334421,0.05,BUY,closed,0.05,0.05,0.05,0.03169722206343123,False,False
2024-06-30 14:00:00+00:00,61587.11,0.0,989.4230404145669,-0.014085732148557368,0.0,SELL,closed,0.0,0.0,0.0500753772951872,0.031698196681325536,False,False
2024-06-30 15:00:00+00:00,61717.9,0.0008032712043271449,989.4291332157634,-0.014079660954148686,0.05,BUY,closed,0.05,0.05,0.05,0.03169944831450844,False,False
2024-06-30 16:00:00+00:00,61603.54,0.0,989.3300055801462,-0.014178437055271598,0.0,SELL,closed,0.0,0.0,0.050017674670796354,0.0317004073813619,False,False
2024-06-30 17:00:00+00:00,61707.99,0.0008029814565690107,989.3149192594767,-0.014193469875602155,0.05,BUY,closed,0.05,0.05,0.05,0.03170099839195656,False,False
2024-06-30 18:00:00+00:00,62055.31,0.0,989.4506808186816,-0.014058189765094771,0.0,SELL,closed,0.0,0.0,0.05035324864493414,0.031709277750228415,False,False
2024-06-30 19:00:00+00:00,62026.83,0.0,989.4506808186816,-0.014058189765094771,0.0,HOLD,closed,0.0,0.0,0.0,0.03170932710301841,True,False
2024-06-30 20:00:00+00:00,61990.01,0.0,989.4506808186816,-0.014058189765094771,0.0,HOLD,closed,0.0,0.0,0.0,0.03170896703908785,True,False
2024-06-30 21:00:00+00:00,61940.01,0.0007980728188568169,989.3118153541182,-0.014196562773638753,0.05,BUY,closed,0.05,0.05,0.05,0.03170889925628473,False,False
2024-06-30 22:00:00+00:00,62901.01,0.0007980728188568169,990.0787633330395,-0.013432334608099363,0.05,HOLD,closed,0.05,0.05070261904279918,0.0007026190427991755,0.0317761817309547,True,False
2024-06-30 23:00:00+00:00,62772.01,0.0,989.9783812953427,-0.013532360662839131,0.0,SELL,closed,0.0,0.0,0.05060389795571545,0.0317767603005332,False,False
2024-07-01 00:00:00+00:00,62931.99,0.0,989.9783812953427,-0.013532360662839131,0.0,HOLD,closed,0.0,0.0,0.0,0.031778381239963654,True,False
2024-07-01 01:00:00+00:00,63640.82,0.0,989.9783812953427,-0.013532360662839131,0.0,HOLD,closed,0.0,0.0,0.0,0.031813365355651074,True,False
2024-07-01 02:00:00+00:00,63435.86,0.0,989.9783812953427,-0.013532360662839131,0.0,HOLD,closed,0.0,0.0,0.0,0.03181497551352658,True,False
2024-07-01 03:00:00+00:00,63437.69,0.0007802986995804445,989.8807866543739,-0.013629609205744209,0.05,BUY,closed,0.05,0.05,0.05,0.03181404721294759,False,False
2024-07-01 04:00:00+00:00,63279.79,0.0007802986995804445,989.7575774897101,-0.013752381436034262,0.05,HOLD,closed,0.05,0.04988811297808625,0.00011188702191375355,0.03181538947297016,True,False
2024-07-01 05:00:00+00:00,63432.94,0.0007802986995804445,989.8770802355509,-0.013633302480562891,0.05,HOLD,closed,0.05,0.050002815077591405,2.8150775914018156e-06,0.03181680812838461,True,False
2024-07-01 06:00:00+00:00,63404.0,0.0007802986995804445,989.854498391185,-0.013655804243353326,0.05,HOLD,closed,0.05,0.049981142509943545,1.8857490056457815e-05,0.0318168609741869,True,False
2024-07-01 07:00:00+00:00,63277.84,0.0007802986995804445,989.7560559072459,-0.013753897622538805,0.05,HOLD,closed,0.05,0.04988665234182373,0.00011334765817627018,0.03181791180550139,True,False
2024-07-01 08:00:00+00:00,62923.91,0.0007802986995804445,989.4798847885035,-0.014029089360769005,0.05,HOLD,closed,0.05,0.04962146871334499,0.0003785312866550136,0.031826064176633306,True,False
2024-07-01 09:00:00+00:00,62938.97,0.0007802986995804445,989.4916360869191,-0.01401737973576478,0.05,HOLD,closed,0.05,0.049632755500743385,0.0003672444992566179,0.031825966018703994,True,False
2024-07-01 10:00:00+00:00,62852.24,0.0007802986995804445,989.4239607807045,-0.014084815046297097,0.05,HOLD,closed,0.05,0.04956775162289402,0.0004322483771059815,0.03182274948681857,True,False
2024-07-01 11:00:00+00:00,62662.09,0.0007802986995804445,989.2755869829793,-0.014232662668777438,0.05,HOLD,closed,0.05,0.049425203637248984,0.0005747963627510191,0.03181591431865796,True,False
2024-07-01 12:00:00+00:00,62882.0,0.0007802986995804445,989.447182470004,-0.014061675707643356,0.05,HOLD,closed,0.05,0.049590057656771394,0.0004099423432286087,0.03181886564125874,True,False
2024-07-01 13:00:00+00:00,62685.27,0.0,989.3490735177214,-0.014159436737969506,0.0,SELL,closed,0.0,0.0,0.049442583061213734,0.031821342842112216,False,False
2024-07-01 14:00:00+00:00,62826.02,0.0007891399953431816,989.3611853309874,-0.014147367876602118,0.05,BUY,closed,0.05,0.05,0.05,0.03182083229742039,False,False
2024-07-01 15:00:00+00:00,63132.9,0.0,989.4992572315365,-0.014009785617871117,0.0,SELL,closed,0.0,0.0,0.050344106130085504,0.0318196109723384,False,False
2024-07-01 16:00:00+00:00,63119.33,0.0,989.4992572315365,-0.014009785617871117,0.0,HOLD,closed,0.0,0.0,0.0,0.03181845482092721,True,False
2024-07-01 17:00:00+00:00,63697.66,0.0,989.4992572315365,-0.014009785617871117,0.0,HOLD,closed,0.0,0.0,0.0,0.03184171312364678,True,False
2024-07-01 18:00:00+00:00,63649.99,0.0,989.4992572315365,-0.014009785617871117,0.0,HOLD,closed,0.0,0.0,0.0,0.03184140580205111,True,False
2024-07-01 19:00:00+00:00,63226.78,0.0,989.4992572315365,-0.014009785617871117,0.0,HOLD,closed,0.0,0.0,0.0,0.03185376383813071,True,False
2024-07-01 20:00:00+00:00,63292.53,0.0007825001188037225,989.4517319511433,-0.014057142360244584,0.05,BUY,closed,0.05,0.05,0.05,0.03185309900236857,False,False
2024-07-01 21:00:00+00:00,63130.01,0.0007825001188037225,989.3245600318353,-0.014183863292135645,0.05,HOLD,closed,0.05,0.049932289483939005,6.77105160609981e-05,0.03182720471929873,True,False
2024-07-01 22:00:00+00:00,62975.1,0.0007825001188037225,989.2033429384314,-0.014304650515611125,0.05,HOLD,closed,0.05,0.04981586807551194,0.0001841319244880596,0.03181645854414461,True,False
2024-07-01 23:00:00+00:00,62899.99,0.0007825001188037225,989.144569354508,-0.014363215671864804,0.05,HOLD,closed,0.05,0.04975940946617364,0.00024059053382636392,0.03181455762616195,True,False
2024-07-02 00:00:00+00:00,62926.65,0.0007825001188037225,989.1654308076753,-0.014342428199281654,0.05,HOLD,closed,0.05,0.04977944999626062,0.00022055000373938372,0.03180287639310181,True,False
2024-07-02 01:00:00+00:00,62926.0,0.0007825001188037225,989.1649221825982,-0.01434293502063113,0.05,HOLD,closed,0.05,0.04977896139624075,0.00022103860375925072,0.03180198846569923,True,False
2024-07-02 02:00:00+00:00,62999.56,0.0007825001188037225,989.2224828913373,-0.014285578438364949,0.05,HOLD,closed,0.05,0.049834252695606554,0.00016574730439344876,0.03179962135944134,True,False
2024-07-02 03:00:00+00:00,63138.67,0.0,989.359378506401,-0.01414916829368005,0.0,SELL,closed,0.0,0.0,0.049938796997728345,0.03180007956585687,False,False
2024-07-02 04:00:00+00:00,63038.01,0.0,989.359378506401,-0.01414916829368005,0.0,HOLD,closed,0.0,0.0,0.0,0.031800622327988415,True,False
2024-07-02 05:00:00+00:00,63024.0,0.0,989.359378506401,-0.01414916829368005,0.0,HOLD,closed,0.0,0.0,0.0,0.031788953126311525,True,False
2024-07-02 06:00:00+00:00,62866.0,0.0,989.359378506401,-0.01414916829368005,0.0,HOLD,closed,0.0,0.0,0.0,0.03178979410995428,True,False
2024-07-02 07:00:00+00:00,62629.99,0.0007868794110731705,989.3112696079113,-0.014197106584475963,0.05,BUY,closed,0.05,0.05,0.05,0.03179347287147774,False,False
2024-07-02 08:00:00+00:00,62670.01,0.0007868794110731705,989.3427605219424,-0.014165727346088765,0.05,HOLD,closed,0.05,0.04984495013106834,0.00015504986893166012,0.031792521409613334,True,False
2024-07-02 09:00:00+00:00,62650.01,0.0007868794110731705,989.327022933721,-0.014181409124393208,0.05,HOLD,closed,0.05,0.049829835665805844,0.00017016433419415888,0.03178981404661618,True,False
2024-07-02 10:00:00+00:00,62715.98,0.0007868794110731705,989.3789333684695,-0.014129682778655932,0.05,HOLD,closed,0.05,0.04987968890671498,0.00012031109328502348,0.031790030063388514,True,False
2024-07-02 11:00:00+00:00,62832.01,0.0,989.2802582166116,-0.014228008000654284,0.0,SELL,closed,0.0,0.0,0.04996735958006489,0.03176739727124456,False,False
2024-07-02 12:00:00+00:00,62878.45,0.0,989.2802582166116,-0.014228008000654284,0.0,HOLD,closed,0.0,0.0,0.0,0.03176373717823294,True,False
2024-07-02 13:00:00+00:00,62626.92,0.0,989.2802582166116,-0.014228008000654284,0.0,HOLD,closed,0.0,0.0,0.0,0.0317631562139184,True,False
2024-07-02 14:00:00+00:00,62035.43,0.0007898203026882143,988.9504374902389,-0.014556659089907048,0.05,BUY,closed,0.05,0.05,0.05,0.03178114682949951,False,False
2024-07-02 15:00:00+00:00,61948.08,0.0007898203026882143,988.8814466867991,-0.014625405232541138,0.05,HOLD,closed,0.05,0.04947797479716521,0.000522025202834793,0.031776443744661126,True,False
2024-07-02 16:00:00+00:00,61920.89,0.0007898203026882143,988.859971472769,-0.014646804289418381,0.05,HOLD,closed,0.05,0.04945733217382073,0.0005426678261792744,0.03177564213206582,True,False
2024-07-02 17:00:00+00:00,62147.98,0.0007898203026882143,989.0393317653064,-0.014468080058957156,0.05,HOLD,closed,0.05,0.04962971117382101,0.00037028882617898967,0.03177873694397601,True,False
2024-07-02 18:00:00+00:00,62330.01,0.0,988.9411927178351,-0.014565871077746073,0.0,SELL,closed,0.0,0.0,0.049767840986819106,0.03178108201235322,False,False
2024-07-02 19:00:00+00:00,61939.1,0.0,988.9411927178351,-0.014565871077746073,0.0,HOLD,closed,0.0,0.0,0.0,0.03179216983883679,True,False
2024-07-02 20:00:00+00:00,62012.01,0.0007983173736120118,988.9004791947435,-0.014606440219226375,0.05,BUY,closed,0.05,0.05,0.05,0.03179174461666831,False,False
2024-07-02 21:00:00+00:00,61958.02,0.0,988.8014934174648,-0.014705074965080427,0.0,SELL,closed,0.0,0.0,0.050019512316985114,0.0317919344192297,False,False
2024-07-02 22:00:00+00:00,62090.01,0.0,988.8014934174648,-0.014705074965080427,0.0,HOLD,closed,0.0,0.0,0.0,0.03178975629690456,True,False
2024-07-02 23:00:00+00:00,62135.47,0.0,988.8014934174648,-0.014705074965080427,0.0,HOLD,closed,0.0,0.0,0.0,0.031789903805522574,True,False
2024-07-03 00:00:00+00:00,62094.02,0.0,988.8014934174648,-0.014705074965080427,0.0,HOLD,closed,0.0,0.0,0.0,0.031789683453532475,True,False
2024-07-03 01:00:00+00:00,61617.91,0.0,988.8014934174648,-0.014705074965080427,0.0,HOLD,closed,0.0,0.0,0.0,0.031802903294856744,True,False
2024-07-03 02:00:00+00:00,61362.0,0.0008023654598886564,988.7339884720298,-0.014772340518980494,0.05,BUY,closed,0.05,0.05,0.05,0.03180770345823103,False,False
2024-07-03 03:00:00+00:00,60987.99,0.0008023654598886564,988.4338957663768,-0.015071369011441484,0.05,HOLD,closed,0.05,0.04950726280597,0.0004927371940300004,0.03181640902338262,True,False
2024-07-03 04:00:00+00:00,60883.9,0.0008023654598886564,988.350377545657,-0.015154591053045402,0.05,HOLD,closed,0.05,0.04942694365597921,0.0005730563440207934,0.03181700695293288,True,False
2024-07-03 05:00:00+00:00,61121.52,0.0008023654598886564,988.5410356262357,-0.014964609099678958,0.05,HOLD,closed,0.05,0.049610278922640756,0.0003897210773592466,0.031813288939802675,True,False
2024-07-03 06:00:00+00:00,61014.0,0.0,988.4429765541262,-0.015062320426721202,0.0,SELL,closed,0.0,0.0,0.04952733082852311,0.031810675484755135,False,False
2024-07-03 07:00:00+00:00,60870.01,0.0008100132564281363,988.2274737366032,-0.015277059010602433,0.05,BUY,closed,0.05,0.05,0.05,0.03180945828978185,False,False
2024-07-03 08:00:00+00:00,60497.59,0.0008100132564281363,987.9258085996443,-0.015577654358085514,0.05,HOLD,closed,0.05,0.04960276313806982,0.0003972368619301822,0.031671981846944336,True,False
2024-07-03 09:00:00+00:00,60606.01,0.0008100132564281363,988.0136302369062,-0.01549014416106566,0.05,HOLD,closed,0.05,0.04968724116431974,0.00031275883568026436,0.03167288861649609,True,False
2024-07-03 10:00:00+00:00,60383.99,0.0008100132564281363,987.833791093714,-0.015669345544042455,0.05,HOLD,closed,0.05,0.049514232877040584,0.0004857671229594185,0.03165222962972736,True,False
2024-07-03 11:00:00+00:00,60386.01,0.0008100132564281363,987.835427320492,-0.015667715119785073,0.05,HOLD,closed,0.05,0.04951580723874219,0.0004841927612578151,0.03164916712891594,True,False
2024-07-03 12:00:00+00:00,60028.01,0.0008100132564281363,987.5454425746907,-0.015956671498064914,0.05,HOLD,closed,0.05,0.04923670522971727,0.0007632947702827311,0.031658618031764924,True,False
2024-07-03 13:00:00+00:00,60589.99,0.0008100132564281363,988.0006538245382,-0.015503074555423402,0.05,HOLD,closed,0.05,0.049674759745213924,0.0003252402547860786,0.03168177609744646,True,False
2024-07-03 14:00:00+00:00,60281.15,0.0,987.9025290576085,-0.01560085134431346,0.0,SELL,closed,0.0,0.0,0.04943407382752386,0.03163219898600683,False,False
2024-07-03 15:00:00+00:00,60186.25,0.0,987.9025290576085,-0.01560085134431346,0.0,HOLD,closed,0.0,0.0,0.0,0.0315285318104504,True,False
2024-07-03 16:00:00+00:00,60495.98,0.0,987.9025290576085,-0.01560085134431346,0.0,HOLD,closed,0.0,0.0,0.0,0.03151552623513723,True,False
2024-07-03 17:00:00+00:00,60371.34,0.0,987.9025290576085,-0.01560085134431346,0.0,HOLD,closed,0.0,0.0,0.0,0.03150578462341516,True,False
2024-07-03 18:00:00+00:00,60248.01,0.0,987.9025290576085,-0.01560085134431346,0.0,HOLD,closed,0.0,0.0,0.0,0.031505495640365255,True,False
2024-07-03 19:00:00+00:00,59671.1,0.0,987.9025290576085,-0.01560085134431346,0.0,HOLD,closed,0.0,0.0,0.0,0.03153293885544675,True,False
2024-07-03 20:00:00+00:00,59609.26,0.0008277896364401538,987.7525153181257,-0.0157503330928564,0.05,BUY,closed,0.05,0.05,0.05,0.031533624072713706,False,False
2024-07-03 21:00:00+00:00,60247.59,0.0008277896364401538,988.2809182767546,-0.015223803999831748,0.05,HOLD,closed,0.05,0.050463719070339655,0.0004637190703396521,0.0315604363786651,True,False
2024-07-03 22:00:00+00:00,60316.01,0.0,988.1811902903302,-0.015323178322749039,0.0,SELL,closed,0.0,0.0,0.050518132903391674,0.031558267801609585,False,False
2024-07-03 23:00:00+00:00,60208.58,0.0,988.1811902903302,-0.015323178322749039,0.0,HOLD,closed,0.0,0.0,0.0,0.03155705346286722,True,False
2024-07-04 00:00:00+00:00,60430.01,0.0,988.1811902903302,-0.015323178322749039,0.0,HOLD,closed,0.0,0.0,0.0,0.03156092027404622,True,False
2024-07-04 01:00:00+00:00,58561.1,0.0,988.1811902903302,-0.015323178322749039,0.0,HOLD,closed,0.0,0.0,0.0,0.03184187416575407,True,False
2024-07-04 02:00:00+00:00,58972.13,0.0008437180912673518,988.666676220825,-0.014839414061998183,0.05,BUY,closed,0.05,0.05,0.05,0.031855194860404085,False,False
2024-07-04 03:00:00+00:00,59102.0,0.0008437180912673518,988.7762498893379,-0.014730228972552092,0.05,HOLD,closed,0.05,0.05043145669777553,0.00043145669777552853,0.03185393999283381,True,False
2024-07-04 04:00:00+00:00,58968.36,0.0008437180912673518,988.663495403621,-0.014842583599129171,0.05,HOLD,closed,0.05,0.050323160889089544,0.000323160889089541,0.03185382251573168,True,False
2024-07-04 05:00:00+00:00,58902.0,0.0008437180912673518,988.6075062710845,-0.014898374178444218,0.05,HOLD,closed,0.05,0.05026937656915009,0.0002693765691500899,0.0318528684181657,True,False
2024-07-04 06:00:00+00:00,58795.99,0.0008437180912673518,988.5180637162292,-0.014987499544827398,0.05,HOLD,closed,0.05,0.0501834435584122,0.00018344355841219684,0.03184390464100856,True,False
2024-07-04 07:00:00+00:00,58219.99,0.0008437180912673518,988.0320820956592,-0.015471757737796866,0.05,HOLD,closed,0.05,0.0497162589419323,0.0002837410580677005,0.031870747729737886,True,False
2024-07-04 08:00:00+00:00,57688.46,0.0008437180912673518,987.5836206186079,-0.015918628844236178,0.05,HOLD,closed,0.05,0.04928473533093333,0.0007152646690666703,0.031894271091292586,True,False
2024-07-04 09:00:00+00:00,57748.0,0.0008437180912673518,987.633855593762,-0.015868572016442123,0.05,HOLD,closed,0.05,0.04933309248012252,0.0006669075198774826,0.03189301640650541,True,False
2024-07-04 10:00:00+00:00,57946.43,0.0008437180912673518,987.8012745746121,-0.01570174675041625,0.05,HOLD,closed,0.05,0.04949421768706611,0.0005057823129338904,0.0318932146988217,True,False
2024-07-04 11:00:00+00:00,57761.94,0.0,987.7035181172071,-0.015799156535910863,0.0,SELL,closed,0.0,0.0,0.04934441354739216,0.031845839278399096,False,False
2024-07-04 12:00:00+00:00,57247.98,0.0008549776436886283,987.4026490376642,-0.016098958649021486,0.05,BUY,closed,0.05,0.05,0.05,0.03185213702030232,False,False
2024-07-04 13:00:00+00:00,57420.02,0.0008549776436886283,987.5497393914844,-0.01595238991899283,0.05,HOLD,closed,0.05,0.04971175773931578,0.00028824226068422526,0.0318544726057228,True,False
2024-07-04 14:00:00+00:00,57450.25,0.0,987.4515782711007,-0.016050202932417303,0.0,SELL,closed,0.0,0.0,0.0497366278613867,0.03185434625304334,False,False
2024-07-04 15:00:00+00:00,58140.0,0.0,987.4515782711007,-0.016050202932417303,0.0,HOLD,closed,0.0,0.0,0.0,0.031890042756260506,True,False
2024-07-04 16:00:00+00:00,58304.59,0.0,987.4515782711007,-0.016050202932417303,0.0,HOLD,closed,0.0,0.0,0.0,0.031891528270175606,True,False
2024-07-04 17:00:00+00:00,58240.0,0.0,987.4515782711007,-0.016050202932417303,0.0,HOLD,closed,0.0,0.0,0.0,0.031887741550567616,True,False
2024-07-04 18:00:00+00:00,58168.0,0.0,987.4515782711007,-0.016050202932417303,0.0,HOLD,closed,0.0,0.0,0.0,0.031887827688136694,True,False
2024-07-04 19:00:00+00:00,58283.62,0.0,987.4515782711007,-0.016050202932417303,0.0,HOLD,closed,0.0,0.0,0.0,0.031887983239537926,True,False
2024-07-04 20:00:00+00:00,58358.99,0.0,987.4515782711007,-0.016050202932417303,0.0,HOLD,closed,0.0,0.0,0.0,0.03188832131807845,True,False
2024-07-04 21:00:00+00:00,58494.01,0.0,987.4515782711007,-0.016050202932417303,0.0,HOLD,closed,0.0,0.0,0.0,0.031889427715901864,True,False
2024-07-04 22:00:00+00:00,58038.84,0.0,987.4515782711007,-0.016050202932417303,0.0,HOLD,closed,0.0,0.0,0.0,0.031905124132945106,True,False
2024-07-04 23:00:00+00:00,57050.01,0.0008506816971799409,986.7515839546431,-0.016747714872023343,0.05,BUY,closed,0.05,0.05,0.05,0.03198409817451628,False,False
2024-07-05 00:00:00+00:00,57375.99,0.0008506816971799409,987.0288891742899,-0.016471393054729805,0.05,HOLD,closed,0.05,0.04945012763649784,0.0005498723635021657,0.0319929588973894,True,False
2024-07-05 01:00:00+00:00,57172.01,0.0008506816971799409,986.8553671216991,-0.016644299749286304,0.05,HOLD,closed,0.05,0.04928298929947539,0.0007170107005246146,0.03198955474763357,True,False
2024-07-05 02:00:00+00:00,55766.32,0.0008506816971799409,985.6595723667903,-0.017835853879451507,0.05,HOLD,closed,0.05,0.04812958659668575,0.0018704134033142514,0.03215648077371966,True,False
2024-07-05 03:00:00+00:00,55227.99,0.0008506816971799409,985.2016248887473,-0.018292177346853192,0.05,HOLD,closed,0.05,0.04768713233734478,0.0023128676626552255,0.03218127696637174,True,False
2024-07-05 04:00:00+00:00,53941.1,0.0008506816971799409,984.1068911194635,-0.01938302888209083,0.05,HOLD,closed,0.05,0.04662776666826794,0.0033722333317320607,0.032323252417051807,True,False
2024-07-05 05:00:00+00:00,54806.02,0.0008506816971799409,984.8426627329884,-0.018649866521782018,0.05,HOLD,closed,0.05,0.04734002686266457,0.0026599731373354307,0.03238528292303877,True,False
2024-07-05 06:00:00+00:00,54283.99,0.0,984.7494410880089,-0.01874275757657226,0.0,SELL,closed,0.0,0.0,0.04691026340041137,0.032408560872493164,False,False
2024-07-05 07:00:00+00:00,54415.05,0.0009070348744519416,985.0175901064921,-0.01847555948997608,0.05,BUY,closed,0.05,0.05,0.05,0.032408534973942416,False,False
2024-07-05 08:00:00+00:00,54088.0,0.0,984.9188930363634,-0.01857390655251689,0.0,SELL,closed,0.0,0.0,0.04982091888144029,0.03241766872930474,False,False
2024-07-05 09:00:00+00:00,54528.0,0.0009104781957517042,985.2209869302183,-0.01827288396863056,0.05,BUY,closed,0.05,0.05,0.05,0.03243435065974626,False,False
2024-07-05 10:00:00+00:00,54987.99,0.0,985.3719656572989,-0.018122440654607372,0.0,SELL,closed,0.0,0.0,0.050794789369494595,0.03245181177393028,False,False
2024-07-05 11:00:00+00:00,55486.5,0.0,985.3719656572989,-0.018122440654607372,0.0,HOLD,closed,0.0,0.0,0.0,0.032452549775259604,True,False
2024-07-05 12:00:00+00:00,55052.81,0.0,985.3719656572989,-0.018122440654607372,0.0,HOLD,closed,0.0,0.0,0.0,0.032397404067932484,True,False
2024-07-05 13:00:00+00:00,55829.99,0.0,985.3719656572989,-0.018122440654607372,0.0,HOLD,closed,0.0,0.0,0.0,0.03244651013085567,True,False
2024-07-05 14:00:00+00:00,55753.98,0.0,985.3719656572989,-0.018122440654607372,0.0,HOLD,closed,0.0,0.0,0.0,0.0324462799957321,True,False
2024-07-05 15:00:00+00:00,56662.0,0.0,985.3719656572989,-0.018122440654607372,0.0,HOLD,closed,0.0,0.0,0.0,0.03251206584840416,True,False
2024-07-05 16:00:00+00:00,56448.15,0.0,985.3719656572989,-0.018122440654607372,0.0,HOLD,closed,0.0,0.0,0.0,0.03251211836358475,True,False
2024-07-05 17:00:00+00:00,56453.18,0.0,985.3719656572989,-0.018122440654607372,0.0,HOLD,closed,0.0,0.0,0.0,0.03250148204157008,True,False
2024-07-05 18:00:00+00:00,56546.16,0.0,985.3719656572989,-0.018122440654607372,0.0,HOLD,closed,0.0,0.0,0.0,0.03250025829246303,True,False
2024-07-05 19:00:00+00:00,56465.42,0.0,985.3719656572989,-0.018122440654607372,0.0,HOLD,closed,0.0,0.0,0.0,0.03250071938697585,True,False
2024-07-05 20:00:00+00:00,56351.1,0.000872544771796839,985.17366323357,-0.01832003984213181,0.05,BUY,closed,0.05,0.05,0.05,0.03250059840498154,False,False
2024-07-05 21:00:00+00:00,56517.61,0.000872544771796839,985.3189506635218,-0.018175267642296055,0.05,HOLD,closed,0.05,0.05004891572088834,4.8915720888338676e-05,0.03250209493916975,True,False
2024-07-05 22:00:00+00:00,56621.09,0.0,985.2203470303544,-0.018273521599229365,0.0,SELL,closed,0.0,0.0,0.05013595769905289,0.03250182083682035,False,False
2024-07-05 23:00:00+00:00,56628.79,0.0,985.2203470303544,-0.018273521599229365,0.0,HOLD,closed,0.0,0.0,0.0,0.03250166760184672,True,False
2024-07-06 00:00:00+00:00,56601.1,0.0,985.2203470303544,-0.018273521599229365,0.0,HOLD,closed,0.0,0.0,0.0,0.0325017024033985,True,False
2024-07-06 01:00:00+00:00,56219.64,0.000870319081281419,985.0397784132117,-0.018453449869236742,0.05,BUY,closed,0.05,0.05,0.05,0.032513163640878695,False,False
2024-07-06 02:00:00+00:00,56440.0,0.000870319081281419,985.2315619259629,-0.018262346474797075,0.05,HOLD,closed,0.05,0.04985712074783752,0.00014287925216248387,0.03251677015989343,True,False
2024-07-06 03:00:00+00:00,56410.0,0.000870319081281419,985.2054523535244,-0.018288363455343456,0.05,HOLD,closed,0.05,0.04983194039152358,0.0001680596084764202,0.03251636037278091,True,False
2024-07-06 04:00:00+00:00,56059.49,0.000870319081281419,984.9003968123444,-0.01859233718372,0.05,HOLD,closed,0.05,0.04953764257971044,0.0004623574202895636,0.0325248961554708,True,False
2024-07-06 05:00:00+00:00,56362.54,0.000870319081281419,985.1641470099268,-0.01832952231856777,0.05,HOLD,closed,0.05,0.04979210234189831,0.00020789765810168975,0.032532162859088026,True,False
2024-07-06 06:00:00+00:00,56417.35,0.0,985.0660647485608,-0.018427256752630735,0.0,SELL,closed,0.0,0.0,0.049838109702257403,0.03253209556854686,False,False
2024-07-06 07:00:00+00:00,56606.0,0.0,985.0660647485608,-0.018427256752630735,0.0,HOLD,closed,0.0,0.0,0.0,0.032534857507988124,True,False
2024-07-06 08:00:00+00:00,56557.81,0.0,985.0660647485608,-0.018427256752630735,0.0,HOLD,closed,0.0,0.0,0.0,0.03253499401287027,True,False
2024-07-06 09:00:00+00:00,56766.0,0.0,985.0660647485608,-0.018427256752630735,0.0,HOLD,closed,0.0,0.0,0.0,0.0325382978607211,True,False
2024-07-06 10:00:00+00:00,56780.0,0.0,985.0660647485608,-0.018427256752630735,0.0,HOLD,closed,0.0,0.0,0.0,0.032537821797917504,True,False
2024-07-06 11:00:00+00:00,56731.42,0.0,985.0660647485608,-0.018427256752630735,0.0,HOLD,closed,0.0,0.0,0.0,0.032537486158772555,True,False
2024-07-06 12:00:00+00:00,56755.47,0.0,985.0660647485608,-0.018427256752630735,0.0,HOLD,closed,0.0,0.0,0.0,0.032536539330213776,True,False
2024-07-06 13:00:00+00:00,56991.1,0.0,985.0660647485608,-0.018427256752630735,0.0,HOLD,closed,0.0,0.0,0.0,0.0325405767650227,True,False
2024-07-06 14:00:00+00:00,57058.91,0.0,985.0660647485608,-0.018427256752630735,0.0,HOLD,closed,0.0,0.0,0.0,0.032540303896648304,True,False
2024-07-06 15:00:00+00:00,57317.98,0.0,985.0660647485608,-0.018427256752630735,0.0,HOLD,closed,0.0,0.0,0.0,0.03254541885073009,True,False
2024-07-06 16:00:00+00:00,57852.62,0.0,985.0660647485608,-0.018427256752630735,0.0,HOLD,closed,0.0,0.0,0.0,0.03256623207855605,True,False
2024-07-06 17:00:00+00:00,57965.19,0.0,985.0660647485608,-0.018427256752630735,0.0,HOLD,closed,0.0,0.0,0.0,0.032566817308039286,True,False
2024-07-06 18:00:00+00:00,57786.98,0.0,985.0660647485608,-0.018427256752630735,0.0,HOLD,closed,0.0,0.0,0.0,0.03256886997748892,True,False
2024-07-06 19:00:00+00:00,57857.99,0.0,985.0660647485608,-0.018427256752630735,0.0,HOLD,closed,0.0,0.0,0.0,0.03256919945638087,True,False
2024-07-06 20:00:00+00:00,57971.99,0.0,985.0660647485608,-0.018427256752630735,0.0,HOLD,closed,0.0,0.0,0.0,0.03256991288684974,True,False
2024-07-06 21:00:00+00:00,57868.01,0.0,985.0660647485608,-0.018427256752630735,0.0,HOLD,closed,0.0,0.0,0.0,0.03257070277320365,True,False
2024-07-06 22:00:00+00:00,58106.46,0.0,985.0660647485608,-0.018427256752630735,0.0,HOLD,closed,0.0,0.0,0.0,0.032574840368697816,True,False
2024-07-06 23:00:00+00:00,58230.13,0.0,985.0660647485608,-0.018427256752630735,0.0,HOLD,closed,0.0,0.0,0.0,0.03257596172022892,True,False
2024-07-07 00:00:00+00:00,57931.79,0.0,985.0660647485608,-0.018427256752630735,0.0,HOLD,closed,0.0,0.0,0.0,0.032582483785549704,True,False
2024-07-07 01:00:00+00:00,58114.0,0.0,985.0660647485608,-0.018427256752630735,0.0,HOLD,closed,0.0,0.0,0.0,0.03258438554218862,True,False
2024-07-07 02:00:00+00:00,58359.99,0.0,985.0660647485608,-0.018427256752630735,0.0,HOLD,closed,0.0,0.0,0.0,0.032588676078700834,True,False
2024-07-07 03:00:00+00:00,57963.45,0.0,985.0660647485608,-0.018427256752630735,0.0,HOLD,closed,0.0,0.0,0.0,0.032600061016908405,True,False
2024-07-07 04:00:00+00:00,57598.0,0.0,985.0660647485608,-0.018427256752630735,0.0,HOLD,closed,0.0,0.0,0.0,0.03260994106867934,True,False
2024-07-07 05:00:00+00:00,57648.0,0.0,985.0660647485608,-0.018427256752630735,0.0,HOLD,closed,0.0,0.0,0.0,0.03260906709998615,True,False
2024-07-07 06:00:00+00:00,57646.15,0.0,985.0660647485608,-0.018427256752630735,0.0,HOLD,closed,0.0,0.0,0.0,0.032603836129363795,True,False
2024-07-07 07:00:00+00:00,57369.99,0.0,985.0660647485608,-0.018427256752630735,0.0,HOLD,closed,0.0,0.0,0.0,0.032606751549335566,True,False
2024-07-07 08:00:00+00:00,57650.45,0.0,985.0660647485608,-0.018427256752630735,0.0,HOLD,closed,0.0,0.0,0.0,0.03261201216750126,True,False
2024-07-07 09:00:00+00:00,57733.4,0.0,985.0660647485608,-0.018427256752630735,0.0,HOLD,closed,0.0,0.0,0.0,0.0326110108780808,True,False
2024-07-07 10:00:00+00:00,57510.2,0.0,985.0660647485608,-0.018427256752630735,0.0,HOLD,closed,0.0,0.0,0.0,0.0326114196755071,True,False
2024-07-07 11:00:00+00:00,57460.0,0.0,985.0660647485608,-0.018427256752630735,0.0,HOLD,closed,0.0,0.0,0.0,0.03260951933421974,True,False
2024-07-07 12:00:00+00:00,57341.09,0.0,985.0660647485608,-0.018427256752630735,0.0,HOLD,closed,0.0,0.0,0.0,0.0326097703966749,True,False
2024-07-07 13:00:00+00:00,56872.0,0.0,985.0660647485608,-0.018427256752630735,0.0,HOLD,closed,0.0,0.0,0.0,0.032626393731189945,True,False
2024-07-07 14:00:00+00:00,56771.51,0.0,985.0660647485608,-0.018427256752630735,0.0,HOLD,closed,0.0,0.0,0.0,0.03262715573955957,True,False
2024-07-07 15:00:00+00:00,56825.42,0.0,985.0660647485608,-0.018427256752630735,0.0,HOLD,closed,0.0,0.0,0.0,0.03262733553860331,True,False
2024-07-07 16:00:00+00:00,57122.0,0.0,985.0660647485608,-0.018427256752630735,0.0,HOLD,closed,0.0,0.0,0.0,0.03263389036061892,True,False
2024-07-07 17:00:00+00:00,57231.1,0.0,985.0660647485608,-0.018427256752630735,0.0,HOLD,closed,0.0,0.0,0.0,0.03263478257200761,True,False
2024-07-07 18:00:00+00:00,57172.01,0.0,985.0660647485608,-0.018427256752630735,0.0,HOLD,closed,0.0,0.0,0.0,0.03263209023199792,True,False
2024-07-07 19:00:00+00:00,57151.1,0.0,985.0660647485608,-0.018427256752630735,0.0,HOLD,closed,0.0,0.0,0.0,0.03263177719045535,True,False
2024-07-07 20:00:00+00:00,57274.18,0.0,985.0660647485608,-0.018427256752630735,0.0,HOLD,closed,0.0,0.0,0.0,0.03263243731086132,True,False
2024-07-07 21:00:00+00:00,56596.0,0.0,985.0660647485608,-0.018427256752630735,0.0,HOLD,closed,0.0,0.0,0.0,0.03266655223005327,True,False
2024-07-07 22:00:00+00:00,56395.54,0.0,985.0660647485608,-0.018427256752630735,0.0,HOLD,closed,0.0,0.0,0.0,0.03266871975051913,True,False
2024-07-07 23:00:00+00:00,55857.81,0.0,985.0660647485608,-0.018427256752630735,0.0,HOLD,closed,0.0,0.0,0.0,0.03269030427324582,True,False
2024-07-08 00:00:00+00:00,55094.0,0.0,985.0660647485608,-0.018427256752630735,0.0,HOLD,closed,0.0,0.0,0.0,0.03273354225712091,True,False
2024-07-08 01:00:00+00:00,54958.19,0.0,985.0660647485608,-0.018427256752630735,0.0,HOLD,closed,0.0,0.0,0.0,0.03273450826396421,True,False
2024-07-08 02:00:00+00:00,55384.79,0.0,985.0660647485608,-0.018427256752630735,0.0,HOLD,closed,0.0,0.0,0.0,0.03274632060078522,True,False
2024-07-08 03:00:00+00:00,55160.01,0.0,985.0660647485608,-0.018427256752630735,0.0,HOLD,closed,0.0,0.0,0.0,0.03275022950576195,True,False
2024-07-08 04:00:00+00:00,55496.0,0.0,985.0660647485608,-0.018427256752630735,0.0,HOLD,closed,0.0,0.0,0.0,0.03275910196564699,True,False
2024-07-08 05:00:00+00:00,55478.7,0.0,985.0660647485608,-0.018427256752630735,0.0,HOLD,closed,0.0,0.0,0.0,0.03274674034635794,True,False
2024-07-08 06:00:00+00:00,55633.98,0.0,985.0660647485608,-0.018427256752630735,0.0,HOLD,closed,0.0,0.0,0.0,0.03274705462850441,True,False
2024-07-08 07:00:00+00:00,55852.01,0.0,985.0660647485608,-0.018427256752630735,0.0,HOLD,closed,0.0,0.0,0.0,0.0327504550520569,True,False
2024-07-08 08:00:00+00:00,57792.0,0.0,985.0660647485608,-0.018427256752630735,0.0,HOLD,closed,0.0,0.0,0.0,0.03302423581406913,True,False
2024-07-08 09:00:00+00:00,57512.14,0.0,985.0660647485608,-0.018427256752630735,0.0,HOLD,closed,0.0,0.0,0.0,0.03301991047388639,True,False
2024-07-08 10:00:00+00:00,56815.98,0.0,985.0660647485608,-0.018427256752630735,0.0,HOLD,closed,0.0,0.0,0.0,0.033050202567627085,True,False
2024-07-08 11:00:00+00:00,57154.01,0.0,985.0660647485608,-0.018427256752630735,0.0,HOLD,closed,0.0,0.0,0.0,0.03305773139629925,True,False
2024-07-08 12:00:00+00:00,57151.11,0.0,985.0660647485608,-0.018427256752630735,0.0,HOLD,closed,0.0,0.0,0.0,0.03304266981610143,True,False
2024-07-08 13:00:00+00:00,57236.01,0.0,985.0660647485608,-0.018427256752630735,0.0,HOLD,closed,0.0,0.0,0.0,0.033016628019213595,True,False
2024-07-08 14:00:00+00:00,56185.24,0.0,985.0660647485608,-0.018427256752630735,0.0,HOLD,closed,0.0,0.0,0.0,0.033083310949573286,True,False
2024-07-08 15:00:00+00:00,55761.52,0.0,985.0660647485608,-0.018427256752630735,0.0,HOLD,closed,0.0,0.0,0.0,0.033087869512604645,True,False
2024-07-08 16:00:00+00:00,55812.0,0.0,985.0660647485608,-0.018427256752630735,0.0,HOLD,closed,0.0,0.0,0.0,0.03308357048822594,True,False
2024-07-08 17:00:00+00:00,56287.38,0.0,985.0660647485608,-0.018427256752630735,0.0,HOLD,closed,0.0,0.0,0.0,0.033098515087692126,True,False
2024-07-08 18:00:00+00:00,56280.32,0.0,985.0660647485608,-0.018427256752630735,0.0,HOLD,closed,0.0,0.0,0.0,0.03309815393808688,True,False
2024-07-08 19:00:00+00:00,56477.31,0.0,985.0660647485608,-0.018427256752630735,0.0,HOLD,closed,0.0,0.0,0.0,0.033099763907450785,True,False
2024-07-08 20:00:00+00:00,56259.9,0.0,985.0660647485608,-0.018427256752630735,0.0,HOLD,closed,0.0,0.0,0.0,0.03307328045005542,True,False
2024-07-08 21:00:00+00:00,56642.47,0.0,985.0660647485608,-0.018427256752630735,0.0,HOLD,closed,0.0,0.0,0.0,0.03306344880021639,True,False
2024-07-08 22:00:00+00:00,56684.48,0.0,985.0660647485608,-0.018427256752630735,0.0,HOLD,closed,0.0,0.0,0.0,0.03305756199544446,True,False
2024-07-08 23:00:00+00:00,56714.62,0.0,985.0660647485608,-0.018427256752630735,0.0,HOLD,closed,0.0,0.0,0.0,0.03305757011465729,True,False
2024-07-09 00:00:00+00:00,56531.05,0.0,985.0660647485608,-0.018427256752630735,0.0,HOLD,closed,0.0,0.0,0.0,0.03305969907742978,True,False
2024-07-09 01:00:00+00:00,56560.39,0.0,985.0660647485608,-0.018427256752630735,0.0,HOLD,closed,0.0,0.0,0.0,0.033059735693928366,True,False
2024-07-09 02:00:00+00:00,57261.9,0.0,985.0660647485608,-0.018427256752630735,0.0,HOLD,closed,0.0,0.0,0.0,0.03309420348781311,True,False
2024-07-09 03:00:00+00:00,57168.36,0.0,985.0660647485608,-0.018427256752630735,0.0,HOLD,closed,0.0,0.0,0.0,0.033093228956723314,True,False
2024-07-09 04:00:00+00:00,57286.0,0.0,985.0660647485608,-0.018427256752630735,0.0,HOLD,closed,0.0,0.0,0.0,0.03309403798180066,True,False
2024-07-09 05:00:00+00:00,57291.49,0.0,985.0660647485608,-0.018427256752630735,0.0,HOLD,closed,0.0,0.0,0.0,0.03309049938222758,True,False
2024-07-09 06:00:00+00:00,57475.99,0.0,985.0660647485608,-0.018427256752630735,0.0,HOLD,closed,0.0,0.0,0.0,0.033092809562145525,True,False
2024-07-09 07:00:00+00:00,57116.84,0.0,985.0660647485608,-0.018427256752630735,0.0,HOLD,closed,0.0,0.0,0.0,0.033101564974404196,True,False
2024-07-09 08:00:00+00:00,57615.54,0.0,985.0660647485608,-0.018427256752630735,0.0,HOLD,closed,0.0,0.0,0.0,0.033117907737912095,True,False
2024-07-09 09:00:00+00:00,57588.01,0.0,985.0660647485608,-0.018427256752630735,0.0,HOLD,closed,0.0,0.0,0.0,0.03310981602528193,True,False
2024-07-09 10:00:00+00:00,57426.46,0.0,985.0660647485608,-0.018427256752630735,0.0,HOLD,closed,0.0,0.0,0.0,0.033109213331713766,True,False
2024-07-09 11:00:00+00:00,57428.01,0.0,985.0660647485608,-0.018427256752630735,0.0,HOLD,closed,0.0,0.0,0.0,0.03310892951475208,True,False
2024-07-09 12:00:00+00:00,57338.01,0.0,985.0660647485608,-0.018427256752630735,0.0,HOLD,closed,0.0,0.0,0.0,0.03310949155019097,True,False
2024-07-09 13:00:00+00:00,57325.27,0.0,985.0660647485608,-0.018427256752630735,0.0,HOLD,closed,0.0,0.0,0.0,0.03310904925490879,True,False
2024-07-09 14:00:00+00:00,57060.0,0.0,985.0660647485608,-0.018427256752630735,0.0,HOLD,closed,0.0,0.0,0.0,0.033113721525591694,True,False
2024-07-09 15:00:00+00:00,57477.01,0.0,985.0660647485608,-0.018427256752630735,0.0,HOLD,closed,0.0,0.0,0.0,0.03312197093885014,True,False
2024-07-09 16:00:00+00:00,57690.01,0.0,985.0660647485608,-0.018427256752630735,0.0,HOLD,closed,0.0,0.0,0.0,0.03311006272761774,True,False
2024-07-09 17:00:00+00:00,57523.01,0.0,985.0660647485608,-0.018427256752630735,0.0,HOLD,closed,0.0,0.0,0.0,0.03310764063221883,True,False
2024-07-09 18:00:00+00:00,57907.5,0.0,985.0660647485608,-0.018427256752630735,0.0,HOLD,closed,0.0,0.0,0.0,0.033117607077124495,True,False
2024-07-09 19:00:00+00:00,57862.01,0.0,985.0660647485608,-0.018427256752630735,0.0,HOLD,closed,0.0,0.0,0.0,0.033117159275321856,True,False
2024-07-09 20:00:00+00:00,57929.25,0.0,985.0660647485608,-0.018427256752630735,0.0,HOLD,closed,0.0,0.0,0.0,0.03311740995723092,True,False
2024-07-09 21:00:00+00:00,57800.01,0.0,985.0660647485608,-0.018427256752630735,0.0,HOLD,closed,0.0,0.0,0.0,0.033117933497208735,True,False
2024-07-09 22:00:00+00:00,57936.0,0.0,985.0660647485608,-0.018427256752630735,0.0,HOLD,closed,0.0,0.0,0.0,0.033114594262450336,True,False
2024-07-09 23:00:00+00:00,58050.0,0.0,985.0660647485608,-0.018427256752630735,0.0,HOLD,closed,0.0,0.0,0.0,0.03311516873151135,True,False
2024-07-10 00:00:00+00:00,57486.37,0.0,985.0660647485608,-0.018427256752630735,0.0,HOLD,closed,0.0,0.0,0.0,0.03313689516048626,True,False
2024-07-10 01:00:00+00:00,57798.89,0.0,985.0660647485608,-0.018427256752630735,0.0,HOLD,closed,0.0,0.0,0.0,0.033143589765899845,True,False
2024-07-10 02:00:00+00:00,57882.55,0.0,985.0660647485608,-0.018427256752630735,0.0,HOLD,closed,0.0,0.0,0.0,0.03314221105771195,True,False
2024-07-10 03:00:00+00:00,58180.01,0.0,985.0660647485608,-0.018427256752630735,0.0,HOLD,closed,0.0,0.0,0.0,0.03314423296809105,True,False
2024-07-10 04:00:00+00:00,59347.44,0.0,985.0660647485608,-0.018427256752630735,0.0,HOLD,closed,0.0,0.0,0.0,0.03323254174742579,True,False
2024-07-10 05:00:00+00:00,58975.01,0.0,985.0660647485608,-0.018427256752630735,0.0,HOLD,closed,0.0,0.0,0.0,0.0332406608017021,True,False
2024-07-10 06:00:00+00:00,59238.47,0.0,985.0660647485608,-0.018427256752630735,0.0,HOLD,closed,0.0,0.0,0.0,0.033242735878627805,True,False
2024-07-10 07:00:00+00:00,58977.99,0.0,985.0660647485608,-0.018427256752630735,0.0,HOLD,closed,0.0,0.0,0.0,0.033242045298526285,True,False
2024-07-10 08:00:00+00:00,58756.01,0.0,985.0660647485608,-0.018427256752630735,0.0,HOLD,closed,0.0,0.0,0.0,0.03324522442671332,True,False
2024-07-10 09:00:00+00:00,58490.0,0.0,985.0660647485608,-0.018427256752630735,0.0,HOLD,closed,0.0,0.0,0.0,0.03324929912368349,True,False
2024-07-10 10:00:00+00:00,58656.01,0.0,985.0660647485608,-0.018427256752630735,0.0,HOLD,closed,0.0,0.0,0.0,0.03325008853778619,True,False
2024-07-10 11:00:00+00:00,58492.0,0.0,985.0660647485608,-0.018427256752630735,0.0,HOLD,closed,0.0,0.0,0.0,0.03324999989030794,True,False
2024-07-10 12:00:00+00:00,58150.44,0.0,985.0660647485608,-0.018427256752630735,0.0,HOLD,closed,0.0,0.0,0.0,0.033241638613422914,True,False
2024-07-10 13:00:00+00:00,57760.0,0.0,985.0660647485608,-0.018427256752630735,0.0,HOLD,closed,0.0,0.0,0.0,0.03323507278192983,True,False
2024-07-10 14:00:00+00:00,57713.03,0.0,985.0660647485608,-0.018427256752630735,0.0,HOLD,closed,0.0,0.0,0.0,0.03322944390334076,True,False
2024-07-10 15:00:00+00:00,57699.69,0.0,985.0660647485608,-0.018427256752630735,0.0,HOLD,closed,0.0,0.0,0.0,0.03322427979728257,True,False
2024-07-10 16:00:00+00:00,57696.73,0.0,985.0660647485608,-0.018427256752630735,0.0,HOLD,closed,0.0,0.0,0.0,0.03322254768931268,True,False
2024-07-10 17:00:00+00:00,57627.81,0.0,985.0660647485608,-0.018427256752630735,0.0,HOLD,closed,0.0,0.0,0.0,0.03321843422735682,True,False
2024-07-10 18:00:00+00:00,57630.16,0.0,985.0660647485608,-0.018427256752630735,0.0,HOLD,closed,0.0,0.0,0.0,0.03321367751585766,True,False
2024-07-10 19:00:00+00:00,57392.03,0.0,985.0660647485608,-0.018427256752630735,0.0,HOLD,closed,0.0,0.0,0.0,0.03321511658555848,True,False
2024-07-10 20:00:00+00:00,57409.23,0.0,985.0660647485608,-0.018427256752630735,0.0,HOLD,closed,0.0,0.0,0.0,0.033213305626400985,True,False
2024-07-10 21:00:00+00:00,57434.41,0.0,985.0660647485608,-0.018427256752630735,0.0,HOLD,closed,0.0,0.0,0.0,0.03321246495440289,True,False
2024-07-10 22:00:00+00:00,57710.73,0.0,985.0660647485608,-0.018427256752630735,0.0,HOLD,closed,0.0,0.0,0.0,0.03321694413024989,True,False
2024-07-10 23:00:00+00:00,57725.85,0.0,985.0660647485608,-0.018427256752630735,0.0,HOLD,closed,0.0,0.0,0.0,0.03321639580450034,True,False
2024-07-11 00:00:00+00:00,57628.89,0.0,985.0660647485608,-0.018427256752630735,0.0,HOLD,closed,0.0,0.0,0.0,0.03321594787775789,True,False
2024-07-11 01:00:00+00:00,58280.35,0.0,985.0660647485608,-0.018427256752630735,0.0,HOLD,closed,0.0,0.0,0.0,0.03324004973689976,True,False
2024-07-11 02:00:00+00:00,57869.99,0.0,985.0660647485608,-0.018427256752630735,0.0,HOLD,closed,0.0,0.0,0.0,0.033246609592624154,True,False
2024-07-11 03:00:00+00:00,57568.0,0.0,985.0660647485608,-0.018427256752630735,0.0,HOLD,closed,0.0,0.0,0.0,0.03323787244780177,True,False
2024-07-11 04:00:00+00:00,57779.99,0.0,985.0660647485608,-0.018427256752630735,0.0,HOLD,closed,0.0,0.0,0.0,0.03323478539919114,True,False
2024-07-11 05:00:00+00:00,57994.01,0.0,985.0660647485608,-0.018427256752630735,0.0,HOLD,closed,0.0,0.0,0.0,0.033235884449177466,True,False
2024-07-11 06:00:00+00:00,57996.0,0.0,985.0660647485608,-0.018427256752630735,0.0,HOLD,closed,0.0,0.0,0.0,0.03322186741904423,True,False
2024-07-11 07:00:00+00:00,58191.5,0.0,985.0660647485608,-0.018427256752630735,0.0,HOLD,closed,0.0,0.0,0.0,0.03322271199113938,True,False
2024-07-11 08:00:00+00:00,58159.09,0.0,985.0660647485608,-0.018427256752630735,0.0,HOLD,closed,0.0,0.0,0.0,0.033220047753398124,True,False
2024-07-11 09:00:00+00:00,58290.13,0.0,985.0660647485608,-0.018427256752630735,0.0,HOLD,closed,0.0,0.0,0.0,0.033185113915200876,True,False
2024-07-11 10:00:00+00:00,58462.29,0.0,985.0660647485608,-0.018427256752630735,0.0,HOLD,closed,0.0,0.0,0.0,0.03318303640706061,True,False
2024-07-11 11:00:00+00:00,58777.99,0.0,985.0660647485608,-0.018427256752630735,0.0,HOLD,closed,0.0,0.0,0.0,0.03318652696227009,True,False
2024-07-11 12:00:00+00:00,58816.35,0.0,985.0660647485608,-0.018427256752630735,0.0,HOLD,closed,0.0,0.0,0.0,0.03318470613852592,True,False
2024-07-11 13:00:00+00:00,58566.16,0.0,985.0660647485608,-0.018427256752630735,0.0,HOLD,closed,0.0,0.0,0.0,0.03318664662442447,True,False
2024-07-11 14:00:00+00:00,57790.01,0.0,985.0660647485608,-0.018427256752630735,0.0,HOLD,closed,0.0,0.0,0.0,0.03322278705556769,True,False
2024-07-11 15:00:00+00:00,57402.01,0.0,985.0660647485608,-0.018427256752630735,0.0,HOLD,closed,0.0,0.0,0.0,0.033230126903017854,True,False
2024-07-11 16:00:00+00:00,57640.84,0.0,985.0660647485608,-0.018427256752630735,0.0,HOLD,closed,0.0,0.0,0.0,0.03323298076053105,True,False
2024-07-11 17:00:00+00:00,57797.32,0.0,985.0660647485608,-0.018427256752630735,0.0,HOLD,closed,0.0,0.0,0.0,0.03323148290662384,True,False
2024-07-11 18:00:00+00:00,57841.27,0.0,985.0660647485608,-0.018427256752630735,0.0,HOLD,closed,0.0,0.0,0.0,0.03322854535939007,True,False
2024-07-11 19:00:00+00:00,57378.01,0.0,985.0660647485608,-0.018427256752630735,0.0,HOLD,closed,0.0,0.0,0.0,0.03324158219914233,True,False
2024-07-11 20:00:00+00:00,57554.0,0.0,985.0660647485608,-0.018427256752630735,0.0,HOLD,closed,0.0,0.0,0.0,0.03324331739962719,True,False
2024-07-11 21:00:00+00:00,57460.02,0.0,985.0660647485608,-0.018427256752630735,0.0,HOLD,closed,0.0,0.0,0.0,0.033242761853059244,True,False
2024-07-11 22:00:00+00:00,57338.58,0.0,985.0660647485608,-0.018427256752630735,0.0,HOLD,closed,0.0,0.0,0.0,0.03324179529397797,True,False
2024-07-11 23:00:00+00:00,57339.89,0.0,985.0660647485608,-0.018427256752630735,0.0,HOLD,closed,0.0,0.0,0.0,0.03323732852228148,True,False
2024-07-12 00:00:00+00:00,57178.0,0.0,985.0660647485608,-0.018427256752630735,0.0,HOLD,closed,0.0,0.0,0.0,0.033237344898978144,True,False
2024-07-12 01:00:00+00:00,56950.01,0.0,985.0660647485608,-0.018427256752630735,0.0,HOLD,closed,0.0,0.0,0.0,0.033240720835667203,True,False
2024-07-12 02:00:00+00:00,57332.88,0.0,985.0660647485608,-0.018427256752630735,0.0,HOLD,closed,0.0,0.0,0.0,0.033250277643308984,True,False
2024-07-12 03:00:00+00:00,56914.01,0.0,985.0660647485608,-0.018427256752630735,0.0,HOLD,closed,0.0,0.0,0.0,0.03325226463735503,True,False
2024-07-12 04:00:00+00:00,57018.0,0.0,985.0660647485608,-0.018427256752630735,0.0,HOLD,closed,0.0,0.0,0.0,0.03323558012097444,True,False
2024-07-12 05:00:00+00:00,57026.0,0.0,985.0660647485608,-0.018427256752630735,0.0,HOLD,closed,0.0,0.0,0.0,0.033223655206318314,True,False
2024-07-12 06:00:00+00:00,57210.0,0.0,985.0660647485608,-0.018427256752630735,0.0,HOLD,closed,0.0,0.0,0.0,0.033222676728711986,True,False
2024-07-12 07:00:00+00:00,57106.94,0.0,985.0660647485608,-0.018427256752630735,0.0,HOLD,closed,0.0,0.0,0.0,0.03322152383618224,True,False
2024-07-12 08:00:00+00:00,57323.02,0.0,985.0660647485608,-0.018427256752630735,0.0,HOLD,closed,0.0,0.0,0.0,0.03322392366281615,True,False
2024-07-12 09:00:00+00:00,56949.99,0.0,985.0660647485608,-0.018427256752630735,0.0,HOLD,closed,0.0,0.0,0.0,0.033229624721020534,True,False
2024-07-12 10:00:00+00:00,57172.84,0.0,985.0660647485608,-0.018427256752630735,0.0,HOLD,closed,0.0,0.0,0.0,0.03321239945916549,True,False
2024-07-12 11:00:00+00:00,57203.54,0.0,985.0660647485608,-0.018427256752630735,0.0,HOLD,closed,0.0,0.0,0.0,0.03319951009287775,True,False
2024-07-12 12:00:00+00:00,57382.3,0.0,985.0660647485608,-0.018427256752630735,0.0,HOLD,closed,0.0,0.0,0.0,0.03320122271219916,True,False
2024-07-12 13:00:00+00:00,57850.2,0.0,985.0660647485608,-0.018427256752630735,0.0,HOLD,closed,0.0,0.0,0.0,0.0332153460019976,True,False
2024-07-12 14:00:00+00:00,57820.01,0.0,985.0660647485608,-0.018427256752630735,0.0,HOLD,closed,0.0,0.0,0.0,0.033201146663949105,True,False
2024-07-12 15:00:00+00:00,58214.0,0.0,985.0660647485608,-0.018427256752630735,0.0,HOLD,closed,0.0,0.0,0.0,0.03321013375136317,True,False
2024-07-12 16:00:00+00:00,58116.01,0.0,985.0660647485608,-0.018427256752630735,0.0,HOLD,closed,0.0,0.0,0.0,0.03320963657719375,True,False
2024-07-12 17:00:00+00:00,58161.82,0.0,985.0660647485608,-0.018427256752630735,0.0,HOLD,closed,0.0,0.0,0.0,0.03320783952430956,True,False
2024-07-12 18:00:00+00:00,58296.9,0.0,985.0660647485608,-0.018427256752630735,0.0,HOLD,closed,0.0,0.0,0.0,0.03320775880497348,True,False
2024-07-12 19:00:00+00:00,57576.01,0.0,985.0660647485608,-0.018427256752630735,0.0,HOLD,closed,0.0,0.0,0.0,0.03323941520735313,True,False
2024-07-12 20:00:00+00:00,57542.01,0.0,985.0660647485608,-0.018427256752630735,0.0,HOLD,closed,0.0,0.0,0.0,0.03323769941564292,True,False
2024-07-12 21:00:00+00:00,57597.03,0.0,985.0660647485608,-0.018427256752630735,0.0,HOLD,closed,0.0,0.0,0.0,0.033237092532424045,True,False
2024-07-12 22:00:00+00:00,57792.01,0.0,985.0660647485608,-0.018427256752630735,0.0,HOLD,closed,0.0,0.0,0.0,0.03323737403503446,True,False
2024-07-12 23:00:00+00:00,57889.1,0.0,985.0660647485608,-0.018427256752630735,0.0,HOLD,closed,0.0,0.0,0.0,0.033237002137866595,True,False
2024-07-13 00:00:00+00:00,57835.58,0.0,985.0660647485608,-0.018427256752630735,0.0,HOLD,closed,0.0,0.0,0.0,0.03323644964555053,True,False
2024-07-13 01:00:00+00:00,57880.0,0.0,985.0660647485608,-0.018427256752630735,0.0,HOLD,closed,0.0,0.0,0.0,0.033235723712623566,True,False
2024-07-13 02:00:00+00:00,57946.43,0.0,985.0660647485608,-0.018427256752630735,0.0,HOLD,closed,0.0,0.0,0.0,0.03323521904575369,True,False
2024-07-13 03:00:00+00:00,57814.0,0.0,985.0660647485608,-0.018427256752630735,0.0,HOLD,closed,0.0,0.0,0.0,0.033235560592261876,True,False
2024-07-13 04:00:00+00:00,57775.86,0.0,985.0660647485608,-0.018427256752630735,0.0,HOLD,closed,0.0,0.0,0.0,0.03323280228779041,True,False
2024-07-13 05:00:00+00:00,58076.02,0.0,985.0660647485608,-0.018427256752630735,0.0,HOLD,closed,0.0,0.0,0.0,0.03323848117567643,True,False
2024-07-13 06:00:00+00:00,58038.55,0.0,985.0660647485608,-0.018427256752630735,0.0,HOLD,closed,0.0,0.0,0.0,0.03323836700197058,True,False
2024-07-13 07:00:00+00:00,58170.32,0.0,985.0660647485608,-0.018427256752630735,0.0,HOLD,closed,0.0,0.0,0.0,0.03323885182306502,True,False
2024-07-13 08:00:00+00:00,57949.93,0.0,985.0660647485608,-0.018427256752630735,0.0,HOLD,closed,0.0,0.0,0.0,0.03324143902839899,True,False
2024-07-13 09:00:00+00:00,58678.02,0.0008499246462898842,985.586125671497,-0.017909040112092493,0.05,BUY,closed,0.05,0.05,0.05,0.03327491898380963,False,False
2024-07-13 10:00:00+00:00,58436.67,0.0,985.4864068166578,-0.018008405335807737,0.0,SELL,closed,0.0,0.0,0.05040361673674737,0.033278305496315774,False,False
2024-07-13 11:00:00+00:00,58534.0,0.0,985.4864068166578,-0.018008405335807737,0.0,HOLD,closed,0.0,0.0,0.0,0.0332786669661051,True,False
2024-07-13 12:00:00+00:00,58768.01,0.0,985.4864068166578,-0.018008405335807737,0.0,HOLD,closed,0.0,0.0,0.0,0.033281987953331066,True,False
2024-07-13 13:00:00+00:00,58617.72,0.0,985.4864068166578,-0.018008405335807737,0.0,HOLD,closed,0.0,0.0,0.0,0.03328301515991955,True,False
2024-07-13 14:00:00+00:00,58800.0,0.000840604662666503,985.5410673627734,-0.017953938631372197,0.05,BUY,closed,0.05,0.05,0.05,0.03328497416522622,False,False
2024-07-13 15:00:00+00:00,58830.63,0.0,985.4422369682209,-0.018052418545531006,0.0,SELL,closed,0.0,0.0,0.0501775233588942,0.03328485158247302,False,False
2024-07-13 16:00:00+00:00,58621.99,0.0,985.4422369682209,-0.018052418545531006,0.0,HOLD,closed,0.0,0.0,0.0,0.033287268788378704,True,False
2024-07-13 17:00:00+00:00,58708.0,0.0008405056165512472,985.4159599965476,-0.018078602331667366,0.05,BUY,closed,0.05,0.05,0.05,0.03328740671736655,False,False
2024-07-13 18:00:00+00:00,58643.8,0.0008405056165512472,985.3619995359651,-0.0181323714332701,0.05,HOLD,closed,0.05,0.05002267521897567,2.267521897566377e-05,0.03328761443212311,True,False
2024-07-13 19:00:00+00:00,58624.38,0.0008405056165512472,985.3456769168916,-0.01814863616774249,0.05,HOLD,closed,0.05,0.05000693848986217,6.938489862169661e-06,0.03328741765402468,True,False
2024-07-13 20:00:00+00:00,58596.01,0.0008405056165512472,985.3218317725501,-0.018172396750491232,0.05,HOLD,closed,0.05,0.049983948314525815,1.6051685474187394e-05,0.03328503094154267,True,False
2024-07-13 21:00:00+00:00,58686.0,0.0008405056165512472,985.3974688729835,-0.018097027880503196,0.05,HOLD,closed,0.05,0.05005686960952052,5.686960952051845e-05,0.03328550519438053,True,False
2024-07-13 22:00:00+00:00,59464.53,0.0,985.5646176004648,-0.01793047190945167,0.0,SELL,closed,0.0,0.0,0.05068726617202432,0.033322581070906826,False,False
2024-07-13 23:00:00+00:00,59204.02,0.0,985.5646176004648,-0.01793047190945167,0.0,HOLD,closed,0.0,0.0,0.0,0.033326114582097804,True,False
2024-07-14 00:00:00+00:00,59753.99,0.0,985.5646176004648,-0.01793047190945167,0.0,HOLD,closed,0.0,0.0,0.0,0.033344204318602216,True,False
2024-07-14 01:00:00+00:00,59705.99,0.0,985.5646176004648,-0.01793047190945167,0.0,HOLD,closed,0.0,0.0,0.0,0.03334391813203694,True,False
2024-07-14 02:00:00+00:00,59356.0,0.0,985.5646176004648,-0.01793047190945167,0.0,HOLD,closed,0.0,0.0,0.0,0.03335085790751585,True,False
2024-07-14 03:00:00+00:00,59466.15,0.0008302148204060794,985.5574846620569,-0.017937579552452426,0.05,BUY,closed,0.05,0.05,0.05,0.0333513193976345,False,False
2024-07-14 04:00:00+00:00,59950.0,0.0008302148204060794,985.9591841029105,-0.017537304650869837,0.05,HOLD,closed,0.05,0.0504801611322579,0.00048016113225789886,0.03336477409939603,True,False
2024-07-14 05:00:00+00:00,60265.38,0.0,986.128758159948,-0.01736833195116328,0.0,SELL,closed,0.0,0.0,0.05073225043689206,0.033369090990563954,False,False
2024-07-14 06:00:00+00:00,59875.99,0.0,986.128758159948,-0.01736833195116328,0.0,HOLD,closed,0.0,0.0,0.0,0.03337441586806403,True,False
2024-07-14 07:00:00+00:00,60062.01,0.0008234758151512693,986.1832953672894,-0.01731398814810803,0.05,BUY,closed,0.05,0.05,0.05,0.03337458814967553,False,False
2024-07-14 08:00:00+00:00,60202.0,0.0008234758151512693,986.2985737466524,-0.01719911857832196,0.05,HOLD,closed,0.05,0.05026357367162824,0.00026357367162823525,0.03337556221634319,True,False
2024-07-14 09:00:00+00:00,60186.01,0.0,986.1994405337576,-0.017297900236943924,0.0,SELL,closed,0.0,0.0,0.05025089423957432,0.033375175940011687,False,False
2024-07-14 10:00:00+00:00,59920.51,0.0008192930586297126,986.1505498786241,-0.01734661751205461,0.05,BUY,closed,0.05,0.05,0.05,0.033378631278267956,False,False
2024-07-14 11:00:00+00:00,60099.1,0.0008192930586297126,986.2968674259648,-0.017200818847916195,0.05,HOLD,closed,0.05,0.049922875237752906,7.712476224709663e-05,0.03337921182429601,True,False
2024-07-14 12:00:00+00:00,59583.86,0.0008192930586297126,985.8747348704364,-0.017621454402598283,0.05,HOLD,closed,0.05,0.04951607052875746,0.000483929471242546,0.033392599739900025,True,False
2024-07-14 13:00:00+00:00,59701.93,0.0008192930586297126,985.9714688018688,-0.017525063516911434,0.05,HOLD,closed,0.05,0.04960932276796557,0.00039067723203443233,0.03339094484447391,True,False
2024-07-14 14:00:00+00:00,60012.0,0.0008192930586297126,986.2255070005582,-0.01727192620917075,0.05,HOLD,closed,0.05,0.04985413040473966,0.00014586959526034088,0.03339553031458861,True,False
2024-07-14 15:00:00+00:00,60084.0,0.0,986.1271967541967,-0.017369887819730364,0.0,SELL,closed,0.0,0.0,0.049910958074796355,0.03339501365281461,False,False
2024-07-14 16:00:00+00:00,60107.33,0.0,986.1271967541967,-0.017369887819730364,0.0,HOLD,closed,0.0,0.0,0.0,0.033386038617717106,True,False
2024-07-14 17:00:00+00:00,60005.56,0.0,986.1271967541967,-0.017369887819730364,0.0,HOLD,closed,0.0,0.0,0.0,0.03338570854155992,True,False
2024-07-14 18:00:00+00:00,60020.11,0.0008216965200843028,986.0405150657086,-0.01745626211055547,0.05,BUY,closed,0.05,0.05,0.05,0.033383616738898086,False,False
2024-07-14 19:00:00+00:00,59915.99,0.0008216965200843028,985.9549600240374,-0.01754151374997044,0.05,HOLD,closed,0.05,0.04993408672461631,6.591327538369579e-05,0.03337350609691636,True,False
2024-07-14 20:00:00+00:00,60084.0,0.0008216965200843028,986.0930132563767,-0.01740395009324652,0.05,HOLD,closed,0.05,0.050067096155268276,6.709615526827306e-05,0.03337407184383537,True,False
2024-07-14 21:00:00+00:00,61276.36,0.0,986.2628405531917,-0.017234725051821963,0.0,SELL,closed,0.0,0.0,0.05100998957569005,0.033452032425697276,False,False
2024-07-14 22:00:00+00:00,60861.4,0.0,986.2628405531917,-0.017234725051821963,0.0,HOLD,closed,0.0,0.0,0.0,0.03345139806367797,True,False
2024-07-14 23:00:00+00:00,60797.91,0.0,986.2628405531917,-0.017234725051821963,0.0,HOLD,closed,0.0,0.0,0.0,0.03345002259743826,True,False
2024-07-15 00:00:00+00:00,61211.99,0.0008110992964669276,986.5000496092464,-0.016998357205839847,0.05,BUY,closed,0.05,0.05,0.05,0.033458089903852545,False,False
2024-07-15 01:00:00+00:00,61390.0,0.0,986.670700970529,-0.01682831102231225,0.0,SELL,closed,0.0,0.0,0.050467406620607294,0.0334448399734307,False,False
2024-07-15 02:00:00+00:00,62482.0,0.0,986.670700970529,-0.01682831102231225,0.0,HOLD,closed,0.0,0.0,0.0,0.03350892229902622,True,False
2024-07-15 03:00:00+00:00,62647.87,0.0,986.670700970529,-0.01682831102231225,0.0,HOLD,closed,0.0,0.0,0.0,0.033509802809696926,True,False
2024-07-15 04:00:00+00:00,62610.0,0.0,986.670700970529,-0.01682831102231225,0.0,HOLD,closed,0.0,0.0,0.0,0.033505543108468705,True,False
2024-07-15 05:00:00+00:00,62799.99,0.0,986.670700970529,-0.01682831102231225,0.0,HOLD,closed,0.0,0.0,0.0,0.03341178874983733,True,False
2024-07-15 06:00:00+00:00,62870.02,0.0,986.670700970529,-0.01682831102231225,0.0,HOLD,closed,0.0,0.0,0.0,0.033408220225239926,True,False
2024-07-15 07:00:00+00:00,62840.12,0.0007846909393145803,986.5485469745789,-0.016950031825813807,0.05,BUY,closed,0.05,0.05,0.05,0.03340511002658511,False,False
2024-07-15 08:00:00+00:00,62879.54,0.0007846909393145803,986.5794794914067,-0.01691920900439632,0.05,HOLD,closed,0.05,0.050012194994877246,1.2194994877243182e-05,0.033403085138514005,True,False
2024-07-15 09:00:00+00:00,62637.64,0.0007846909393145803,986.3896627531865,-0.017108352599041043,0.05,HOLD,closed,0.05,0.049829383279280264,0.00017061672071973927,0.033398781361836494,True,False
2024-07-15 10:00:00+00:00,62535.96,0.0007846909393145803,986.309875378477,-0.017187857025264517,0.05,HOLD,closed,0.05,0.049752519383939896,0.000247480616060107,0.03339493769670074,True,False
2024-07-15 11:00:00+00:00,62454.0,0.0007846909393145803,986.2455621090908,-0.017251942221697313,0.05,HOLD,closed,0.05,0.04969055355661212,0.0003094464433878799,0.03338229582853436,True,False
2024-07-15 12:00:00+00:00,62616.0,0.0007846909393145803,986.3726820412597,-0.01712527309258427,0.05,HOLD,closed,0.05,0.04981302579714641,0.0001869742028535945,0.03335652573517739,True,False
2024-07-15 13:00:00+00:00,62908.01,0.0007846909393145803,986.601819642449,-0.016896948077817026,0.05,HOLD,closed,0.05,0.0500337060752641,3.370607526409497e-05,0.0333604726662689,True,False
2024-07-15 14:00:00+00:00,63218.06,0.0,986.7698977180755,-0.016729466054350287,0.0,SELL,closed,0.0,0.0,0.050267907522807034,0.033363671833269826,False,False
2024-07-15 15:00:00+00:00,63026.0,0.0,986.7698977180755,-0.016729466054350287,0.0,HOLD,closed,0.0,0.0,0.0,0.033293209311848065,True,False
2024-07-15 16:00:00+00:00,63411.77,0.0007828275165428333,986.9731796018378,-0.016526905065359157,0.05,BUY,closed,0.05,0.05,0.05,0.03329815689954274,False,False
2024-07-15 17:00:00+00:00,63081.97,0.0,987.1405916812541,-0.016360086676292688,0.0,SELL,closed,0.0,0.0,0.050047178525957116,0.03328174669977618,False,False
2024-07-15 18:00:00+00:00,63499.0,0.0007824268897129038,987.3681484293882,-0.0161333369084308,0.05,BUY,closed,0.05,0.05,0.05,0.03329029659633964,False,False
2024-07-15 19:00:00+00:00,63342.0,0.0,987.5358024849044,-0.01596627740137977,0.0,SELL,closed,0.0,0.0,0.05020077955936815,0.03328709899390611,False,False
2024-07-15 20:00:00+00:00,63731.36,0.000779526856181447,987.7405407929836,-0.015762265152962293,0.05,BUY,closed,0.05,0.05,0.05,0.03329183273303196,False,False
2024-07-15 21:00:00+00:00,63532.44,0.0,987.641205019735,-0.01586124865360196,0.0,SELL,closed,0.0,0.0,0.050147804272695766,0.033290080104758174,False,False
2024-07-15 22:00:00+00:00,64343.6,0.0007772731576339072,988.1729091027493,-0.015331430142908137,0.05,BUY,closed,0.05,0.05,0.05,0.03332045976346623,False,False
2024-07-15 23:00:00+00:00,64724.14,0.0,988.342020877867,-0.015162918085739583,0.0,SELL,closed,0.0,0.0,0.05089522515789219,0.03330420847867541,False,False
2024-07-16 00:00:00+00:00,64611.44,0.0,988.342020877867,-0.015162918085739583,0.0,HOLD,closed,0.0,0.0,0.0,0.033303330224887906,True,False
2024-07-16 01:00:00+00:00,64848.08,0.0,988.342020877867,-0.015162918085739583,0.0,HOLD,closed,0.0,0.0,0.0,0.03329907929391507,True,False
2024-07-16 02:00:00+00:00,64819.91,0.0,988.342020877867,-0.015162918085739583,0.0,HOLD,closed,0.0,0.0,0.0,0.03329811098342822,True,False
2024-07-16 03:00:00+00:00,64752.14,0.0,988.342020877867,-0.015162918085739583,0.0,HOLD,closed,0.0,0.0,0.0,0.03328574018958255,True,False
2024-07-16 04:00:00+00:00,64487.01,0.0007631732486971605,988.0408218438015,-0.01546304898326122,0.05,BUY,closed,0.05,0.05,0.05,0.03328618364279992,False,False
2024-07-16 05:00:00+00:00,63654.92,0.0007631732486971605,987.4057930152932,-0.016095825820822043,0.05,HOLD,closed,0.05,0.049199359002753434,0.0008006409972465683,0.03329996465580479,True,False
2024-07-16 06:00:00+00:00,62899.64,0.0007631732486971605,986.8293835240171,-0.01667019120181819,0.05,HOLD,closed,0.05,0.04864399398937596,0.0013560060106240432,0.03332506790326101,True,False
2024-07-16 07:00:00+00:00,62895.01,0.0007631732486971605,986.8258500318757,-0.016673712163201997,0.05,HOLD,closed,0.05,0.04864058750284049,0.0013594124971595123,0.03331927890497477,True,False
2024-07-16 08:00:00+00:00,62820.67,0.0007631732486971605,986.7691157325676,-0.01673024526671755,0.05,HOLD,closed,0.05,0.04858588908474279,0.0014141109152572134,0.03331094944547028,True,False
2024-07-16 09:00:00+00:00,63187.54,0.0007631732486971605,987.0491011023171,-0.016451252803887855,0.05,HOLD,closed,0.05,0.048855766268493875,0.001144233731506128,0.03331063425031949,True,False
2024-07-16 10:00:00+00:00,63443.54,0.0007631732486971605,987.2444734539836,-0.01625657329756569,0.05,HOLD,closed,0.05,0.04904399450447274,0.0009560054955272609,0.033296133427647034,True,False
2024-07-16 11:00:00+00:00,63746.11,0.0,987.4081326711024,-0.016093494462090775,0.0,SELL,closed,0.0,0.0,0.04926636806508665,0.03330056707828327,False,False
2024-07-16 12:00:00+00:00,63743.31,0.0,987.4081326711024,-0.016093494462090775,0.0,HOLD,closed,0.0,0.0,0.0,0.033290484501059425,True,False
2024-07-16 13:00:00+00:00,63419.99,0.0,987.4081326711024,-0.016093494462090775,0.0,HOLD,closed,0.0,0.0,0.0,0.033295559169224415,True,False
2024-07-16 14:00:00+00:00,63836.09,0.0007784675877992905,987.8983162815459,-0.015605049180686463,0.05,BUY,closed,0.05,0.05,0.05,0.0332475558230205,False,False
2024-07-16 15:00:00+00:00,64878.24,0.0,988.0658101554245,-0.01543814928722389,0.0,SELL,closed,0.0,0.0,0.05108234731773941,0.033276676415679135,False,False
2024-07-16 16:00:00+00:00,64500.0,0.0,988.0658101554245,-0.01543814928722389,0.0,HOLD,closed,0.0,0.0,0.0,0.03328074604628489,True,False
2024-07-16 17:00:00+00:00,64547.52,0.0,988.0658101554245,-0.01543814928722389,0.0,HOLD,closed,0.0,0.0,0.0,0.03327278014677271,True,False
2024-07-16 18:00:00+00:00,64795.44,0.0,988.0658101554245,-0.01543814928722389,0.0,HOLD,closed,0.0,0.0,0.0,0.03326987199442677,True,False
2024-07-16 19:00:00+00:00,65165.43,0.0,988.0658101554245,-0.01543814928722389,0.0,HOLD,closed,0.0,0.0,0.0,0.033275444609877386,True,False
2024-07-16 20:00:00+00:00,64651.82,0.0,988.0658101554245,-0.01543814928722389,0.0,HOLD,closed,0.0,0.0,0.0,0.03328789284615019,True,False
2024-07-16 21:00:00+00:00,64500.01,0.0007641438478881373,987.8509741952158,-0.015652223378654552,0.05,BUY,closed,0.05,0.05,0.05,0.03328213446847947,False,False
2024-07-16 22:00:00+00:00,64616.92,0.0007641438478881373,987.9403102524724,-0.015563204132199637,0.05,HOLD,closed,0.05,0.04997935743188931,2.0642568110691706e-05,0.03328126586378871,True,False
2024-07-16 23:00:00+00:00,65043.99,0.0007641438478881373,988.26665316559,-0.01523801852289741,0.05,HOLD,closed,0.05,0.05029307084417983,0.00029307084417982965,0.033287922610127946,True,False
2024-07-17 00:00:00+00:00,65505.41,0.0,988.4345226739347,-0.01507074432707429,0.0,SELL,closed,0.0,0.0,0.050631784013331085,0.033293889100228985,False,False
2024-07-17 01:00:00+00:00,65670.19,0.0,988.4345226739347,-0.01507074432707429,0.0,HOLD,closed,0.0,0.0,0.0,0.0332886192010958,True,False
2024-07-17 02:00:00+00:00,65612.86,0.0,988.4345226739347,-0.01507074432707429,0.0,HOLD,closed,0.0,0.0,0.0,0.03328298837195154,True,False
2024-07-17 03:00:00+00:00,65701.66,0.0,988.4345226739347,-0.01507074432707429,0.0,HOLD,closed,0.0,0.0,0.0,0.03328171995561777,True,False
2024-07-17 04:00:00+00:00,65830.0,0.0,988.4345226739347,-0.01507074432707429,0.0,HOLD,closed,0.0,0.0,0.0,0.033279112445340236,True,False
2024-07-17 05:00:00+00:00,65624.01,0.0,988.4345226739347,-0.01507074432707429,0.0,HOLD,closed,0.0,0.0,0.0,0.033280590508457414,True,False
2024-07-17 06:00:00+00:00,65575.87,0.0007531044455335966,988.2994075938407,-0.015205380251067692,0.05,BUY,closed,0.05,0.05,0.05,0.033279937087724004,False,False
2024-07-17 07:00:00+00:00,65258.0,0.0007531044455335966,988.0600182837389,-0.015443920619302411,0.05,HOLD,closed,0.05,0.04973998441106669,0.00026001558893331417,0.033282850742332976,True,False
2024-07-17 08:00:00+00:00,65179.63,0.0007531044455335966,988.0009974883425,-0.01550273211034767,0.05,HOLD,closed,0.05,0.04968321817085428,0.00031678182914571945,0.033281893026031656,True,False
2024-07-17 09:00:00+00:00,65331.98,0.0007531044455335966,988.1157329506195,-0.015388403532310838,0.05,HOLD,closed,0.05,0.0497935645924695,0.00020643540753050027,0.03327589051065344,True,False
2024-07-17 10:00:00+00:00,65120.02,0.0007531044455335966,987.9561049323441,-0.015547465464707935,0.05,HOLD,closed,0.05,0.04964003593924363,0.0003599640607563695,0.033277715109961664,True,False
2024-07-17 11:00:00+00:00,64723.73,0.0007531044455335966,987.6576571716237,-0.015844854845674185,0.05,HOLD,closed,0.05,0.04935285869610394,0.0006471413038960649,0.033281297889244194,True,False
2024-07-17 12:00:00+00:00,64730.72,0.0007531044455335966,987.662921371698,-0.015839609313934903,0.05,HOLD,closed,0.05,0.049357925603693134,0.0006420743963068687,0.03327837581231638,True,False
2024-07-17 13:00:00+00:00,65141.95,0.0007531044455335966,987.9726205128347,-0.015531008453113886,0.05,HOLD,closed,0.05,0.049655922762578165,0.0003440772374218373,0.03328174341977633,True,False
2024-07-17 14:00:00+00:00,65032.09,0.0,987.8745276579093,-0.015628753443168632,0.0,SELL,closed,0.0,0.0,0.04957633118005767,0.0332718310932813,False,False
2024-07-17 15:00:00+00:00,64724.01,0.0,987.8745276579093,-0.015628753443168632,0.0,HOLD,closed,0.0,0.0,0.0,0.03327532322281784,True,False
2024-07-17 16:00:00+00:00,64242.0,0.0007631437913518563,987.6737695611971,-0.015828799595168825,0.05,BUY,closed,0.05,0.05,0.05,0.033285447663595646,False,False
2024-07-17 17:00:00+00:00,64278.83,0.0007631437913518563,987.7018761470326,-0.015800792683196944,0.05,HOLD,closed,0.05,0.0496647735663095,0.00033522643369050115,0.033283791588399364,True,False
2024-07-17 18:00:00+00:00,64504.0,0.0007631437913518563,987.8737132345314,-0.015629564978372083,0.05,HOLD,closed,0.05,0.04983008096873352,0.00016991903126648,0.03328474644686327,True,False
2024-07-17 19:00:00+00:00,64585.78,0.0,987.7752861932101,-0.015727642969703592,0.0,SELL,closed,0.0,0.0,0.049890105101402585,0.03328162737517698,False,False
2024-07-17 20:00:00+00:00,64510.31,0.0,987.7752861932101,-0.015727642969703592,0.0,HOLD,closed,0.0,0.0,0.0,0.03327674547587803,True,False
2024-07-17 21:00:00+00:00,64318.0,0.0,987.7752861932101,-0.015727642969703592,0.0,HOLD,closed,0.0,0.0,0.0,0.03327619585483413,True,False
2024-07-17 22:00:00+00:00,64269.2,0.0007678840186209228,987.6390112301,-0.01586343466344154,0.05,BUY,closed,0.05,0.05,0.05,0.03327367598886696,False,False
2024-07-17 23:00:00+00:00,64087.99,0.0007678840186209228,987.4998629670857,-0.01600208946755345,0.05,HOLD,closed,0.05,0.04983508874489616,0.00016491125510384452,0.033273489420031416,True,False
2024-07-18 00:00:00+00:00,64443.54,0.0007678840186209228,987.7728841299064,-0.015730036514614833,0.05,HOLD,closed,0.05,0.05009771503592942,9.771503592941738e-05,0.03327888188837308,True,False
2024-07-18 01:00:00+00:00,64678.99,0.0,987.6739308800636,-0.01582863884838442,0.0,SELL,closed,0.0,0.0,0.05027154981575677,0.03327557923487362,False,False
2024-07-18 02:00:00+00:00,64701.35,0.0,987.6739308800636,-0.01582863884838442,0.0,HOLD,closed,0.0,0.0,0.0,0.03327475890233056,True,False
2024-07-18 03:00:00+00:00,64865.08,0.0,987.6739308800636,-0.01582863884838442,0.0,HOLD,closed,0.0,0.0,0.0,0.033275349933699155,True,False
2024-07-18 04:00:00+00:00,64574.0,0.0,987.6739308800636,-0.01582863884838442,0.0,HOLD,closed,0.0,0.0,0.0,0.033278543770711405,True,False
2024-07-18 05:00:00+00:00,64756.77,0.0007647613055409791,987.7149142189411,-0.015787800847960894,0.05,BUY,closed,0.05,0.05,0.05,0.03327002325938794,False,False
2024-07-18 06:00:00+00:00,65000.01,0.0,987.8817111310531,-0.015621595444642351,0.0,SELL,closed,0.0,0.0,0.05031829686435958,0.03327089521631821,False,False
2024-07-18 07:00:00+00:00,64668.0,0.0,987.8817111310531,-0.015621595444642351,0.0,HOLD,closed,0.0,0.0,0.0,0.03327555207007052,True,False
2024-07-18 08:00:00+00:00,64936.9,0.0007638103166411927,987.988286857042,-0.015515397666172296,0.05,BUY,closed,0.05,0.05,0.05,0.03327762693745079,False,False
2024-07-18 09:00:00+00:00,64865.99,0.0,987.8891050856469,-0.01561422771109249,0.0,SELL,closed,0.0,0.0,0.05015042106958279,0.033255282822652554,False,False
2024-07-18 10:00:00+00:00,64609.99,0.0,987.8891050856469,-0.01561422771109249,0.0,HOLD,closed,0.0,0.0,0.0,0.03325416760977107,True,False
2024-07-18 11:00:00+00:00,64758.0,0.0007645018247840984,987.9034453929969,-0.01559993825850823,0.05,BUY,closed,0.05,0.05,0.05,0.03325299656048761,False,False
2024-07-18 12:00:00+00:00,64850.66,0.0007645018247840984,987.9742841320815,-0.015529350733529184,0.05,HOLD,closed,0.05,0.05018192143736511,0.00018192143736510402,0.03325174745661055,True,False
2024-07-18 13:00:00+00:00,64594.2,0.0,987.8751520254884,-0.015628131289772668,0.0,SELL,closed,0.0,0.0,0.049993392009356215,0.03325330324584394,False,False
2024-07-18 14:00:00+00:00,63995.4,0.0007646779060855994,987.5840356556911,-0.01591821527899134,0.05,BUY,closed,0.05,0.05,0.05,0.033269524547824336,False,False
2024-07-18 15:00:00+00:00,63538.12,0.0007646779060855994,987.2343637427963,-0.01626664715687184,0.05,HOLD,closed,0.05,0.04921445032972301,0.0007855496702769901,0.03326882395278377,True,False
2024-07-18 16:00:00+00:00,63904.0,0.0007646779060855994,987.5141440950749,-0.01598785898446337,0.05,HOLD,closed,0.05,0.04948382481678103,0.0005161751832189754,0.03327412456285522,True,False
2024-07-18 17:00:00+00:00,63555.52,0.0007646779060855994,987.2476691383622,-0.01625338894598326,0.05,HOLD,closed,0.05,0.04922726431574916,0.0007727356842508401,0.03327698402237117,True,False
2024-07-18 18:00:00+00:00,63520.01,0.0007646779060855994,987.2205154259171,-0.016280446363721883,0.05,HOLD,closed,0.05,0.049201113107319026,0.0007988868926809764,0.033274252035643936,True,False
2024-07-18 19:00:00+00:00,63555.0,0.0007646779060855994,987.247271505851,-0.01625378516837765,0.05,HOLD,closed,0.05,0.04922688137404717,0.0007731186259528344,0.033273249902575075,True,False
2024-07-18 20:00:00+00:00,63826.01,0.0007646779060855994,987.4545068651793,-0.016047284723957597,0.05,HOLD,closed,0.05,0.04942641847424596,0.0005735815257540411,0.03327288076265825,True,False
2024-07-18 21:00:00+00:00,63850.0,0.0,987.3569185889879,-0.016144526924656462,0.0,SELL,closed,0.0,0.0,0.04944407760677724,0.033254465769475605,False,False
2024-07-18 22:00:00+00:00,64032.0,0.0,987.3569185889879,-0.016144526924656462,0.0,HOLD,closed,0.0,0.0,0.0,0.03324658127421007,True,False
2024-07-18 23:00:00+00:00,63987.92,0.0,987.3569185889879,-0.016144526924656462,0.0,HOLD,closed,0.0,0.0,0.0,0.03324072167457434,True,False
2024-07-19 00:00:00+00:00,63600.0,0.0,987.3569185889879,-0.016144526924656462,0.0,HOLD,closed,0.0,0.0,0.0,0.0332432233341986,True,False
2024-07-19 01:00:00+00:00,63816.0,0.0007762241146492225,987.6907733858145,-0.015811856070899043,0.05,BUY,closed,0.05,0.05,0.05,0.033243883906724,False,False
2024-07-19 02:00:00+00:00,63828.0,0.0,987.5917193706522,-0.01591055881264598,0.0,SELL,closed,0.0,0.0,0.05016181874234974,0.03324363375239531,False,False
2024-07-19 03:00:00+00:00,64325.0,0.0,987.5917193706522,-0.01591055881264598,0.0,HOLD,closed,0.0,0.0,0.0,0.033251257465757605,True,False
2024-07-19 04:00:00+00:00,64141.92,0.0,987.5917193706522,-0.01591055881264598,0.0,HOLD,closed,0.0,0.0,0.0,0.03325152171397919,True,False
2024-07-19 05:00:00+00:00,64164.0,0.0,987.5917193706522,-0.01591055881264598,0.0,HOLD,closed,0.0,0.0,0.0,0.03325095735641723,True,False
2024-07-19 06:00:00+00:00,64210.01,0.0,987.5917193706522,-0.01591055881264598,0.0,HOLD,closed,0.0,0.0,0.0,0.033250708304813165,True,False
2024-07-19 07:00:00+00:00,63694.01,0.0,987.5917193706522,-0.01591055881264598,0.0,HOLD,closed,0.0,0.0,0.0,0.033262185109555725,True,False
2024-07-19 08:00:00+00:00,63809.0,0.0007752626340927916,987.8472379902099,-0.015655946334025995,0.05,BUY,closed,0.05,0.05,0.05,0.03325148267758121,False,False
2024-07-19 09:00:00+00:00,63700.0,0.0007752626340927916,987.7627343630938,-0.01574015028749774,0.05,HOLD,closed,0.05,0.04999604467114627,3.95532885373584e-06,0.0332448815276615,True,False
2024-07-19 10:00:00+00:00,63994.01,0.0007752626340927916,987.9906693301434,-0.015513023641991013,0.05,HOLD,closed,0.05,0.050215215891054356,0.00021521589105435307,0.033237763267775305,True,False
2024-07-19 11:00:00+00:00,64116.0,0.0,987.8914620695833,-0.01561187908568441,0.0,SELL,closed,0.0,0.0,0.05030612426256036,0.033222799165590705,False,False
2024-07-19 12:00:00+00:00,64414.0,0.0,987.8914620695833,-0.01561187908568441,0.0,HOLD,closed,0.0,0.0,0.0,0.033215130213024635,True,False
2024-07-19 13:00:00+00:00,65135.9,0.0,987.8914620695833,-0.01561187908568441,0.0,HOLD,closed,0.0,0.0,0.0,0.03323904295251659,True,False
2024-07-19 14:00:00+00:00,65747.04,0.0,987.8914620695833,-0.01561187908568441,0.0,HOLD,closed,0.0,0.0,0.0,0.033256055052983985,True,False
2024-07-19 15:00:00+00:00,65836.77,0.0,987.8914620695833,-0.01561187908568441,0.0,HOLD,closed,0.0,0.0,0.0,0.03322850325314894,True,False
2024-07-19 16:00:00+00:00,66419.43,0.0,987.8914620695833,-0.01561187908568441,0.0,HOLD,closed,0.0,0.0,0.0,0.033242206707461336,True,False
2024-07-19 17:00:00+00:00,66755.42,0.0,987.8914620695833,-0.01561187908568441,0.0,HOLD,closed,0.0,0.0,0.0,0.03324487643153326,True,False
2024-07-19 18:00:00+00:00,66787.99,0.0,987.8914620695833,-0.01561187908568441,0.0,HOLD,closed,0.0,0.0,0.0,0.03324297410344909,True,False
2024-07-19 19:00:00+00:00,67157.26,0.0,987.8914620695833,-0.01561187908568441,0.0,HOLD,closed,0.0,0.0,0.0,0.03324770711846681,True,False
2024-07-19 20:00:00+00:00,66931.8,0.0,987.8914620695833,-0.01561187908568441,0.0,HOLD,closed,0.0,0.0,0.0,0.033242777055167455,True,False
2024-07-19 21:00:00+00:00,66892.28,0.0007379835253742454,987.7634757373318,-0.01573941154238152,0.05,BUY,closed,0.05,0.05,0.05,0.033234146161985306,False,False
2024-07-19 22:00:00+00:00,66721.19,0.0007379835253742454,987.6372141359755,-0.01586522538456453,0.05,HOLD,closed,0.05,0.0498554917824165,0.00014450821758350135,0.03317641100025226,True,False
2024-07-19 23:00:00+00:00,66660.0,0.0007379835253742454,987.5920569240578,-0.015910222456299715,0.05,HOLD,closed,0.05,0.04981204684317346,0.00018795315682654246,0.03312303395106389,True,False
2024-07-20 00:00:00+00:00,66419.88,0.0007379835253742454,987.414852319945,-0.016086798643014148,0.05,HOLD,closed,0.05,0.049641523096567504,0.0003584769034324989,0.03311999558922779,True,False
2024-07-20 01:00:00+00:00,66361.99,0.0007379835253742454,987.372130453661,-0.01612936900553668,0.05,HOLD,closed,0.05,0.04960040274637755,0.00039959725362245097,0.03301749418794017,True,False
2024-07-20 02:00:00+00:00,66570.57,0.0007379835253742454,987.5260590573836,-0.015975986275964395,0.05,HOLD,closed,0.05,0.04974854433883677,0.0002514556611632329,0.03290744274822552,True,False
2024-07-20 03:00:00+00:00,66602.01,0.0007379835253742454,987.5492612594214,-0.015952866355464963,0.05,HOLD,closed,0.05,0.04977087023904837,0.00022912976095162962,0.03281048446814919,True,False
2024-07-20 04:00:00+00:00,66660.84,0.0007379835253742454,987.5926768302191,-0.01590960474850011,0.05,HOLD,closed,0.05,0.049812643270607956,0.0001873567293920464,0.03269866261616061,True,False
2024-07-20 05:00:00+00:00,66537.32,0.0007379835253742454,987.5015211051649,-0.01600043720969858,0.05,HOLD,closed,0.05,0.04972493199564902,0.0002750680043509812,0.03265983098625794,True,False
2024-07-20 06:00:00+00:00,66625.77,0.0007379835253742454,987.5667957479843,-0.0159353940491334,0.05,HOLD,closed,0.05,0.04978774178827387,0.00021225821172612958,0.03264787506432981,True,False
2024-07-20 07:00:00+00:00,66562.28,0.0007379835253742454,987.5199411739583,-0.015982082463653263,0.05,HOLD,closed,0.05,0.049742657341128545,0.0002573426588714581,0.03264162851591554,True,False
2024-07-20 08:00:00+00:00,66510.71,0.0007379835253742454,987.4818833635547,-0.016020005310350166,0.05,HOLD,closed,0.05,0.04970603417427276,0.0002939658257272437,0.03263680015981346,True,False
2024-07-20 09:00:00+00:00,66582.79,0.0007379835253742454,987.5350772160637,-0.015967000098213054,0.05,HOLD,closed,0.05,0.04975722202392444,0.00024277797607556023,0.03262339931003316,True,False
2024-07-20 10:00:00+00:00,66524.99,0.0007379835253742454,987.492421768297,-0.016009504277756992,0.05,HOLD,closed,0.05,0.04971617560140205,0.0002838243985979552,0.03260835011298985,True,False
2024-07-20 11:00:00+00:00,66483.69,0.0007379835253742454,987.4619430486991,-0.016039874911237317,0.05,HOLD,closed,0.05,0.049686844411044574,0.00031315558895542855,0.032601771715539435,True,False
2024-07-20 12:00:00+00:00,66476.28,0.0007379835253742454,987.4564745907761,-0.016045323976469517,0.05,HOLD,closed,0.05,0.04968158164996217,0.0003184183500378329,0.032598486586626924,True,False
2024-07-20 13:00:00+00:00,66539.89,0.0007379835253742454,987.5034177228251,-0.015998547317978347,0.05,HOLD,closed,0.05,0.049726757111839694,0.0002732428881603091,0.03259549245847593,True,False
2024-07-20 14:00:00+00:00,66590.0,0.0,987.4052242252168,-0.01609639259380874,0.0,SELL,closed,0.0,0.0,0.04976234192580878,0.03257077346457171,False,False
2024-07-20 15:00:00+00:00,66825.0,0.0,987.4052242252168,-0.01609639259380874,0.0,HOLD,closed,0.0,0.0,0.0,0.03254856118073493,True,False
2024-07-20 16:00:00+00:00,66804.91,0.0,987.4052242252168,-0.01609639259380874,0.0,HOLD,closed,0.0,0.0,0.0,0.03254834158085965,True,False
2024-07-20 17:00:00+00:00,67403.01,0.0,987.4052242252168,-0.01609639259380874,0.0,HOLD,closed,0.0,0.0,0.0,0.03256169487352617,True,False
2024-07-20 18:00:00+00:00,67467.99,0.0,987.4052242252168,-0.01609639259380874,0.0,HOLD,closed,0.0,0.0,0.0,0.03256111395965905,True,False
2024-07-20 19:00:00+00:00,67224.0,0.0,987.4052242252168,-0.01609639259380874,0.0,HOLD,closed,0.0,0.0,0.0,0.0325632664471488,True,False
2024-07-20 20:00:00+00:00,67339.28,0.0007344142153287641,987.3911222884067,-0.01611044452118209,0.05,BUY,closed,0.05,0.05,0.05,0.03256363120191491,False,False
2024-07-20 21:00:00+00:00,67092.41,0.0,987.292237166905,-0.01620897896821282,0.0,SELL,closed,0.0,0.0,0.04991200327797388,0.03256558903522547,False,False
2024-07-20 22:00:00+00:00,67114.0,0.0007357705471610087,987.2093759047011,-0.016291546381060583,0.05,BUY,closed,0.05,0.05,0.05,0.03255966250162892,False,False
2024-07-20 23:00:00+00:00,67139.96,0.0007357705471610087,987.2284765081054,-0.016272513513771663,0.05,HOLD,closed,0.05,0.050038675221665024,3.8675221665021575e-05,0.03255443680951958,True,False
2024-07-21 00:00:00+00:00,67066.02,0.0007357705471610087,987.1740736338484,-0.016326723460125474,0.05,HOLD,closed,0.05,0.049986323131105376,1.3676868894627048e-05,0.03255341155608535,True,False
2024-07-21 01:00:00+00:00,67276.33,0.0007357705471610087,987.3288135376217,-0.01617253230760067,0.05,HOLD,closed,0.05,0.05013521479002032,0.0001352147900203146,0.03255296287201423,True,False
2024-07-21 02:00:00+00:00,67287.01,0.0,987.2298310603289,-0.016271163765171494,0.0,SELL,closed,0.0,0.0,0.05014277458767054,0.03254821726553794,False,False
2024-07-21 03:00:00+00:00,67171.33,0.0,987.2298310603289,-0.016271163765171494,0.0,HOLD,closed,0.0,0.0,0.0,0.03253348096425179,True,False
2024-07-21 04:00:00+00:00,67040.01,0.0007348595234457386,987.0345816438582,-0.016465720772260658,0.05,BUY,closed,0.05,0.05,0.05,0.03252643649788614,False,False
2024-07-21 05:00:00+00:00,67046.0,0.0007348595234457386,987.0389834524037,-0.016461334573767118,0.05,HOLD,closed,0.05,0.04991635835558548,8.36416444145241e-05,0.03252277698785602,True,False
2024-07-21 06:00:00+00:00,66721.99,0.0007348595234457386,986.8008816182121,-0.016698592031843672,0.05,HOLD,closed,0.05,0.049687115899559244,0.00031288410044075926,0.03252544364261983,True,False
2024-07-21 07:00:00+00:00,66701.99,0.0007348595234457386,986.7861844277431,-0.016713237101938866,0.05,HOLD,closed,0.05,0.04967296194231592,0.00032703805768408145,0.03252402802908283,True,False
2024-07-21 08:00:00+00:00,66796.01,0.0007348595234457386,986.8552759201375,-0.016644390627421544,0.05,HOLD,closed,0.05,0.04973949602783408,0.0002605039721659194,0.032523344635229406,True,False
2024-07-21 09:00:00+00:00,66976.0,0.0007348595234457386,986.9875432857625,-0.016512592319100176,0.05,HOLD,closed,0.05,0.049866841559571454,0.00013315844042854907,0.032521079313329926,True,False
2024-07-21 10:00:00+00:00,66798.87,0.0,986.8891319918537,-0.01661065461886408,0.0,SELL,closed,0.0,0.0,0.04974151978615138,0.03252085289772233,False,False
2024-07-21 11:00:00+00:00,66879.99,0.0007387020766461088,986.8503493059045,-0.016649299770493932,0.05,BUY,closed,0.05,0.05,0.05,0.03251992664097847,False,False
2024-07-21 12:00:00+00:00,66928.02,0.0,986.7515652331002,-0.0167477335271744,0.0,SELL,closed,0.0,0.0,0.05009684595589007,0.03251818644671667,False,False
2024-07-21 13:00:00+00:00,66760.01,0.0,986.7515652331002,-0.0167477335271744,0.0,HOLD,closed,0.0,0.0,0.0,0.03251764604940438,True,False
2024-07-21 14:00:00+00:00,67290.76,0.0007390289225788764,987.0451050084465,-0.016455234726484903,0.05,BUY,closed,0.05,0.05,0.05,0.03252047235988745,False,False
2024-07-21 15:00:00+00:00,67164.0,0.0,986.9456628621184,-0.01655432422297527,0.0,SELL,closed,0.0,0.0,0.050292382445034034,0.03250831013668229,False,False
2024-07-21 16:00:00+00:00,67554.0,0.0,986.9456628621184,-0.01655432422297527,0.0,HOLD,closed,0.0,0.0,0.0,0.03250341081626823,True,False
2024-07-21 17:00:00+00:00,66648.01,0.0,986.9456628621184,-0.01655432422297527,0.0,HOLD,closed,0.0,0.0,0.0,0.03253309814626115,True,False
2024-07-21 18:00:00+00:00,66864.42,0.0007404164526908745,987.2571889732678,-0.016243902871091453,0.05,BUY,closed,0.05,0.05,0.05,0.032493257110895596,False,False
2024-07-21 19:00:00+00:00,67422.02,0.0007404164526908745,987.6700451872882,-0.015832510761399642,0.05,HOLD,closed,0.05,0.050543572850978775,0.0005435728509787727,0.03250381783603187,True,False
2024-07-21 20:00:00+00:00,67723.91,0.0,987.8229400857188,-0.01568015807130947,0.0,SELL,closed,0.0,0.0,0.050758400248943784,0.03250537881916832,False,False
2024-07-21 21:00:00+00:00,68193.99,0.0,987.8229400857188,-0.01568015807130947,0.0,HOLD,closed,0.0,0.0,0.0,0.032489687245635696,True,False
2024-07-21 22:00:00+00:00,68012.0,0.0,987.8229400857188,-0.01568015807130947,0.0,HOLD,closed,0.0,0.0,0.0,0.03248654436353762,True,False
2024-07-21 23:00:00+00:00,68165.34,0.0,987.8229400857188,-0.01568015807130947,0.0,HOLD,closed,0.0,0.0,0.0,0.032483659481377686,True,False
2024-07-22 00:00:00+00:00,68188.01,0.0,987.8229400857188,-0.01568015807130947,0.0,HOLD,closed,0.0,0.0,0.0,0.032478489522310444,True,False
2024-07-22 01:00:00+00:00,67850.01,0.0,987.8229400857188,-0.01568015807130947,0.0,HOLD,closed,0.0,0.0,0.0,0.032478675032769716,True,False
2024-07-22 02:00:00+00:00,68070.62,0.0007279460534241033,987.8847252749827,-0.01561859198971543,0.05,BUY,closed,0.05,0.05,0.05,0.0324727756224967,False,False
2024-07-22 03:00:00+00:00,67880.01,0.0007279460534241033,987.7459714777394,-0.015756853726942962,0.05,HOLD,closed,0.05,0.05002600548394367,2.6005483943665475e-05,0.03246605107374617,True,False
2024-07-22 04:00:00+00:00,67923.98,0.0007279460534241033,987.7779792657085,-0.01572495944759826,0.05,HOLD,closed,0.05,0.050056788278084505,5.678827808450193e-05,0.03245752386624018,True,False
2024-07-22 05:00:00+00:00,67626.01,0.0007279460534241033,987.5610731801697,-0.015941096323111966,0.05,HOLD,closed,0.05,0.04984814450998294,0.000151855490017061,0.032458259217751084,True,False
2024-07-22 06:00:00+00:00,67412.0,0.0007279460534241033,987.4052854452764,-0.01609633159085271,0.05,HOLD,closed,0.05,0.04969823442994454,0.0003017655700554636,0.0324582990613895,True,False
2024-07-22 07:00:00+00:00,67236.0,0.0007279460534241033,987.2771669398738,-0.0162239957519776,0.05,HOLD,closed,0.05,0.049574914205428755,0.00042508579457124773,0.03245755973417461,True,False
2024-07-22 08:00:00+00:00,67080.48,0.0007279460534241033,987.1639567696453,-0.016336804447080775,0.05,HOLD,closed,0.05,0.049465917331085456,0.000534082668914547,0.032456182328536504,True,False
2024-07-22 09:00:00+00:00,67427.22,0.0007279460534241033,987.4163647842096,-0.01608529154237352,0.05,HOLD,closed,0.05,0.04970889732325377,0.0002911026767462299,0.03245842522771636,True,False
2024-07-22 10:00:00+00:00,67422.01,0.0,987.3182225685142,-0.016183085718151018,0.0,SELL,closed,0.0,0.0,0.04970524730589664,0.032456855974388216,False,False
2024-07-22 11:00:00+00:00,67516.01,0.0,987.3182225685142,-0.016183085718151018,0.0,HOLD,closed,0.0,0.0,0.0,0.03245267142740621,True,False
2024-07-22 12:00:00+00:00,67697.11,0.0,987.3182225685142,-0.016183085718151018,0.0,HOLD,closed,0.0,0.0,0.0,0.03244663875231102,True,False
2024-07-22 13:00:00+00:00,67098.0,0.0,987.3182225685142,-0.016183085718151018,0.0,HOLD,closed,0.0,0.0,0.0,0.03243862942698256,True,False
2024-07-22 14:00:00+00:00,66712.0,0.0007357283938588599,987.1845873473313,-0.016316247031229483,0.05,BUY,closed,0.05,0.05,0.05,0.03244371031663365,False,False
2024-07-22 15:00:00+00:00,67063.87,0.0007357283938588599,987.4434680972785,-0.01605828434528069,0.05,HOLD,closed,0.05,0.04996822092117839,3.177907882161157e-05,0.0324386396250764,True,False
2024-07-22 16:00:00+00:00,67052.0,0.0,987.344811180953,-0.016156591396415003,0.0,SELL,closed,0.0,0.0,0.049959818625341504,0.03243617534214838,False,False
2024-07-22 17:00:00+00:00,67468.0,0.0,987.344811180953,-0.016156591396415003,0.0,HOLD,closed,0.0,0.0,0.0,0.03244120197713396,True,False
2024-07-22 18:00:00+00:00,67445.49,0.0,987.344811180953,-0.016156591396415003,0.0,HOLD,closed,0.0,0.0,0.0,0.03243933584505462,True,False
2024-07-22 19:00:00+00:00,68232.07,0.0,987.344811180953,-0.016156591396415003,0.0,HOLD,closed,0.0,0.0,0.0,0.03246061598694025,True,False
2024-07-22 20:00:00+00:00,68124.0,0.0,987.344811180953,-0.016156591396415003,0.0,HOLD,closed,0.0,0.0,0.0,0.03244528656189585,True,False
2024-07-22 21:00:00+00:00,67841.6,0.0,987.344811180953,-0.016156591396415003,0.0,HOLD,closed,0.0,0.0,0.0,0.03243193413274692,True,False
2024-07-22 22:00:00+00:00,67635.01,0.0007276837999429502,987.3444055971462,-0.016156995541907485,0.05,BUY,closed,0.05,0.05,0.05,0.032421953952495586,False,False
2024-07-22 23:00:00+00:00,67532.01,0.0007276837999429502,987.2694541657521,-0.01623168117443162,0.05,HOLD,closed,0.05,0.04977562047243781,0.0002243795275621921,0.03239094473179627,True,False
2024-07-23 00:00:00+00:00,67490.01,0.0007276837999429502,987.2388914461544,-0.016262135510024096,0.05,HOLD,closed,0.05,0.0497462036397766,0.0002537963602234003,0.03236994444682356,True,False
2024-07-23 01:00:00+00:00,67410.01,0.0007276837999429502,987.180676742159,-0.016320143768295284,0.05,HOLD,closed,0.05,0.04969016653858636,0.0003098334614136458,0.03236423477681166,True,False
2024-07-23 02:00:00+00:00,67647.65,0.0007276837999429502,987.3536035203774,-0.016147830237100688,0.05,HOLD,closed,0.05,0.04985660540833258,0.00014339459166742147,0.032359568194263055,True,False
2024-07-23 03:00:00+00:00,67473.99,0.0,987.2551759354086,-0.016245908770151887,0.0,SELL,closed,0.0,0.0,0.049734982739461024,0.032357988997602505,False,False
2024-07-23 04:00:00+00:00,66936.0,0.0007315821416903292,987.0104207025596,-0.01648979603206164,0.05,BUY,closed,0.05,0.05,0.05,0.032366831985635725,False,False
2024-07-23 05:00:00+00:00,66428.0,0.0007315821416903292,986.6387769745809,-0.016860121806786067,0.05,HOLD,closed,0.05,0.049255654290442735,0.0007443457095572675,0.032374752154392616,True,False
2024-07-23 06:00:00+00:00,66519.34,0.0007315821416903292,986.7055996874029,-0.016793536066110178,0.05,HOLD,closed,0.05,0.049320041597457724,0.0006799584025422786,0.032370767552595686,True,False
2024-07-23 07:00:00+00:00,66576.0,0.0007315821416903292,986.7470511315511,-0.01675223162044901,0.05,HOLD,closed,0.05,0.04935997792881369,0.0006400220711863108,0.03225028125125001,True,False
2024-07-23 08:00:00+00:00,66888.0,0.0,986.8890622494721,-0.01661072411391955,0.0,SELL,closed,0.0,0.0,0.04957982844899435,0.032141362731692213,False,False
2024-07-23 09:00:00+00:00,66938.2,0.0,986.8890622494721,-0.01661072411391955,0.0,HOLD,closed,0.0,0.0,0.0,0.032135758142412346,True,False
2024-07-23 10:00:00+00:00,66870.01,0.0,986.8890622494721,-0.01661072411391955,0.0,HOLD,closed,0.0,0.0,0.0,0.03211239770608826,True,False
2024-07-23 11:00:00+00:00,66676.01,0.0,986.8890622494721,-0.01661072411391955,0.0,HOLD,closed,0.0,0.0,0.0,0.03210262162178515,True,False
2024-07-23 12:00:00+00:00,66504.68,0.0007400631878408064,986.9056548100339,-0.016594190395247312,0.05,BUY,closed,0.05,0.05,0.05,0.032097458569980586,False,False
2024-07-23 13:00:00+00:00,66092.01,0.0007400631878408064,986.6002529343076,-0.01689850922997038,0.05,HOLD,closed,0.05,0.049576577206354375,0.00042342279364562807,0.03209834285993318,True,False
2024-07-23 14:00:00+00:00,67227.8,0.0007400631878408064,987.4408093024252,-0.01606093371129908,0.05,HOLD,closed,0.05,0.05038562262245563,0.0003856226224556239,0.03214174405132969,True,False
2024-07-23 15:00:00+00:00,66584.01,0.0,987.3413359247105,-0.01616005432842079,0.0,SELL,closed,0.0,0.0,0.04992720760350524,0.03214899618586156,False,False
2024-07-23 16:00:00+00:00,65857.99,0.0007414252580497259,986.94787328456,-0.01655212163931371,0.05,BUY,closed,0.05,0.05,0.05,0.03216635867107473,False,False
2024-07-23 17:00:00+00:00,65940.29,0.0007414252580497259,987.0088925832974,-0.016491318732182826,0.05,HOLD,closed,0.05,0.04953328880468801,0.0004667111953119904,0.03216491082830669,True,False
2024-07-23 18:00:00+00:00,65860.0,0.0007414252580497259,986.9493635493287,-0.01655063665944332,0.05,HOLD,closed,0.05,0.04947596026562954,0.0005240397343704642,0.03215878260116081,True,False
2024-07-23 19:00:00+00:00,65536.01,0.0007414252580497259,986.7091491799731,-0.01678999916103961,0.05,HOLD,closed,0.05,0.04924455516215825,0.0007554448378417553,0.03215412746489946,True,False
2024-07-23 20:00:00+00:00,65836.01,0.0007414252580497259,986.931576757388,-0.016568360374413903,0.05,HOLD,closed,0.05,0.049458829621796194,0.0005411703782038091,0.032152952197917806,True,False
2024-07-23 21:00:00+00:00,65872.0,0.0,986.8339688027942,-0.016665622183730126,0.0,SELL,closed,0.0,0.0,0.04948452892624516,0.032142087757488,False,False
2024-07-23 22:00:00+00:00,65917.99,0.0,986.8339688027942,-0.016665622183730126,0.0,HOLD,closed,0.0,0.0,0.0,0.03213665325082379,True,False
2024-07-23 23:00:00+00:00,65936.01,0.0,986.8339688027942,-0.016665622183730126,0.0,HOLD,closed,0.0,0.0,0.0,0.032128928955957814,True,False
2024-07-24 00:00:00+00:00,65784.7,0.0,986.8339688027942,-0.016665622183730126,0.0,HOLD,closed,0.0,0.0,0.0,0.03212816098564905,True,False
2024-07-24 01:00:00+00:00,65666.01,0.0007500482397904028,986.646237509484,-0.016852687729039428,0.05,BUY,closed,0.05,0.05,0.05,0.032125839588755145,False,False
2024-07-24 02:00:00+00:00,65878.16,0.0007500482397904028,986.8053602435556,-0.016694129288966103,0.05,HOLD,closed,0.05,0.0500724863679653,7.248636796530067e-05,0.03212654979614091,True,False
2024-07-24 03:00:00+00:00,66052.71,0.0,986.7065613535573,-0.016792577810294657,0.0,SELL,closed,0.0,0.0,0.05019849793186687,0.03212506765481471,False,False
2024-07-24 04:00:00+00:00,65860.0,0.0,986.7065613535573,-0.016792577810294657,0.0,HOLD,closed,0.0,0.0,0.0,0.03211885630322142,True,False
2024-07-24 05:00:00+00:00,65814.01,0.0,986.7065613535573,-0.016792577810294657,0.0,HOLD,closed,0.0,0.0,0.0,0.03211777965687446,True,False
2024-07-24 06:00:00+00:00,65898.0,0.0007496174153144272,986.6708263964701,-0.01682818604116676,0.05,BUY,closed,0.05,0.05,0.05,0.032114721649859235,False,False
2024-07-24 07:00:00+00:00,66078.0,0.0,986.5720545187456,-0.016926607646014648,0.0,SELL,closed,0.0,0.0,0.050195511316298014,0.03211261707952229,False,False
2024-07-24 08:00:00+00:00,66437.01,0.0,986.5720545187456,-0.016926607646014648,0.0,HOLD,closed,0.0,0.0,0.0,0.03210868234057204,True,False
2024-07-24 09:00:00+00:00,66398.1,0.0,986.5720545187456,-0.016926607646014648,0.0,HOLD,closed,0.0,0.0,0.0,0.03209493930462606,True,False
2024-07-24 10:00:00+00:00,66491.53,0.0,986.5720545187456,-0.016926607646014648,0.0,HOLD,closed,0.0,0.0,0.0,0.03209114367551161,True,False
2024-07-24 11:00:00+00:00,66367.99,0.0,986.5720545187456,-0.016926607646014648,0.0,HOLD,closed,0.0,0.0,0.0,0.03209111188169145,True,False
2024-07-24 12:00:00+00:00,66215.1,0.0007432588404944746,986.3597283722809,-0.017138180824207278,0.05,BUY,closed,0.05,0.05,0.05,0.032087658481671194,False,False
2024-07-24 13:00:00+00:00,66344.0,0.0007432588404944746,986.4555344368206,-0.01704271451493594,0.05,HOLD,closed,0.05,0.04998782285905825,1.2177140941753428e-05,0.03208735347580299,True,False
2024-07-24 14:00:00+00:00,66760.01,0.0007432588404944746,986.7647375470547,-0.016734607925952435,0.05,HOLD,closed,0.05,0.050285509540346086,0.0002855095403460836,0.032091079036962566,True,False
2024-07-24 15:00:00+00:00,66176.0,0.0,986.6655224217905,-0.016833471206459494,0.0,SELL,closed,0.0,0.0,0.049867553221859894,0.03208688738169008,False,False
2024-07-24 16:00:00+00:00,66394.0,0.0007454859181741043,986.7293471330721,-0.01676987283556678,0.05,BUY,closed,0.05,0.05,0.05,0.032087781222868594,False,False
2024-07-24 17:00:00+00:00,66586.01,0.0007454859181741043,986.8724878842207,-0.016627239701807062,0.05,HOLD,closed,0.05,0.050299236640816855,0.0002992366408168523,0.032070706760063794,True,False
2024-07-24 18:00:00+00:00,65754.0,0.0,986.7732348380823,-0.016726140768710235,0.0,SELL,closed,0.0,0.0,0.049701972038308624,0.03209368733594986,False,False
2024-07-24 19:00:00+00:00,65652.0,0.0007503522484092849,986.5979969159299,-0.016900757247871975,0.05,BUY,closed,0.05,0.05,0.05,0.03209338785494775,False,False
2024-07-24 20:00:00+00:00,66044.01,0.0007503522484092849,986.8921425008288,-0.0166076547860011,0.05,HOLD,closed,0.05,0.05021447558786667,0.00021447558786666376,0.03209652281004957,True,False
2024-07-24 21:00:00+00:00,65647.05,0.0007503522484092849,986.5942826723002,-0.016904458319748433,0.05,HOLD,closed,0.05,0.04992772858516357,7.227141483643479e-05,0.031950072812527375,True,False
2024-07-24 22:00:00+00:00,65288.01,0.0007503522484092849,986.3248762010314,-0.01717290939984872,0.05,HOLD,closed,0.05,0.049668224212650804,0.00033177578734919916,0.03194552826734015,True,False
2024-07-24 23:00:00+00:00,65376.0,0.0007503522484092849,986.390899695369,-0.017107120043403687,0.05,HOLD,closed,0.05,0.04973183411075191,0.0002681658892480926,0.031937585643630556,True,False
2024-07-25 00:00:00+00:00,65514.8,0.0007503522484092849,986.4950485874481,-0.017003340492607377,0.05,HOLD,closed,0.05,0.04983215836153981,0.0001678416384601894,0.031929541062114125,True,False
2024-07-25 01:00:00+00:00,64478.0,0.0007503522484092849,985.7170833762974,-0.017778546820169886,0.05,HOLD,closed,0.05,0.04908224995677015,0.0009177500432298522,0.031966124503500615,True,False
2024-07-25 02:00:00+00:00,64208.01,0.0007503522484092849,985.5144957727493,-0.017980415991059803,0.05,HOLD,closed,0.05,0.048886774244359166,0.001113225755640837,0.03196754122313408,True,False
2024-07-25 03:00:00+00:00,64093.59,0.0007503522484092849,985.4286404684864,-0.018065966828250856,0.05,HOLD,closed,0.05,0.048803908664821115,0.001196091335178888,0.03191833968806915,True,False
2024-07-25 04:00:00+00:00,64220.0,0.0007503522484092849,985.5234924962078,-0.017971451172514717,0.05,HOLD,closed,0.05,0.04889545684070002,0.0011045431592999824,0.03186905671313853,True,False
2024-07-25 05:00:00+00:00,64263.01,0.0007503522484092849,985.5557651464119,-0.01793929297021106,0.05,HOLD,closed,0.05,0.04892660136373402,0.0010733986362659806,0.0318653553362466,True,False
2024-07-25 06:00:00+00:00,64324.01,0.0007503522484092849,985.6015366335648,-0.017893683801633434,0.05,HOLD,closed,0.05,0.048970769358840746,0.0010292306411592567,0.03186291313806905,True,False
2024-07-25 07:00:00+00:00,64134.0,0.0,985.505021946818,-0.01798985622013806,0.0,SELL,closed,0.0,0.0,0.048833176159775525,0.031861492770102445,False,False
2024-07-25 08:00:00+00:00,64352.01,0.0,985.505021946818,-0.01798985622013806,0.0,HOLD,closed,0.0,0.0,0.0,0.031848590231657925,True,False
2024-07-25 09:00:00+00:00,64306.71,0.0,985.505021946818,-0.01798985622013806,0.0,HOLD,closed,0.0,0.0,0.0,0.031845457801695065,True,False
2024-07-25 10:00:00+00:00,64165.68,0.0,985.505021946818,-0.01798985622013806,0.0,HOLD,closed,0.0,0.0,0.0,0.03184520757524223,True,False
2024-07-25 11:00:00+00:00,64096.0,0.0,985.505021946818,-0.01798985622013806,0.0,HOLD,closed,0.0,0.0,0.0,0.03182010363886062,True,False
2024-07-25 12:00:00+00:00,64124.0,0.0,985.505021946818,-0.01798985622013806,0.0,HOLD,closed,0.0,0.0,0.0,0.03181402523532853,True,False
2024-07-25 13:00:00+00:00,64050.01,0.0,985.505021946818,-0.01798985622013806,0.0,HOLD,closed,0.0,0.0,0.0,0.03181202741402181,True,False
2024-07-25 14:00:00+00:00,64835.0,0.0,985.505021946818,-0.01798985622013806,0.0,HOLD,closed,0.0,0.0,0.0,0.03183426118435764,True,False
2024-07-25 15:00:00+00:00,64790.88,0.0,985.505021946818,-0.01798985622013806,0.0,HOLD,closed,0.0,0.0,0.0,0.031833026092267847,True,False
2024-07-25 16:00:00+00:00,64868.0,0.0,985.505021946818,-0.01798985622013806,0.0,HOLD,closed,0.0,0.0,0.0,0.03183228168669244,True,False
2024-07-25 17:00:00+00:00,65051.98,0.0,985.505021946818,-0.01798985622013806,0.0,HOLD,closed,0.0,0.0,0.0,0.031832491950395225,True,False
2024-07-25 18:00:00+00:00,64568.0,0.0,985.505021946818,-0.01798985622013806,0.0,HOLD,closed,0.0,0.0,0.0,0.031831618733490025,True,False
2024-07-25 19:00:00+00:00,64692.01,0.0,985.505021946818,-0.01798985622013806,0.0,HOLD,closed,0.0,0.0,0.0,0.03178706958108585,True,False
2024-07-25 20:00:00+00:00,65298.01,0.0,985.505021946818,-0.01798985622013806,0.0,HOLD,closed,0.0,0.0,0.0,0.03179525658123036,True,False
2024-07-25 21:00:00+00:00,65838.0,0.0,985.505021946818,-0.01798985622013806,0.0,HOLD,closed,0.0,0.0,0.0,0.03180341626365732,True,False
2024-07-25 22:00:00+00:00,65644.0,0.0,985.505021946818,-0.01798985622013806,0.0,HOLD,closed,0.0,0.0,0.0,0.031708989267626136,True,False
2024-07-25 23:00:00+00:00,65799.95,0.0,985.505021946818,-0.01798985622013806,0.0,HOLD,closed,0.0,0.0,0.0,0.031694314216970776,True,False
2024-07-26 00:00:00+00:00,66384.0,0.0,985.505021946818,-0.01798985622013806,0.0,HOLD,closed,0.0,0.0,0.0,0.03161837572966786,True,False
2024-07-26 01:00:00+00:00,66430.01,0.0,985.505021946818,-0.01798985622013806,0.0,HOLD,closed,0.0,0.0,0.0,0.03157822162340057,True,False
2024-07-26 02:00:00+00:00,67014.01,0.0,985.505021946818,-0.01798985622013806,0.0,HOLD,closed,0.0,0.0,0.0,0.03157582864533806,True,False
2024-07-26 03:00:00+00:00,67042.01,0.0,985.505021946818,-0.01798985622013806,0.0,HOLD,closed,0.0,0.0,0.0,0.03157492772677334,True,False
2024-07-26 04:00:00+00:00,67075.83,0.0,985.505021946818,-0.01798985622013806,0.0,HOLD,closed,0.0,0.0,0.0,0.03156915981435715,True,False
2024-07-26 05:00:00+00:00,66924.0,0.0,985.505021946818,-0.01798985622013806,0.0,HOLD,closed,0.0,0.0,0.0,0.0315594737666397,True,False
2024-07-26 06:00:00+00:00,67062.01,0.0,985.505021946818,-0.01798985622013806,0.0,HOLD,closed,0.0,0.0,0.0,0.03154883453498836,True,False
2024-07-26 07:00:00+00:00,66890.56,0.0,985.505021946818,-0.01798985622013806,0.0,HOLD,closed,0.0,0.0,0.0,0.031536792291876975,True,False
2024-07-26 08:00:00+00:00,67106.01,0.0007366547850300686,985.5651590804325,-0.017929932349724276,0.05,BUY,closed,0.05,0.05,0.05,0.031528537901977016,False,False
2024-07-26 09:00:00+00:00,67296.01,0.0007366547850300686,985.7051234895882,-0.017790464293754818,0.05,HOLD,closed,0.05,0.050292857974025724,0.0002928579740257217,0.03149804310816076,True,False
2024-07-26 10:00:00+00:00,67304.01,0.0,985.6060004209924,-0.017889235844052394,0.0,SELL,closed,0.0,0.0,0.05029853595711551,0.03149774420505855,False,False
2024-07-26 11:00:00+00:00,67322.0,0.0007322046241092598,985.5205948640343,-0.01797433852886911,0.05,BUY,closed,0.05,0.05,0.05,0.03145521630512163,False,False
2024-07-26 12:00:00+00:00,67314.01,0.0007322046241092598,985.5147445490876,-0.01798016809695246,0.05,HOLD,closed,0.05,0.050012066954805444,1.2066954805441121e-05,0.03145287715388806,True,False
2024-07-26 13:00:00+00:00,67887.88,0.0007322046241092598,985.9349348167251,-0.01756146794226175,0.05,HOLD,closed,0.05,0.05041693716453479,0.00041693716453478774,0.03146466569635592,True,False
2024-07-26 14:00:00+00:00,67328.01,0.0,985.835544031321,-0.017660506259968428,0.0,SELL,closed,0.0,0.0,0.05002194818343916,0.0314754166175254,False,False
2024-07-26 15:00:00+00:00,67560.01,0.0007321140862875185,985.9067936201889,-0.01758950934219505,0.05,BUY,closed,0.05,0.05,0.05,0.03147701263392544,False,False
2024-07-26 16:00:00+00:00,67396.0,0.0007321140862875185,985.7867195888969,-0.017709157557178633,0.05,HOLD,closed,0.05,0.05005297797074253,5.297797074253069e-05,0.031477306043255576,True,False
2024-07-26 17:00:00+00:00,67372.0,0.0007321140862875185,985.7691488508259,-0.017726665984467305,0.05,HOLD,closed,0.05,0.05003604574038742,3.604574038741648e-05,0.031475907788030166,True,False
2024-07-26 18:00:00+00:00,67573.75,0.0007321140862875185,985.9168528677344,-0.017579485767572366,0.05,HOLD,closed,0.05,0.05017836351450225,0.0001783635145022472,0.03147681968913313,True,False
2024-07-26 19:00:00+00:00,67990.0,0.0007321140862875185,986.2215953561516,-0.017275823981785367,0.05,HOLD,closed,0.05,0.05047185841505808,0.0004718584150580768,0.031482959319788784,True,False
2024-07-26 20:00:00+00:00,67435.17,0.0,986.1220673709166,-0.01737499901277371,0.0,SELL,closed,0.0,0.0,0.050080611485266886,0.031493837106748745,False,False
2024-07-26 21:00:00+00:00,67946.01,0.0007311631405419047,986.3969452014736,-0.017101095976365104,0.05,BUY,closed,0.05,0.05,0.05,0.031495659821719035,False,False
2024-07-26 22:00:00+00:00,67926.0,0.0,986.2976035081531,-0.017200085376082527,0.0,SELL,closed,0.0,0.0,0.05035064675021939,0.031493188758945884,False,False
2024-07-26 23:00:00+00:00,67907.99,0.0007260088946118962,986.1858736701702,-0.017311418988614876,0.05,BUY,closed,0.05,0.05,0.05,0.03149315426390517,False,False
2024-07-27 00:00:00+00:00,67872.27,0.0007260088946118962,986.1599406324547,-0.017337260060480083,0.05,HOLD,closed,0.05,0.049967423829747164,3.257617025283904e-05,0.03148688455516857,True,False
2024-07-27 01:00:00+00:00,67657.99,0.0007260088946118962,986.0043714465172,-0.01749227755430103,0.05,HOLD,closed,0.05,0.04981753017940561,0.0001824698205943956,0.031483782357246276,True,False
2024-07-27 02:00:00+00:00,68028.0,0.0007260088946118962,986.2730019976125,-0.017224599642742942,0.05,HOLD,closed,0.05,0.05007633077517581,7.633077517580494e-05,0.03148846737040892,True,False
2024-07-27 03:00:00+00:00,67798.0,0.0,986.1742488259138,-0.017323002607901865,0.0,SELL,closed,0.0,0.0,0.04991547565980855,0.03148852033295932,False,False
2024-07-27 04:00:00+00:00,67866.01,0.000727288706365715,986.125076924482,-0.01737200013193232,0.05,BUY,closed,0.05,0.05,0.05,0.03148856583947962,False,False
2024-07-27 05:00:00+00:00,67895.21,0.000727288706365715,986.1463137547079,-0.01735083861348325,0.05,HOLD,closed,0.05,0.05007311669737794,7.311669737793819e-05,0.0314864004729343,True,False
2024-07-27 06:00:00+00:00,68092.89,0.000727288706365715,986.2900841861822,-0.017207578032421494,0.05,HOLD,closed,0.05,0.05021158650466005,0.00021158650466004958,0.03148776528095257,True,False
2024-07-27 07:00:00+00:00,68036.68,0.0,986.1910625680156,-0.017306248492061575,0.0,SELL,closed,0.0,0.0,0.05017221693832755,0.03148775704410306,False,False
2024-07-27 08:00:00+00:00,67986.0,0.0007247495487493038,986.0556884998516,-0.01744114248568035,0.05,BUY,closed,0.05,0.05,0.05,0.031487818128650286,False,False
2024-07-27 09:00:00+00:00,68217.21,0.0007247495487493038,986.2232578430179,-0.017274167390565403,0.05,HOLD,closed,0.05,0.05013103450081703,0.00013103450081702883,0.031486901140303336,True,False
2024-07-27 10:00:00+00:00,68155.41,0.0,986.124394545881,-0.01737268009062667,0.0,SELL,closed,0.0,0.0,0.05008789405676857,0.03148680476081747,False,False
2024-07-27 11:00:00+00:00,68209.88,0.0007234379852298475,986.0651558859922,-0.01743170867355548,0.05,BUY,closed,0.05,0.05,0.05,0.03148356962706528,False,False
2024-07-27 12:00:00+00:00,68400.0,0.0007234379852298475,986.2026959157441,-0.017294656399458146,0.05,HOLD,closed,0.05,0.05017544404882579,0.00017544404882578746,0.03147078399653411,True,False
2024-07-27 13:00:00+00:00,69226.01,0.0,986.3339021802497,-0.017163915429293065,0.0,SELL,closed,0.0,0.0,0.05075062004078599,0.03149362741478648,False,False
2024-07-27 14:00:00+00:00,68981.69,0.0,986.3339021802497,-0.017163915429293065,0.0,HOLD,closed,0.0,0.0,0.0,0.03149411770705876,True,False
2024-07-27 15:00:00+00:00,68844.0,0.0,986.3339021802497,-0.017163915429293065,0.0,HOLD,closed,0.0,0.0,0.0,0.031494521092127165,True,False
2024-07-27 16:00:00+00:00,68684.01,0.0007163542953490861,986.1206346079712,-0.017376426694738527,0.05,BUY,closed,0.05,0.05,0.05,0.03149477095391234,False,False
2024-07-27 17:00:00+00:00,68540.01,0.0007163542953490861,986.017479589441,-0.01747921589654119,0.05,HOLD,closed,0.05,0.04979519286738525,0.0002048071326147538,0.03149496286964837,True,False
2024-07-27 18:00:00+00:00,68542.76,0.0007163542953490861,986.0194495637531,-0.017477252908312382,0.05,HOLD,closed,0.05,0.04979709128740346,0.00020290871259654591,0.0314922166986,True,False
2024-07-27 19:00:00+00:00,68246.0,0.0007163542953490861,985.8068642630653,-0.017689084321694245,0.05,HOLD,closed,0.05,0.04959218383708449,0.00040781616291551276,0.031494540434425705,True,False
2024-07-27 20:00:00+00:00,67791.22,0.0007163542953490861,985.4810806566265,-0.018013712607776528,0.05,HOLD,closed,0.05,0.049277994866829544,0.0007220051331704586,0.03149751436115497,True,False
2024-07-27 21:00:00+00:00,68860.0,0.0007163542953490861,986.2467058004097,-0.01725080258622968,0.05,HOLD,closed,0.05,0.05001604211970954,1.6042119709534786e-05,0.03153547631418216,True,False
2024-07-27 22:00:00+00:00,68619.97,0.0,986.1480813001521,-0.01734907733625267,0.0,SELL,closed,0.0,0.0,0.04985038892200495,0.031534566641347905,False,False
2024-07-27 23:00:00+00:00,67896.5,0.0,986.1480813001521,-0.01734907733625267,0.0,HOLD,closed,0.0,0.0,0.0,0.031545161844968805,True,False
2024-07-28 00:00:00+00:00,67958.0,0.0007262143310354865,986.3247684921051,-0.01717301672680885,0.05,BUY,closed,0.05,0.05,0.05,0.031538860747006625,False,False
2024-07-28 01:00:00+00:00,68090.01,0.0007262143310354865,986.4206360459451,-0.017077489146295612,0.05,HOLD,closed,0.05,0.050128656331198666,0.00012865633119866354,0.031539345583640216,True,False
2024-07-28 02:00:00+00:00,68149.45,0.0007262143310354865,986.4638022257818,-0.01703447604588124,0.05,HOLD,closed,0.05,0.05017022127980608,0.00017022127980607926,0.03153946792411175,True,False
2024-07-28 03:00:00+00:00,67940.95,0.0,986.3648375092284,-0.017133089805697235,0.0,SELL,closed,0.0,0.0,0.050024406291156794,0.0315372677836917,False,False
2024-07-28 04:00:00+00:00,67338.0,0.0007258987272690284,986.0593600962551,-0.017437483909791048,0.05,BUY,closed,0.05,0.05,0.05,0.03154622241516766,False,False
2024-07-28 05:00:00+00:00,67422.0,0.0007258987272690284,986.1203355893457,-0.017376724652959794,0.05,HOLD,closed,0.05,0.04963039724830639,0.00036960275169361373,0.03154613996797628,True,False
2024-07-28 06:00:00+00:00,67486.01,0.0007258987272690284,986.1668003668781,-0.017330424652605526,0.05,HOLD,closed,0.05,0.04967517538538124,0.00032482461461876,0.0315438733102264,True,False
2024-07-28 07:00:00+00:00,67560.86,0.0007258987272690284,986.2211338866142,-0.017276283814821925,0.05,HOLD,closed,0.05,0.04972753128289725,0.0002724687171027501,0.031543948248112436,True,False
2024-07-28 08:00:00+00:00,67380.0,0.0,986.123073723211,-0.017373996229287845,0.0,SELL,closed,0.0,0.0,0.04960101389380128,0.03154441343910491,False,False
2024-07-28 09:00:00+00:00,67433.65,0.0007317624471083489,986.0636958180492,-0.017433163563686706,0.05,BUY,closed,0.05,0.05,0.05,0.03153365800245714,False,False
2024-07-28 10:00:00+00:00,67560.01,0.0,985.9650296652726,-0.017531479818517055,0.0,SELL,closed,0.0,0.0,0.05013189612692478,0.03153371874362734,False,False
2024-07-28 11:00:00+00:00,67836.0,0.0,985.9650296652726,-0.017531479818517055,0.0,HOLD,closed,0.0,0.0,0.0,0.03153625021286671,True,False
2024-07-28 12:00:00+00:00,68000.01,0.0,985.9650296652726,-0.017531479818517055,0.0,HOLD,closed,0.0,0.0,0.0,0.03153282508794808,True,False
2024-07-28 13:00:00+00:00,67988.01,0.0,985.9650296652726,-0.017531479818517055,0.0,HOLD,closed,0.0,0.0,0.0,0.0315322434679558,True,False
2024-07-28 14:00:00+00:00,67746.0,0.0,985.9650296652726,-0.017531479818517055,0.0,HOLD,closed,0.0,0.0,0.0,0.03153412011682874,True,False
2024-07-28 15:00:00+00:00,67645.0,0.0007276924317784612,985.7929115775707,-0.017702987527039242,0.05,BUY,closed,0.05,0.05,0.05,0.0315344570929888,False,False
2024-07-28 16:00:00+00:00,67680.01,0.0007276924317784612,985.8183880896073,-0.017677601361884437,0.05,HOLD,closed,0.05,0.04995872632801195,4.127367198804993e-05,0.03153375478309872,True,False
2024-07-28 17:00:00+00:00,67988.47,0.0007276924317784612,986.0428520971137,-0.017453933366921474,0.05,HOLD,closed,0.05,0.0501749948919302,0.00017499489193019413,0.03151419102588973,True,False
2024-07-28 18:00:00+00:00,68236.01,0.0,986.1744555366872,-0.01732279663018299,0.0,SELL,closed,0.0,0.0,0.05034847980920575,0.031514291001422945,False,False
2024-07-28 19:00:00+00:00,68112.0,0.0,986.1744555366872,-0.01732279663018299,0.0,HOLD,closed,0.0,0.0,0.0,0.03149996002188457,True,False
2024-07-28 20:00:00+00:00,68007.99,0.0,986.1744555366872,-0.01732279663018299,0.0,HOLD,closed,0.0,0.0,0.0,0.03146949317290845,True,False
2024-07-28 21:00:00+00:00,68021.93,0.0007250429769561575,986.0859132854412,-0.01741102488568692,0.05,BUY,closed,0.05,0.05,0.05,0.03146850558423439,False,False
2024-07-28 22:00:00+00:00,68010.24,0.0007250429769561575,986.0774375330406,-0.017419470580684115,0.05,HOLD,closed,0.05,0.050006566417812905,6.566417812901848e-06,0.03145873898202278,True,False
2024-07-28 23:00:00+00:00,68249.88,0.0007250429769561575,986.2511868320383,-0.017246337445600328,0.05,HOLD,closed,0.05,0.05017392813594435,0.0001739281359443498,0.031458057278903745,True,False
2024-07-29 00:00:00+00:00,68714.01,0.0,986.3817028209892,-0.017116284303078547,0.0,SELL,closed,0.0,0.0,0.050497903346084914,0.031459538786711566,False,False
2024-07-29 01:00:00+00:00,68547.99,0.0,986.3817028209892,-0.017116284303078547,0.0,HOLD,closed,0.0,0.0,0.0,0.03146047997041446,True,False
2024-07-29 02:00:00+00:00,69559.0,0.0,986.3817028209892,-0.017116284303078547,0.0,HOLD,closed,0.0,0.0,0.0,0.03149414172589027,True,False
2024-07-29 03:00:00+00:00,69347.67,0.0,986.3817028209892,-0.017116284303078547,0.0,HOLD,closed,0.0,0.0,0.0,0.031493160688067956,True,False
2024-07-29 04:00:00+00:00,69368.0,0.0,986.3817028209892,-0.017116284303078547,0.0,HOLD,closed,0.0,0.0,0.0,0.0312999188127038,True,False
2024-07-29 05:00:00+00:00,69662.07,0.0,986.3817028209892,-0.017116284303078547,0.0,HOLD,closed,0.0,0.0,0.0,0.03129895933131313,True,False
2024-07-29 06:00:00+00:00,69588.01,0.0,986.3817028209892,-0.017116284303078547,0.0,HOLD,closed,0.0,0.0,0.0,0.0312739764378481,True,False
2024-07-29 07:00:00+00:00,69528.01,0.0,986.3817028209892,-0.017116284303078547,0.0,HOLD,closed,0.0,0.0,0.0,0.031268110108922303,True,False
2024-07-29 08:00:00+00:00,69457.5,0.00070934124450059,986.2330243400148,-0.017264435528315508,0.05,BUY,closed,0.05,0.05,0.05,0.031268285119039285,False,False
2024-07-29 09:00:00+00:00,69520.0,0.00070934124450059,986.2773581677961,-0.01722025892076475,0.05,HOLD,closed,0.05,0.04999952894517456,4.7105482544468336e-07,0.03126804744987827,True,False
2024-07-29 10:00:00+00:00,69620.0,0.00070934124450059,986.3482922922461,-0.01714957634868366,0.05,HOLD,closed,0.05,0.050067849083373216,6.784908337321288e-05,0.031209508640392042,True,False
2024-07-29 11:00:00+00:00,69580.01,0.00070934124450059,986.3199257358785,-0.017177842309258926,0.05,HOLD,closed,0.05,0.05004052903923617,4.052903923616735e-05,0.03119966045341016,True,False
2024-07-29 12:00:00+00:00,69799.38,0.00070934124450059,986.4755339246847,-0.017022785950884453,0.05,HOLD,closed,0.05,0.05019037712733552,0.00019037712733551565,0.031201233096825404,True,False
2024-07-29 13:00:00+00:00,69273.6,0.00070934124450059,986.1025764851512,-0.017394420778372735,0.05,HOLD,closed,0.05,0.049831146177697884,0.00016885382230211882,0.031198678745054137,True,False
2024-07-29 14:00:00+00:00,68228.01,0.00070934124450059,985.3608963733138,-0.018133470683796116,0.05,HOLD,closed,0.05,0.049115955079328644,0.0008840449206713591,0.03123853153955955,True,False
2024-07-29 15:00:00+00:00,68104.0,0.00070934124450059,985.2729309655833,-0.018221124141433953,0.05,HOLD,closed,0.05,0.04903105991973676,0.000968940080263242,0.031237004750095138,True,False
2024-07-29 16:00:00+00:00,66940.01,0.00070934124450059,984.447264850397,-0.019043862212201525,0.05,HOLD,closed,0.05,0.048233472422210245,0.0017665275777897574,0.03128519238976507,True,False
2024-07-29 17:00:00+00:00,67015.08,0.00070934124450059,984.5005150976217,-0.01899080080534016,0.05,HOLD,closed,0.05,0.04828495213412148,0.001715047865878526,0.03127760132003035,True,False
2024-07-29 18:00:00+00:00,67419.99,0.00070934124450059,984.7877344609325,-0.01870460000272629,0.05,HOLD,closed,0.05,0.04856252564619503,0.0014374743538049725,0.031283675201560446,True,False
2024-07-29 19:00:00+00:00,67303.05,0.00070934124450059,984.7047840958005,-0.018787256202518077,0.05,HOLD,closed,0.05,0.048482377679847644,0.0015176223201523592,0.03128413904829819,True,False
2024-07-29 20:00:00+00:00,67369.99,0.00070934124450059,984.7522673987074,-0.018739941288766892,0.05,HOLD,closed,0.05,0.04852825845715339,0.0014717415428466135,0.031282521635610655,True,False
2024-07-29 21:00:00+00:00,67500.0,0.00070934124450059,984.844488853905,-0.01864804687680415,0.05,HOLD,closed,0.05,0.048617354867376,0.0013826451326240038,0.03128310731740985,True,False
2024-07-29 22:00:00+00:00,67227.36,0.00070934124450059,984.6510940570042,-0.018840755841326332,0.05,HOLD,closed,0.05,0.048430494308807866,0.001569505691192137,0.031260021261310805,True,False
2024-07-29 23:00:00+00:00,66784.69,0.00070934124450059,984.3370899683013,-0.0191536463831579,0.05,HOLD,closed,0.05,0.048126943098031255,0.0018730569019687476,0.03126701108504801,True,False
2024-07-30 00:00:00+00:00,66610.0,0.00070934124450059,984.2131751462994,-0.019277121768326563,0.05,HOLD,closed,0.05,0.048007099975227306,0.0019929000247726966,0.03126746010144907,True,False
2024-07-30 01:00:00+00:00,66211.33,0.00070934124450059,983.9303820723544,-0.019558911978442433,0.05,HOLD,closed,0.05,0.04773348610632243,0.002266513893677574,0.03127359699773097,True,False
2024-07-30 02:00:00+00:00,66418.01,0.00070934124450059,984.0769887207678,-0.01941282523846512,0.05,HOLD,closed,0.05,0.04787535366709095,0.0021246463329090554,0.03127349078775654,True,False
2024-07-30 03:00:00+00:00,66610.0,0.00070934124450059,984.2131751462994,-0.019277121768326563,0.05,HOLD,closed,0.05,0.048007099975227306,0.0019929000247726966,0.031268217586569336,True,False
2024-07-30 04:00:00+00:00,66808.04,0.0,984.1187003303172,-0.019371261550022386,0.0,SELL,closed,0.0,0.0,0.048142959684924894,0.03125682579003333,False,False
2024-07-30 05:00:00+00:00,66484.01,0.0,984.1187003303172,-0.019371261550022386,0.0,HOLD,closed,0.0,0.0,0.0,0.031260823693140816,True,False
2024-07-30 06:00:00+00:00,66766.01,0.0,984.1187003303172,-0.019371261550022386,0.0,HOLD,closed,0.0,0.0,0.0,0.031262534410187615,True,False
2024-07-30 07:00:00+00:00,66952.0,0.0,984.1187003303172,-0.019371261550022386,0.0,HOLD,closed,0.0,0.0,0.0,0.03126385456847211,True,False
2024-07-30 08:00:00+00:00,66772.01,0.0,984.1187003303172,-0.019371261550022386,0.0,HOLD,closed,0.0,0.0,0.0,0.031264671050590276,True,False
2024-07-30 09:00:00+00:00,66608.01,0.0,984.1187003303172,-0.019371261550022386,0.0,HOLD,closed,0.0,0.0,0.0,0.03126569392525308,True,False
2024-07-30 10:00:00+00:00,66581.87,0.0,984.1187003303172,-0.019371261550022386,0.0,HOLD,closed,0.0,0.0,0.0,0.03126205043082253,True,False
2024-07-30 11:00:00+00:00,66574.01,0.0,984.1187003303172,-0.019371261550022386,0.0,HOLD,closed,0.0,0.0,0.0,0.03125299516011737,True,False
2024-07-30 12:00:00+00:00,66668.0,0.0,984.1187003303172,-0.019371261550022386,0.0,HOLD,closed,0.0,0.0,0.0,0.03125099542862966,True,False
2024-07-30 13:00:00+00:00,66381.99,0.0,984.1187003303172,-0.019371261550022386,0.0,HOLD,closed,0.0,0.0,0.0,0.0312527194702171,True,False
2024-07-30 14:00:00+00:00,65810.0,0.0007412541805988953,983.8207513491299,-0.019668153920268105,0.05,BUY,closed,0.05,0.05,0.05,0.031257934016515054,False,False
2024-07-30 15:00:00+00:00,66216.01,0.0007412541805988953,984.1217079589948,-0.019368264587242588,0.05,HOLD,closed,0.05,0.04987482121177169,0.00012517878822831258,0.031264285496519106,True,False
2024-07-30 16:00:00+00:00,66180.01,0.0,984.2472168692,-0.01924320076695601,0.0,SELL,closed,0.0,0.0,0.04984905720239897,0.031264105864491354,False,False
2024-07-30 17:00:00+00:00,65868.01,0.0,984.2472168692,-0.01924320076695601,0.0,HOLD,closed,0.0,0.0,0.0,0.03126706312090369,True,False
2024-07-30 18:00:00+00:00,65824.01,0.0007471359897385698,984.3405758581887,-0.019150172855217078,0.05,BUY,closed,0.05,0.05,0.05,0.031266197756035424,False,False
2024-07-30 19:00:00+00:00,65931.02,0.0007471359897385698,984.4205268804506,-0.019070505361781454,0.05,HOLD,closed,0.05,0.05003901944047494,3.901944047493555e-05,0.03126598879091477,True,False
2024-07-30 20:00:00+00:00,66186.01,0.0,984.5462543290067,-0.018945223778142412,0.0,SELL,closed,0.0,0.0,0.05022282721314676,0.03125227719000864,False,False
2024-07-30 21:00:00+00:00,66304.0,0.0,984.5462543290067,-0.018945223778142412,0.0,HOLD,closed,0.0,0.0,0.0,0.0312477903346923,True,False
2024-07-30 22:00:00+00:00,66222.0,0.0,984.5462543290067,-0.018945223778142412,0.0,HOLD,closed,0.0,0.0,0.0,0.031247694355605315,True,False
2024-07-30 23:00:00+00:00,66188.0,0.0,984.5462543290067,-0.018945223778142412,0.0,HOLD,closed,0.0,0.0,0.0,0.031243239207614126,True,False
2024-07-31 00:00:00+00:00,66344.0,0.0,984.5462543290067,-0.018945223778142412,0.0,HOLD,closed,0.0,0.0,0.0,0.031176049037166198,True,False
2024-07-31 01:00:00+00:00,66296.0,0.0,984.5462543290067,-0.018945223778142412,0.0,HOLD,closed,0.0,0.0,0.0,0.03116924087763223,True,False
2024-07-31 02:00:00+00:00,66122.16,0.0,984.5462543290067,-0.018945223778142412,0.0,HOLD,closed,0.0,0.0,0.0,0.031166979786505594,True,False
2024-07-31 03:00:00+00:00,66058.0,0.0,984.5462543290067,-0.018945223778142412,0.0,HOLD,closed,0.0,0.0,0.0,0.031163757557778476,True,False
2024-07-31 04:00:00+00:00,65804.0,0.00074521348990963,984.4811571000812,-0.019010090153973307,0.05,BUY,closed,0.05,0.05,0.05,0.031163866127420725,False,False
2024-07-31 05:00:00+00:00,66175.52,0.00074521348990963,984.7580188158524,-0.01873421026776575,0.05,HOLD,closed,0.05,0.05007818089674911,7.818089674910961e-05,0.03116580314603612,True,False
2024-07-31 06:00:00+00:00,66459.99,0.0,984.8821634468984,-0.018610505888520566,0.0,SELL,closed,0.0,0.0,0.05028262850609869,0.031167610424807035,False,False
2024-07-31 07:00:00+00:00,66224.0,0.0,984.8821634468984,-0.018610505888520566,0.0,HOLD,closed,0.0,0.0,0.0,0.031168449269678683,True,False
2024-07-31 08:00:00+00:00,66312.01,0.0,984.8821634468984,-0.018610505888520566,0.0,HOLD,closed,0.0,0.0,0.0,0.031162775945584142,True,False
2024-07-31 09:00:00+00:00,66262.0,0.0,984.8821634468984,-0.018610505888520566,0.0,HOLD,closed,0.0,0.0,0.0,0.031154948973156543,True,False
2024-07-31 10:00:00+00:00,65992.0,0.0,984.8821634468984,-0.018610505888520566,0.0,HOLD,closed,0.0,0.0,0.0,0.03115774650501002,True,False
2024-07-31 11:00:00+00:00,66094.01,0.0007462133011932495,984.8597718273544,-0.018632818101079807,0.05,BUY,closed,0.05,0.05,0.05,0.031158153914841086,False,False
2024-07-31 12:00:00+00:00,66153.82,0.0007462133011932495,984.9044028448988,-0.018588345357684548,0.05,HOLD,closed,0.05,0.05012147398890034,0.0001214739889003405,0.031158296358147264,True,False
2024-07-31 13:00:00+00:00,66508.0,0.0,985.0285722066127,-0.018464616335473295,0.0,SELL,closed,0.0,0.0,0.050376300427954344,0.031163024211391555,False,False
2024-07-31 14:00:00+00:00,66440.0,0.0,985.0285722066127,-0.018464616335473295,0.0,HOLD,closed,0.0,0.0,0.0,0.031163206496908097,True,False
2024-07-31 15:00:00+00:00,66379.99,0.0,985.0285722066127,-0.018464616335473295,0.0,HOLD,closed,0.0,0.0,0.0,0.031160356835721825,True,False
2024-07-31 16:00:00+00:00,66362.0,0.0,985.0285722066127,-0.018464616335473295,0.0,HOLD,closed,0.0,0.0,0.0,0.031160353986565387,True,False
2024-07-31 17:00:00+00:00,66686.0,0.0,985.0285722066127,-0.018464616335473295,0.0,HOLD,closed,0.0,0.0,0.0,0.03116445979367974,True,False
2024-07-31 18:00:00+00:00,66527.99,0.0,985.0285722066127,-0.018464616335473295,0.0,HOLD,closed,0.0,0.0,0.0,0.03116142250158757,True,False
2024-07-31 19:00:00+00:00,65256.83,0.0,985.0285722066127,-0.018464616335473295,0.0,HOLD,closed,0.0,0.0,0.0,0.03122590015869381,True,False
2024-07-31 20:00:00+00:00,64595.81,0.0007521442008860424,984.656823425875,-0.018835046790410027,0.049828550803104124,BUY,closed,0.049828550803104124,0.049828550803104124,0.049828550803104124,0.031243212306398094,False,False
2024-07-31 21:00:00+00:00,64978.0,0.0007521442008860424,984.9442854180116,-0.01854860421940041,0.05,HOLD,closed,0.05,0.04961988876805511,0.00038011123194488933,0.03122749475004552,True,False
2024-07-31 22:00:00+00:00,64980.01,0.0007521442008860424,984.9457972278555,-0.01854709777085979,0.05,HOLD,closed,0.05,0.04962134752244702,0.0003786524775529834,0.031218900595000043,True,False
2024-07-31 23:00:00+00:00,64628.0,0.0007521442008860424,984.6810349477015,-0.01881092112945399,0.05,HOLD,closed,0.05,0.04936580851020951,0.0006341914897904921,0.031219267769952902,True,False
2024-08-01 00:00:00+00:00,64645.9,0.0007521442008860424,984.6944983288975,-0.018797505493196878,0.05,HOLD,closed,0.05,0.049378806196821515,0.000621193803178488,0.031216952768254702,True,False
2024-08-01 01:00:00+00:00,64202.0,0.0007521442008860424,984.360621518124,-0.019130198282833466,0.05,HOLD,closed,0.05,0.04905637317227505,0.000943626827724954,0.031222776360055493,True,False
2024-08-01 02:00:00+00:00,64110.01,0.0007521442008860424,984.2914317730846,-0.019199142661564358,0.05,HOLD,closed,0.05,0.04898952757658737,0.0010104724234126297,0.0312231300644574,True,False
2024-08-01 03:00:00+00:00,63936.01,0.0007521442008860424,984.1605586821304,-0.019329551639705296,0.05,HOLD,closed,0.05,0.04886306276456269,0.001136937235437313,0.03122245204285659,True,False
2024-08-01 04:00:00+00:00,63740.41,0.0007521442008860424,984.0134392764371,-0.019476149318580906,0.05,HOLD,closed,0.05,0.04872085870986815,0.0012791412901318536,0.031224014585320703,True,False
2024-08-01 05:00:00+00:00,64303.99,0.0007521442008860424,984.4373327051725,-0.019053759135243795,0.05,HOLD,closed,0.05,0.04913047439944974,0.0008695256005502652,0.03123646189936169,True,False
2024-08-01 06:00:00+00:00,64226.0,0.0,984.3406326481672,-0.01915011626663178,0.0,SELL,closed,0.0,0.0,0.04907381150377706,0.03123522179595728,False,False
2024-08-01 07:00:00+00:00,64328.59,0.0,984.3406326481672,-0.01915011626663178,0.0,HOLD,closed,0.0,0.0,0.0,0.03123067767934251,True,False
2024-08-01 08:00:00+00:00,64507.17,0.0,984.3406326481672,-0.01915011626663178,0.0,HOLD,closed,0.0,0.0,0.0,0.031231925014279682,True,False
2024-08-01 09:00:00+00:00,64466.0,0.0,984.3406326481672,-0.01915011626663178,0.0,HOLD,closed,0.0,0.0,0.0,0.031228872171836675,True,False
2024-08-01 10:00:00+00:00,64584.55,0.0,984.3406326481672,-0.01915011626663178,0.0,HOLD,closed,0.0,0.0,0.0,0.031198753279514546,True,False
2024-08-01 11:00:00+00:00,64674.25,0.0,984.3406326481672,-0.01915011626663178,0.0,HOLD,closed,0.0,0.0,0.0,0.031191225846180698,True,False
2024-08-01 12:00:00+00:00,64883.98,0.0,984.3406326481672,-0.01915011626663178,0.0,HOLD,closed,0.0,0.0,0.0,0.031190054221672536,True,False
2024-08-01 13:00:00+00:00,64754.03,0.0,984.3406326481672,-0.01915011626663178,0.0,HOLD,closed,0.0,0.0,0.0,0.03118947661366725,True,False
2024-08-01 14:00:00+00:00,63935.83,0.0,984.3406326481672,-0.01915011626663178,0.0,HOLD,closed,0.0,0.0,0.0,0.031217333258402924,True,False
2024-08-01 15:00:00+00:00,62906.6,0.0007697879519575856,983.674288748068,-0.01981409712372641,0.05,BUY,closed,0.05,0.05,0.05,0.0312514524204163,False,False
2024-08-01 16:00:00+00:00,62908.0,0.0007697879519575856,983.6753664512007,-0.019813023242432275,0.05,HOLD,closed,0.05,0.049229473598036026,0.0007705264019639765,0.031249847911894252,True,False
2024-08-01 17:00:00+00:00,63220.0,0.0007697879519575856,983.9155402922115,-0.019573701125455884,0.05,HOLD,closed,0.05,0.049461556739214964,0.000538443260785039,0.031253577648383574,True,False
2024-08-01 18:00:00+00:00,62954.0,0.0007697879519575856,983.7107766969908,-0.019777738571339555,0.05,HOLD,closed,0.05,0.04926369810673041,0.0007363018932695919,0.031255851345083935,True,False
2024-08-01 19:00:00+00:00,63422.01,0.0007697879519575856,984.0710451563864,-0.019418747725294443,0.05,HOLD,closed,0.05,0.049611762714931736,0.0003882372850682672,0.031265216235001,True,False
2024-08-01 20:00:00+00:00,64760.0,0.0,984.1973647488495,-0.019292876097657407,0.0,SELL,closed,0.0,0.0,0.05060543748665802,0.03133760521391055,False,False
2024-08-01 21:00:00+00:00,64889.03,0.0,984.1973647488495,-0.019292876097657407,0.0,HOLD,closed,0.0,0.0,0.0,0.03133559026937871,True,False
2024-08-01 22:00:00+00:00,65184.37,0.0,984.1973647488495,-0.019292876097657407,0.0,HOLD,closed,0.0,0.0,0.0,0.031331512043506704,True,False
2024-08-01 23:00:00+00:00,65354.02,0.0,984.1973647488495,-0.019292876097657407,0.0,HOLD,closed,0.0,0.0,0.0,0.031323603092439894,True,False
2024-08-02 00:00:00+00:00,64897.99,0.0,984.1973647488495,-0.019292876097657407,0.0,HOLD,closed,0.0,0.0,0.0,0.03133129128951778,True,False
2024-08-02 01:00:00+00:00,64647.99,0.0007582647883978316,984.1353913818525,-0.019354629689653333,0.05,BUY,closed,0.05,0.05,0.05,0.03133379134675443,False,False
2024-08-02 02:00:00+00:00,64359.91,0.0007582647883978316,983.9169504616108,-0.019572295956914187,0.05,HOLD,closed,0.05,0.04959956581148215,0.00040043418851785223,0.03133539859488926,True,False
2024-08-02 03:00:00+00:00,64609.18,0.0007582647883978316,984.1059631254147,-0.019383953585211524,0.05,HOLD,closed,0.05,0.04978210481081498,0.00021789518918502448,0.031337361722906826,True,False
2024-08-02 04:00:00+00:00,64531.99,0.0,984.0079983209589,-0.01948157097889969,0.0,SELL,closed,0.0,0.0,0.04972558650923235,0.031335206763130924,False,False
2024-08-02 05:00:00+00:00,64170.01,0.000762418880004115,983.8595926973717,-0.019629450314378606,0.05,BUY,closed,0.05,0.05,0.05,0.03133336177825968,False,False
2024-08-02 06:00:00+00:00,64477.21,0.000762418880004115,984.0938077773089,-0.019396065827031964,0.05,HOLD,closed,0.05,0.049953207555508014,4.6792444491988716e-05,0.03133463119855545,True,False
2024-08-02 07:00:00+00:00,64164.07,0.0,983.9955226811063,-0.019494002376622244,0.0,SELL,closed,0.0,0.0,0.04972266767681625,0.03133856231243998,False,False
2024-08-02 08:00:00+00:00,64598.01,0.0007667807876597498,984.2298353839473,-0.0192605206125702,0.05,BUY,closed,0.05,0.05,0.05,0.031344549142667405,False,False
2024-08-02 09:00:00+00:00,64511.99,0.0,984.1307951242256,-0.019359209647657097,0.0,SELL,closed,0.0,0.0,0.05026251792687404,0.031333780082317964,False,False
2024-08-02 10:00:00+00:00,64764.93,0.0,984.1307951242256,-0.019359209647657097,0.0,HOLD,closed,0.0,0.0,0.0,0.031336306193935515,True,False
2024-08-02 11:00:00+00:00,64660.01,0.0,984.1307951242256,-0.019359209647657097,0.0,HOLD,closed,0.0,0.0,0.0,0.03132899825005683,True,False
2024-08-02 12:00:00+00:00,64846.0,0.0,984.1307951242256,-0.019359209647657097,0.0,HOLD,closed,0.0,0.0,0.0,0.031329908317148825,True,False
2024-08-02 13:00:00+00:00,65229.99,0.0,984.1307951242256,-0.019359209647657097,0.0,HOLD,closed,0.0,0.0,0.0,0.03133566154259623,True,False
2024-08-02 14:00:00+00:00,63157.95,0.0,984.1307951242256,-0.019359209647657097,0.0,HOLD,closed,0.0,0.0,0.0,0.031506605669470666,True,False
2024-08-02 15:00:00+00:00,63416.01,0.0007791028644250057,984.462491430152,-0.01902868963018369,0.05,BUY,closed,0.05,0.05,0.05,0.03148416772283816,False,False
2024-08-02 16:00:00+00:00,63307.38,0.0007791028644250057,984.3778574859896,-0.019113023438560854,0.05,HOLD,closed,0.05,0.050105719792609534,0.00010571979260953074,0.03148458925615841,True,False
2024-08-02 17:00:00+00:00,63098.01,0.0007791028644250057,984.2147367192649,-0.01927556573313823,0.05,HOLD,closed,0.05,0.04994828719430147,5.1712805698531095e-05,0.03148622603940021,True,False
2024-08-02 18:00:00+00:00,62898.25,0.0007791028644250057,984.0591031310673,-0.019430647400830774,0.05,HOLD,closed,0.05,0.04979803203527016,0.00020196796472984196,0.03148600372401997,True,False
2024-08-02 19:00:00+00:00,62633.57,0.0007791028644250057,983.8528901849113,-0.019636129057843454,0.05,HOLD,closed,0.05,0.049598872232811876,0.00040112776718812665,0.031488437536810576,True,False
2024-08-02 20:00:00+00:00,62622.01,0.0007791028644250057,983.8438837557986,-0.01964510354762374,0.05,HOLD,closed,0.05,0.04959017194963967,0.00040982805036033493,0.03148830397004079,True,False
2024-08-02 21:00:00+00:00,61987.01,0.0007791028644250057,983.3491534368887,-0.020138079413586574,0.05,HOLD,closed,0.05,0.049112013651864087,0.0008879863481359163,0.03150506900310818,True,False
2024-08-02 22:00:00+00:00,61386.01,0.0007791028644250057,982.8809126153693,-0.020604659721371866,0.05,HOLD,closed,0.05,0.0486590141417649,0.001340985858235104,0.03152021311921713,True,False
2024-08-02 23:00:00+00:00,61498.33,0.0007791028644250057,982.9684214491015,-0.02051746121859248,0.05,HOLD,closed,0.05,0.04874370734079095,0.0012562926592090545,0.031519907308883904,True,False
2024-08-03 00:00:00+00:00,61132.01,0.0007791028644250057,982.6830204878054,-0.020801850067756977,0.05,HOLD,closed,0.05,0.04846743365466457,0.001532566345335433,0.03152559956151524,True,False
2024-08-03 01:00:00+00:00,61342.01,0.0007791028644250057,982.8466320893345,-0.020638818679013446,0.05,HOLD,closed,0.05,0.048625832495342344,0.0013741675046576585,0.031523164001259624,True,False
2024-08-03 02:00:00+00:00,61450.01,0.0,982.9739413088489,-0.02051196093382121,0.0,SELL,closed,0.0,0.0,0.048707274223118595,0.03152359626578699,False,False
2024-08-03 03:00:00+00:00,61895.99,0.0,982.9739413088489,-0.02051196093382121,0.0,HOLD,closed,0.0,0.0,0.0,0.031531201218503446,True,False
2024-08-03 04:00:00+00:00,61566.25,0.0,982.9739413088489,-0.02051196093382121,0.0,HOLD,closed,0.0,0.0,0.0,0.03153347692266997,True,False
2024-08-03 05:00:00+00:00,61693.99,0.0,982.9739413088489,-0.02051196093382121,0.0,HOLD,closed,0.0,0.0,0.0,0.031508993994112916,True,False
2024-08-03 06:00:00+00:00,61827.89,0.0,982.9739413088489,-0.02051196093382121,0.0,HOLD,closed,0.0,0.0,0.0,0.031507004235377056,True,False
2024-08-03 07:00:00+00:00,61662.01,0.0,982.9739413088489,-0.02051196093382121,0.0,HOLD,closed,0.0,0.0,0.0,0.03150772462335805,True,False
2024-08-03 08:00:00+00:00,61629.68,0.0,982.9739413088489,-0.02051196093382121,0.0,HOLD,closed,0.0,0.0,0.0,0.03150519046634506,True,False
2024-08-03 09:00:00+00:00,61735.99,0.0,982.9739413088489,-0.02051196093382121,0.0,HOLD,closed,0.0,0.0,0.0,0.03150460933496438,True,False
2024-08-03 10:00:00+00:00,61822.01,0.0,982.9739413088489,-0.02051196093382121,0.0,HOLD,closed,0.0,0.0,0.0,0.0315033612031963,True,False
2024-08-03 11:00:00+00:00,61919.38,0.0,982.9739413088489,-0.02051196093382121,0.0,HOLD,closed,0.0,0.0,0.0,0.03150371868764468,True,False
2024-08-03 12:00:00+00:00,62002.71,0.0,982.9739413088489,-0.02051196093382121,0.0,HOLD,closed,0.0,0.0,0.0,0.03150196574051431,True,False
2024-08-03 13:00:00+00:00,62007.99,0.0,982.9739413088489,-0.02051196093382121,0.0,HOLD,closed,0.0,0.0,0.0,0.03150161838508436,True,False
2024-08-03 14:00:00+00:00,61990.0,0.0,982.9739413088489,-0.02051196093382121,0.0,HOLD,closed,0.0,0.0,0.0,0.03150143791525173,True,False
2024-08-03 15:00:00+00:00,60879.0,0.0,982.9739413088489,-0.02051196093382121,0.0,HOLD,closed,0.0,0.0,0.0,0.03155416815942205,True,False
2024-08-03 16:00:00+00:00,60912.01,0.0008073176134999969,983.132484947253,-0.020353979535779162,0.05,BUY,closed,0.05,0.05,0.05,0.03155417771142496,False,False
2024-08-03 17:00:00+00:00,60576.0,0.0008073176134999969,982.8612181559408,-0.02062428433870443,0.05,HOLD,closed,0.05,0.049756843440348954,0.00024315655965104904,0.031558706229483646,True,False
2024-08-03 18:00:00+00:00,60243.97,0.0008073176134999969,982.5931644887305,-0.020891387412170184,0.05,HOLD,closed,0.05,0.049497614929442366,0.0005023850705576371,0.03153565878004261,True,False
2024-08-03 19:00:00+00:00,60246.0,0.0008073176134999969,982.5948033434859,-0.020889754369255026,0.05,HOLD,closed,0.05,0.049499200257747074,0.000500799742252929,0.03153255400394095,True,False
2024-08-03 20:00:00+00:00,60395.97,0.0008073176134999969,982.7158767659824,-0.02076911030718935,0.05,HOLD,closed,0.05,0.04961630469009762,0.0003836953099023849,0.031519757522955244,True,False
2024-08-03 21:00:00+00:00,60648.0,0.0,982.8457390437495,-0.020639708557607495,0.0,SELL,closed,0.0,0.0,0.04981303793786526,0.031522453844242376,False,False
2024-08-03 22:00:00+00:00,60629.84,0.0,982.8457390437495,-0.020639708557607495,0.0,HOLD,closed,0.0,0.0,0.0,0.03151688452890242,True,False
2024-08-03 23:00:00+00:00,60697.99,0.0,982.8457390437495,-0.020639708557607495,0.0,HOLD,closed,0.0,0.0,0.0,0.03151653288246076,True,False
2024-08-04 00:00:00+00:00,60747.0,0.0,982.8457390437495,-0.020639708557607495,0.0,HOLD,closed,0.0,0.0,0.0,0.03150601124790395,True,False
2024-08-04 01:00:00+00:00,60743.58,0.0,982.8457390437495,-0.020639708557607495,0.0,HOLD,closed,0.0,0.0,0.0,0.031501549719800265,True,False
2024-08-04 02:00:00+00:00,60886.95,0.0,982.8457390437495,-0.020639708557607495,0.0,HOLD,closed,0.0,0.0,0.0,0.031495633784943106,True,False
2024-08-04 03:00:00+00:00,60735.0,0.0,982.8457390437495,-0.020639708557607495,0.0,HOLD,closed,0.0,0.0,0.0,0.03149508527116862,True,False
2024-08-04 04:00:00+00:00,60564.12,0.0,982.8457390437495,-0.020639708557607495,0.0,HOLD,closed,0.0,0.0,0.0,0.03149549418167544,True,False
2024-08-04 05:00:00+00:00,60792.0,0.0008114092461376054,982.9323338377116,-0.020553420853155965,0.05,BUY,closed,0.05,0.05,0.05,0.03149777209028015,False,False
2024-08-04 06:00:00+00:00,60819.61,0.0,982.8337041195246,-0.020651700802604065,0.0,SELL,closed,0.0,0.0,0.05020535742956059,0.0314946326296528,False,False
2024-08-04 07:00:00+00:00,60373.99,0.0,982.8337041195246,-0.020651700802604065,0.0,HOLD,closed,0.0,0.0,0.0,0.03150197056595702,True,False
2024-08-04 08:00:00+00:00,60565.41,0.0008139544374395639,983.1201215092518,-0.020366299129549677,0.05,BUY,closed,0.05,0.05,0.05,0.03149156410270895,False,False
2024-08-04 09:00:00+00:00,60708.0,0.0,983.0220304624362,-0.02046404231790669,0.0,SELL,closed,0.0,0.0,0.05025602884509282,0.03149182584564919,False,False
2024-08-04 10:00:00+00:00,60812.01,0.0,983.0220304624362,-0.02046404231790669,0.0,HOLD,closed,0.0,0.0,0.0,0.031487940377647905,True,False
2024-08-04 11:00:00+00:00,60896.0,0.0,983.0220304624362,-0.02046404231790669,0.0,HOLD,closed,0.0,0.0,0.0,0.03148801635175949,True,False
2024-08-04 12:00:00+00:00,61062.0,0.0,983.0220304624362,-0.02046404231790669,0.0,HOLD,closed,0.0,0.0,0.0,0.03148919672333264,True,False
2024-08-04 13:00:00+00:00,60822.01,0.0,983.0220304624362,-0.02046404231790669,0.0,HOLD,closed,0.0,0.0,0.0,0.03149125054307317,True,False
2024-08-04 14:00:00+00:00,59586.7,0.0,983.0220304624362,-0.02046404231790669,0.0,HOLD,closed,0.0,0.0,0.0,0.03155918264638219,True,False
2024-08-04 15:00:00+00:00,59086.01,0.0008248671225591119,982.7412660304165,-0.020743811080232544,0.05,BUY,closed,0.05,0.05,0.05,0.03157009774435701,False,False
2024-08-04 16:00:00+00:00,58663.9,0.0008248671225591119,982.3930813693131,-0.02109076098053502,0.05,HOLD,closed,0.05,0.04925718972251614,0.0007428102774838657,0.031577058262758056,True,False
2024-08-04 17:00:00+00:00,57864.43,0.0008248671225591119,981.7336248508408,-0.021747878880596337,0.05,HOLD,closed,0.05,0.04861855055629276,0.0013814494437072444,0.031545364581099605,True,False
2024-08-04 18:00:00+00:00,58770.6,0.0008248671225591119,982.4810946912901,-0.02100305977856812,0.05,HOLD,closed,0.05,0.049342359842868035,0.0006576401571319682,0.0315766471994198,True,False
2024-08-04 19:00:00+00:00,59257.66,0.0,982.6114988217358,-0.02087311809786968,0.0,SELL,closed,0.0,0.0,0.049730947356940045,0.031587338824782485,False,False
2024-08-04 20:00:00+00:00,59158.0,0.0,982.6114988217358,-0.02087311809786968,0.0,HOLD,closed,0.0,0.0,0.0,0.031580444382808215,True,False
2024-08-04 21:00:00+00:00,58459.98,0.0,982.6114988217358,-0.02087311809786968,0.0,HOLD,closed,0.0,0.0,0.0,0.03160153322420853,True,False
2024-08-04 22:00:00+00:00,58715.83,0.0008404138171290306,982.7282329816787,-0.02075679791011144,0.05,BUY,closed,0.05,0.05,0.05,0.0315549526246002,False,False
2024-08-04 23:00:00+00:00,58161.0,0.0,982.6295664648437,-0.02085511452770919,0.0,SELL,closed,0.0,0.0,0.04976198885435513,0.03156826496834714,False,False
2024-08-05 00:00:00+00:00,56174.02,0.00084474954562752,981.0870124612841,-0.022392198200638005,0.05,BUY,closed,0.05,0.05,0.05,0.03175724858156412,False,False
2024-08-05 01:00:00+00:00,54432.65,0.00084474954562752,979.6159909450147,-0.023858003060608497,0.05,HOLD,closed,0.05,0.046938756390087114,0.0030612436099128892,0.031905830254418704,True,False
2024-08-05 02:00:00+00:00,54697.98,0.00084474954562752,979.8401283419561,-0.023634660517957574,0.05,HOLD,closed,0.05,0.04715676814536181,0.002843231854638195,0.03190915491297411,True,False
2024-08-05 03:00:00+00:00,53890.87,0.00084474954562752,979.1583225361846,-0.024314048448455285,0.05,HOLD,closed,0.05,0.046493286017378885,0.003506713982621118,0.03194131346987872,True,False
2024-08-05 04:00:00+00:00,53528.01,0.00084474954562752,978.8517967160583,-0.024619487241755278,0.05,HOLD,closed,0.05,0.04619469696796394,0.0038053030320360642,0.03194025173075937,True,False
2024-08-05 05:00:00+00:00,52718.0,0.00084474954562752,978.1675411366044,-0.02530131625834848,0.05,HOLD,closed,0.05,0.045527483456100845,0.004472516543899158,0.03196322452887915,True,False
2024-08-05 06:00:00+00:00,51588.0,0.00084474954562752,977.2129741500454,-0.026252498081721195,0.05,HOLD,closed,0.05,0.04459512993852373,0.005404870061476275,0.032028739293932934,True,False
2024-08-05 07:00:00+00:00,52674.19,0.00084474954562752,978.1305326590106,-0.02533819349346519,0.05,HOLD,closed,0.05,0.045491370101529933,0.004508629898470069,0.03209035597104526,True,False
2024-08-05 08:00:00+00:00,52752.0,0.0,978.2593300677705,-0.025209852836565246,0.0,SELL,closed,0.0,0.0,0.04555550837163787,0.03208874052889635,False,False
2024-08-05 09:00:00+00:00,52667.8,0.0,978.2593300677705,-0.025209852836565246,0.0,HOLD,closed,0.0,0.0,0.0,0.032083555464039126,True,False
2024-08-05 10:00:00+00:00,51386.0,0.0,978.2593300677705,-0.025209852836565246,0.0,HOLD,closed,0.0,0.0,0.0,0.03216448084347562,True,False
2024-08-05 11:00:00+00:00,51340.0,0.0009519104488437749,978.3608649567014,-0.025108678018926304,0.05,BUY,closed,0.05,0.05,0.05,0.032162539647696,False,False
2024-08-05 12:00:00+00:00,49804.0,0.0009519104488437749,976.8987305072775,-0.026565627328091562,0.05,HOLD,closed,0.05,0.048530053846622526,0.0014699461533774771,0.03228573230808032,True,False
2024-08-05 13:00:00+00:00,51951.0,0.0009519104488437749,978.9424822409451,-0.02452912331326214,0.05,HOLD,closed,0.05,0.050516450787464404,0.0005164507874644009,0.03252327420104745,True,False
2024-08-05 14:00:00+00:00,54061.68,0.0,979.0983046275376,-0.024373853516706935,0.0,SELL,closed,0.0,0.0,0.052461176367496046,0.03272495648128426,False,False
2024-08-05 15:00:00+00:00,54321.09,0.0,979.0983046275376,-0.024373853516706935,0.0,HOLD,closed,0.0,0.0,0.0,0.03272593070509719,True,False
2024-08-05 16:00:00+00:00,54039.11,0.0,979.0983046275376,-0.024373853516706935,0.0,HOLD,closed,0.0,0.0,0.0,0.032723000257956575,True,False
2024-08-05 17:00:00+00:00,54707.99,0.0,979.0983046275376,-0.024373853516706935,0.0,HOLD,closed,0.0,0.0,0.0,0.03273779079873748,True,False
2024-08-05 18:00:00+00:00,53096.84,0.0,979.0983046275376,-0.024373853516706935,0.0,HOLD,closed,0.0,0.0,0.0,0.032828132226504936,True,False
2024-08-05 19:00:00+00:00,53470.09,0.0009219928344407791,979.5991399497534,-0.02387479429749806,0.05,BUY,closed,0.05,0.05,0.05,0.03282991232642743,False,False
2024-08-05 20:00:00+00:00,54393.85,0.0,979.757244708391,-0.023717250222831377,0.0,SELL,closed,0.0,0.0,0.05115069301696314,0.032866245309312564,False,False
2024-08-05 21:00:00+00:00,54372.01,0.0,979.757244708391,-0.023717250222831377,0.0,HOLD,closed,0.0,0.0,0.0,0.03286418624263046,True,False
2024-08-05 22:00:00+00:00,54695.87,0.0,979.757244708391,-0.023717250222831377,0.0,HOLD,closed,0.0,0.0,0.0,0.03286733045518017,True,False
2024-08-05 23:00:00+00:00,54018.81,0.0,979.757244708391,-0.023717250222831377,0.0,HOLD,closed,0.0,0.0,0.0,0.032885441359005285,True,False
2024-08-06 00:00:00+00:00,56038.0,0.0,979.757244708391,-0.023717250222831377,0.0,HOLD,closed,0.0,0.0,0.0,0.03304832619026071,True,False
2024-08-06 01:00:00+00:00,55723.98,0.0,979.757244708391,-0.023717250222831377,0.0,HOLD,closed,0.0,0.0,0.0,0.0330299875456411,True,False
2024-08-06 02:00:00+00:00,55845.44,0.0,979.757244708391,-0.023717250222831377,0.0,HOLD,closed,0.0,0.0,0.0,0.03301303261142352,True,False
2024-08-06 03:00:00+00:00,55665.73,0.0,979.757244708391,-0.023717250222831377,0.0,HOLD,closed,0.0,0.0,0.0,0.033014219997053035,True,False
2024-08-06 04:00:00+00:00,55493.98,0.0,979.757244708391,-0.023717250222831377,0.0,HOLD,closed,0.0,0.0,0.0,0.03301447513568109,True,False
2024-08-06 05:00:00+00:00,55925.97,0.0,979.757244708391,-0.023717250222831377,0.0,HOLD,closed,0.0,0.0,0.0,0.03301698034674813,True,False
2024-08-06 06:00:00+00:00,55782.0,0.0,979.757244708391,-0.023717250222831377,0.0,HOLD,closed,0.0,0.0,0.0,0.03301519027892619,True,False
2024-08-06 07:00:00+00:00,55999.99,0.0,979.757244708391,-0.023717250222831377,0.0,HOLD,closed,0.0,0.0,0.0,0.03301040404846295,True,False
2024-08-06 08:00:00+00:00,54992.0,0.0,979.757244708391,-0.023717250222831377,0.0,HOLD,closed,0.0,0.0,0.0,0.033046618161980484,True,False
2024-08-06 09:00:00+00:00,55211.99,0.0,979.757244708391,-0.023717250222831377,0.0,HOLD,closed,0.0,0.0,0.0,0.03304444345927915,True,False
2024-08-06 10:00:00+00:00,55062.0,0.0,979.757244708391,-0.023717250222831377,0.0,HOLD,closed,0.0,0.0,0.0,0.033039781576961164,True,False
2024-08-06 11:00:00+00:00,55210.01,0.0,979.757244708391,-0.023717250222831377,0.0,HOLD,closed,0.0,0.0,0.0,0.03300709509847938,True,False
2024-08-06 12:00:00+00:00,54772.01,0.0,979.757244708391,-0.023717250222831377,0.0,HOLD,closed,0.0,0.0,0.0,0.03300900659766076,True,False
2024-08-06 13:00:00+00:00,55204.0,0.0,979.757244708391,-0.023717250222831377,0.0,HOLD,closed,0.0,0.0,0.0,0.033016070151461685,True,False
2024-08-06 14:00:00+00:00,56132.01,0.0,979.757244708391,-0.023717250222831377,0.0,HOLD,closed,0.0,0.0,0.0,0.03304764696859877,True,False
2024-08-06 15:00:00+00:00,56405.99,0.0,979.757244708391,-0.023717250222831377,0.0,HOLD,closed,0.0,0.0,0.0,0.03304605088138507,True,False
2024-08-06 16:00:00+00:00,56775.52,0.0,979.757244708391,-0.023717250222831377,0.0,HOLD,closed,0.0,0.0,0.0,0.033039427101780566,True,False
2024-08-06 17:00:00+00:00,56494.0,0.0,979.757244708391,-0.023717250222831377,0.0,HOLD,closed,0.0,0.0,0.0,0.03303671933332847,True,False
2024-08-06 18:00:00+00:00,56729.99,0.0,979.757244708391,-0.023717250222831377,0.0,HOLD,closed,0.0,0.0,0.0,0.03303738006738491,True,False
2024-08-06 19:00:00+00:00,56765.48,0.0,979.757244708391,-0.023717250222831377,0.0,HOLD,closed,0.0,0.0,0.0,0.033032121637339096,True,False
2024-08-06 20:00:00+00:00,56541.99,0.0,979.757244708391,-0.023717250222831377,0.0,HOLD,closed,0.0,0.0,0.0,0.03302786713140837,True,False
2024-08-06 21:00:00+00:00,56458.01,0.0,979.757244708391,-0.023717250222831377,0.0,HOLD,closed,0.0,0.0,0.0,0.033027153169714746,True,False
2024-08-06 22:00:00+00:00,56200.26,0.0,979.757244708391,-0.023717250222831377,0.0,HOLD,closed,0.0,0.0,0.0,0.03302915149659999,True,False
2024-08-06 23:00:00+00:00,56022.01,0.0,979.757244708391,-0.023717250222831377,0.0,HOLD,closed,0.0,0.0,0.0,0.033029579861351605,True,False
2024-08-07 00:00:00+00:00,56269.99,0.0,979.757244708391,-0.023717250222831377,0.0,HOLD,closed,0.0,0.0,0.0,0.033031179054449855,True,False
2024-08-07 01:00:00+00:00,56965.99,0.0,979.757244708391,-0.023717250222831377,0.0,HOLD,closed,0.0,0.0,0.0,0.033048243392130805,True,False
2024-08-07 02:00:00+00:00,56762.01,0.0,979.757244708391,-0.023717250222831377,0.0,HOLD,closed,0.0,0.0,0.0,0.03304959820802464,True,False
2024-08-07 03:00:00+00:00,56862.0,0.0,979.757244708391,-0.023717250222831377,0.0,HOLD,closed,0.0,0.0,0.0,0.03304666444070714,True,False
2024-08-07 04:00:00+00:00,57048.02,0.0,979.757244708391,-0.023717250222831377,0.0,HOLD,closed,0.0,0.0,0.0,0.03304595984266223,True,False
2024-08-07 05:00:00+00:00,56796.01,0.0,979.757244708391,-0.023717250222831377,0.0,HOLD,closed,0.0,0.0,0.0,0.0330461565150075,True,False
2024-08-07 06:00:00+00:00,56838.57,0.0,979.757244708391,-0.023717250222831377,0.0,HOLD,closed,0.0,0.0,0.0,0.033044426206311706,True,False
2024-08-07 07:00:00+00:00,56920.91,0.0,979.757244708391,-0.023717250222831377,0.0,HOLD,closed,0.0,0.0,0.0,0.033038213989959236,True,False
2024-08-07 08:00:00+00:00,57348.0,0.0,979.757244708391,-0.023717250222831377,0.0,HOLD,closed,0.0,0.0,0.0,0.03302741996247954,True,False
2024-08-07 09:00:00+00:00,57350.01,0.0,979.757244708391,-0.023717250222831377,0.0,HOLD,closed,0.0,0.0,0.0,0.033006513827849665,True,False
2024-08-07 10:00:00+00:00,57323.0,0.0,979.757244708391,-0.023717250222831377,0.0,HOLD,closed,0.0,0.0,0.0,0.033004347663458444,True,False
2024-08-07 11:00:00+00:00,56963.38,0.0,979.757244708391,-0.023717250222831377,0.0,HOLD,closed,0.0,0.0,0.0,0.033004380966820984,True,False
2024-08-07 12:00:00+00:00,57292.0,0.0,979.757244708391,-0.023717250222831377,0.0,HOLD,closed,0.0,0.0,0.0,0.03299974739151379,True,False
2024-08-07 13:00:00+00:00,56834.0,0.0,979.757244708391,-0.023717250222831377,0.0,HOLD,closed,0.0,0.0,0.0,0.03300524578223596,True,False
2024-08-07 14:00:00+00:00,56085.83,0.0,979.757244708391,-0.023717250222831377,0.0,HOLD,closed,0.0,0.0,0.0,0.03302324475119972,True,False
2024-08-07 15:00:00+00:00,56094.5,0.0,979.757244708391,-0.023717250222831377,0.0,HOLD,closed,0.0,0.0,0.0,0.033022067629122576,True,False
2024-08-07 16:00:00+00:00,56125.47,0.0,979.757244708391,-0.023717250222831377,0.0,HOLD,closed,0.0,0.0,0.0,0.03302153819586881,True,False
2024-08-07 17:00:00+00:00,55570.59,0.0,979.757244708391,-0.023717250222831377,0.0,HOLD,closed,0.0,0.0,0.0,0.03303161421800557,True,False
2024-08-07 18:00:00+00:00,54805.01,0.0,979.757244708391,-0.023717250222831377,0.0,HOLD,closed,0.0,0.0,0.0,0.03305356640233209,True,False
2024-08-07 19:00:00+00:00,54759.22,0.0,979.757244708391,-0.023717250222831377,0.0,HOLD,closed,0.0,0.0,0.0,0.033051882999476784,True,False
2024-08-07 20:00:00+00:00,55141.31,0.0,979.757244708391,-0.023717250222831377,0.0,HOLD,closed,0.0,0.0,0.0,0.03305376496801751,True,False
2024-08-07 21:00:00+00:00,55416.0,0.0,979.757244708391,-0.023717250222831377,0.0,HOLD,closed,0.0,0.0,0.0,0.03305500006633777,True,False
2024-08-07 22:00:00+00:00,55284.01,0.0,979.757244708391,-0.023717250222831377,0.0,HOLD,closed,0.0,0.0,0.0,0.03305340489584002,True,False
2024-08-07 23:00:00+00:00,55134.16,0.0,979.757244708391,-0.023717250222831377,0.0,HOLD,closed,0.0,0.0,0.0,0.033043038184650514,True,False
2024-08-08 00:00:00+00:00,55300.0,0.0,979.757244708391,-0.023717250222831377,0.0,HOLD,closed,0.0,0.0,0.0,0.033030220067229527,True,False
2024-08-08 01:00:00+00:00,56868.0,0.0,979.757244708391,-0.023717250222831377,0.0,HOLD,closed,0.0,0.0,0.0,0.033116786373567686,True,False
2024-08-08 02:00:00+00:00,57364.0,0.0,979.757244708391,-0.023717250222831377,0.0,HOLD,closed,0.0,0.0,0.0,0.03312203486291329,True,False
2024-08-08 03:00:00+00:00,57049.74,0.0,979.757244708391,-0.023717250222831377,0.0,HOLD,closed,0.0,0.0,0.0,0.03312041654252629,True,False
2024-08-08 04:00:00+00:00,56765.34,0.0,979.757244708391,-0.023717250222831377,0.0,HOLD,closed,0.0,0.0,0.0,0.03311972736943983,True,False
2024-08-08 05:00:00+00:00,56955.62,0.0,979.757244708391,-0.023717250222831377,0.0,HOLD,closed,0.0,0.0,0.0,0.03311973025838824,True,False
2024-08-08 06:00:00+00:00,57216.0,0.0,979.757244708391,-0.023717250222831377,0.0,HOLD,closed,0.0,0.0,0.0,0.033119339243056156,True,False
2024-08-08 07:00:00+00:00,57193.49,0.0,979.757244708391,-0.023717250222831377,0.0,HOLD,closed,0.0,0.0,0.0,0.03311813816941478,True,False
2024-08-08 08:00:00+00:00,57230.0,0.0,979.757244708391,-0.023717250222831377,0.0,HOLD,closed,0.0,0.0,0.0,0.03311750681398609,True,False
2024-08-08 09:00:00+00:00,57339.19,0.0,979.757244708391,-0.023717250222831377,0.0,HOLD,closed,0.0,0.0,0.0,0.03311522379491,True,False
2024-08-08 10:00:00+00:00,57377.09,0.0,979.757244708391,-0.023717250222831377,0.0,HOLD,closed,0.0,0.0,0.0,0.03309981228019965,True,False
2024-08-08 11:00:00+00:00,57320.51,0.0,979.757244708391,-0.023717250222831377,0.0,HOLD,closed,0.0,0.0,0.0,0.033089233187604594,True,False
2024-08-08 12:00:00+00:00,57924.62,0.0,979.757244708391,-0.023717250222831377,0.0,HOLD,closed,0.0,0.0,0.0,0.0330976140516544,True,False
2024-08-08 13:00:00+00:00,57266.73,0.0,979.757244708391,-0.023717250222831377,0.0,HOLD,closed,0.0,0.0,0.0,0.033107198066057275,True,False
2024-08-08 14:00:00+00:00,58922.25,0.0,979.757244708391,-0.023717250222831377,0.0,HOLD,closed,0.0,0.0,0.0,0.03319876092423063,True,False
2024-08-08 15:00:00+00:00,59428.03,0.0,979.757244708391,-0.023717250222831377,0.0,HOLD,closed,0.0,0.0,0.0,0.03320672441406916,True,False
2024-08-08 16:00:00+00:00,59568.56,0.0,979.757244708391,-0.023717250222831377,0.0,HOLD,closed,0.0,0.0,0.0,0.033204416204928866,True,False
2024-08-08 17:00:00+00:00,59469.88,0.0,979.757244708391,-0.023717250222831377,0.0,HOLD,closed,0.0,0.0,0.0,0.03320393908603722,True,False
2024-08-08 18:00:00+00:00,59328.09,0.0,979.757244708391,-0.023717250222831377,0.0,HOLD,closed,0.0,0.0,0.0,0.033200009111908096,True,False
2024-08-08 19:00:00+00:00,59414.51,0.0,979.757244708391,-0.023717250222831377,0.0,HOLD,closed,0.0,0.0,0.0,0.03319627735679814,True,False
2024-08-08 20:00:00+00:00,59506.29,0.0,979.757244708391,-0.023717250222831377,0.0,HOLD,closed,0.0,0.0,0.0,0.03319006514067424,True,False
2024-08-08 21:00:00+00:00,61173.69,0.0,979.757244708391,-0.023717250222831377,0.0,HOLD,closed,0.0,0.0,0.0,0.03327306510114467,True,False
2024-08-08 22:00:00+00:00,62332.0,0.0,979.757244708391,-0.023717250222831377,0.0,HOLD,closed,0.0,0.0,0.0,0.033310052929392625,True,False
2024-08-08 23:00:00+00:00,61685.99,0.0,979.757244708391,-0.023717250222831377,0.0,HOLD,closed,0.0,0.0,0.0,0.03331326221971273,True,False
2024-08-09 00:00:00+00:00,61214.0,0.0,979.757244708391,-0.023717250222831377,0.0,HOLD,closed,0.0,0.0,0.0,0.03331878732266583,True,False
2024-08-09 01:00:00+00:00,61400.0,0.0,979.757244708391,-0.023717250222831377,0.0,HOLD,closed,0.0,0.0,0.0,0.03331747560619497,True,False
2024-08-09 02:00:00+00:00,61235.51,0.0,979.757244708391,-0.023717250222831377,0.0,HOLD,closed,0.0,0.0,0.0,0.033316000132429996,True,False
2024-08-09 03:00:00+00:00,61358.39,0.0,979.757244708391,-0.023717250222831377,0.0,HOLD,closed,0.0,0.0,0.0,0.03330730040088928,True,False
2024-08-09 04:00:00+00:00,60720.01,0.0,979.757244708391,-0.023717250222831377,0.0,HOLD,closed,0.0,0.0,0.0,0.03331692792997157,True,False
2024-08-09 05:00:00+00:00,60989.0,0.0,979.757244708391,-0.023717250222831377,0.0,HOLD,closed,0.0,0.0,0.0,0.033317913232910445,True,False
2024-08-09 06:00:00+00:00,60890.01,0.0,979.757244708391,-0.023717250222831377,0.0,HOLD,closed,0.0,0.0,0.0,0.0333151854193354,True,False
2024-08-09 07:00:00+00:00,60863.57,0.0,979.757244708391,-0.023717250222831377,0.0,HOLD,closed,0.0,0.0,0.0,0.03331275161103467,True,False
2024-08-09 08:00:00+00:00,61095.73,0.0,979.757244708391,-0.023717250222831377,0.0,HOLD,closed,0.0,0.0,0.0,0.03330788678238719,True,False
2024-08-09 09:00:00+00:00,60759.99,0.0,979.757244708391,-0.023717250222831377,0.0,HOLD,closed,0.0,0.0,0.0,0.03329423312465915,True,False
2024-08-09 10:00:00+00:00,60600.01,0.0,979.757244708391,-0.023717250222831377,0.0,HOLD,closed,0.0,0.0,0.0,0.03328419488531861,True,False
2024-08-09 11:00:00+00:00,60655.24,0.0,979.757244708391,-0.023717250222831377,0.0,HOLD,closed,0.0,0.0,0.0,0.03328369167153847,True,False
2024-08-09 12:00:00+00:00,60551.99,0.0,979.757244708391,-0.023717250222831377,0.0,HOLD,closed,0.0,0.0,0.0,0.0332749192515184,True,False
2024-08-09 13:00:00+00:00,60450.01,0.0,979.757244708391,-0.023717250222831377,0.0,HOLD,closed,0.0,0.0,0.0,0.03327064117287329,True,False
2024-08-09 14:00:00+00:00,60341.07,0.0,979.757244708391,-0.023717250222831377,0.0,HOLD,closed,0.0,0.0,0.0,0.03326932249221226,True,False
2024-08-09 15:00:00+00:00,59810.23,0.0,979.757244708391,-0.023717250222831377,0.0,HOLD,closed,0.0,0.0,0.0,0.033274592672193765,True,False
2024-08-09 16:00:00+00:00,60432.65,0.0,979.757244708391,-0.023717250222831377,0.0,HOLD,closed,0.0,0.0,0.0,0.03328491195650468,True,False
2024-08-09 17:00:00+00:00,60197.5,0.0,979.757244708391,-0.023717250222831377,0.0,HOLD,closed,0.0,0.0,0.0,0.033285943326731265,True,False
2024-08-09 18:00:00+00:00,60314.23,0.0,979.757244708391,-0.023717250222831377,0.0,HOLD,closed,0.0,0.0,0.0,0.03328429060035756,True,False
2024-08-09 19:00:00+00:00,60681.42,0.0,979.757244708391,-0.023717250222831377,0.0,HOLD,closed,0.0,0.0,0.0,0.033286848719112194,True,False
2024-08-09 20:00:00+00:00,60745.96,0.0,979.757244708391,-0.023717250222831377,0.0,HOLD,closed,0.0,0.0,0.0,0.03328236880386842,True,False
2024-08-09 21:00:00+00:00,60732.01,0.0,979.757244708391,-0.023717250222831377,0.0,HOLD,closed,0.0,0.0,0.0,0.03327881445726891,True,False
2024-08-09 22:00:00+00:00,60763.58,0.0,979.757244708391,-0.023717250222831377,0.0,HOLD,closed,0.0,0.0,0.0,0.033277012599401246,True,False
2024-08-09 23:00:00+00:00,60837.99,0.0,979.757244708391,-0.023717250222831377,0.0,HOLD,closed,0.0,0.0,0.0,0.03327697255640899,True,False
2024-08-10 00:00:00+00:00,60541.92,0.0,979.757244708391,-0.023717250222831377,0.0,HOLD,closed,0.0,0.0,0.0,0.03327940327842502,True,False
2024-08-10 01:00:00+00:00,60464.0,0.0,979.757244708391,-0.023717250222831377,0.0,HOLD,closed,0.0,0.0,0.0,0.03327918661249005,True,False
2024-08-10 02:00:00+00:00,60536.25,0.0,979.757244708391,-0.023717250222831377,0.0,HOLD,closed,0.0,0.0,0.0,0.033277803472941375,True,False
2024-08-10 03:00:00+00:00,60437.84,0.0,979.757244708391,-0.023717250222831377,0.0,HOLD,closed,0.0,0.0,0.0,0.03327662202043899,True,False
2024-08-10 04:00:00+00:00,60413.49,0.0,979.757244708391,-0.023717250222831377,0.0,HOLD,closed,0.0,0.0,0.0,0.033276039531243196,True,False
2024-08-10 05:00:00+00:00,60355.46,0.0,979.757244708391,-0.023717250222831377,0.0,HOLD,closed,0.0,0.0,0.0,0.03327328616763306,True,False
2024-08-10 06:00:00+00:00,60458.0,0.0,979.757244708391,-0.023717250222831377,0.0,HOLD,closed,0.0,0.0,0.0,0.03327117290969098,True,False
2024-08-10 07:00:00+00:00,60842.0,0.0,979.757244708391,-0.023717250222831377,0.0,HOLD,closed,0.0,0.0,0.0,0.033275263154532886,True,False
2024-08-10 08:00:00+00:00,60733.58,0.0,979.757244708391,-0.023717250222831377,0.0,HOLD,closed,0.0,0.0,0.0,0.03327539388943185,True,False
2024-08-10 09:00:00+00:00,60896.5,0.0,979.757244708391,-0.023717250222831377,0.0,HOLD,closed,0.0,0.0,0.0,0.03327489007978862,True,False
2024-08-10 10:00:00+00:00,60788.01,0.0,979.757244708391,-0.023717250222831377,0.0,HOLD,closed,0.0,0.0,0.0,0.03327098651727933,True,False
2024-08-10 11:00:00+00:00,60920.88,0.0,979.757244708391,-0.023717250222831377,0.0,HOLD,closed,0.0,0.0,0.0,0.03326689528475238,True,False
2024-08-10 12:00:00+00:00,60722.81,0.0,979.757244708391,-0.023717250222831377,0.0,HOLD,closed,0.0,0.0,0.0,0.03326661818887294,True,False
2024-08-10 13:00:00+00:00,60431.56,0.0,979.757244708391,-0.023717250222831377,0.0,HOLD,closed,0.0,0.0,0.0,0.03325840168618863,True,False
2024-08-10 14:00:00+00:00,60585.38,0.0,979.757244708391,-0.023717250222831377,0.0,HOLD,closed,0.0,0.0,0.0,0.03325779609556506,True,False
2024-08-10 15:00:00+00:00,60515.89,0.0,979.757244708391,-0.023717250222831377,0.0,HOLD,closed,0.0,0.0,0.0,0.03325561312720407,True,False
2024-08-10 16:00:00+00:00,60672.59,0.0,979.757244708391,-0.023717250222831377,0.0,HOLD,closed,0.0,0.0,0.0,0.03325422918151813,True,False
2024-08-10 17:00:00+00:00,60767.8,0.0,979.757244708391,-0.023717250222831377,0.0,HOLD,closed,0.0,0.0,0.0,0.03325112670151306,True,False
2024-08-10 18:00:00+00:00,60953.38,0.0,979.757244708391,-0.023717250222831377,0.0,HOLD,closed,0.0,0.0,0.0,0.033251511307181264,True,False
2024-08-10 19:00:00+00:00,61016.45,0.0,979.757244708391,-0.023717250222831377,0.0,HOLD,closed,0.0,0.0,0.0,0.03325109132937873,True,False
2024-08-10 20:00:00+00:00,60986.19,0.0,979.757244708391,-0.023717250222831377,0.0,HOLD,closed,0.0,0.0,0.0,0.03324957724403299,True,False
2024-08-10 21:00:00+00:00,61075.99,0.0,979.757244708391,-0.023717250222831377,0.0,HOLD,closed,0.0,0.0,0.0,0.033247510731492014,True,False
2024-08-10 22:00:00+00:00,60930.27,0.0,979.757244708391,-0.023717250222831377,0.0,HOLD,closed,0.0,0.0,0.0,0.03324776802451257,True,False
2024-08-10 23:00:00+00:00,60923.51,0.0,979.757244708391,-0.023717250222831377,0.0,HOLD,closed,0.0,0.0,0.0,0.03324726856036905,True,False
2024-08-11 00:00:00+00:00,61095.15,0.0,979.757244708391,-0.023717250222831377,0.0,HOLD,closed,0.0,0.0,0.0,0.03324769056345053,True,False
2024-08-11 01:00:00+00:00,61112.1,0.0,979.757244708391,-0.023717250222831377,0.0,HOLD,closed,0.0,0.0,0.0,0.03324740539502899,True,False
2024-08-11 02:00:00+00:00,61026.78,0.0,979.757244708391,-0.023717250222831377,0.0,HOLD,closed,0.0,0.0,0.0,0.0332444561781538,True,False
2024-08-11 03:00:00+00:00,61085.01,0.0,979.757244708391,-0.023717250222831377,0.0,HOLD,closed,0.0,0.0,0.0,0.0332441795744646,True,False
2024-08-11 04:00:00+00:00,60895.99,0.0,979.757244708391,-0.023717250222831377,0.0,HOLD,closed,0.0,0.0,0.0,0.0332448073516069,True,False
2024-08-11 05:00:00+00:00,61114.29,0.0,979.757244708391,-0.023717250222831377,0.0,HOLD,closed,0.0,0.0,0.0,0.033244997261193954,True,False
2024-08-11 06:00:00+00:00,61120.01,0.0,979.757244708391,-0.023717250222831377,0.0,HOLD,closed,0.0,0.0,0.0,0.03324367641579515,True,False
2024-08-11 07:00:00+00:00,61257.0,0.0,979.757244708391,-0.023717250222831377,0.0,HOLD,closed,0.0,0.0,0.0,0.03324377878912335,True,False
2024-08-11 08:00:00+00:00,61260.42,0.0,979.757244708391,-0.023717250222831377,0.0,HOLD,closed,0.0,0.0,0.0,0.033243618632285366,True,False
2024-08-11 09:00:00+00:00,61110.0,0.0,979.757244708391,-0.023717250222831377,0.0,HOLD,closed,0.0,0.0,0.0,0.033243340273444305,True,False
2024-08-11 10:00:00+00:00,61037.63,0.0,979.757244708391,-0.023717250222831377,0.0,HOLD,closed,0.0,0.0,0.0,0.03323619478072115,True,False
2024-08-11 11:00:00+00:00,60669.15,0.0,979.757244708391,-0.023717250222831377,0.0,HOLD,closed,0.0,0.0,0.0,0.03323952484376455,True,False
2024-08-11 12:00:00+00:00,60492.09,0.0,979.757244708391,-0.023717250222831377,0.0,HOLD,closed,0.0,0.0,0.0,0.033235938813936244,True,False
2024-08-11 13:00:00+00:00,60457.54,0.0,979.757244708391,-0.023717250222831377,0.0,HOLD,closed,0.0,0.0,0.0,0.033214784611810655,True,False
2024-08-11 14:00:00+00:00,60350.0,0.0,979.757244708391,-0.023717250222831377,0.0,HOLD,closed,0.0,0.0,0.0,0.03321158890773712,True,False
2024-08-11 15:00:00+00:00,60127.29,0.0,979.757244708391,-0.023717250222831377,0.0,HOLD,closed,0.0,0.0,0.0,0.03320291908679679,True,False
2024-08-11 16:00:00+00:00,60182.2,0.0,979.757244708391,-0.023717250222831377,0.0,HOLD,closed,0.0,0.0,0.0,0.033200159770427284,True,False
2024-08-11 17:00:00+00:00,60265.07,0.0,979.757244708391,-0.023717250222831377,0.0,HOLD,closed,0.0,0.0,0.0,0.03319475800780017,True,False
2024-08-11 18:00:00+00:00,60263.11,0.0,979.757244708391,-0.023717250222831377,0.0,HOLD,closed,0.0,0.0,0.0,0.03319371946548927,True,False
2024-08-11 19:00:00+00:00,59621.11,0.0,979.757244708391,-0.023717250222831377,0.0,HOLD,closed,0.0,0.0,0.0,0.033205572861997046,True,False
2024-08-11 20:00:00+00:00,58504.92,0.0,979.757244708391,-0.023717250222831377,0.0,HOLD,closed,0.0,0.0,0.0,0.03324427170171812,True,False
2024-08-11 21:00:00+00:00,59009.8,0.0,979.757244708391,-0.023717250222831377,0.0,HOLD,closed,0.0,0.0,0.0,0.033245176734565535,True,False
2024-08-11 22:00:00+00:00,58996.0,0.0,979.757244708391,-0.023717250222831377,0.0,HOLD,closed,0.0,0.0,0.0,0.03324000315258416,True,False
2024-08-11 23:00:00+00:00,58712.59,0.0,979.757244708391,-0.023717250222831377,0.0,HOLD,closed,0.0,0.0,0.0,0.0332410777351983,True,False
2024-08-12 00:00:00+00:00,58450.0,0.0,979.757244708391,-0.023717250222831377,0.0,HOLD,closed,0.0,0.0,0.0,0.033242527709124864,True,False
2024-08-12 01:00:00+00:00,58584.01,0.0,979.757244708391,-0.023717250222831377,0.0,HOLD,closed,0.0,0.0,0.0,0.03324074525354967,True,False
2024-08-12 02:00:00+00:00,58717.25,0.0,979.757244708391,-0.023717250222831377,0.0,HOLD,closed,0.0,0.0,0.0,0.03323965886224245,True,False
2024-08-12 03:00:00+00:00,58509.5,0.0,979.757244708391,-0.023717250222831377,0.0,HOLD,closed,0.0,0.0,0.0,0.03323977832051042,True,False
2024-08-12 04:00:00+00:00,58523.83,0.0,979.757244708391,-0.023717250222831377,0.0,HOLD,closed,0.0,0.0,0.0,0.03323863725026771,True,False
2024-08-12 05:00:00+00:00,58571.57,0.0,979.757244708391,-0.023717250222831377,0.0,HOLD,closed,0.0,0.0,0.0,0.03323505365654436,True,False
2024-08-12 06:00:00+00:00,58403.76,0.0,979.757244708391,-0.023717250222831377,0.0,HOLD,closed,0.0,0.0,0.0,0.033235685981177265,True,False
2024-08-12 07:00:00+00:00,58674.61,0.0,979.757244708391,-0.023717250222831377,0.0,HOLD,closed,0.0,0.0,0.0,0.03323759009666319,True,False
2024-08-12 08:00:00+00:00,58317.43,0.0,979.757244708391,-0.023717250222831377,0.0,HOLD,closed,0.0,0.0,0.0,0.03324011461100557,True,False
2024-08-12 09:00:00+00:00,58296.67,0.0,979.757244708391,-0.023717250222831377,0.0,HOLD,closed,0.0,0.0,0.0,0.033230134446702,True,False
2024-08-12 10:00:00+00:00,58969.6,0.0,979.757244708391,-0.023717250222831377,0.0,HOLD,closed,0.0,0.0,0.0,0.033240233974378613,True,False
2024-08-12 11:00:00+00:00,59851.7,0.0,979.757244708391,-0.023717250222831377,0.0,HOLD,closed,0.0,0.0,0.0,0.03326128114546906,True,False
2024-08-12 12:00:00+00:00,59728.23,0.0,979.757244708391,-0.023717250222831377,0.0,HOLD,closed,0.0,0.0,0.0,0.033261642317568424,True,False
2024-08-12 13:00:00+00:00,58157.55,0.0,979.757244708391,-0.023717250222831377,0.0,HOLD,closed,0.0,0.0,0.0,0.03333461820975531,True,False
2024-08-12 14:00:00+00:00,60299.98,0.0,979.757244708391,-0.023717250222831377,0.0,HOLD,closed,0.0,0.0,0.0,0.03347480143962531,True,False
2024-08-12 15:00:00+00:00,60207.37,0.0,979.757244708391,-0.023717250222831377,0.0,HOLD,closed,0.0,0.0,0.0,0.033460671255105046,True,False
2024-08-12 16:00:00+00:00,59608.06,0.0,979.757244708391,-0.023717250222831377,0.0,HOLD,closed,0.0,0.0,0.0,0.033470930690935013,True,False
2024-08-12 17:00:00+00:00,59296.11,0.0,979.757244708391,-0.023717250222831377,0.0,HOLD,closed,0.0,0.0,0.0,0.03347191467259228,True,False
2024-08-12 18:00:00+00:00,58526.78,0.0,979.757244708391,-0.023717250222831377,0.0,HOLD,closed,0.0,0.0,0.0,0.03348886746371338,True,False
2024-08-12 19:00:00+00:00,59043.98,0.0,979.757244708391,-0.023717250222831377,0.0,HOLD,closed,0.0,0.0,0.0,0.03349656594493189,True,False
2024-08-12 20:00:00+00:00,58841.96,0.0,979.757244708391,-0.023717250222831377,0.0,HOLD,closed,0.0,0.0,0.0,0.03349761553773045,True,False
2024-08-12 21:00:00+00:00,58969.44,0.0,979.757244708391,-0.023717250222831377,0.0,HOLD,closed,0.0,0.0,0.0,0.03349774157096641,True,False
2024-08-12 22:00:00+00:00,59051.68,0.0,979.757244708391,-0.023717250222831377,0.0,HOLD,closed,0.0,0.0,0.0,0.033496225726197454,True,False
2024-08-12 23:00:00+00:00,59346.64,0.0,979.757244708391,-0.023717250222831377,0.0,HOLD,closed,0.0,0.0,0.0,0.03349785081655135,True,False
2024-08-13 00:00:00+00:00,59798.17,0.0,979.757244708391,-0.023717250222831377,0.0,HOLD,closed,0.0,0.0,0.0,0.033496991429825734,True,False
2024-08-13 01:00:00+00:00,59740.0,0.0,979.757244708391,-0.023717250222831377,0.0,HOLD,closed,0.0,0.0,0.0,0.03349083036876885,True,False
2024-08-13 02:00:00+00:00,59481.99,0.0,979.757244708391,-0.023717250222831377,0.0,HOLD,closed,0.0,0.0,0.0,0.03349246126796182,True,False
2024-08-13 03:00:00+00:00,59040.0,0.0,979.757244708391,-0.023717250222831377,0.0,HOLD,closed,0.0,0.0,0.0,0.033498066306778956,True,False
2024-08-13 04:00:00+00:00,59219.99,0.0,979.757244708391,-0.023717250222831377,0.0,HOLD,closed,0.0,0.0,0.0,0.03349633802789967,True,False
2024-08-13 05:00:00+00:00,59211.99,0.0,979.757244708391,-0.023717250222831377,0.0,HOLD,closed,0.0,0.0,0.0,0.033495892788036497,True,False
2024-08-13 06:00:00+00:00,59368.0,0.0,979.757244708391,-0.023717250222831377,0.0,HOLD,closed,0.0,0.0,0.0,0.03349596125353094,True,False
2024-08-13 07:00:00+00:00,59238.05,0.0,979.757244708391,-0.023717250222831377,0.0,HOLD,closed,0.0,0.0,0.0,0.03349496266964255,True,False
2024-08-13 08:00:00+00:00,59099.98,0.0,979.757244708391,-0.023717250222831377,0.0,HOLD,closed,0.0,0.0,0.0,0.03349469829621993,True,False
2024-08-13 09:00:00+00:00,58946.01,0.0,979.757244708391,-0.023717250222831377,0.0,HOLD,closed,0.0,0.0,0.0,0.0334911383684372,True,False
2024-08-13 10:00:00+00:00,58672.1,0.000819214479973933,979.6995856664597,-0.023774704789572495,0.04928713228659087,BUY,closed,0.04928713228659087,0.04928713228659087,0.04928713228659087,0.033462255330558605,False,False
2024-08-13 11:00:00+00:00,58830.0,0.000819214479973933,979.8289396328476,-0.023645809548754664,0.05,HOLD,closed,0.05,0.04918653237056402,0.0008134676294359808,0.033452858233107535,True,False
2024-08-13 12:00:00+00:00,59124.0,0.0,979.9945485500539,-0.02348078792737749,0.0,SELL,closed,0.0,0.0,0.04942019177911937,0.03344257897434655,False,False
2024-08-13 13:00:00+00:00,59395.25,0.0,979.9945485500539,-0.02348078792737749,0.0,HOLD,closed,0.0,0.0,0.0,0.033444605905556396,True,False
2024-08-13 14:00:00+00:00,59643.63,0.0,979.9945485500539,-0.02348078792737749,0.0,HOLD,closed,0.0,0.0,0.0,0.033444507862162215,True,False
2024-08-13 15:00:00+00:00,59472.26,0.0,979.9945485500539,-0.02348078792737749,0.0,HOLD,closed,0.0,0.0,0.0,0.03343908738725618,True,False
2024-08-13 16:00:00+00:00,61157.59,0.0,979.9945485500539,-0.02348078792737749,0.0,HOLD,closed,0.0,0.0,0.0,0.03351728468750409,True,False
2024-08-13 17:00:00+00:00,61167.58,0.0,979.9945485500539,-0.02348078792737749,0.0,HOLD,closed,0.0,0.0,0.0,0.033516932845292474,True,False
2024-08-13 18:00:00+00:00,60795.41,0.0,979.9945485500539,-0.02348078792737749,0.0,HOLD,closed,0.0,0.0,0.0,0.03352068560156973,True,False
2024-08-13 19:00:00+00:00,60820.15,0.0,979.9945485500539,-0.02348078792737749,0.0,HOLD,closed,0.0,0.0,0.0,0.033520230942002543,True,False
2024-08-13 20:00:00+00:00,60569.14,0.0008056494331403057,979.6942904746282,-0.023779981203163457,0.05,BUY,closed,0.05,0.05,0.05,0.03352097926972261,False,False
2024-08-13 21:00:00+00:00,61030.03,0.0008056494331403057,980.0656062418683,-0.023409982226136623,0.05,HOLD,closed,0.05,0.05016889559320132,0.0001688955932013167,0.033526408390519236,True,False
2024-08-13 22:00:00+00:00,60585.14,0.0,979.9673012485101,-0.023507938602321525,0.0,SELL,closed,0.0,0.0,0.0498214003643443,0.033530668868252955,False,False
2024-08-13 23:00:00+00:00,60587.15,0.0008087521967008,979.8709056111181,-0.023603992393653874,0.05,BUY,closed,0.05,0.05,0.05,0.03352928191801041,False,False
2024-08-14 00:00:00+00:00,60786.85,0.0008087521967008,980.0324134247993,-0.02344305733213455,0.05,HOLD,closed,0.05,0.05016313521327662,0.00016313521327662034,0.033528812613018155,True,False
2024-08-14 01:00:00+00:00,60520.4,0.0008087521967008,979.8169214019883,-0.023657785159584856,0.05,HOLD,closed,0.05,0.049954236731465956,4.576326853404644e-05,0.033530389327665805,True,False
2024-08-14 02:00:00+00:00,60805.49,0.0008087521967008,980.0474885657458,-0.02342803565188061,0.05,HOLD,closed,0.05,0.05017774565285216,0.00017774565285215427,0.03353253574207707,True,False
2024-08-14 03:00:00+00:00,60952.83,0.0008087521967008,980.1666501144077,-0.023309296683606855,0.05,HOLD,closed,0.05,0.050293218150073246,0.00029321815007324337,0.03353236965542794,True,False
2024-08-14 04:00:00+00:00,60943.51,0.0,980.06808329196,-0.023407513960361715,0.0,SELL,closed,0.0,0.0,0.05028591476258697,0.03352929176773897,False,False
2024-08-14 05:00:00+00:00,60834.64,0.0008040789925589793,979.8825038612189,-0.023592435274212183,0.05,BUY,closed,0.05,0.05,0.05,0.03352860337341387,False,False
2024-08-14 06:00:00+00:00,60861.5,0.0008040789925589793,979.904101422959,-0.023570914303504376,0.05,HOLD,closed,0.05,0.04994106416593647,5.893583406352959e-05,0.033527549749487545,True,False
2024-08-14 07:00:00+00:00,60914.02,0.0008040789925589793,979.9463316516482,-0.02352883383509136,0.05,HOLD,closed,0.05,0.0499820064143358,1.7993585664205503e-05,0.03352710546858034,True,False
2024-08-14 08:00:00+00:00,60896.0,0.0008040789925589793,979.9318421482022,-0.023543271954680166,0.05,HOLD,closed,0.05,0.049967959224113304,3.204077588669918e-05,0.03352645862424977,True,False
2024-08-14 09:00:00+00:00,60857.21,0.0008040789925589793,979.9006519240809,-0.023574351569488658,0.05,HOLD,closed,0.05,0.049937719717469346,6.228028253065648e-05,0.03352455288325348,True,False
2024-08-14 10:00:00+00:00,61100.0,0.0008040789925589793,980.0958742626843,-0.023379821544240988,0.05,HOLD,closed,0.05,0.0501269597551495,0.00012695975514949442,0.0335205876138904,True,False
2024-08-14 11:00:00+00:00,61296.87,0.0,980.2660608943995,-0.02321023844221895,0.0,SELL,closed,0.0,0.0,0.05028035260589382,0.0335134375237327,False,False
2024-08-14 12:00:00+00:00,61064.53,0.0,980.2660608943995,-0.02321023844221895,0.0,HOLD,closed,0.0,0.0,0.0,0.03351178823982673,True,False
2024-08-14 13:00:00+00:00,59611.92,0.000802647806692331,979.2713489122355,-0.02420142289574393,0.05,BUY,closed,0.05,0.05,0.05,0.03356463873208121,False,False
2024-08-14 14:00:00+00:00,59502.67,0.000802647806692331,979.1836596393543,-0.02428880119778426,0.05,HOLD,closed,0.05,0.04877500466605831,0.0012249953339416933,0.03354265070597551,True,False
2024-08-14 15:00:00+00:00,59435.69,0.000802647806692331,979.1298982892621,-0.024342371894998573,0.05,HOLD,closed,0.05,0.0487227754980184,0.0012772245019816025,0.03353666195129784,True,False
2024-08-14 16:00:00+00:00,59131.99,0.000802647806692331,978.8861341503697,-0.02458527157764983,0.05,HOLD,closed,0.05,0.048485886583783236,0.0015141134162167669,0.03352836646967938,True,False
2024-08-14 17:00:00+00:00,59168.36,0.000802647806692331,978.9153264510991,-0.024556182801034665,0.05,HOLD,closed,0.05,0.04851426175106948,0.0014857382489305224,0.033521707592455735,True,False
2024-08-14 18:00:00+00:00,58990.05,0.000802647806692331,978.7722063206877,-0.024698795387184076,0.05,HOLD,closed,0.05,0.048375131561160856,0.0016248684388391471,0.033518031044593055,True,False
2024-08-14 19:00:00+00:00,58891.13,0.000802647806692331,978.6928083996497,-0.024777911740848417,0.05,HOLD,closed,0.05,0.04829792956732413,0.0017020704326758743,0.0335160133732407,True,False
2024-08-14 20:00:00+00:00,59149.16,0.000802647806692331,978.8999156132105,-0.02457153898775487,0.05,HOLD,closed,0.05,0.0484992824950378,0.0015007175049622026,0.03351641618504292,True,False
2024-08-14 21:00:00+00:00,58913.56,0.0,978.8049794536698,-0.024666138476955125,0.0,SELL,closed,0.0,0.0,0.04831543613169516,0.03349111937690366,False,False
2024-08-14 22:00:00+00:00,58986.0,0.0,978.8049794536698,-0.024666138476955125,0.0,HOLD,closed,0.0,0.0,0.0,0.03348880938480306,True,False
2024-08-14 23:00:00+00:00,58683.39,0.0,978.8049794536698,-0.024666138476955125,0.0,HOLD,closed,0.0,0.0,0.0,0.033490977300997815,True,False
2024-08-15 00:00:00+00:00,58993.99,0.0008339710601702371,978.9661058968888,-0.024505583433450957,0.05,BUY,closed,0.05,0.05,0.05,0.03349320457104232,False,False
2024-08-15 01:00:00+00:00,58204.93,0.0,978.8677402587965,-0.024603600239306727,0.0,SELL,closed,0.0,0.0,0.049617527981760515,0.03351123513503887,False,False
2024-08-15 02:00:00+00:00,58412.25,0.0008408804376697958,978.9441603454148,-0.024527451159823112,0.05,BUY,closed,0.05,0.05,0.05,0.03351179479216368,False,False
2024-08-15 03:00:00+00:00,58442.98,0.0008408804376697958,978.9700006012644,-0.024501702540793282,0.05,HOLD,closed,0.05,0.05019924877263257,0.00019924877263256813,0.033510796984098395,True,False
2024-08-15 04:00:00+00:00,58388.71,0.0,978.8717464478324,-0.024599608257344682,0.0,SELL,closed,0.0,0.0,0.05015497184874045,0.03350950351015114,False,False
2024-08-15 05:00:00+00:00,58315.01,0.0,978.8717464478324,-0.024599608257344682,0.0,HOLD,closed,0.0,0.0,0.0,0.0335094726382891,True,False
2024-08-15 06:00:00+00:00,58101.44,0.0,978.8717464478324,-0.024599608257344682,0.0,HOLD,closed,0.0,0.0,0.0,0.03351030590913254,True,False
2024-08-15 07:00:00+00:00,58060.37,0.0008423816573632533,979.0070656195676,-0.02446476896547649,0.05,BUY,closed,0.05,0.05,0.05,0.033510066684262735,False,False
2024-08-15 08:00:00+00:00,58378.3,0.0,979.1764712293296,-0.02429596411568391,0.0,SELL,closed,0.0,0.0,0.05021757415668615,0.03351293672557101,False,False
2024-08-15 09:00:00+00:00,58412.64,0.0,979.1764712293296,-0.02429596411568391,0.0,HOLD,closed,0.0,0.0,0.0,0.03351271333029873,True,False
2024-08-15 10:00:00+00:00,58361.9,0.0,979.1764712293296,-0.02429596411568391,0.0,HOLD,closed,0.0,0.0,0.0,0.03349735083693789,True,False
2024-08-15 11:00:00+00:00,58745.36,0.0,979.1764712293296,-0.02429596411568391,0.0,HOLD,closed,0.0,0.0,0.0,0.03350173786388813,True,False
2024-08-15 12:00:00+00:00,58800.26,0.0,979.1764712293296,-0.02429596411568391,0.0,HOLD,closed,0.0,0.0,0.0,0.03350161970260504,True,False
2024-08-15 13:00:00+00:00,59451.34,0.0,979.1764712293296,-0.02429596411568391,0.0,HOLD,closed,0.0,0.0,0.0,0.03351330132456368,True,False
2024-08-15 14:00:00+00:00,59416.35,0.0,979.1764712293296,-0.02429596411568391,0.0,HOLD,closed,0.0,0.0,0.0,0.033507383185659406,True,False
2024-08-15 15:00:00+00:00,59682.84,0.0,979.1764712293296,-0.02429596411568391,0.0,HOLD,closed,0.0,0.0,0.0,0.03350832338546372,True,False
2024-08-15 16:00:00+00:00,59538.01,0.0,979.1764712293296,-0.02429596411568391,0.0,HOLD,closed,0.0,0.0,0.0,0.03349927882039655,True,False
2024-08-15 17:00:00+00:00,58875.1,0.0,979.1764712293296,-0.02429596411568391,0.0,HOLD,closed,0.0,0.0,0.0,0.03350519454477488,True,False
2024-08-15 18:00:00+00:00,57872.82,0.0008315709622822975,978.5134492303564,-0.024956634852048833,0.05,BUY,closed,0.05,0.05,0.05,0.03353468994316705,False,False
2024-08-15 19:00:00+00:00,57047.46,0.0008315709622822975,977.8271038209272,-0.025640546287492155,0.05,HOLD,closed,0.05,0.04851472312701259,0.0014852768729874122,0.03355435484244906,True,False
2024-08-15 20:00:00+00:00,56671.06,0.0008315709622822975,977.5141005107241,-0.025952439599866012,0.05,HOLD,closed,0.05,0.048210054333882014,0.0017899456661179883,0.033547695729158555,True,False
2024-08-15 21:00:00+00:00,57622.21,0.0008315709622822975,978.3050492314989,-0.02516429580585863,0.05,HOLD,closed,0.05,0.04897956588916052,0.001020434110839484,0.03357362120689883,True,False
2024-08-15 22:00:00+00:00,57617.36,0.0,978.2092392767402,-0.025259765991553128,0.0,SELL,closed,0.0,0.0,0.048975645236234766,0.033565373875514504,False,False
2024-08-15 23:00:00+00:00,57541.06,0.0,978.2092392767402,-0.025259765991553128,0.0,HOLD,closed,0.0,0.0,0.0,0.033563985870049357,True,False
2024-08-16 00:00:00+00:00,57469.99,0.0,978.2092392767402,-0.025259765991553128,0.0,HOLD,closed,0.0,0.0,0.0,0.03356227981118787,True,False
2024-08-16 01:00:00+00:00,57540.96,0.0,978.2092392767402,-0.025259765991553128,0.0,HOLD,closed,0.0,0.0,0.0,0.03356154896176686,True,False
2024-08-16 02:00:00+00:00,58199.99,0.0,978.2092392767402,-0.025259765991553128,0.0,HOLD,closed,0.0,0.0,0.0,0.033574355082509416,True,False
2024-08-16 03:00:00+00:00,57890.0,0.0,978.2092392767402,-0.025259765991553128,0.0,HOLD,closed,0.0,0.0,0.0,0.033576345060808394,True,False
2024-08-16 04:00:00+00:00,58309.99,0.0,978.2092392767402,-0.025259765991553128,0.0,HOLD,closed,0.0,0.0,0.0,0.03358011309677514,True,False
2024-08-16 05:00:00+00:00,58196.01,0.0,978.2092392767402,-0.025259765991553128,0.0,HOLD,closed,0.0,0.0,0.0,0.033579408905769575,True,False
2024-08-16 06:00:00+00:00,58527.59,0.0,978.2092392767402,-0.025259765991553128,0.0,HOLD,closed,0.0,0.0,0.0,0.03358261851071215,True,False
2024-08-16 07:00:00+00:00,58456.99,0.0,978.2092392767402,-0.025259765991553128,0.0,HOLD,closed,0.0,0.0,0.0,0.033581291946576136,True,False
2024-08-16 08:00:00+00:00,58360.0,0.0,978.2092392767402,-0.025259765991553128,0.0,HOLD,closed,0.0,0.0,0.0,0.03358009003344836,True,False
2024-08-16 09:00:00+00:00,58672.51,0.0008380817954595451,978.3732944586626,-0.025096292595477247,0.05,BUY,closed,0.05,0.05,0.05,0.0335754206966698,False,False
2024-08-16 10:00:00+00:00,58433.95,0.0,978.2749743197941,-0.02519426406346227,0.0,SELL,closed,0.0,0.0,0.05006518440494824,0.03356982239422951,False,False
2024-08-16 11:00:00+00:00,58400.0,0.000837077567338674,978.1487035820766,-0.025320087009606373,0.05,BUY,closed,0.05,0.05,0.05,0.033568408851121084,False,False
2024-08-16 12:00:00+00:00,57868.13,0.000837077567338674,977.7034871363362,-0.02576372459252905,0.05,HOLD,closed,0.05,0.04954478952378267,0.00045521047621733396,0.033576121122818936,True,False
2024-08-16 13:00:00+00:00,58343.66,0.000837077567338674,978.1015426319327,-0.0253670807137481,0.05,HOLD,closed,0.05,0.04993159386194004,6.840613805995932e-05,0.03358271833269319,True,False
2024-08-16 14:00:00+00:00,58018.86,0.0,978.003882359014,-0.025464394655853647,0.0,SELL,closed,0.0,0.0,0.04966743000678276,0.03358487689946302,False,False
2024-08-16 15:00:00+00:00,58071.06,0.000842832874452884,978.2190164356923,-0.025250023505158297,0.05,BUY,closed,0.05,0.05,0.05,0.03358073510915771,False,False
2024-08-16 16:00:00+00:00,58563.18,0.000842832874452884,978.633791349868,-0.024836719499561902,0.05,HOLD,closed,0.05,0.050436612523279904,0.00043661252327990147,0.03358064649154108,True,False
2024-08-16 17:00:00+00:00,59215.85,0.0,978.806206051624,-0.02466491622886248,0.0,SELL,closed,0.0,0.0,0.0509700638776643,0.03358707019382917,False,False
2024-08-16 18:00:00+00:00,59467.0,0.0,978.806206051624,-0.02466491622886248,0.0,HOLD,closed,0.0,0.0,0.0,0.033588540984864856,True,False
2024-08-16 19:00:00+00:00,59683.39,0.0,978.806206051624,-0.02466491622886248,0.0,HOLD,closed,0.0,0.0,0.0,0.03358944471550204,True,False
2024-08-16 20:00:00+00:00,59257.06,0.0,978.806206051624,-0.02466491622886248,0.0,HOLD,closed,0.0,0.0,0.0,0.03359429654582613,True,False
2024-08-16 21:00:00+00:00,59023.98,0.0008259007569006946,978.7853839463895,-0.02468566449305169,0.05,BUY,closed,0.05,0.05,0.05,0.033594627909062424,False,False
2024-08-16 22:00:00+00:00,58966.56,0.0008259007569006946,978.7379607249283,-0.024732919538422923,0.05,HOLD,closed,0.05,0.04975849358060955,0.00024150641939045536,0.033591605391845886,True,False
2024-08-16 23:00:00+00:00,58874.6,0.0008259007569006946,978.6620108913237,-0.024808600032542316,0.05,HOLD,closed,0.05,0.049684749342564595,0.00031525065743540776,0.03359060942176431,True,False
2024-08-17 00:00:00+00:00,59187.25,0.0008259007569006946,978.9202287629687,-0.02455129787414264,0.05,HOLD,closed,0.05,0.04993542184294457,6.45781570554338e-05,0.03359319649787951,True,False
2024-08-17 01:00:00+00:00,59248.49,0.0,978.8224958577118,-0.02464868419101165,0.0,SELL,closed,0.0,0.0,0.04998450657574717,0.03359307621992985,False,False
2024-08-17 02:00:00+00:00,59146.36,0.0,978.8224958577118,-0.02464868419101165,0.0,HOLD,closed,0.0,0.0,0.0,0.03359195700227666,True,False
2024-08-17 03:00:00+00:00,59158.37,0.0008274579330475383,978.7345269073396,-0.02473634117872799,0.05,BUY,closed,0.05,0.05,0.05,0.03359137911570817,False,False
2024-08-17 04:00:00+00:00,59216.74,0.0008274579330475383,978.7828256268916,-0.024688213740028636,0.05,HOLD,closed,0.05,0.05006152539592256,6.15253959225584e-05,0.033591288659826996,True,False
2024-08-17 05:00:00+00:00,59163.17,0.0008274579330475383,978.7384987054182,-0.024732383465763168,0.05,HOLD,closed,0.05,0.05001850282327012,1.8502823270115376e-05,0.03358999985766645,True,False
2024-08-17 06:00:00+00:00,59158.18,0.0008274579330475383,978.7343696903323,-0.024736497838199548,0.05,HOLD,closed,0.05,0.05001449510876183,1.449510876182919e-05,0.033589786674260935,True,False
2024-08-17 07:00:00+00:00,59248.0,0.0008274579330475383,978.8086919618787,-0.024662439134345196,0.05,HOLD,closed,0.05,0.05008662879662078,8.66287966207746e-05,0.03358991395413877,True,False
2024-08-17 08:00:00+00:00,59279.08,0.0008274579330475383,978.8344093544378,-0.024636812942898035,0.05,HOLD,closed,0.05,0.05011158633267686,0.00011158633267685514,0.033589123296675405,True,False
2024-08-17 09:00:00+00:00,59326.34,0.0008274579330475383,978.8735150163536,-0.02459784596066516,0.05,HOLD,closed,0.05,0.05014953404971363,0.00014953404971362882,0.03357437401953145,True,False
2024-08-17 10:00:00+00:00,59106.4,0.0,978.7753677180699,-0.02469564520100673,0.0,SELL,closed,0.0,0.0,0.049972906047105865,0.033574247644595295,False,False
2024-08-17 11:00:00+00:00,59137.12,0.0008279773443506973,978.7028928961589,-0.02476786300680201,0.05,BUY,closed,0.05,0.05,0.05,0.033573582825630555,False,False
2024-08-17 12:00:00+00:00,59230.07,0.0008279773443506973,978.7798533903164,-0.024691175436216496,0.05,HOLD,closed,0.05,0.050104378318000936,0.00010437831800093333,0.03357299913821951,True,False
2024-08-17 13:00:00+00:00,59324.28,0.0008279773443506973,978.8578571359276,-0.02461344831384047,0.05,HOLD,closed,0.05,0.05018007410558725,0.00018007410558724957,0.033572457605979655,True,False
2024-08-17 14:00:00+00:00,59535.37,0.0,978.7596516391058,-0.02471130554633176,0.0,SELL,closed,0.0,0.0,0.05034963676558449,0.03357350556476854,False,False
2024-08-17 15:00:00+00:00,59388.11,0.0,978.7596516391058,-0.02471130554633176,0.0,HOLD,closed,0.0,0.0,0.0,0.0335712307411179,True,False
2024-08-17 16:00:00+00:00,59610.1,0.0008240367067070376,978.8446791134725,-0.024626579603319165,0.05,BUY,closed,0.05,0.05,0.05,0.03356687985674772,False,False
2024-08-17 17:00:00+00:00,59428.57,0.0,978.7464536290563,-0.024724456752523143,0.0,SELL,closed,0.0,0.0,0.050037364569325476,0.03354197214561902,False,False
2024-08-17 18:00:00+00:00,59417.67,0.0008234645841461913,978.639578751065,-0.02483095262211842,0.05,BUY,closed,0.05,0.05,0.05,0.03353958207258523,False,False
2024-08-17 19:00:00+00:00,59473.19,0.0008234645841461913,978.6852975047767,-0.024785395999974348,0.05,HOLD,closed,0.05,0.050040667614053326,4.066761405332325e-05,0.033526622770619796,True,False
2024-08-17 20:00:00+00:00,59397.12,0.0008234645841461913,978.6226565538607,-0.024847814808448852,0.05,HOLD,closed,0.05,0.049979861382444375,2.013861755562757e-05,0.033524404292043675,True,False
2024-08-17 21:00:00+00:00,59303.8,0.0008234645841461913,978.5458108388682,-0.02492438800690863,0.05,HOLD,closed,0.05,0.049905255803430366,9.474419656963634e-05,0.033517147872084346,True,False
2024-08-17 22:00:00+00:00,59314.19,0.0008234645841461913,978.5543666358975,-0.02491586255114351,0.05,HOLD,closed,0.05,0.049913562769366114,8.64372306338887e-05,0.03350905526609371,True,False
2024-08-17 23:00:00+00:00,59491.99,0.0008234645841461913,978.7007786389587,-0.024769969766251163,0.05,HOLD,closed,0.05,0.05005569411470913,5.569411470912611e-05,0.03350399836328255,True,False
2024-08-18 00:00:00+00:00,59678.93,0.0,978.6028240401213,-0.0248675769905129,0.0,SELL,closed,0.0,0.0,0.05020508602126039,0.033493924289470484,False,False
2024-08-18 01:00:00+00:00,59435.95,0.0,978.6028240401213,-0.0248675769905129,0.0,HOLD,closed,0.0,0.0,0.0,0.033493473012333685,True,False
2024-08-18 02:00:00+00:00,60126.0,0.0008232415095915194,979.0730170963402,-0.024399051371201786,0.05,BUY,closed,0.05,0.05,0.05,0.03350491127401384,False,False
2024-08-18 03:00:00+00:00,59337.42,0.0,978.974037191484,-0.024497680265458666,0.0,SELL,closed,0.0,0.0,0.04992624459114464,0.0335222161092755,False,False
2024-08-18 04:00:00+00:00,59456.0,0.0008249214426375233,978.9739427472963,-0.02449777437472065,0.05,BUY,closed,0.05,0.05,0.05,0.03352174156085588,False,False
2024-08-18 05:00:00+00:00,59490.0,0.0008249214426375233,979.0019900763459,-0.024469826509393434,0.05,HOLD,closed,0.05,0.050127146951641284,0.00012714695164128126,0.03352148972894947,True,False
2024-08-18 06:00:00+00:00,59595.99,0.0008249214426375233,979.0894235000511,-0.02438270314921584,0.05,HOLD,closed,0.05,0.0502119713135772,0.00021197131357719723,0.03352111384947562,True,False
2024-08-18 07:00:00+00:00,59573.39,0.0,978.9911322936838,-0.024480645787302444,0.0,SELL,closed,0.0,0.0,0.050193885683915536,0.033518897435281525,False,False
2024-08-18 08:00:00+00:00,59706.02,0.0008216681410053078,979.0021865512176,-0.024469630731276924,0.05,BUY,closed,0.05,0.05,0.05,0.03351717515501612,False,False
2024-08-18 09:00:00+00:00,59880.0,0.0,979.1721518322084,-0.02430026819500728,0.0,SELL,closed,0.0,0.0,0.05024943315817812,0.03351508004777545,False,False
2024-08-18 10:00:00+00:00,59870.73,0.0,979.1721518322084,-0.02430026819500728,0.0,HOLD,closed,0.0,0.0,0.0,0.03351153187061626,True,False
2024-08-18 11:00:00+00:00,60024.01,0.0,979.1721518322084,-0.02430026819500728,0.0,HOLD,closed,0.0,0.0,0.0,0.03351065927210428,True,False
2024-08-18 12:00:00+00:00,59969.55,0.0,979.1721518322084,-0.02430026819500728,0.0,HOLD,closed,0.0,0.0,0.0,0.03350860898125052,True,False
2024-08-18 13:00:00+00:00,59828.0,0.0,979.1721518322084,-0.02430026819500728,0.0,HOLD,closed,0.0,0.0,0.0,0.03350450186729198,True,False
2024-08-18 14:00:00+00:00,59806.01,0.0008183225146818425,979.0562070423983,-0.024415801811961377,0.05,BUY,closed,0.05,0.05,0.05,0.033497498741027365,False,False
2024-08-18 15:00:00+00:00,59863.99,0.0008183225146818425,979.1036533817996,-0.024368523730632835,0.05,HOLD,closed,0.05,0.050033569649633285,3.356964963328185e-05,0.03349251780922341,True,False
2024-08-18 16:00:00+00:00,59840.45,0.0008183225146818425,979.084390069804,-0.02438771872950265,0.05,HOLD,closed,0.05,0.05001487922833885,1.4879228338850192e-05,0.033492024930873276,True,False
2024-08-18 17:00:00+00:00,59527.58,0.0008183225146818425,978.8283615046355,-0.024642839345322794,0.05,HOLD,closed,0.05,0.04976639508447045,0.00023360491552955331,0.033494413430112946,True,False
2024-08-18 18:00:00+00:00,59602.17,0.0008183225146818425,978.8894001810056,-0.024582017129277725,0.05,HOLD,closed,0.05,0.04982564692791233,0.00017435307208767126,0.03349269014856612,True,False
2024-08-18 19:00:00+00:00,59708.38,0.0008183225146818425,978.97631421529,-0.024495411316619854,0.05,HOLD,closed,0.05,0.04991000390887282,8.99960911271841e-05,0.033487133223497806,True,False
2024-08-18 20:00:00+00:00,59814.53,0.0008183225146818425,979.0631791502235,-0.024408854429192783,0.05,HOLD,closed,0.05,0.049994298270512515,5.701729487488094e-06,0.0334761632172661,True,False
2024-08-18 21:00:00+00:00,59439.33,0.0,978.9653084708035,-0.024506378031638975,0.0,SELL,closed,0.0,0.0,0.049696282641810904,0.033475042706897634,False,False
2024-08-18 22:00:00+00:00,59350.0,0.0008234996158863194,978.7938242451366,-0.02467725412597934,0.05,BUY,closed,0.05,0.05,0.05,0.033446021329962244,False,False
2024-08-18 23:00:00+00:00,58427.35,0.0008234996158863194,978.0340223245391,-0.02543436157512884,0.05,HOLD,closed,0.05,0.049195528155450675,0.0008044718445493274,0.03346324558567906,True,False
2024-08-19 00:00:00+00:00,58346.03,0.0008234996158863194,977.9670553357753,-0.02550109108010344,0.05,HOLD,closed,0.05,0.04913042114388494,0.0008695788561150636,0.03346149254444819,True,False
2024-08-19 01:00:00+00:00,58564.0,0.0008234996158863194,978.14655354705,-0.025322229420003665,0.05,HOLD,closed,0.05,0.04930491379832543,0.0006950862016745704,0.03345909842975037,True,False
2024-08-19 02:00:00+00:00,58670.51,0.0008234996158863194,978.234264491138,-0.025234829523608615,0.05,HOLD,closed,0.05,0.04939015551043618,0.0006098444895638253,0.033459120048708935,True,False
2024-08-19 03:00:00+00:00,58736.85,0.0008234996158863194,978.288895455656,-0.025180392295866088,0.05,HOLD,closed,0.05,0.04944324078302376,0.0005567592169762395,0.03345830706832048,True,False
2024-08-19 04:00:00+00:00,58582.0,0.0,978.1921800937159,-0.025276764677913243,0.0,SELL,closed,0.0,0.0,0.049319320569056316,0.0334575766422652,False,False
2024-08-19 05:00:00+00:00,58475.18,0.0008348915597555801,978.0051616534046,-0.025463119898201058,0.05,BUY,closed,0.05,0.05,0.05,0.03345630337080244,False,False
2024-08-19 06:00:00+00:00,58570.0,0.0008348915597555801,978.0843260711006,-0.025384236219810122,0.05,HOLD,closed,0.05,0.04999527888491041,4.7211150895898335e-06,0.03345253472435522,True,False
2024-08-19 07:00:00+00:00,58502.19,0.0,977.9865513235901,-0.025481664230548335,0.0,SELL,closed,0.0,0.0,0.049940287023789436,0.03344912422623039,False,False
2024-08-19 08:00:00+00:00,58608.27,0.0,977.9865513235901,-0.025481664230548335,0.0,HOLD,closed,0.0,0.0,0.0,0.033447724372900084,True,False
2024-08-19 09:00:00+00:00,58006.59,0.0,977.9865513235901,-0.025481664230548335,0.0,HOLD,closed,0.0,0.0,0.0,0.03345051158535492,True,False
2024-08-19 10:00:00+00:00,58046.01,0.0008429959274665213,977.9219506882954,-0.025546035773809178,0.05,BUY,closed,0.05,0.05,0.05,0.033422816104753755,False,False
2024-08-19 11:00:00+00:00,58396.95,0.0008429959274665213,978.2177916790805,-0.02525124391843846,0.05,HOLD,closed,0.05,0.0503245713226776,0.00032457132267759564,0.03342343625771049,True,False
2024-08-19 12:00:00+00:00,58412.0,0.0,978.1193510981195,-0.02534933540139438,0.0,SELL,closed,0.0,0.0,0.050336888068750536,0.03339304394948517,False,False
2024-08-19 13:00:00+00:00,58199.99,0.0,978.1193510981195,-0.02534933540139438,0.0,HOLD,closed,0.0,0.0,0.0,0.033393526637564785,True,False
2024-08-19 14:00:00+00:00,58617.42,0.0,978.1193510981195,-0.02534933540139438,0.0,HOLD,closed,0.0,0.0,0.0,0.033394005289280604,True,False
2024-08-19 15:00:00+00:00,58539.24,0.0,978.1193510981195,-0.02534933540139438,0.0,HOLD,closed,0.0,0.0,0.0,0.03339318698064081,True,False
2024-08-19 16:00:00+00:00,58705.99,0.0,978.1193510981195,-0.02534933540139438,0.0,HOLD,closed,0.0,0.0,0.0,0.033392949950039136,True,False
2024-08-19 17:00:00+00:00,59021.61,0.0,978.1193510981195,-0.02534933540139438,0.0,HOLD,closed,0.0,0.0,0.0,0.03339348741275064,True,False
2024-08-19 18:00:00+00:00,59011.99,0.0,978.1193510981195,-0.02534933540139438,0.0,HOLD,closed,0.0,0.0,0.0,0.03338983132844464,True,False
2024-08-19 19:00:00+00:00,58967.53,0.0,978.1193510981195,-0.02534933540139438,0.0,HOLD,closed,0.0,0.0,0.0,0.0333846412033961,True,False
2024-08-19 20:00:00+00:00,59080.01,0.0,978.1193510981195,-0.02534933540139438,0.0,HOLD,closed,0.0,0.0,0.0,0.033384097462460294,True,False
2024-08-19 21:00:00+00:00,58967.54,0.0,978.1193510981195,-0.02534933540139438,0.0,HOLD,closed,0.0,0.0,0.0,0.033380519829515676,True,False
2024-08-19 22:00:00+00:00,59241.0,0.0,978.1193510981195,-0.02534933540139438,0.0,HOLD,closed,0.0,0.0,0.0,0.0333780830332569,True,False
2024-08-19 23:00:00+00:00,59438.5,0.0,978.1193510981195,-0.02534933540139438,0.0,HOLD,closed,0.0,0.0,0.0,0.0333733488636572,True,False
2024-08-20 00:00:00+00:00,60482.78,0.0,978.1193510981195,-0.02534933540139438,0.0,HOLD,closed,0.0,0.0,0.0,0.03339988150419007,True,False
2024-08-20 01:00:00+00:00,60446.03,0.0,978.1193510981195,-0.02534933540139438,0.0,HOLD,closed,0.0,0.0,0.0,0.033395901440276404,True,False
2024-08-20 02:00:00+00:00,60528.83,0.0,978.1193510981195,-0.02534933540139438,0.0,HOLD,closed,0.0,0.0,0.0,0.03339399832035375,True,False
2024-08-20 03:00:00+00:00,60619.18,0.0,978.1193510981195,-0.02534933540139438,0.0,HOLD,closed,0.0,0.0,0.0,0.03339136086165925,True,False
2024-08-20 04:00:00+00:00,60865.61,0.0,978.1193510981195,-0.02534933540139438,0.0,HOLD,closed,0.0,0.0,0.0,0.033388306140674284,True,False
2024-08-20 05:00:00+00:00,61119.99,0.0,978.1193510981195,-0.02534933540139438,0.0,HOLD,closed,0.0,0.0,0.0,0.03335586126541751,True,False
2024-08-20 06:00:00+00:00,60960.84,0.0,978.1193510981195,-0.02534933540139438,0.0,HOLD,closed,0.0,0.0,0.0,0.03328742638244642,True,False
2024-08-20 07:00:00+00:00,60924.33,0.0,978.1193510981195,-0.02534933540139438,0.0,HOLD,closed,0.0,0.0,0.0,0.0332483998332804,True,False
2024-08-20 08:00:00+00:00,60765.13,0.000802732956684234,977.8937196233219,-0.025574166723480982,0.05,BUY,closed,0.05,0.05,0.05,0.033246744576565096,False,False
2024-08-20 09:00:00+00:00,60856.04,0.000802732956684234,977.966696076414,-0.025501449065429928,0.05,HOLD,closed,0.05,0.0499517510333266,4.824896667340178e-05,0.033195947519201435,True,False
2024-08-20 10:00:00+00:00,60716.01,0.000802732956684234,977.8542893804895,-0.025613457135575102,0.05,HOLD,closed,0.05,0.0498425407084398,0.00015745929156020522,0.033140531524029904,True,False
2024-08-20 11:00:00+00:00,60518.82,0.000802732956684234,977.695998468761,-0.025771186703181445,0.05,HOLD,closed,0.05,0.04968870834055396,0.00031129165944604464,0.033063946154633206,True,False
2024-08-20 12:00:00+00:00,60693.71,0.000802732956684234,977.8363884355555,-0.025631294598720364,0.05,HOLD,closed,0.05,0.049825146473004685,0.00017485352699531803,0.03286002383302403,True,False
2024-08-20 13:00:00+00:00,60891.99,0.000802732956684234,977.9955543262068,-0.02547269315511267,0.05,HOLD,closed,0.05,0.04997978462669275,2.0215373307250206e-05,0.032628818896354383,True,False
2024-08-20 14:00:00+00:00,59461.8,0.000802732956684234,976.8474936788866,-0.026616682456268935,0.05,HOLD,closed,0.05,0.04886325330477557,0.0011367466952244346,0.032577375905322725,True,False
2024-08-20 15:00:00+00:00,58825.53,0.000802732956684234,976.3367387805371,-0.027125626074002804,0.05,HOLD,closed,0.05,0.04836568137792014,0.0016343186220798625,0.03258592250590012,True,False
2024-08-20 16:00:00+00:00,58801.15,0.000802732956684234,976.3171681510531,-0.027145127300526675,0.05,HOLD,closed,0.05,0.04834660552505028,0.001653394474949721,0.03257583379706569,True,False
2024-08-20 17:00:00+00:00,59039.48,0.000802732956684234,976.5084834966196,-0.02695449041301905,0.05,HOLD,closed,0.05,0.04853305131748378,0.0014669486825162198,0.03252406724768281,True,False
2024-08-20 18:00:00+00:00,59191.45,0.000802732956684234,976.630474824047,-0.026832931701171778,0.05,HOLD,closed,0.05,0.0486518994581727,0.0013481005418273032,0.03247967320391443,True,False
2024-08-20 19:00:00+00:00,59511.99,0.000802732956684234,976.8877828459825,-0.026576536165898463,0.05,HOLD,closed,0.05,0.04890248043811845,0.0010975195618815534,0.03246496922742109,True,False
2024-08-20 20:00:00+00:00,59317.57,0.0,976.7922702719976,-0.026671710025415123,0.0,SELL,closed,0.0,0.0,0.04875050906361451,0.03244847330890438,False,False
2024-08-20 21:00:00+00:00,59296.94,0.0008233581598170372,976.9240895989806,-0.026540358166864685,0.05,BUY,closed,0.05,0.05,0.05,0.032446409552176564,False,False
2024-08-20 22:00:00+00:00,59368.0,0.0008233581598170372,976.9825974298172,-0.02648205782126252,0.05,HOLD,closed,0.05,0.05003275120827246,3.275120827245931e-05,0.03243581917733579,True,False
2024-08-20 23:00:00+00:00,59013.8,0.0,976.8848596159169,-0.026579449029367617,0.0,SELL,closed,0.0,0.0,0.04974909727261748,0.03237076839413722,False,False
2024-08-21 00:00:00+00:00,58989.0,0.0008276749333341667,976.7666203694871,-0.02669726896615246,0.05,BUY,closed,0.05,0.05,0.05,0.03231131503623702,False,False
2024-08-21 01:00:00+00:00,59281.58,0.0008276749333341667,977.008781501482,-0.026455966605685135,0.05,HOLD,closed,0.05,0.050220508457497065,0.00022050845749706227,0.03230974654336044,True,False
2024-08-21 02:00:00+00:00,59363.32,0.0,976.910666018672,-0.02655373414337954,0.0,SELL,closed,0.0,0.0,0.05028627252767788,0.03230750462955309,False,False
2024-08-21 03:00:00+00:00,59320.0,0.0,976.910666018672,-0.02655373414337954,0.0,HOLD,closed,0.0,0.0,0.0,0.03230565278732392,True,False
2024-08-21 04:00:00+00:00,59358.0,0.0,976.910666018672,-0.02655373414337954,0.0,HOLD,closed,0.0,0.0,0.0,0.03230463081136414,True,False
2024-08-21 05:00:00+00:00,59379.99,0.0,976.910666018672,-0.02655373414337954,0.0,HOLD,closed,0.0,0.0,0.0,0.03230341356287936,True,False
2024-08-21 06:00:00+00:00,59627.32,0.0,976.910666018672,-0.02655373414337954,0.0,HOLD,closed,0.0,0.0,0.0,0.032301239594439896,True,False
2024-08-21 07:00:00+00:00,59712.0,0.0,976.910666018672,-0.02655373414337954,0.0,HOLD,closed,0.0,0.0,0.0,0.03229693187645108,True,False
2024-08-21 08:00:00+00:00,59443.0,0.0,976.910666018672,-0.02655373414337954,0.0,HOLD,closed,0.0,0.0,0.0,0.03229524889389679,True,False
2024-08-21 09:00:00+00:00,59290.51,0.0008217205272434703,976.9310320741755,-0.026533440311640673,0.05,BUY,closed,0.05,0.05,0.05,0.03228625586803052,False,False
2024-08-21 10:00:00+00:00,59468.4,0.0008217205272434703,977.0772079387668,-0.026387782827804716,0.05,HOLD,closed,0.05,0.050012838909029224,1.283890902922108e-05,0.032278221480451785,True,False
2024-08-21 11:00:00+00:00,59361.14,0.0008217205272434703,976.9890701950147,-0.02647560801031211,0.05,HOLD,closed,0.05,0.04992713710588075,7.286289411925079e-05,0.03227531343743972,True,False
2024-08-21 12:00:00+00:00,59506.9,0.0008217205272434703,977.1088441790657,-0.02635625877851758,0.05,HOLD,closed,0.05,0.0500435970198458,4.3597019845798e-05,0.032274433901556404,True,False
2024-08-21 13:00:00+00:00,59928.0,0.0,977.2540750817546,-0.026211542905483172,0.0,SELL,closed,0.0,0.0,0.05037988886558925,0.03227578489018154,False,False
2024-08-21 14:00:00+00:00,59410.41,0.0,977.2540750817546,-0.026211542905483172,0.0,HOLD,closed,0.0,0.0,0.0,0.03228047078799734,True,False
2024-08-21 15:00:00+00:00,59511.8,0.0008224603020596513,977.2397144929204,-0.02622585256762782,0.05,BUY,closed,0.05,0.05,0.05,0.03225057563296549,False,False
2024-08-21 16:00:00+00:00,59885.58,0.0008224603020596513,977.5471337046242,-0.025919523550968288,0.05,HOLD,closed,0.05,0.05038479528773276,0.00038479528773275457,0.032245003580803594,True,False
2024-08-21 17:00:00+00:00,59928.42,0.0,977.4486513069487,-0.02601765670234491,0.0,SELL,closed,0.0,0.0,0.050419021489552546,0.03224149078432659,False,False
2024-08-21 18:00:00+00:00,60771.28,0.0,977.4486513069487,-0.02601765670234491,0.0,HOLD,closed,0.0,0.0,0.0,0.03225622515426613,True,False
2024-08-21 19:00:00+00:00,61570.0,0.0,977.4486513069487,-0.02601765670234491,0.0,HOLD,closed,0.0,0.0,0.0,0.032266931095086104,True,False
2024-08-21 20:00:00+00:00,61236.0,0.0,977.4486513069487,-0.02601765670234491,0.0,HOLD,closed,0.0,0.0,0.0,0.03226806020730735,True,False
2024-08-21 21:00:00+00:00,61235.97,0.0,977.4486513069487,-0.02601765670234491,0.0,HOLD,closed,0.0,0.0,0.0,0.03226324836139041,True,False
2024-08-21 22:00:00+00:00,61176.47,0.0,977.4486513069487,-0.02601765670234491,0.0,HOLD,closed,0.0,0.0,0.0,0.03226266505337694,True,False
2024-08-21 23:00:00+00:00,61156.03,0.0007988763092304515,977.334552973841,-0.026131350410651715,0.05,BUY,closed,0.05,0.05,0.05,0.03226139438829417,False,False
2024-08-22 00:00:00+00:00,60818.15,0.0007988763092304515,977.0646286464782,-0.026400317510382555,0.05,HOLD,closed,0.05,0.04972667905656366,0.00027332094343634344,0.03225900244215196,True,False
2024-08-22 01:00:00+00:00,60970.0,0.0007988763092304515,977.185938014035,-0.02627943833998434,0.05,HOLD,closed,0.05,0.04984464745038222,0.00015535254961777933,0.03224912821737505,True,False
2024-08-22 02:00:00+00:00,60186.48,0.0007988763092304515,976.5600024482267,-0.026903154162113845,0.05,HOLD,closed,0.05,0.04923563619995944,0.0007643638000405656,0.0322615870422264,True,False
2024-08-22 03:00:00+00:00,60548.9,0.0007988763092304515,976.8495312002179,-0.0266146521605617,0.05,HOLD,closed,0.05,0.04951743356065491,0.0004825664393450918,0.032263803684678016,True,False
2024-08-22 04:00:00+00:00,60834.52,0.0007988763092304515,977.0777062516604,-0.026387286282068913,0.05,HOLD,closed,0.05,0.049739397900957376,0.00026060209904262693,0.03226449839534992,True,False
2024-08-22 05:00:00+00:00,60724.0,0.0007988763092304515,976.9894144419642,-0.026475264984159225,0.05,HOLD,closed,0.05,0.049653521608950466,0.00034647839104953726,0.032263990245933405,True,False
2024-08-22 06:00:00+00:00,60762.91,0.0007988763092304515,977.0204987191564,-0.026444290940562228,0.05,HOLD,closed,0.05,0.04968375724208368,0.0003162427579163213,0.032263319928737405,True,False
2024-08-22 07:00:00+00:00,60984.31,0.0007988763092304515,977.19736993402,-0.026268046960804935,0.05,HOLD,closed,0.05,0.04985576301444119,0.0001442369855588141,0.03226415948851638,True,False
2024-08-22 08:00:00+00:00,60926.81,0.0,977.0999564524927,-0.026365114986710795,0.0,SELL,closed,0.0,0.0,0.049811097221166424,0.0322631433863316,False,False
2024-08-22 09:00:00+00:00,60887.98,0.0008018637086468935,976.9710856615419,-0.0264935287655677,0.05,BUY,closed,0.05,0.05,0.05,0.03226227247981325,False,False
2024-08-22 10:00:00+00:00,61350.01,0.0008018637086468935,977.341570750848,-0.026124357520657133,0.05,HOLD,closed,0.05,0.050334855301744905,0.00033485530174490186,0.0322534850027556,True,False
2024-08-22 11:00:00+00:00,61336.09,0.0,977.2432146575369,-0.026222364815580105,0.0,SELL,closed,0.0,0.0,0.05032400931971887,0.03223190734556544,False,False
2024-08-22 12:00:00+00:00,60879.19,0.0,977.2432146575369,-0.026222364815580105,0.0,HOLD,closed,0.0,0.0,0.0,0.03223498939097394,True,False
2024-08-22 13:00:00+00:00,60815.99,0.0008026085881378652,977.3369793077338,-0.026128932681221764,0.05,BUY,closed,0.05,0.05,0.05,0.03222408753459949,False,False
2024-08-22 14:00:00+00:00,60510.48,0.0008026085881378652,977.0917743579719,-0.02637326806522173,0.05,HOLD,closed,0.05,0.04970488156269299,0.000295118437307014,0.032216419709783756,True,False
2024-08-22 15:00:00+00:00,60407.4,0.0008026085881378652,977.0090414647066,-0.026455707564363284,0.05,HOLD,closed,0.05,0.049624410798076224,0.00037558920192377887,0.032212176174093665,True,False
2024-08-22 16:00:00+00:00,60329.7,0.0008026085881378652,976.9466787774084,-0.02651784909602108,0.05,HOLD,closed,0.05,0.049563744257135084,0.00043625574286491886,0.032173245452387395,True,False
2024-08-22 17:00:00+00:00,60164.7,0.0008026085881378652,976.8142483603656,-0.026649809877533986,0.05,HOLD,closed,0.05,0.04943489000472031,0.0005651099952796931,0.03215989747458317,True,False
2024-08-22 18:00:00+00:00,60331.16,0.0008026085881378652,976.947850585947,-0.02651668144304532,0.05,HOLD,closed,0.05,0.04956488426611232,0.0004351157338876796,0.032149301485982995,True,False
2024-08-22 19:00:00+00:00,60308.0,0.0008026085881378652,976.9292621710457,-0.026535203938195855,0.05,HOLD,closed,0.05,0.04954679996569047,0.0004532000343095352,0.032147897655530444,True,False
2024-08-22 20:00:00+00:00,60680.01,0.0008026085881378652,977.2278405919188,-0.02623768436043463,0.05,HOLD,closed,0.05,0.04983719776627728,0.0001628022337227253,0.03214615683202343,True,False
2024-08-22 21:00:00+00:00,60545.47,0.0,977.1304523387212,-0.026334727247477645,0.0,SELL,closed,0.0,0.0,0.049732193870858275,0.03214480302407574,False,False
2024-08-22 22:00:00+00:00,60435.05,0.0,977.1304523387212,-0.026334727247477645,0.0,HOLD,closed,0.0,0.0,0.0,0.03214298150192835,True,False
2024-08-22 23:00:00+00:00,60375.84,0.0,977.1304523387212,-0.026334727247477645,0.0,HOLD,closed,0.0,0.0,0.0,0.03214155071851124,True,False
2024-08-23 00:00:00+00:00,60726.16,0.0008092066414148851,977.3162042279129,-0.026149634086762772,0.05,BUY,closed,0.05,0.05,0.05,0.03211005481150811,False,False
2024-08-23 01:00:00+00:00,60768.45,0.0,977.2179568498459,-0.026247533051976503,0.0,SELL,closed,0.0,0.0,0.05031381993768351,0.03207171988182608,False,False
2024-08-23 02:00:00+00:00,60625.7,0.0,977.2179568498459,-0.026247533051976503,0.0,HOLD,closed,0.0,0.0,0.0,0.03206718307726608,True,False
2024-08-23 03:00:00+00:00,60593.31,0.0,977.2179568498459,-0.026247533051976503,0.0,HOLD,closed,0.0,0.0,0.0,0.03206410512611321,True,False
2024-08-23 04:00:00+00:00,60707.51,0.0,977.2179568498459,-0.026247533051976503,0.0,HOLD,closed,0.0,0.0,0.0,0.03205794449316873,True,False
2024-08-23 05:00:00+00:00,60856.26,0.0,977.2179568498459,-0.026247533051976503,0.0,HOLD,closed,0.0,0.0,0.0,0.03205564828968843,True,False
2024-08-23 06:00:00+00:00,61189.58,0.0,977.2179568498459,-0.026247533051976503,0.0,HOLD,closed,0.0,0.0,0.0,0.032056397552779003,True,False
2024-08-23 07:00:00+00:00,61069.27,0.0,977.2179568498459,-0.026247533051976503,0.0,HOLD,closed,0.0,0.0,0.0,0.0320561291307751,True,False
2024-08-23 08:00:00+00:00,61321.4,0.0,977.2179568498459,-0.026247533051976503,0.0,HOLD,closed,0.0,0.0,0.0,0.03205623993423229,True,False
2024-08-23 09:00:00+00:00,61022.13,0.0,977.2179568498459,-0.026247533051976503,0.0,HOLD,closed,0.0,0.0,0.0,0.032054919003499466,True,False
2024-08-23 10:00:00+00:00,61060.75,0.0,977.2179568498459,-0.026247533051976503,0.0,HOLD,closed,0.0,0.0,0.0,0.03197318987850176,True,False
2024-08-23 11:00:00+00:00,60741.68,0.0,977.2179568498459,-0.026247533051976503,0.0,HOLD,closed,0.0,0.0,0.0,0.03197380563500135,True,False
2024-08-23 12:00:00+00:00,61146.58,0.0008044047817329435,977.4459141198357,-0.026020384182622043,0.05,BUY,closed,0.05,0.05,0.05,0.03197580687152127,False,False
2024-08-23 13:00:00+00:00,61119.99,0.0,977.3475735384228,-0.02611837602065643,0.0,SELL,closed,0.0,0.0,0.050300776129631304,0.03193703107882262,False,False
2024-08-23 14:00:00+00:00,60994.91,0.0,977.3475735384228,-0.02611837602065643,0.0,HOLD,closed,0.0,0.0,0.0,0.031899033722748715,True,False
2024-08-23 15:00:00+00:00,61533.05,0.0008011714203188617,977.68095673551,-0.025786175094213007,0.05,BUY,closed,0.05,0.05,0.05,0.031900985642687646,False,False
2024-08-23 16:00:00+00:00,61731.99,0.0,977.8198624158923,-0.02564776201246674,0.0,SELL,closed,0.0,0.0,0.050578713103089486,0.031900340328515936,False,False
2024-08-23 17:00:00+00:00,62999.89,0.0,977.8198624158923,-0.02564776201246674,0.0,HOLD,closed,0.0,0.0,0.0,0.03192416557325073,True,False
2024-08-23 18:00:00+00:00,63152.6,0.0,977.8198624158923,-0.02564776201246674,0.0,HOLD,closed,0.0,0.0,0.0,0.03191719009826344,True,False
2024-08-23 19:00:00+00:00,63628.84,0.0,977.8198624158923,-0.02564776201246674,0.0,HOLD,closed,0.0,0.0,0.0,0.03192081502414412,True,False
2024-08-23 20:00:00+00:00,63627.74,0.0,977.8198624158923,-0.02564776201246674,0.0,HOLD,closed,0.0,0.0,0.0,0.031886836127397844,True,False
2024-08-23 21:00:00+00:00,64392.58,0.0,977.8198624158923,-0.02564776201246674,0.0,HOLD,closed,0.0,0.0,0.0,0.031864877214362985,True,False
2024-08-23 22:00:00+00:00,64084.96,0.0,977.8198624158923,-0.02564776201246674,0.0,HOLD,closed,0.0,0.0,0.0,0.03186454480190254,True,False
2024-08-23 23:00:00+00:00,64037.24,0.0,977.8198624158923,-0.02564776201246674,0.0,HOLD,closed,0.0,0.0,0.0,0.03185836954248861,True,False
2024-08-24 00:00:00+00:00,63961.78,0.0,977.8198624158923,-0.02564776201246674,0.0,HOLD,closed,0.0,0.0,0.0,0.0318535576942828,True,False
2024-08-24 01:00:00+00:00,63836.48,0.0007643781251399409,977.8612354332456,-0.025606535715476945,0.05,BUY,closed,0.05,0.05,0.05,0.031851136565939187,False,False
2024-08-24 02:00:00+00:00,63949.99,0.0007643781251399409,977.9479999942303,-0.02552007884604444,0.05,HOLD,closed,0.05,0.04998422560218576,1.5774397814243002e-05,0.03184868853714834,True,False
2024-08-24 03:00:00+00:00,63832.01,0.0007643781251399409,977.8578186630263,-0.025609940368867493,0.05,HOLD,closed,0.05,0.04989661195778382,0.0001033880422161848,0.031847338366152056,True,False
2024-08-24 04:00:00+00:00,63897.61,0.0007643781251399409,977.9079618680354,-0.025559974985775554,0.05,HOLD,closed,0.05,0.04994532945556911,5.467054443089592e-05,0.0318447345940196,True,False
2024-08-24 05:00:00+00:00,63987.98,0.0007643781251399409,977.9770387192043,-0.025491143100561775,0.05,HOLD,closed,0.05,0.05001243408326615,1.2434083266149587e-05,0.03184218290558061,True,False
2024-08-24 06:00:00+00:00,64048.0,0.0007643781251399409,978.0229166942752,-0.025445427821702327,0.05,HOLD,closed,0.05,0.05005699695098924,5.6996950989235406e-05,0.031841154332984595,True,False
2024-08-24 07:00:00+00:00,64315.0,0.0007643781251399409,978.2270056536876,-0.025242062619178524,0.05,HOLD,closed,0.05,0.05025518497674689,0.0002551849767468903,0.03184027840055473,True,False
2024-08-24 08:00:00+00:00,64416.0,0.0007643781251399409,978.3042078443267,-0.025165134209235076,0.05,HOLD,closed,0.05,0.05033013342292553,0.0003301334229255243,0.03183720177770197,True,False
2024-08-24 09:00:00+00:00,64328.66,0.0007643781251399409,978.237447058877,-0.025231658242150484,0.05,HOLD,closed,0.05,0.05026532226035837,0.0002653222603583652,0.03183534817077652,True,False
2024-08-24 10:00:00+00:00,64117.76,0.0007643781251399409,978.076239712285,-0.025392293902121554,0.05,HOLD,closed,0.05,0.050108786193793796,0.00010878619379379312,0.03183530075415897,True,False
2024-08-24 11:00:00+00:00,63905.01,0.0007643781251399409,977.9136182661615,-0.025554338646829117,0.05,HOLD,closed,0.05,0.049950824713389144,4.917528661085857e-05,0.031810296182348236,True,False
2024-08-24 12:00:00+00:00,64086.99,0.0007643781251399409,978.0527197973744,-0.02541573040879446,0.05,HOLD,closed,0.05,0.05008594349823069,8.594349823068392e-05,0.031810549757496615,True,False
2024-08-24 13:00:00+00:00,64221.49,0.0007643781251399409,978.1555286552058,-0.025313286140107305,0.05,HOLD,closed,0.05,0.05018578404129966,0.00018578404129965947,0.03180766271056337,True,False
2024-08-24 14:00:00+00:00,64171.84,0.0007643781251399409,978.1175772812926,-0.025351102927767617,0.05,HOLD,closed,0.05,0.05014893084972517,0.00014893084972517068,0.031804383766766586,True,False
2024-08-24 15:00:00+00:00,63976.0,0.0007643781251399409,977.9678814692652,-0.025500267876315395,0.05,HOLD,closed,0.05,0.05000353882837583,3.5388283758305827e-06,0.03180459368563668,True,False
2024-08-24 16:00:00+00:00,64298.01,0.0007643781251399409,978.2140188693414,-0.02525500334873239,0.05,HOLD,closed,0.05,0.0502425761499885,0.00024257614998849514,0.031805603073252114,True,False
2024-08-24 17:00:00+00:00,64050.99,0.0007643781251399409,978.0252021848694,-0.025443150436100997,0.05,HOLD,closed,0.05,0.05005921681791455,5.921681791454941e-05,0.03180496572784702,True,False
2024-08-24 18:00:00+00:00,64223.06,0.0007643781251399409,978.1567287288622,-0.02531209032224986,0.05,HOLD,closed,0.05,0.05018694934230475,0.0001869493423047458,0.03180514039079152,True,False
2024-08-24 19:00:00+00:00,64210.6,0.0007643781251399409,978.1472045774229,-0.025321580698367617,0.05,HOLD,closed,0.05,0.050177701078555584,0.00017770107855558104,0.03180492224387391,True,False
2024-08-24 20:00:00+00:00,64131.0,0.0007643781251399409,978.0863600786619,-0.02538220942541209,0.05,HOLD,closed,0.05,0.05011861482191319,0.00011861482191318634,0.031804866184140856,True,False
2024-08-24 21:00:00+00:00,63612.37,0.0007643781251399409,977.6899306516206,-0.02577723300213458,0.05,HOLD,closed,0.05,0.04973346108198218,0.00026653891801782514,0.03180980521358484,True,False
2024-08-24 22:00:00+00:00,63833.98,0.0007643781251399409,977.8593244879328,-0.02560843988403988,0.05,HOLD,closed,0.05,0.049898075040775064,0.00010192495922493883,0.031810167517077326,True,False
2024-08-24 23:00:00+00:00,64157.01,0.0007643781251399409,978.1062415536967,-0.025362398455683156,0.05,HOLD,closed,0.05,0.05013792258444779,0.00013792258444778743,0.031811451763514464,True,False
2024-08-25 00:00:00+00:00,64175.99,0.0,978.2426450489993,-0.025226478685564102,0.0,SELL,closed,0.0,0.0,0.05015201133679817,0.03181076478856146,False,False
2024-08-25 01:00:00+00:00,64150.08,0.0,978.2426450489993,-0.025226478685564102,0.0,HOLD,closed,0.0,0.0,0.0,0.031809672007854284,True,False
2024-08-25 02:00:00+00:00,64137.0,0.0007624640881578006,978.1348232981552,-0.025333918070134506,0.05,BUY,closed,0.05,0.05,0.05,0.03180963868446546,False,False
2024-08-25 03:00:00+00:00,64101.01,0.0007624640881578006,978.1073822156224,-0.025361261838865713,0.05,HOLD,closed,0.05,0.04996866297944953,3.1337020550470385e-05,0.031805541451273706,True,False
2024-08-25 04:00:00+00:00,64150.99,0.0007624640881578006,978.1454901707484,-0.02532328902527357,0.05,HOLD,closed,0.05,0.05000567562421803,5.675624218028086e-06,0.031804796129138696,True,False
2024-08-25 05:00:00+00:00,64137.5,0.0007624640881578006,978.1352045301992,-0.025333538190046634,0.05,HOLD,closed,0.05,0.04999568590081466,4.3140991853457544e-06,0.03180427390398624,True,False
2024-08-25 06:00:00+00:00,63994.0,0.0007624640881578006,978.0257909335486,-0.025442563775290302,0.05,HOLD,closed,0.05,0.049889407119822586,0.0001105928801774167,0.03180432527812552,True,False
2024-08-25 07:00:00+00:00,63868.26,0.0007624640881578006,977.9299186991036,-0.025538096019809796,0.05,HOLD,closed,0.05,0.04979626217787171,0.0002037378221282915,0.03180444473389449,True,False
2024-08-25 08:00:00+00:00,63931.0,0.0007624640881578006,977.9777556959946,-0.025490428666372984,0.05,HOLD,closed,0.05,0.04984274063097281,0.00015725936902719062,0.03180392002569307,True,False
2024-08-25 09:00:00+00:00,63861.31,0.0007624640881578006,977.924619573691,-0.025543376353032353,0.05,HOLD,closed,0.05,0.0497911132648844,0.00020888673511560568,0.031802781365090405,True,False
2024-08-25 10:00:00+00:00,63881.01,0.0007624640881578006,977.9396401162276,-0.025528409077566944,0.05,HOLD,closed,0.05,0.04980570788035604,0.0001942921196439601,0.03177065883981786,True,False
2024-08-25 11:00:00+00:00,63873.91,0.0007624640881578006,977.9342266212017,-0.025533803374815908,0.05,HOLD,closed,0.05,0.049800447943712016,0.00019955205628798683,0.03176499768071889,True,False
2024-08-25 12:00:00+00:00,63924.0,0.0007624640881578006,977.9724184473775,-0.025495746987604307,0.05,HOLD,closed,0.05,0.04983755518256656,0.00016244481743344502,0.03176099730582982,True,False
2024-08-25 13:00:00+00:00,64082.02,0.0,977.8749556991165,-0.025592864105530216,0.0,SELL,closed,0.0,0.0,0.04995459919565694,0.031747023104842564,False,False
2024-08-25 14:00:00+00:00,64148.01,0.0,977.8749556991165,-0.025592864105530216,0.0,HOLD,closed,0.0,0.0,0.0,0.03172854259826696,True,False
2024-08-25 15:00:00+00:00,64132.16,0.0,977.8749556991165,-0.025592864105530216,0.0,HOLD,closed,0.0,0.0,0.0,0.03172327840168754,True,False
2024-08-25 16:00:00+00:00,64033.99,0.0,977.8749556991165,-0.025592864105530216,0.0,HOLD,closed,0.0,0.0,0.0,0.03172320859817049,True,False
2024-08-25 17:00:00+00:00,64140.99,0.0007635592875745495,977.8588446004433,-0.025608918069713302,0.05,BUY,closed,0.05,0.05,0.05,0.03171253881694766,False,False
2024-08-25 18:00:00+00:00,64166.99,0.0,977.7609258112357,-0.025706489611336245,0.0,SELL,closed,0.0,0.0,0.050103659393954995,0.031711007516567,False,False
2024-08-25 19:00:00+00:00,64187.41,0.0,977.7609258112357,-0.025706489611336245,0.0,HOLD,closed,0.0,0.0,0.0,0.03170398284034903,True,False
2024-08-25 20:00:00+00:00,64206.99,0.0,977.7609258112357,-0.025706489611336245,0.0,HOLD,closed,0.0,0.0,0.0,0.031609818366913595,True,False
2024-08-25 21:00:00+00:00,64383.73,0.0,977.7609258112357,-0.025706489611336245,0.0,HOLD,closed,0.0,0.0,0.0,0.03153182351258557,True,False
2024-08-25 22:00:00+00:00,64482.01,0.0,977.7609258112357,-0.025706489611336245,0.0,HOLD,closed,0.0,0.0,0.0,0.031530120104087955,True,False
2024-08-25 23:00:00+00:00,64220.0,0.0,977.7609258112357,-0.025706489611336245,0.0,HOLD,closed,0.0,0.0,0.0,0.03151375678978319,True,False
2024-08-26 00:00:00+00:00,64111.01,0.0007612590143748354,977.8082852803641,-0.025659298092214133,0.05,BUY,closed,0.05,0.05,0.05,0.031510326964280744,False,False
2024-08-26 01:00:00+00:00,63939.98,0.0007612590143748354,977.6780871511355,-0.025789034502233684,0.05,HOLD,closed,0.05,0.04978620958538701,0.00021379041461299514,0.031492209004715305,True,False
2024-08-26 02:00:00+00:00,64070.0,0.0007612590143748354,977.7770660481846,-0.02569040661221005,0.05,HOLD,closed,0.05,0.04988239829363327,0.0001176017063667309,0.03145458007607427,True,False
2024-08-26 03:00:00+00:00,64114.99,0.0007612590143748354,977.8113150912413,-0.025656279025898957,0.05,HOLD,closed,0.05,0.04991567733034267,8.432266965733431e-05,0.03141924613565236,True,False
2024-08-26 04:00:00+00:00,64019.0,0.0007612590143748354,977.7382418384515,-0.025729093140368798,0.05,HOLD,closed,0.05,0.049844670849352866,0.00015532915064713632,0.031419251528822606,True,False
2024-08-26 05:00:00+00:00,63950.01,0.0007612590143748354,977.6857225790498,-0.025781426151695735,0.05,HOLD,closed,0.05,0.04979363046587263,0.0002063695341273722,0.031419137919192736,True,False
2024-08-26 06:00:00+00:00,63728.44,0.0007612590143748354,977.5170504192347,-0.02594950015256124,0.05,HOLD,closed,0.05,0.049629670808544316,0.0003703291914556872,0.03137022360153496,True,False
2024-08-26 07:00:00+00:00,63627.01,0.0007612590143748354,977.4398359174066,-0.026026440830034667,0.05,HOLD,closed,0.05,0.04955459470787384,0.0004454052921261595,0.03137036698711779,True,False
2024-08-26 08:00:00+00:00,63738.0,0.0007612590143748354,977.5243280554121,-0.025942248324929952,0.05,HOLD,closed,0.05,0.049636746284101474,0.00036325371589852884,0.031293747276120415,True,False
2024-08-26 09:00:00+00:00,63856.99,0.0007612590143748354,977.6149102655326,-0.02585198734481988,0.05,HOLD,closed,0.05,0.04972480345572897,0.0002751965442710294,0.031141851269116172,True,False
2024-08-26 10:00:00+00:00,63780.0,0.00861636893635025,975.9479991595715,-0.0275129871148661,0.5628478591389662,BUY,closed,0.5628478591389662,0.5628478591389662,0.5131800293777171,0.031001886841767384,False,False
2024-08-26 11:00:00+00:00,63859.0,0.000765622874867488,975.0073709098602,-0.02845027963207481,0.05,SELL,closed,0.05,0.05,0.5134001010224749,0.030999966312663163,False,False
2024-08-26 12:00:00+00:00,63633.0,0.0,974.9096115334835,-0.028547692326189675,0.0,SELL,closed,0.0,0.0,0.049976573855039966,0.03099866187145367,False,False
2024-08-26 13:00:00+00:00,63766.0,0.0007660408997952977,974.9139796392627,-0.02854333971094289,0.05,BUY,closed,0.05,0.05,0.05,0.030985433053784345,False,False
2024-08-26 14:00:00+00:00,63500.6,0.0,974.816309334912,-0.028640663648906155,0.0,SELL,closed,0.0,0.0,0.04990614973214791,0.03090568488293602,False,False
2024-08-26 15:00:00+00:00,63532.53,0.0007675646445347856,974.9584596487688,-0.028499017440068927,0.05,BUY,closed,0.05,0.05,0.05,0.03090119567347796,False,False
2024-08-26 16:00:00+00:00,63705.0,0.0007675646445347856,975.0908415230117,-0.028367105029209437,0.05,HOLD,closed,0.05,0.05014682078616831,0.0001468207861683099,0.030874791497712772,True,False
2024-08-26 17:00:00+00:00,63375.99,0.0,974.9930705605044,-0.02846452926836716,0.0,SELL,closed,0.0,0.0,0.049900756856730545,0.030877258815307423,False,False
2024-08-26 18:00:00+00:00,63643.94,0.0007692131647315264,975.1016498539798,-0.028356335027624854,0.05,BUY,closed,0.05,0.05,0.05,0.030875641763173478,False,False
2024-08-26 19:00:00+00:00,63342.99,0.0,975.0037628188512,-0.028453874927777664,0.0,SELL,closed,0.0,0.0,0.049980257928665124,0.030863337840391664,False,False
2024-08-26 20:00:00+00:00,63417.01,0.0007696224655789467,974.9632055223774,-0.028494288396663802,0.05,BUY,closed,0.05,0.05,0.05,0.030736383035131876,False,False
2024-08-26 21:00:00+00:00,63155.81,0.0007696224655789467,974.7621801343681,-0.028694600892070894,0.05,HOLD,closed,0.05,0.04986460410388027,0.00013539589611973046,0.030734987884517728,True,False
2024-08-26 22:00:00+00:00,62973.01,0.0007696224655789467,974.6214931476603,-0.028834788963129087,0.05,HOLD,closed,0.05,0.04972745169471129,0.0002725483052887154,0.030735339158060065,True,False
2024-08-26 23:00:00+00:00,62834.0,0.0007696224655789467,974.5145079287201,-0.028941394782373123,0.05,HOLD,closed,0.05,0.049623127833130894,0.0003768721668691091,0.030734810974108545,True,False
2024-08-27 00:00:00+00:00,62722.0,0.0007696224655789467,974.4283102125753,-0.029027286817157164,0.05,HOLD,closed,0.05,0.04953905770195851,0.00046094229804149317,0.0307342001036974,True,False
2024-08-27 01:00:00+00:00,62994.8,0.0007696224655789467,974.6382632211853,-0.02881807836100457,0.05,HOLD,closed,0.05,0.04974380252055632,0.0002561974794436858,0.030730235312304927,True,False
2024-08-27 02:00:00+00:00,62900.07,0.0,974.5413307165387,-0.028914667115709138,0.0,SELL,closed,0.0,0.0,0.04967271473020322,0.030729814598675437,False,False
2024-08-27 03:00:00+00:00,62970.0,0.0,974.5413307165387,-0.028914667115709138,0.0,HOLD,closed,0.0,0.0,0.0,0.03072847150841726,True,False
2024-08-27 04:00:00+00:00,63038.99,0.0,974.5413307165387,-0.028914667115709138,0.0,HOLD,closed,0.0,0.0,0.0,0.0306967485687705,True,False
2024-08-27 05:00:00+00:00,63150.02,0.0,974.5413307165387,-0.028914667115709138,0.0,HOLD,closed,0.0,0.0,0.0,0.03069550385751299,True,False
2024-08-27 06:00:00+00:00,62761.0,0.0,974.5413307165387,-0.028914667115709138,0.0,HOLD,closed,0.0,0.0,0.0,0.03069848671885317,True,False
2024-08-27 07:00:00+00:00,62902.31,0.0,974.5413307165387,-0.028914667115709138,0.0,HOLD,closed,0.0,0.0,0.0,0.030698278641665078,True,False
2024-08-27 08:00:00+00:00,62813.38,0.0,974.5413307165387,-0.028914667115709138,0.0,HOLD,closed,0.0,0.0,0.0,0.030692322682452283,True,False
2024-08-27 09:00:00+00:00,62679.99,0.0,974.5413307165387,-0.028914667115709138,0.0,HOLD,closed,0.0,0.0,0.0,0.030686769373404615,True,False
2024-08-27 10:00:00+00:00,62332.05,0.0,974.5413307165387,-0.028914667115709138,0.0,HOLD,closed,0.0,0.0,0.0,0.030662702050587687,True,False
2024-08-27 11:00:00+00:00,62417.0,0.0,974.5413307165387,-0.028914667115709138,0.0,HOLD,closed,0.0,0.0,0.0,0.030660564689298536,True,False
2024-08-27 12:00:00+00:00,62419.56,0.0,974.5413307165387,-0.028914667115709138,0.0,HOLD,closed,0.0,0.0,0.0,0.03065639104747761,True,False
2024-08-27 13:00:00+00:00,62232.64,0.0,974.5413307165387,-0.028914667115709138,0.0,HOLD,closed,0.0,0.0,0.0,0.030654851646922138,True,False
2024-08-27 14:00:00+00:00,61851.01,0.0,974.5413307165387,-0.028914667115709138,0.0,HOLD,closed,0.0,0.0,0.0,0.030656855819509554,True,False
2024-08-27 15:00:00+00:00,61709.13,0.0,974.5413307165387,-0.028914667115709138,0.0,HOLD,closed,0.0,0.0,0.0,0.03065733396718867,True,False
2024-08-27 16:00:00+00:00,61560.12,0.0,974.5413307165387,-0.028914667115709138,0.0,HOLD,closed,0.0,0.0,0.0,0.030656382414264022,True,False
2024-08-27 17:00:00+00:00,61933.32,0.0,974.5413307165387,-0.028914667115709138,0.0,HOLD,closed,0.0,0.0,0.0,0.03065974237161781,True,False
2024-08-27 18:00:00+00:00,62096.01,0.0,974.5413307165387,-0.028914667115709138,0.0,HOLD,closed,0.0,0.0,0.0,0.03065836673657754,True,False
2024-08-27 19:00:00+00:00,62102.01,0.0,974.5413307165387,-0.028914667115709138,0.0,HOLD,closed,0.0,0.0,0.0,0.03065737966146495,True,False
2024-08-27 20:00:00+00:00,61859.0,0.0,974.5413307165387,-0.028914667115709138,0.0,HOLD,closed,0.0,0.0,0.0,0.030656974764506073,True,False
2024-08-27 21:00:00+00:00,60419.99,0.0,974.5413307165387,-0.028914667115709138,0.0,HOLD,closed,0.0,0.0,0.0,0.03069622445232309,True,False
2024-08-27 22:00:00+00:00,59506.94,0.0,974.5413307165387,-0.028914667115709138,0.0,HOLD,closed,0.0,0.0,0.0,0.03071739024150366,True,False
2024-08-27 23:00:00+00:00,59415.0,0.0,974.5413307165387,-0.028914667115709138,0.0,HOLD,closed,0.0,0.0,0.0,0.03071732211300951,True,False
2024-08-28 00:00:00+00:00,59088.94,0.0,974.5413307165387,-0.028914667115709138,0.0,HOLD,closed,0.0,0.0,0.0,0.030719212250903266,True,False
2024-08-28 01:00:00+00:00,59383.63,0.0,974.5413307165387,-0.028914667115709138,0.0,HOLD,closed,0.0,0.0,0.0,0.030719708167998017,True,False
2024-08-28 02:00:00+00:00,59336.02,0.0,974.5413307165387,-0.028914667115709138,0.0,HOLD,closed,0.0,0.0,0.0,0.03071971608532184,True,False
2024-08-28 03:00:00+00:00,59629.01,0.0,974.5413307165387,-0.028914667115709138,0.0,HOLD,closed,0.0,0.0,0.0,0.030721850679603147,True,False
2024-08-28 04:00:00+00:00,59325.33,0.0,974.5413307165387,-0.028914667115709138,0.0,HOLD,closed,0.0,0.0,0.0,0.03071897983668223,True,False
2024-08-28 05:00:00+00:00,59287.94,0.0,974.5413307165387,-0.028914667115709138,0.0,HOLD,closed,0.0,0.0,0.0,0.03071901801169971,True,False
2024-08-28 06:00:00+00:00,59186.91,0.0,974.5413307165387,-0.028914667115709138,0.0,HOLD,closed,0.0,0.0,0.0,0.03071927686023762,True,False
2024-08-28 07:00:00+00:00,58600.98,0.0,974.5413307165387,-0.028914667115709138,0.0,HOLD,closed,0.0,0.0,0.0,0.030724992668418993,True,False
2024-08-28 08:00:00+00:00,59223.99,0.0,974.5413307165387,-0.028914667115709138,0.0,HOLD,closed,0.0,0.0,0.0,0.03073256008856451,True,False
2024-08-28 09:00:00+00:00,60200.12,0.0,974.5413307165387,-0.028914667115709138,0.0,HOLD,closed,0.0,0.0,0.0,0.030751983357004187,True,False
2024-08-28 10:00:00+00:00,59756.99,0.0,974.5413307165387,-0.028914667115709138,0.0,HOLD,closed,0.0,0.0,0.0,0.03074040591234664,True,False
2024-08-28 11:00:00+00:00,59935.0,0.0,974.5413307165387,-0.028914667115709138,0.0,HOLD,closed,0.0,0.0,0.0,0.03074125120633378,True,False
2024-08-28 12:00:00+00:00,59946.22,0.0,974.5413307165387,-0.028914667115709138,0.0,HOLD,closed,0.0,0.0,0.0,0.03074122538035781,True,False
2024-08-28 13:00:00+00:00,59334.0,0.0,974.5413307165387,-0.028914667115709138,0.0,HOLD,closed,0.0,0.0,0.0,0.030741863337305997,True,False
2024-08-28 14:00:00+00:00,59195.26,0.0,974.5413307165387,-0.028914667115709138,0.0,HOLD,closed,0.0,0.0,0.0,0.030723915337683372,True,False
2024-08-28 15:00:00+00:00,59000.0,0.0,974.5413307165387,-0.028914667115709138,0.0,HOLD,closed,0.0,0.0,0.0,0.0307248983803127,True,False
2024-08-28 16:00:00+00:00,59198.01,0.0,974.5413307165387,-0.028914667115709138,0.0,HOLD,closed,0.0,0.0,0.0,0.03072132555877599,True,False
2024-08-28 17:00:00+00:00,58650.0,0.0,974.5413307165387,-0.028914667115709138,0.0,HOLD,closed,0.0,0.0,0.0,0.030727271698173964,True,False
2024-08-28 18:00:00+00:00,59487.0,0.0,974.5413307165387,-0.028914667115709138,0.0,HOLD,closed,0.0,0.0,0.0,0.03074598330984596,True,False
2024-08-28 19:00:00+00:00,58898.85,0.0,974.5413307165387,-0.028914667115709138,0.0,HOLD,closed,0.0,0.0,0.0,0.030754714260012667,True,False
2024-08-28 20:00:00+00:00,59312.01,0.0,974.5413307165387,-0.028914667115709138,0.0,HOLD,closed,0.0,0.0,0.0,0.030758515716048707,True,False
2024-08-28 21:00:00+00:00,59113.91,0.0,974.5413307165387,-0.028914667115709138,0.0,HOLD,closed,0.0,0.0,0.0,0.030684324009711633,True,False
2024-08-28 22:00:00+00:00,59195.43,0.0,974.5413307165387,-0.028914667115709138,0.0,HOLD,closed,0.0,0.0,0.0,0.03067717012425522,True,False
2024-08-28 23:00:00+00:00,59034.9,0.0,974.5413307165387,-0.028914667115709138,0.0,HOLD,closed,0.0,0.0,0.0,0.03067494834764173,True,False
2024-08-29 00:00:00+00:00,59205.83,0.0,974.5413307165387,-0.028914667115709138,0.0,HOLD,closed,0.0,0.0,0.0,0.03067332852393448,True,False
2024-08-29 01:00:00+00:00,58997.99,0.0,974.5413307165387,-0.028914667115709138,0.0,HOLD,closed,0.0,0.0,0.0,0.03067344241514977,True,False
2024-08-29 02:00:00+00:00,59137.0,0.0,974.5413307165387,-0.028914667115709138,0.0,HOLD,closed,0.0,0.0,0.0,0.03067195368767417,True,False
2024-08-29 03:00:00+00:00,59141.1,0.0,974.5413307165387,-0.028914667115709138,0.0,HOLD,closed,0.0,0.0,0.0,0.030671939053593916,True,False
2024-08-29 04:00:00+00:00,59197.96,0.0,974.5413307165387,-0.028914667115709138,0.0,HOLD,closed,0.0,0.0,0.0,0.030671989403950106,True,False
2024-08-29 05:00:00+00:00,59436.17,0.0,974.5413307165387,-0.028914667115709138,0.0,HOLD,closed,0.0,0.0,0.0,0.030673207841160205,True,False
2024-08-29 06:00:00+00:00,59570.65,0.0,974.5413307165387,-0.028914667115709138,0.0,HOLD,closed,0.0,0.0,0.0,0.030673663278201035,True,False
2024-08-29 07:00:00+00:00,59583.88,0.0,974.5413307165387,-0.028914667115709138,0.0,HOLD,closed,0.0,0.0,0.0,0.030673573187579517,True,False
2024-08-29 08:00:00+00:00,59551.97,0.0,974.5413307165387,-0.028914667115709138,0.0,HOLD,closed,0.0,0.0,0.0,0.030662869832895928,True,False
2024-08-29 09:00:00+00:00,59586.0,0.0,974.5413307165387,-0.028914667115709138,0.0,HOLD,closed,0.0,0.0,0.0,0.030650123132752533,True,False
2024-08-29 10:00:00+00:00,59673.01,0.0,974.5413307165387,-0.028914667115709138,0.0,HOLD,closed,0.0,0.0,0.0,0.03056979386655892,True,False
2024-08-29 11:00:00+00:00,60067.06,0.0,974.5413307165387,-0.028914667115709138,0.0,HOLD,closed,0.0,0.0,0.0,0.03056681168379982,True,False
2024-08-29 12:00:00+00:00,60322.0,0.0,974.5413307165387,-0.028914667115709138,0.0,HOLD,closed,0.0,0.0,0.0,0.03056805147037872,True,False
2024-08-29 13:00:00+00:00,60626.01,0.0,974.5413307165387,-0.028914667115709138,0.0,HOLD,closed,0.0,0.0,0.0,0.030570309814333063,True,False
2024-08-29 14:00:00+00:00,60814.99,0.0,974.5413307165387,-0.028914667115709138,0.0,HOLD,closed,0.0,0.0,0.0,0.03057070955932087,True,False
2024-08-29 15:00:00+00:00,60779.99,0.0,974.5413307165387,-0.028914667115709138,0.0,HOLD,closed,0.0,0.0,0.0,0.030570530419887304,True,False
2024-08-29 16:00:00+00:00,60295.0,0.0,974.5413307165387,-0.028914667115709138,0.0,HOLD,closed,0.0,0.0,0.0,0.030576719493599885,True,False
2024-08-29 17:00:00+00:00,60533.0,0.0,974.5413307165387,-0.028914667115709138,0.0,HOLD,closed,0.0,0.0,0.0,0.030501074310436083,True,False
2024-08-29 18:00:00+00:00,59161.0,0.0,974.5413307165387,-0.028914667115709138,0.0,HOLD,closed,0.0,0.0,0.0,0.03051878345996803,True,False
2024-08-29 19:00:00+00:00,59258.0,0.0,974.5413307165387,-0.028914667115709138,0.0,HOLD,closed,0.0,0.0,0.0,0.030508005290680457,True,False
2024-08-29 20:00:00+00:00,59529.0,0.0,974.5413307165387,-0.028914667115709138,0.0,HOLD,closed,0.0,0.0,0.0,0.030504110029717174,True,False
2024-08-29 21:00:00+00:00,59496.0,0.0,974.5413307165387,-0.028914667115709138,0.0,HOLD,closed,0.0,0.0,0.0,0.030503201638327898,True,False
2024-08-29 22:00:00+00:00,59211.99,0.0,974.5413307165387,-0.028914667115709138,0.0,HOLD,closed,0.0,0.0,0.0,0.0305048044620628,True,False
2024-08-29 23:00:00+00:00,59359.01,0.0,974.5413307165387,-0.028914667115709138,0.0,HOLD,closed,0.0,0.0,0.0,0.030505021962816403,True,False
2024-08-30 00:00:00+00:00,59204.01,0.0,974.5413307165387,-0.028914667115709138,0.0,HOLD,closed,0.0,0.0,0.0,0.030494540724422037,True,False
2024-08-30 01:00:00+00:00,59217.0,0.0,974.5413307165387,-0.028914667115709138,0.0,HOLD,closed,0.0,0.0,0.0,0.030492545149140904,True,False
2024-08-30 02:00:00+00:00,59202.51,0.0,974.5413307165387,-0.028914667115709138,0.0,HOLD,closed,0.0,0.0,0.0,0.030492281028126733,True,False
2024-08-30 03:00:00+00:00,59032.01,0.0,974.5413307165387,-0.028914667115709138,0.0,HOLD,closed,0.0,0.0,0.0,0.030493113582540282,True,False
2024-08-30 04:00:00+00:00,59013.01,0.0,974.5413307165387,-0.028914667115709138,0.0,HOLD,closed,0.0,0.0,0.0,0.030491639631651357,True,False
2024-08-30 05:00:00+00:00,58784.0,0.0,974.5413307165387,-0.028914667115709138,0.0,HOLD,closed,0.0,0.0,0.0,0.030490077340854516,True,False
2024-08-30 06:00:00+00:00,59361.0,0.0,974.5413307165387,-0.028914667115709138,0.0,HOLD,closed,0.0,0.0,0.0,0.03049913170255958,True,False
2024-08-30 07:00:00+00:00,59271.1,0.0,974.5413307165387,-0.028914667115709138,0.0,HOLD,closed,0.0,0.0,0.0,0.030499281689469915,True,False
2024-08-30 08:00:00+00:00,59445.0,0.0,974.5413307165387,-0.028914667115709138,0.0,HOLD,closed,0.0,0.0,0.0,0.030499862321204302,True,False
2024-08-30 09:00:00+00:00,59580.64,0.0,974.5413307165387,-0.028914667115709138,0.0,HOLD,closed,0.0,0.0,0.0,0.03050010284922322,True,False
2024-08-30 10:00:00+00:00,59581.13,0.0,974.5413307165387,-0.028914667115709138,0.0,HOLD,closed,0.0,0.0,0.0,0.030499770320157965,True,False
2024-08-30 11:00:00+00:00,59396.0,0.0,974.5413307165387,-0.028914667115709138,0.0,HOLD,closed,0.0,0.0,0.0,0.03049277285568916,True,False
2024-08-30 12:00:00+00:00,59539.0,0.0,974.5413307165387,-0.028914667115709138,0.0,HOLD,closed,0.0,0.0,0.0,0.030482373448090377,True,False
2024-08-30 13:00:00+00:00,59653.0,0.0,974.5413307165387,-0.028914667115709138,0.0,HOLD,closed,0.0,0.0,0.0,0.03048118789835405,True,False
2024-08-30 14:00:00+00:00,58462.89,0.0,974.5413307165387,-0.028914667115709138,0.0,HOLD,closed,0.0,0.0,0.0,0.03052229056241529,True,False
2024-08-30 15:00:00+00:00,58094.99,0.0,974.5413307165387,-0.028914667115709138,0.0,HOLD,closed,0.0,0.0,0.0,0.030522596505349775,True,False
2024-08-30 16:00:00+00:00,58551.11,0.0,974.5413307165387,-0.028914667115709138,0.0,HOLD,closed,0.0,0.0,0.0,0.03052868832827141,True,False
2024-08-30 17:00:00+00:00,58630.91,0.0,974.5413307165387,-0.028914667115709138,0.0,HOLD,closed,0.0,0.0,0.0,0.03052887105486357,True,False
2024-08-30 18:00:00+00:00,59370.99,0.0,974.5413307165387,-0.028914667115709138,0.0,HOLD,closed,0.0,0.0,0.0,0.030544761120232716,True,False
2024-08-30 19:00:00+00:00,58700.02,0.0,974.5413307165387,-0.028914667115709138,0.0,HOLD,closed,0.0,0.0,0.0,0.030557626555436646,True,False
2024-08-30 20:00:00+00:00,59048.0,0.0,974.5413307165387,-0.028914667115709138,0.0,HOLD,closed,0.0,0.0,0.0,0.03055874653311183,True,False
2024-08-30 21:00:00+00:00,59055.99,0.0,974.5413307165387,-0.028914667115709138,0.0,HOLD,closed,0.0,0.0,0.0,0.030558581590021894,True,False
2024-08-30 22:00:00+00:00,59237.5,0.0,974.5413307165387,-0.028914667115709138,0.0,HOLD,closed,0.0,0.0,0.0,0.030559385111303683,True,False
2024-08-30 23:00:00+00:00,59123.99,0.0,974.5413307165387,-0.028914667115709138,0.0,HOLD,closed,0.0,0.0,0.0,0.030559488844669302,True,False
2024-08-31 00:00:00+00:00,59246.01,0.0,974.5413307165387,-0.028914667115709138,0.0,HOLD,closed,0.0,0.0,0.0,0.03055989981332677,True,False
2024-08-31 01:00:00+00:00,59285.0,0.0,974.5413307165387,-0.028914667115709138,0.0,HOLD,closed,0.0,0.0,0.0,0.030559850484431744,True,False
2024-08-31 02:00:00+00:00,59196.5,0.0,974.5413307165387,-0.028914667115709138,0.0,HOLD,closed,0.0,0.0,0.0,0.030559785170246573,True,False
2024-08-31 03:00:00+00:00,59232.01,0.0,974.5413307165387,-0.028914667115709138,0.0,HOLD,closed,0.0,0.0,0.0,0.03055578936665565,True,False
2024-08-31 04:00:00+00:00,59350.0,0.0,974.5413307165387,-0.028914667115709138,0.0,HOLD,closed,0.0,0.0,0.0,0.03055586776073707,True,False
2024-08-31 05:00:00+00:00,59212.0,0.0,974.5413307165387,-0.028914667115709138,0.0,HOLD,closed,0.0,0.0,0.0,0.030555690879152053,True,False
2024-08-31 06:00:00+00:00,59154.01,0.0,974.5413307165387,-0.028914667115709138,0.0,HOLD,closed,0.0,0.0,0.0,0.030555467506904327,True,False
2024-08-31 07:00:00+00:00,59095.0,0.0,974.5413307165387,-0.028914667115709138,0.0,HOLD,closed,0.0,0.0,0.0,0.030555087942460896,True,False
2024-08-31 08:00:00+00:00,58985.01,0.0,974.5413307165387,-0.028914667115709138,0.0,HOLD,closed,0.0,0.0,0.0,0.03055436974503678,True,False
2024-08-31 09:00:00+00:00,58905.01,0.0,974.5413307165387,-0.028914667115709138,0.0,HOLD,closed,0.0,0.0,0.0,0.030552227340255506,True,False
2024-08-31 10:00:00+00:00,59136.99,0.0,974.5413307165387,-0.028914667115709138,0.0,HOLD,closed,0.0,0.0,0.0,0.030553132445383435,True,False
2024-08-31 11:00:00+00:00,59120.99,0.0,974.5413307165387,-0.028914667115709138,0.0,HOLD,closed,0.0,0.0,0.0,0.03055300717677173,True,False
2024-08-31 12:00:00+00:00,59192.26,0.0,974.5413307165387,-0.028914667115709138,0.0,HOLD,closed,0.0,0.0,0.0,0.030552479785232706,True,False
2024-08-31 13:00:00+00:00,58954.99,0.0,974.5413307165387,-0.028914667115709138,0.0,HOLD,closed,0.0,0.0,0.0,0.0305538568444651,True,False
2024-08-31 14:00:00+00:00,59126.0,0.0,974.5413307165387,-0.028914667115709138,0.0,HOLD,closed,0.0,0.0,0.0,0.030553765379469078,True,False
2024-08-31 15:00:00+00:00,59006.54,0.0,974.5413307165387,-0.028914667115709138,0.0,HOLD,closed,0.0,0.0,0.0,0.030554069541608414,True,False
2024-08-31 16:00:00+00:00,58971.55,0.0,974.5413307165387,-0.028914667115709138,0.0,HOLD,closed,0.0,0.0,0.0,0.03055408019081482,True,False
2024-08-31 17:00:00+00:00,59013.16,0.0,974.5413307165387,-0.028914667115709138,0.0,HOLD,closed,0.0,0.0,0.0,0.03055391230306767,True,False
2024-08-31 18:00:00+00:00,58920.52,0.0,974.5413307165387,-0.028914667115709138,0.0,HOLD,closed,0.0,0.0,0.0,0.030553586279279094,True,False
2024-08-31 19:00:00+00:00,58856.0,0.0,974.5413307165387,-0.028914667115709138,0.0,HOLD,closed,0.0,0.0,0.0,0.030553705915387697,True,False
2024-08-31 20:00:00+00:00,58951.08,0.0,974.5413307165387,-0.028914667115709138,0.0,HOLD,closed,0.0,0.0,0.0,0.03055317125862672,True,False
2024-08-31 21:00:00+00:00,59061.01,0.0,974.5413307165387,-0.028914667115709138,0.0,HOLD,closed,0.0,0.0,0.0,0.030553513038903385,True,False
2024-08-31 22:00:00+00:00,59024.0,0.0,974.5413307165387,-0.028914667115709138,0.0,HOLD,closed,0.0,0.0,0.0,0.030553356050411512,True,False
2024-08-31 23:00:00+00:00,58973.99,0.0,974.5413307165387,-0.028914667115709138,0.0,HOLD,closed,0.0,0.0,0.0,0.030553336808182563,True,False
2024-09-01 00:00:00+00:00,58930.0,0.0,974.5413307165387,-0.028914667115709138,0.0,HOLD,closed,0.0,0.0,0.0,0.03055242552253698,True,False
2024-09-01 01:00:00+00:00,58828.01,0.0,974.5413307165387,-0.028914667115709138,0.0,HOLD,closed,0.0,0.0,0.0,0.030551437806361048,True,False
2024-09-01 02:00:00+00:00,58540.25,0.0,974.5413307165387,-0.028914667115709138,0.0,HOLD,closed,0.0,0.0,0.0,0.030553858778235327,True,False
2024-09-01 03:00:00+00:00,58524.21,0.0,974.5413307165387,-0.028914667115709138,0.0,HOLD,closed,0.0,0.0,0.0,0.03055336162028502,True,False
2024-09-01 04:00:00+00:00,58442.0,0.0,974.5413307165387,-0.028914667115709138,0.0,HOLD,closed,0.0,0.0,0.0,0.03055356029051451,True,False
2024-09-01 05:00:00+00:00,57986.0,0.0,974.5413307165387,-0.028914667115709138,0.0,HOLD,closed,0.0,0.0,0.0,0.030559126130899283,True,False
2024-09-01 06:00:00+00:00,58201.1,0.0,974.5413307165387,-0.028914667115709138,0.0,HOLD,closed,0.0,0.0,0.0,0.030560363161789922,True,False
2024-09-01 07:00:00+00:00,58478.64,0.0,974.5413307165387,-0.028914667115709138,0.0,HOLD,closed,0.0,0.0,0.0,0.030558952354453467,True,False
2024-09-01 08:00:00+00:00,58233.99,0.0,974.5413307165387,-0.028914667115709138,0.0,HOLD,closed,0.0,0.0,0.0,0.03055986055068946,True,False
2024-09-01 09:00:00+00:00,58205.0,0.0,974.5413307165387,-0.028914667115709138,0.0,HOLD,closed,0.0,0.0,0.0,0.030559852664595516,True,False
2024-09-01 10:00:00+00:00,57931.0,0.0,974.5413307165387,-0.028914667115709138,0.0,HOLD,closed,0.0,0.0,0.0,0.030561771725483217,True,False
2024-09-01 11:00:00+00:00,58240.52,0.0,974.5413307165387,-0.028914667115709138,0.0,HOLD,closed,0.0,0.0,0.0,0.03056325096831955,True,False
2024-09-01 12:00:00+00:00,58020.0,0.0,974.5413307165387,-0.028914667115709138,0.0,HOLD,closed,0.0,0.0,0.0,0.030564612328045138,True,False
2024-09-01 13:00:00+00:00,58175.01,0.0,974.5413307165387,-0.028914667115709138,0.0,HOLD,closed,0.0,0.0,0.0,0.03056513687121068,True,False
2024-09-01 14:00:00+00:00,57879.99,0.0,974.5413307165387,-0.028914667115709138,0.0,HOLD,closed,0.0,0.0,0.0,0.03056773048283129,True,False
2024-09-01 15:00:00+00:00,58217.0,0.0,974.5413307165387,-0.028914667115709138,0.0,HOLD,closed,0.0,0.0,0.0,0.030559595806954998,True,False
2024-09-01 16:00:00+00:00,58132.06,0.0,974.5413307165387,-0.028914667115709138,0.0,HOLD,closed,0.0,0.0,0.0,0.030523727452078014,True,False
2024-09-01 17:00:00+00:00,58127.98,0.0,974.5413307165387,-0.028914667115709138,0.0,HOLD,closed,0.0,0.0,0.0,0.030516223754866456,True,False
2024-09-01 18:00:00+00:00,58541.1,0.0,974.5413307165387,-0.028914667115709138,0.0,HOLD,closed,0.0,0.0,0.0,0.03052131733500993,True,False
2024-09-01 19:00:00+00:00,58514.0,0.0,974.5413307165387,-0.028914667115709138,0.0,HOLD,closed,0.0,0.0,0.0,0.030518982437928943,True,False
2024-09-01 20:00:00+00:00,58431.1,0.0,974.5413307165387,-0.028914667115709138,0.0,HOLD,closed,0.0,0.0,0.0,0.030517143606108882,True,False
2024-09-01 21:00:00+00:00,58351.11,0.0,974.5413307165387,-0.028914667115709138,0.0,HOLD,closed,0.0,0.0,0.0,0.030516801015493117,True,False
2024-09-01 22:00:00+00:00,57309.01,0.0,974.5413307165387,-0.028914667115709138,0.0,HOLD,closed,0.0,0.0,0.0,0.03054916478392275,True,False
2024-09-01 23:00:00+00:00,57301.86,0.0,974.5413307165387,-0.028914667115709138,0.0,HOLD,closed,0.0,0.0,0.0,0.030547899554616675,True,False
2024-09-02 00:00:00+00:00,57467.24,0.0,974.5413307165387,-0.028914667115709138,0.0,HOLD,closed,0.0,0.0,0.0,0.030548731076401603,True,False
2024-09-02 01:00:00+00:00,57423.23,0.0,974.5413307165387,-0.028914667115709138,0.0,HOLD,closed,0.0,0.0,0.0,0.030548723217463214,True,False
2024-09-02 02:00:00+00:00,57509.01,0.0,974.5413307165387,-0.028914667115709138,0.0,HOLD,closed,0.0,0.0,0.0,0.03054811778862704,True,False
2024-09-02 03:00:00+00:00,57742.01,0.0,974.5413307165387,-0.028914667115709138,0.0,HOLD,closed,0.0,0.0,0.0,0.030547607583647912,True,False
2024-09-02 04:00:00+00:00,57459.51,0.0,974.5413307165387,-0.028914667115709138,0.0,HOLD,closed,0.0,0.0,0.0,0.030546272886453008,True,False
2024-09-02 05:00:00+00:00,57785.01,0.0,974.5413307165387,-0.028914667115709138,0.0,HOLD,closed,0.0,0.0,0.0,0.03054947835587246,True,False
2024-09-02 06:00:00+00:00,57688.0,0.0,974.5413307165387,-0.028914667115709138,0.0,HOLD,closed,0.0,0.0,0.0,0.030536460557132328,True,False
2024-09-02 07:00:00+00:00,57547.99,0.0,974.5413307165387,-0.028914667115709138,0.0,HOLD,closed,0.0,0.0,0.0,0.030514688247440053,True,False
2024-09-02 08:00:00+00:00,58056.01,0.0,974.5413307165387,-0.028914667115709138,0.0,HOLD,closed,0.0,0.0,0.0,0.03052210914003753,True,False
2024-09-02 09:00:00+00:00,58402.35,0.0,974.5413307165387,-0.028914667115709138,0.0,HOLD,closed,0.0,0.0,0.0,0.03045290044650706,True,False
2024-09-02 10:00:00+00:00,58498.51,0.0,974.5413307165387,-0.028914667115709138,0.0,HOLD,closed,0.0,0.0,0.0,0.030314922727443377,True,False
2024-09-02 11:00:00+00:00,58422.01,0.0,974.5413307165387,-0.028914667115709138,0.0,HOLD,closed,0.0,0.0,0.0,0.03031485264507805,True,False
2024-09-02 12:00:00+00:00,58393.94,0.0,974.5413307165387,-0.028914667115709138,0.0,HOLD,closed,0.0,0.0,0.0,0.030304069428338687,True,False
2024-09-02 13:00:00+00:00,58181.22,0.0,974.5413307165387,-0.028914667115709138,0.0,HOLD,closed,0.0,0.0,0.0,0.030302531627526108,True,False
2024-09-02 14:00:00+00:00,58597.0,0.0,974.5413307165387,-0.028914667115709138,0.0,HOLD,closed,0.0,0.0,0.0,0.03028953740091786,True,False
2024-09-02 15:00:00+00:00,58537.99,0.0,974.5413307165387,-0.028914667115709138,0.0,HOLD,closed,0.0,0.0,0.0,0.030281227395439064,True,False
2024-09-02 16:00:00+00:00,58345.0,0.0,974.5413307165387,-0.028914667115709138,0.0,HOLD,closed,0.0,0.0,0.0,0.030281135695920558,True,False
2024-09-02 17:00:00+00:00,58514.01,0.0,974.5413307165387,-0.028914667115709138,0.0,HOLD,closed,0.0,0.0,0.0,0.030281536861081898,True,False
2024-09-02 18:00:00+00:00,58486.01,0.0,974.5413307165387,-0.028914667115709138,0.0,HOLD,closed,0.0,0.0,0.0,0.030281350279993846,True,False
2024-09-02 19:00:00+00:00,58439.99,0.0,974.5413307165387,-0.028914667115709138,0.0,HOLD,closed,0.0,0.0,0.0,0.03027871290066239,True,False
2024-09-02 20:00:00+00:00,58992.0,0.0,974.5413307165387,-0.028914667115709138,0.0,HOLD,closed,0.0,0.0,0.0,0.03028208333351387,True,False
2024-09-02 21:00:00+00:00,59047.0,0.0,974.5413307165387,-0.028914667115709138,0.0,HOLD,closed,0.0,0.0,0.0,0.030282074755452193,True,False
2024-09-02 22:00:00+00:00,59349.99,0.0,974.5413307165387,-0.028914667115709138,0.0,HOLD,closed,0.0,0.0,0.0,0.030282887242179007,True,False
2024-09-02 23:00:00+00:00,59132.13,0.0,974.5413307165387,-0.028914667115709138,0.0,HOLD,closed,0.0,0.0,0.0,0.030278300571284972,True,False
2024-09-03 00:00:00+00:00,59257.99,0.0,974.5413307165387,-0.028914667115709138,0.0,HOLD,closed,0.0,0.0,0.0,0.03027778325241348,True,False
2024-09-03 01:00:00+00:00,59388.01,0.0,974.5413307165387,-0.028914667115709138,0.0,HOLD,closed,0.0,0.0,0.0,0.03027830496989109,True,False
2024-09-03 02:00:00+00:00,59311.01,0.0,974.5413307165387,-0.028914667115709138,0.0,HOLD,closed,0.0,0.0,0.0,0.030277733633176873,True,False
2024-09-03 03:00:00+00:00,59110.99,0.0,974.5413307165387,-0.028914667115709138,0.0,HOLD,closed,0.0,0.0,0.0,0.030278454231328272,True,False
2024-09-03 04:00:00+00:00,59099.01,0.0,974.5413307165387,-0.028914667115709138,0.0,HOLD,closed,0.0,0.0,0.0,0.03027786508903127,True,False
2024-09-03 05:00:00+00:00,59186.0,0.0,974.5413307165387,-0.028914667115709138,0.0,HOLD,closed,0.0,0.0,0.0,0.030277358984084013,True,False
2024-09-03 06:00:00+00:00,58891.0,0.0,974.5413307165387,-0.028914667115709138,0.0,HOLD,closed,0.0,0.0,0.0,0.030277715981555958,True,False
2024-09-03 07:00:00+00:00,59112.0,0.0,974.5413307165387,-0.028914667115709138,0.0,HOLD,closed,0.0,0.0,0.0,0.030278458062175162,True,False
2024-09-03 08:00:00+00:00,58789.02,0.0008207471315423713,974.3806800088971,-0.029074748110728126,0.0497834325933947,BUY,closed,0.0497834325933947,0.0497834325933947,0.0497834325933947,0.030279021313877857,False,False
2024-09-03 09:00:00+00:00,58874.0,0.0008207471315423713,974.4504271001357,-0.029005248362304597,0.05,HOLD,closed,0.05,0.04958760884965991,0.0004123911503400926,0.030276964536769507,True,False
2024-09-03 10:00:00+00:00,59078.94,0.0008207471315423713,974.618631017274,-0.02883764094359557,0.05,HOLD,closed,0.05,0.04975163514876872,0.0002483648512312808,0.030276382175851657,True,False
2024-09-03 11:00:00+00:00,59072.0,0.0008207471315423713,974.612935032181,-0.028843316729122347,0.05,HOLD,closed,0.05,0.04974608155890121,0.0002539184410987952,0.030275480483600015,True,False
2024-09-03 12:00:00+00:00,59135.01,0.0008207471315423713,974.6646503089395,-0.028791784849289903,0.05,HOLD,closed,0.05,0.0497965016129859,0.00020349838701410466,0.030189278638158568,True,False
2024-09-03 13:00:00+00:00,58398.99,0.0008207471315423713,974.0605640051817,-0.029393728893001344,0.05,HOLD,closed,0.05,0.049207210823100984,0.0007927891768990183,0.03020680296655945,True,False
2024-09-03 14:00:00+00:00,57672.84,0.0008207471315423713,973.4645784756123,-0.029987600890149645,0.05,HOLD,closed,0.05,0.04862510567361952,0.0013748943263804797,0.030220070391774434,True,False
2024-09-03 15:00:00+00:00,57725.0,0.0008207471315423713,973.5073886459935,-0.029944942536681004,0.05,HOLD,closed,0.05,0.04866694256340339,0.0013330574365966116,0.030220142711326864,True,False
2024-09-03 16:00:00+00:00,57708.0,0.0008207471315423713,973.4934359447573,-0.02995884575771183,0.05,HOLD,closed,0.05,0.04865330747821797,0.0013466925217820308,0.030218253803553585,True,False
2024-09-03 17:00:00+00:00,57698.0,0.0008207471315423713,973.4852284734418,-0.029967024123024117,0.05,HOLD,closed,0.05,0.04864528665729382,0.0013547133427061833,0.030211870234595428,True,False
2024-09-03 18:00:00+00:00,57926.0,0.0008207471315423713,973.6723588194335,-0.029780557393904998,0.05,HOLD,closed,0.05,0.04882812776914839,0.001171872230851613,0.030207642428046966,True,False
2024-09-03 19:00:00+00:00,58046.0,0.0008207471315423713,973.7708484752186,-0.0296824170101581,0.05,HOLD,closed,0.05,0.04892433170710275,0.00107566829289725,0.030208119370390057,True,False
2024-09-03 20:00:00+00:00,58228.0,0.0,973.8716725980597,-0.029581950438032373,0.0,SELL,closed,0.0,0.0,0.04907020387864189,0.03020800484649272,False,False
2024-09-03 21:00:00+00:00,58134.61,0.0,973.8716725980597,-0.029581950438032373,0.0,HOLD,closed,0.0,0.0,0.0,0.030206141675254927,True,False
2024-09-03 22:00:00+00:00,57865.0,0.0,973.8716725980597,-0.029581950438032373,0.0,HOLD,closed,0.0,0.0,0.0,0.030206088423996635,True,False
2024-09-03 23:00:00+00:00,57487.73,0.0008415032166232263,973.6576076735263,-0.02979525622809728,0.05,BUY,closed,0.05,0.05,0.05,0.030210201815755927,False,False
2024-09-04 00:00:00+00:00,57140.02,0.0008415032166232263,973.3650085900742,-0.030086817672850735,0.05,HOLD,closed,0.05,0.049399259479817104,0.0006007405201828991,0.030214293608113757,True,False
2024-09-04 01:00:00+00:00,56784.01,0.0008415032166232263,973.0654250299242,-0.030385338825382115,0.05,HOLD,closed,0.05,0.04910659225847632,0.0008934077415236816,0.030218278365339413,True,False
2024-09-04 02:00:00+00:00,56648.01,0.0008415032166232263,972.9509805924635,-0.030499377410658546,0.05,HOLD,closed,0.05,0.04899474236746963,0.0010052576325303708,0.030218895120961597,True,False
2024-09-04 03:00:00+00:00,56653.98,0.0008415032166232263,972.9560043666667,-0.030494371452172545,0.05,HOLD,closed,0.05,0.04899965280089005,0.0010003471991099494,0.03021881375527352,True,False
2024-09-04 04:00:00+00:00,56694.0,0.0008415032166232263,972.9896813253958,-0.030460813921417005,0.05,HOLD,closed,0.05,0.049032568668405226,0.0009674313315947772,0.03021885939393365,True,False
2024-09-04 05:00:00+00:00,56252.01,0.0008415032166232263,972.6177453186806,-0.03083143093837531,0.05,HOLD,closed,0.05,0.04866891189715242,0.0013310881028475857,0.03022560760180315,True,False
2024-09-04 06:00:00+00:00,56277.0,0.0008415032166232263,972.638774484064,-0.030810476348330753,0.05,HOLD,closed,0.05,0.048689480374690966,0.0013105196253090368,0.03022387275049171,True,False
2024-09-04 07:00:00+00:00,56746.0,0.0008415032166232263,973.0334394926604,-0.030417210932928845,0.05,HOLD,closed,0.05,0.04907533450792756,0.0009246654920724434,0.03023035379391384,True,False
2024-09-04 08:00:00+00:00,56783.01,0.0,972.9379594855701,-0.030512352341042208,0.0,SELL,closed,0.0,0.0,0.049105769928823366,0.030228805081439464,False,False
2024-09-04 09:00:00+00:00,56596.99,0.0,972.9379594855701,-0.030512352341042208,0.0,HOLD,closed,0.0,0.0,0.0,0.030165221653371738,True,False
2024-09-04 10:00:00+00:00,56456.45,0.0,972.9379594855701,-0.030512352341042208,0.0,HOLD,closed,0.0,0.0,0.0,0.03016553960799831,True,False
2024-09-04 11:00:00+00:00,56573.0,0.0,972.9379594855701,-0.030512352341042208,0.0,HOLD,closed,0.0,0.0,0.0,0.030165876485808096,True,False
2024-09-04 12:00:00+00:00,56599.99,0.0,972.9379594855701,-0.030512352341042208,0.0,HOLD,closed,0.0,0.0,0.0,0.030162938736664063,True,False
2024-09-04 13:00:00+00:00,56490.0,0.0,972.9379594855701,-0.030512352341042208,0.0,HOLD,closed,0.0,0.0,0.0,0.030163323462494812,True,False
2024-09-04 14:00:00+00:00,57511.1,0.0,972.9379594855701,-0.030512352341042208,0.0,HOLD,closed,0.0,0.0,0.0,0.030198352345918528,True,False
2024-09-04 15:00:00+00:00,58134.0,0.0,972.9379594855701,-0.030512352341042208,0.0,HOLD,closed,0.0,0.0,0.0,0.03021097861613828,True,False
2024-09-04 16:00:00+00:00,58406.07,0.0,972.9379594855701,-0.030512352341042208,0.0,HOLD,closed,0.0,0.0,0.0,0.030211277657375524,True,False
2024-09-04 17:00:00+00:00,57878.0,0.0,972.9379594855701,-0.030512352341042208,0.0,HOLD,closed,0.0,0.0,0.0,0.03021867599075742,True,False
2024-09-04 18:00:00+00:00,57684.01,0.0,972.9379594855701,-0.030512352341042208,0.0,HOLD,closed,0.0,0.0,0.0,0.0302197595609289,True,False
2024-09-04 19:00:00+00:00,58058.01,0.0,972.9379594855701,-0.030512352341042208,0.0,HOLD,closed,0.0,0.0,0.0,0.03022145844987112,True,False
2024-09-04 20:00:00+00:00,58048.01,0.0,972.9379594855701,-0.030512352341042208,0.0,HOLD,closed,0.0,0.0,0.0,0.030218369172949178,True,False
2024-09-04 21:00:00+00:00,58100.0,0.0,972.9379594855701,-0.030512352341042208,0.0,HOLD,closed,0.0,0.0,0.0,0.030198263227919103,True,False
2024-09-04 22:00:00+00:00,58130.99,0.0,972.9379594855701,-0.030512352341042208,0.0,HOLD,closed,0.0,0.0,0.0,0.030196882229221983,True,False
2024-09-04 23:00:00+00:00,57970.9,0.0,972.9379594855701,-0.030512352341042208,0.0,HOLD,closed,0.0,0.0,0.0,0.030197701283042305,True,False
2024-09-05 00:00:00+00:00,57997.75,0.0008391606473985829,972.8631728295552,-0.030586873782527037,0.05,BUY,closed,0.05,0.05,0.05,0.0301976287946151,False,False
2024-09-05 01:00:00+00:00,58021.99,0.0008391606473985829,972.8835140836482,-0.03056660466424591,0.05,HOLD,closed,0.05,0.05004686582402893,4.686582402892853e-05,0.030197470035122964,True,False
2024-09-05 02:00:00+00:00,57692.99,0.0008391606473985829,972.607430230654,-0.03084170944619668,0.05,HOLD,closed,0.05,0.04977721260804953,0.00022278739195047415,0.030199578509699482,True,False
2024-09-05 03:00:00+00:00,57135.42,0.0008391606473985829,972.139539428484,-0.03130794097589968,0.05,HOLD,closed,0.05,0.049319870339578034,0.0006801296604219687,0.030210038571490516,True,False
2024-09-05 04:00:00+00:00,57206.4,0.0008391606473985829,972.1991030512363,-0.031248588582517153,0.05,HOLD,closed,0.05,0.04937811556159433,0.000621884438405676,0.03020688890754994,True,False
2024-09-05 05:00:00+00:00,57194.99,0.0008391606473985829,972.1895282282495,-0.03125812945048691,0.05,HOLD,closed,0.05,0.04936875315230415,0.000631246847695853,0.030206854807652145,True,False
2024-09-05 06:00:00+00:00,56914.01,0.0008391606473985829,971.9537408695435,-0.03149308064085931,0.05,HOLD,closed,0.05,0.04913813844156994,0.0008618615584300646,0.030209472131870307,True,False
2024-09-05 07:00:00+00:00,57155.1,0.0008391606473985829,972.1560541100248,-0.03129148486006749,0.05,HOLD,closed,0.05,0.04933602019486324,0.0006639798051367649,0.030206685267549382,True,False
2024-09-05 08:00:00+00:00,57004.0,0.0008391606473985829,972.0292569362028,-0.03141783237542546,0.05,HOLD,closed,0.05,0.04921201003258321,0.0007879899674167953,0.030207368853417488,True,False
2024-09-05 09:00:00+00:00,56797.0,0.0008391606473985829,971.8555506821914,-0.03159092261817254,0.05,HOLD,closed,0.05,0.049042069324851036,0.0009579306751489672,0.03019531078817736,True,False
2024-09-05 10:00:00+00:00,56771.0,0.0008391606473985829,971.833732505359,-0.03161266342160944,0.05,HOLD,closed,0.05,0.04902071982071506,0.00097928017928494,0.03019529547364047,True,False
2024-09-05 11:00:00+00:00,56698.01,0.0008391606473985829,971.7724821697053,-0.03167369654633466,0.05,HOLD,closed,0.05,0.04896078007022885,0.00103921992977115,0.03019324031539561,True,False
2024-09-05 12:00:00+00:00,56662.0,0.0008391606473985829,971.7422639947926,-0.031703807559094625,0.05,HOLD,closed,0.05,0.048931205695868875,0.001068794304131128,0.03019262485900498,True,False
2024-09-05 13:00:00+00:00,57028.62,0.0008391606473985829,972.0499170713418,-0.03139724550694022,0.05,HOLD,closed,0.05,0.049232218262650666,0.0007677817373493365,0.030183235119607604,True,False
2024-09-05 14:00:00+00:00,56558.01,0.0,972.1501892147826,-0.03129732895674057,0.0,SELL,closed,0.0,0.0,0.048845790226831165,0.030157745922899742,False,False
2024-09-05 15:00:00+00:00,55976.01,0.0008594276576388686,971.7519268028727,-0.03169417901805138,0.05,BUY,closed,0.05,0.05,0.05,0.030146484287807307,False,False
2024-09-05 16:00:00+00:00,56335.0,0.0008594276576388686,972.0604527376886,-0.03138674720303148,0.05,HOLD,closed,0.05,0.04980745483136194,0.00019254516863806415,0.030146148704933456,True,False
2024-09-05 17:00:00+00:00,56602.99,0.0008594276576388686,972.2907707556592,-0.031157245957572976,0.05,HOLD,closed,0.05,0.050032538181195275,3.2538181195272686e-05,0.030117107486455102,True,False
2024-09-05 18:00:00+00:00,56548.99,0.0,972.193511305617,-0.031254160498232764,0.0,SELL,closed,0.0,0.0,0.04998719245278806,0.03011721110843449,False,False
2024-09-05 19:00:00+00:00,56060.01,0.0,972.193511305617,-0.031254160498232764,0.0,HOLD,closed,0.0,0.0,0.0,0.030125644343066277,True,False
2024-09-05 20:00:00+00:00,56094.0,0.0008671008841470006,972.1257490797096,-0.03132168242021615,0.05,BUY,closed,0.05,0.05,0.05,0.03012551172398467,False,False
2024-09-05 21:00:00+00:00,56150.6,0.0008671008841470006,972.1748269897523,-0.0312727785542549,0.05,HOLD,closed,0.05,0.05008176878652896,8.176878652895597e-05,0.030125453871665653,True,False
2024-09-05 22:00:00+00:00,56104.6,0.0,972.0774662103879,-0.0313697940648946,0.0,SELL,closed,0.0,0.0,0.050042793696155795,0.03011066809875207,False,False
2024-09-05 23:00:00+00:00,56180.0,0.0,972.0774662103879,-0.0313697940648946,0.0,HOLD,closed,0.0,0.0,0.0,0.030107597389372937,True,False
2024-09-06 00:00:00+00:00,56182.0,0.0,972.0774662103879,-0.0313697940648946,0.0,HOLD,closed,0.0,0.0,0.0,0.030101582897548412,True,False
2024-09-06 01:00:00+00:00,56558.99,0.0,972.0774662103879,-0.0313697940648946,0.0,HOLD,closed,0.0,0.0,0.0,0.03010629124199335,True,False
2024-09-06 02:00:00+00:00,56738.0,0.0,972.0774662103879,-0.0313697940648946,0.0,HOLD,closed,0.0,0.0,0.0,0.030103725589420316,True,False
2024-09-06 03:00:00+00:00,56588.0,0.0,972.0774662103879,-0.0313697940648946,0.0,HOLD,closed,0.0,0.0,0.0,0.030104364628285862,True,False
2024-09-06 04:00:00+00:00,56594.66,0.0,972.0774662103879,-0.0313697940648946,0.0,HOLD,closed,0.0,0.0,0.0,0.030104048801456423,True,False
2024-09-06 05:00:00+00:00,56491.01,0.0,972.0774662103879,-0.0313697940648946,0.0,HOLD,closed,0.0,0.0,0.0,0.030101150822427564,True,False
2024-09-06 06:00:00+00:00,56430.01,0.0,972.0774662103879,-0.0313697940648946,0.0,HOLD,closed,0.0,0.0,0.0,0.030099372064771174,True,False
2024-09-06 07:00:00+00:00,55804.29,0.0,972.0774662103879,-0.0313697940648946,0.0,HOLD,closed,0.0,0.0,0.0,0.03011363496790445,True,False
2024-09-06 08:00:00+00:00,55783.01,0.0008709703504913853,971.9617086224753,-0.03148514114382185,0.05,BUY,closed,0.05,0.05,0.05,0.030104030240449248,False,False
2024-09-06 09:00:00+00:00,55889.86,0.0008709703504913853,972.0547718044252,-0.031392407990106716,0.05,HOLD,closed,0.05,0.05007784783850474,7.784783850473681e-05,0.030096732765893253,True,False
2024-09-06 10:00:00+00:00,56178.01,0.0008709703504913853,972.3057419109193,-0.03114232789424286,0.05,HOLD,closed,0.05,0.05032304032623038,0.00032304032623037965,0.030096188001550256,True,False
2024-09-06 11:00:00+00:00,55999.09,0.0,972.2079076134906,-0.031239815243718508,0.0,SELL,closed,0.0,0.0,0.05017080868738399,0.030097268913336056,False,False
2024-09-06 12:00:00+00:00,56873.99,0.0008680568805792118,973.0686797672507,-0.030382095630270153,0.05,BUY,closed,0.05,0.05,0.05,0.03011671980519623,False,False
2024-09-06 13:00:00+00:00,55896.01,0.0,972.9699647354889,-0.030480460590747105,0.0,SELL,closed,0.0,0.0,0.04990735551433429,0.03013706340281086,False,False
2024-09-06 14:00:00+00:00,54733.24,0.0008703393719296681,972.060754867849,-0.031386446144309625,0.05,BUY,closed,0.05,0.05,0.05,0.030184993853197117,False,False
2024-09-06 15:00:00+00:00,54045.01,0.0008703393719296681,971.4617612019058,-0.03198331561013349,0.05,HOLD,closed,0.05,0.048419301652323596,0.001580698347676407,0.03020143596055111,True,False
2024-09-06 16:00:00+00:00,54074.0,0.0008703393719296681,971.486992340298,-0.03195817394845904,0.05,HOLD,closed,0.05,0.048444015791041566,0.0015559842089584372,0.03019572672824264,True,False
2024-09-06 17:00:00+00:00,53935.0,0.0008703393719296681,971.3660151675998,-0.0320787221020552,0.05,HOLD,closed,0.05,0.04832550582586246,0.0016744941741375433,0.03019473054459429,True,False
2024-09-06 18:00:00+00:00,53352.67,0.0008703393719296681,970.859190441144,-0.03258374948539092,0.05,HOLD,closed,0.05,0.04782869622676333,0.0021713037732366755,0.030207778981164723,True,False
2024-09-06 19:00:00+00:00,53534.28,0.0008703393719296681,971.0172527744802,-0.032426247685573624,0.05,HOLD,closed,0.05,0.047983690813708194,0.0020163091862918092,0.030208793835003106,True,False
2024-09-06 20:00:00+00:00,52887.99,0.0008703393719296681,970.4547611417958,-0.032986744564621716,0.05,HOLD,closed,0.05,0.04743188641278346,0.002568113587216543,0.030222071071769524,True,False
2024-09-06 21:00:00+00:00,53766.57,0.0008703393719296681,971.2194239071857,-0.03222479350860342,0.05,HOLD,closed,0.05,0.04818186458458279,0.001818135415417213,0.030251919544916656,True,False
2024-09-06 22:00:00+00:00,53644.01,0.0,971.1258656652292,-0.03231801996670309,0.0,SELL,closed,0.0,0.0,0.04807731514732238,0.030252164753592048,False,False
2024-09-06 23:00:00+00:00,53962.97,0.0,971.1258656652292,-0.03231801996670309,0.0,HOLD,closed,0.0,0.0,0.0,0.030256019731874084,True,False
2024-09-07 00:00:00+00:00,53914.0,0.0,971.1258656652292,-0.03231801996670309,0.0,HOLD,closed,0.0,0.0,0.0,0.030256003454401076,True,False
2024-09-07 01:00:00+00:00,53813.37,0.0,971.1258656652292,-0.03231801996670309,0.0,HOLD,closed,0.0,0.0,0.0,0.03025629661682261,True,False
2024-09-07 02:00:00+00:00,53802.0,0.0,971.1258656652292,-0.03231801996670309,0.0,HOLD,closed,0.0,0.0,0.0,0.03025630073629776,True,False
2024-09-07 03:00:00+00:00,53818.91,0.0,971.1258656652292,-0.03231801996670309,0.0,HOLD,closed,0.0,0.0,0.0,0.030256058959956034,True,False
2024-09-07 04:00:00+00:00,54060.59,0.0,971.1258656652292,-0.03231801996670309,0.0,HOLD,closed,0.0,0.0,0.0,0.030258231395089707,True,False
2024-09-07 05:00:00+00:00,54185.01,0.0,971.1258656652292,-0.03231801996670309,0.0,HOLD,closed,0.0,0.0,0.0,0.030258741325746713,True,False
2024-09-07 06:00:00+00:00,54320.23,0.0,971.1258656652292,-0.03231801996670309,0.0,HOLD,closed,0.0,0.0,0.0,0.030257909643685826,True,False
2024-09-07 07:00:00+00:00,54286.0,0.0,971.1258656652292,-0.03231801996670309,0.0,HOLD,closed,0.0,0.0,0.0,0.03025792361302343,True,False
2024-09-07 08:00:00+00:00,54370.99,0.0,971.1258656652292,-0.03231801996670309,0.0,HOLD,closed,0.0,0.0,0.0,0.03025792149336004,True,False
2024-09-07 09:00:00+00:00,54251.11,0.0,971.1258656652292,-0.03231801996670309,0.0,HOLD,closed,0.0,0.0,0.0,0.030258178839223604,True,False
2024-09-07 10:00:00+00:00,54346.01,0.0,971.1258656652292,-0.03231801996670309,0.0,HOLD,closed,0.0,0.0,0.0,0.030257129940104738,True,False
2024-09-07 11:00:00+00:00,54326.0,0.0,971.1258656652292,-0.03231801996670309,0.0,HOLD,closed,0.0,0.0,0.0,0.03025647182414301,True,False
2024-09-07 12:00:00+00:00,54578.71,0.0,971.1258656652292,-0.03231801996670309,0.0,HOLD,closed,0.0,0.0,0.0,0.030257307725948562,True,False
2024-09-07 13:00:00+00:00,54546.99,0.0,971.1258656652292,-0.03231801996670309,0.0,HOLD,closed,0.0,0.0,0.0,0.030256324110958938,True,False
2024-09-07 14:00:00+00:00,54632.17,0.0,971.1258656652292,-0.03231801996670309,0.0,HOLD,closed,0.0,0.0,0.0,0.030256587608503693,True,False
2024-09-07 15:00:00+00:00,54780.0,0.0,971.1258656652292,-0.03231801996670309,0.0,HOLD,closed,0.0,0.0,0.0,0.030257293122187834,True,False
2024-09-07 16:00:00+00:00,54465.97,0.0,971.1258656652292,-0.03231801996670309,0.0,HOLD,closed,0.0,0.0,0.0,0.03026073775377275,True,False
2024-09-07 17:00:00+00:00,54134.0,0.0008914978156684157,970.9341478094532,-0.03250905793700571,0.05,BUY,closed,0.05,0.05,0.05,0.030264560930264056,False,False
2024-09-07 18:00:00+00:00,54291.1,0.0008914978156684157,971.0742021162947,-0.03236950030215292,0.05,HOLD,closed,0.05,0.04984212015390267,0.00015787984609733074,0.03026547671671878,True,False
2024-09-07 19:00:00+00:00,54404.01,0.0008914978156684157,971.1748611346619,-0.032269198248994185,0.05,HOLD,closed,0.05,0.049940600832621376,5.9399167378626494e-05,0.030264968610189374,True,False
2024-09-07 20:00:00+00:00,54166.01,0.0,971.0778832730327,-0.03236583219983271,0.0,SELL,closed,0.0,0.0,0.04973299217534264,0.030265995025214237,False,False
2024-09-07 21:00:00+00:00,53926.99,0.0008963904515701201,970.9678914909019,-0.03247543392014815,0.05,BUY,closed,0.05,0.05,0.05,0.030266313861876087,False,False
2024-09-07 22:00:00+00:00,53954.0,0.0008963904515701201,970.9921029969988,-0.03245130827486593,0.05,HOLD,closed,0.05,0.04980869594586573,0.00019130405413426976,0.030251730724698306,True,False
2024-09-07 23:00:00+00:00,54160.86,0.0008963904515701201,971.1775303258106,-0.032266538523548514,0.05,HOLD,closed,0.05,0.049990116365788186,9.883634211817205e-06,0.030234137548012546,True,False
2024-09-08 00:00:00+00:00,54137.5,0.0,971.0804560449438,-0.03236326855169488,0.0,SELL,closed,0.0,0.0,0.0499696326414815,0.030233745744151053,False,False
2024-09-08 01:00:00+00:00,54275.0,0.0,971.0804560449438,-0.03236326855169488,0.0,HOLD,closed,0.0,0.0,0.0,0.03023447283247449,True,False
2024-09-08 02:00:00+00:00,54337.43,0.0,971.0804560449438,-0.03236326855169488,0.0,HOLD,closed,0.0,0.0,0.0,0.03023431737101623,True,False
2024-09-08 03:00:00+00:00,54402.99,0.0,971.0804560449438,-0.03236326855169488,0.0,HOLD,closed,0.0,0.0,0.0,0.030234462129918815,True,False
2024-09-08 04:00:00+00:00,54491.99,0.0,971.0804560449438,-0.03236326855169488,0.0,HOLD,closed,0.0,0.0,0.0,0.03023423653920526,True,False
2024-09-08 05:00:00+00:00,54344.01,0.0,971.0804560449438,-0.03236326855169488,0.0,HOLD,closed,0.0,0.0,0.0,0.03023413927857055,True,False
2024-09-08 06:00:00+00:00,54292.01,0.0,971.0804560449438,-0.03236326855169488,0.0,HOLD,closed,0.0,0.0,0.0,0.03023425962013271,True,False
2024-09-08 07:00:00+00:00,54436.25,0.0008943124928004544,971.1123193562895,-0.03233151823661882,0.05,BUY,closed,0.05,0.05,0.05,0.030234344631205473,False,False
2024-09-08 08:00:00+00:00,54480.0,0.0,971.0149776609263,-0.032428514730934534,0.0,SELL,closed,0.0,0.0,0.050169461037342974,0.030234355008149888,False,False
2024-09-08 09:00:00+00:00,54456.02,0.0,971.0149776609263,-0.032428514730934534,0.0,HOLD,closed,0.0,0.0,0.0,0.03023375926120178,True,False
2024-09-08 10:00:00+00:00,54608.01,0.0,971.0149776609263,-0.032428514730934534,0.0,HOLD,closed,0.0,0.0,0.0,0.03023460280559645,True,False
2024-09-08 11:00:00+00:00,54556.08,0.0,971.0149776609263,-0.032428514730934534,0.0,HOLD,closed,0.0,0.0,0.0,0.03023459907382542,True,False
2024-09-08 12:00:00+00:00,54194.7,0.0,971.0149776609263,-0.032428514730934534,0.0,HOLD,closed,0.0,0.0,0.0,0.030239458947574765,True,False
2024-09-08 13:00:00+00:00,54399.0,0.0008958577116299048,971.1008666596946,-0.032342930318728376,0.05,BUY,closed,0.05,0.05,0.05,0.030237988758051476,False,False
2024-09-08 14:00:00+00:00,54149.5,0.0008958577116299048,970.8773501606429,-0.03256565416536827,0.05,HOLD,closed,0.05,0.0499653711644184,3.462883558160573e-05,0.0302401475966686,True,False
2024-09-08 15:00:00+00:00,53687.0,0.0008958577116299048,970.4630159690141,-0.032978519011343896,0.05,HOLD,closed,0.05,0.04955975876757198,0.0004402412324280222,0.030247905097539635,True,False
2024-09-08 16:00:00+00:00,53907.18,0.0008958577116299048,970.6602659199608,-0.03278196856423701,0.05,HOLD,closed,0.05,0.049752899764008214,0.0002471002359917887,0.03024940093104736,True,False
2024-09-08 17:00:00+00:00,54510.01,0.0008958577116299048,971.2003158242626,-0.032243833828886764,0.05,HOLD,closed,0.05,0.05028129833141398,0.00028129833141397886,0.03025863564361045,True,False
2024-09-08 18:00:00+00:00,54412.01,0.0,971.1026648745656,-0.03234113848083342,0.0,SELL,closed,0.0,0.0,0.05019543839781997,0.030258742694038998,False,False
2024-09-08 19:00:00+00:00,54337.01,0.0,971.1026648745656,-0.03234113848083342,0.0,HOLD,closed,0.0,0.0,0.0,0.030231996513867793,True,False
2024-09-08 20:00:00+00:00,54379.02,0.0,971.1026648745656,-0.03234113848083342,0.0,HOLD,closed,0.0,0.0,0.0,0.030231848035636527,True,False
2024-09-08 21:00:00+00:00,54464.0,0.0,971.1026648745656,-0.03234113848083342,0.0,HOLD,closed,0.0,0.0,0.0,0.030230579697353738,True,False
2024-09-08 22:00:00+00:00,54530.0,0.0,971.1026648745656,-0.03234113848083342,0.0,HOLD,closed,0.0,0.0,0.0,0.03023037667593101,True,False
2024-09-08 23:00:00+00:00,54869.95,0.0,971.1026648745656,-0.03234113848083342,0.0,HOLD,closed,0.0,0.0,0.0,0.030234506333876976,True,False
2024-09-09 00:00:00+00:00,55045.0,0.0,971.1026648745656,-0.03234113848083342,0.0,HOLD,closed,0.0,0.0,0.0,0.030235007848935513,True,False
2024-09-09 01:00:00+00:00,55103.99,0.0,971.1026648745656,-0.03234113848083342,0.0,HOLD,closed,0.0,0.0,0.0,0.030234855486692136,True,False
2024-09-09 02:00:00+00:00,55113.0,0.0,971.1026648745656,-0.03234113848083342,0.0,HOLD,closed,0.0,0.0,0.0,0.030234608279766262,True,False
2024-09-09 03:00:00+00:00,55115.0,0.0,971.1026648745656,-0.03234113848083342,0.0,HOLD,closed,0.0,0.0,0.0,0.030234551885371608,True,False
2024-09-09 04:00:00+00:00,54849.65,0.0,971.1026648745656,-0.03234113848083342,0.0,HOLD,closed,0.0,0.0,0.0,0.030236844797119383,True,False
2024-09-09 05:00:00+00:00,54668.0,0.0008852405301351654,971.0453063409412,-0.03239829360495461,0.05,BUY,closed,0.05,0.05,0.05,0.030226301671557376,False,False
2024-09-09 06:00:00+00:00,54898.0,0.0008852405301351654,971.2489116628723,-0.03219541032479753,0.05,HOLD,closed,0.05,0.05003653959329121,3.6539593291209926e-05,0.030228245257839237,True,False
2024-09-09 07:00:00+00:00,54974.01,0.0008852405301351654,971.3161987955679,-0.03212836181121168,0.05,HOLD,closed,0.05,0.05010234753255507,0.00010234753255506518,0.030224503631736593,True,False
2024-09-09 08:00:00+00:00,55244.0,0.0,971.4195960446722,-0.032025331237852665,0.0,SELL,closed,0.0,0.0,0.05033602578714025,0.030227358183147146,False,False
2024-09-09 09:00:00+00:00,55152.0,0.0,971.4195960446722,-0.032025331237852665,0.0,HOLD,closed,0.0,0.0,0.0,0.030226385695250435,True,False
2024-09-09 10:00:00+00:00,55364.0,0.0,971.4195960446722,-0.032025331237852665,0.0,HOLD,closed,0.0,0.0,0.0,0.030222861245666394,True,False
2024-09-09 11:00:00+00:00,55264.87,0.0,971.4195960446722,-0.032025331237852665,0.0,HOLD,closed,0.0,0.0,0.0,0.030224167089504345,True,False
2024-09-09 12:00:00+00:00,55341.1,0.0,971.4195960446722,-0.032025331237852665,0.0,HOLD,closed,0.0,0.0,0.0,0.030224354835604456,True,False
2024-09-09 13:00:00+00:00,55686.92,0.0,971.4195960446722,-0.032025331237852665,0.0,HOLD,closed,0.0,0.0,0.0,0.030230302609496107,True,False
2024-09-09 14:00:00+00:00,54840.01,0.0,971.4195960446722,-0.032025331237852665,0.0,HOLD,closed,0.0,0.0,0.0,0.030261196531271656,True,False
2024-09-09 15:00:00+00:00,55386.0,0.0008856852626227865,971.8060139529699,-0.03164028367621065,0.05,BUY,closed,0.05,0.05,0.05,0.030272650028672105,False,False
2024-09-09 16:00:00+00:00,56430.11,0.0,971.9119791115958,-0.03153469429985997,0.0,SELL,closed,0.0,0.0,0.0513804214911224,0.030311998158978753,False,False
2024-09-09 17:00:00+00:00,56514.0,0.0,971.9119791115958,-0.03153469429985997,0.0,HOLD,closed,0.0,0.0,0.0,0.03031339790609891,True,False
2024-09-09 18:00:00+00:00,56530.0,0.0,971.9119791115958,-0.03153469429985997,0.0,HOLD,closed,0.0,0.0,0.0,0.030312861928617152,True,False
2024-09-09 19:00:00+00:00,57089.54,0.0,971.9119791115958,-0.03153469429985997,0.0,HOLD,closed,0.0,0.0,0.0,0.030323704493603526,True,False
2024-09-09 20:00:00+00:00,57007.98,0.0,971.9119791115958,-0.03153469429985997,0.0,HOLD,closed,0.0,0.0,0.0,0.030304970004109977,True,False
2024-09-09 21:00:00+00:00,57454.27,0.0,971.9119791115958,-0.03153469429985997,0.0,HOLD,closed,0.0,0.0,0.0,0.030326486335854774,True,False
2024-09-09 22:00:00+00:00,57216.0,0.0,971.9119791115958,-0.03153469429985997,0.0,HOLD,closed,0.0,0.0,0.0,0.030334594792332747,True,False
2024-09-09 23:00:00+00:00,57042.0,0.0008493356834141316,971.8700996934839,-0.03157642520176874,0.05,BUY,closed,0.05,0.05,0.05,0.030342424002301333,False,False
2024-09-10 00:00:00+00:00,56982.01,0.0008493356834141316,971.8191480458358,-0.031627196160534464,0.05,HOLD,closed,0.05,0.04980026839662378,0.00019973160337622559,0.030348419337343335,True,False
2024-09-10 01:00:00+00:00,56900.0,0.0008493356834141316,971.749494026439,-0.031696603167175166,0.05,HOLD,closed,0.05,0.04973215904236861,0.00026784095763139615,0.030366822010162442,True,False
2024-09-10 02:00:00+00:00,56775.28,0.0008493356834141316,971.6435648800036,-0.03180215665904477,0.05,HOLD,closed,0.05,0.04962856028978478,0.00037143971021522115,0.030393341000681057,True,False
2024-09-10 03:00:00+00:00,56524.74,0.0008493356834141316,971.4307723178811,-0.032014194598854004,0.05,HOLD,closed,0.05,0.04942038078859241,0.0005796192114075893,0.03040865527220843,True,False
2024-09-10 04:00:00+00:00,56609.99,0.0008493356834141316,971.5031781848921,-0.031942045503425165,0.05,HOLD,closed,0.05,0.04949122722845752,0.0005087727715424803,0.03040817614353236,True,False
2024-09-10 05:00:00+00:00,56945.45,0.0008493356834141316,971.7880963332502,-0.03165813775500811,0.05,HOLD,closed,0.05,0.049769906500778366,0.0002300934992216369,0.030430289663424898,True,False
2024-09-10 06:00:00+00:00,56825.99,0.0,971.6913889107655,-0.03175450222575555,0.0,SELL,closed,0.0,0.0,0.04967068531060723,0.030448808566446744,False,False
2024-09-10 07:00:00+00:00,57218.57,0.0008549707782623848,971.9298313580122,-0.031516905362533675,0.05,BUY,closed,0.05,0.05,0.05,0.0304827493956214,False,False
2024-09-10 08:00:00+00:00,57046.99,0.0,971.8320068748542,-0.031614382932542796,0.0,SELL,closed,0.0,0.0,0.05018970556032861,0.030574913993950292,False,False
2024-09-10 09:00:00+00:00,57086.01,0.0008517820194149195,971.7680359127642,-0.03167812703559735,0.05,BUY,closed,0.05,0.05,0.05,0.030699673559941132,False,False
2024-09-10 10:00:00+00:00,57170.0,0.0008517820194149195,971.8395770845748,-0.03160683956891642,0.05,HOLD,closed,0.05,0.05010742430971518,0.00010742430971517891,0.03069243595374399,True,False
2024-09-10 11:00:00+00:00,57228.0,0.0,971.742208676664,-0.03170386268104957,0.0,SELL,closed,0.0,0.0,0.05015570953888497,0.030679027584745,False,False
2024-09-10 12:00:00+00:00,57203.19,0.0,971.742208676664,-0.03170386268104957,0.0,HOLD,closed,0.0,0.0,0.0,0.030685659175858165,True,False
2024-09-10 13:00:00+00:00,56741.09,0.0008493774899626805,971.4636095892406,-0.03198147377770038,0.05,BUY,closed,0.05,0.05,0.05,0.030735249298999345,False,False
2024-09-10 14:00:00+00:00,56941.09,0.0008493774899626805,971.6334850872331,-0.03181220070603328,0.05,HOLD,closed,0.05,0.0497764649348174,0.00022353506518260624,0.03077608519992403,True,False
2024-09-10 15:00:00+00:00,56596.0,0.0008493774899626805,971.3403734092219,-0.03210427292754132,0.05,HOLD,closed,0.05,0.04948972547409556,0.0005102745259044431,0.030790877586921422,True,False
2024-09-10 16:00:00+00:00,56819.6,0.0008493774899626805,971.5302942159775,-0.03191502563341752,0.05,HOLD,closed,0.05,0.049675537156183336,0.0003244628438166669,0.030803986354548757,True,False
2024-09-10 17:00:00+00:00,57175.96,0.0008493774899626805,971.8329783783006,-0.031613414874321025,0.05,HOLD,closed,0.05,0.04997152234126219,2.8477658737813272e-05,0.030810426538095542,True,False
2024-09-10 18:00:00+00:00,57581.99,0.0,971.9482825615544,-0.03149851959215211,0.0,SELL,closed,0.0,0.0,0.050308537760742976,0.03082300648542491,False,False
2024-09-10 19:00:00+00:00,57952.01,0.0,971.9482825615544,-0.03149851959215211,0.0,HOLD,closed,0.0,0.0,0.0,0.030882093895868518,True,False
2024-09-10 20:00:00+00:00,57567.89,0.0,971.9482825615544,-0.03149851959215211,0.0,HOLD,closed,0.0,0.0,0.0,0.030944526052459148,True,False
2024-09-10 21:00:00+00:00,57507.99,0.0,971.9482825615544,-0.03149851959215211,0.0,HOLD,closed,0.0,0.0,0.0,0.030944735262808942,True,False
2024-09-10 22:00:00+00:00,57615.85,0.0008450548467704966,971.9422025998153,-0.031504577992635674,0.05,BUY,closed,0.05,0.05,0.05,0.030949581934346743,False,False
2024-09-10 23:00:00+00:00,57635.99,0.0,972.0604810935347,-0.03138671894774319,0.0,SELL,closed,0.0,0.0,0.050110716165100516,0.03095489830686271,False,False
2024-09-11 00:00:00+00:00,57640.5,0.0008432756001011996,971.9670539168698,-0.03147981480534566,0.05,BUY,closed,0.05,0.05,0.05,0.03095736027487994,False,False
2024-09-11 01:00:00+00:00,56717.99,0.0008432756001011996,971.1891237430204,-0.032254986219858936,0.05,HOLD,closed,0.05,0.04924776841553624,0.0007522315844637611,0.030993769788604714,True,False
2024-09-11 02:00:00+00:00,56921.1,0.0008432756001011996,971.3604014501569,-0.03208431591167612,0.05,HOLD,closed,0.05,0.049415412332292206,0.0005845876677077963,0.03099360353777303,True,False
2024-09-11 03:00:00+00:00,56819.55,0.0008432756001011996,971.2747668129667,-0.03216964686434195,0.05,HOLD,closed,0.05,0.04933160189155493,0.000668398108445073,0.030996373610790107,True,False
2024-09-11 04:00:00+00:00,56530.5,0.0008432756001011996,971.0310180007574,-0.03241253127466286,0.05,HOLD,closed,0.05,0.04909296451690041,0.0009070354830995955,0.030999884125770844,True,False
2024-09-11 05:00:00+00:00,56244.0,0.0008432756001011996,970.7894195413285,-0.03265327295795953,0.05,HOLD,closed,0.05,0.048856314147408895,0.0011436858525911073,0.03100329428972562,True,False
2024-09-11 06:00:00+00:00,56460.0,0.0008432756001011996,970.9715670709503,-0.03247177137474108,0.05,HOLD,closed,0.05,0.04903474210407512,0.00096525789592488,0.031004369928580133,True,False
2024-09-11 07:00:00+00:00,56712.0,0.0008432756001011996,971.1840725221758,-0.03226001952765284,0.05,HOLD,closed,0.05,0.04924282346264203,0.0007571765373579759,0.031007085837429088,True,False
2024-09-11 08:00:00+00:00,56398.0,0.0,971.0884571583276,-0.032355295812510974,0.0,SELL,closed,0.0,0.0,0.048983533522343484,0.031011731317607732,False,False
2024-09-11 09:00:00+00:00,56677.99,0.0008609243988913152,971.2323656486019,-0.03221189766224462,0.05,BUY,closed,0.05,0.05,0.05,0.03101039926161031,False,False
2024-09-11 10:00:00+00:00,56510.0,0.0,971.1348077094217,-0.03230910963351592,0.0,SELL,closed,0.0,0.0,0.050099322470603974,0.031002689670460465,False,False
2024-09-11 11:00:00+00:00,56797.99,0.0008592592529724135,971.2851280225441,-0.0321593223985298,0.05,BUY,closed,0.05,0.05,0.05,0.03100682313270836,False,False
2024-09-11 12:00:00+00:00,56748.01,0.0,971.1875526031395,-0.03225655178803572,0.0,SELL,closed,0.0,0.0,0.05020504007307086,0.03100287255785622,False,False
2024-09-11 13:00:00+00:00,55740.0,0.0,971.1875526031395,-0.03225655178803572,0.0,HOLD,closed,0.0,0.0,0.0,0.031049055736443065,True,False
2024-09-11 14:00:00+00:00,55974.0,0.0008711763350985579,971.29425611884,-0.032150226673032294,0.05,BUY,closed,0.05,0.05,0.05,0.0310258885410524,False,False
2024-09-11 15:00:00+00:00,56701.23,0.0008711763350985579,971.9278016850138,-0.03151892783774033,0.05,HOLD,closed,0.05,0.050823497034802496,0.0008234970348024936,0.03102594208309875,True,False
2024-09-11 16:00:00+00:00,57312.0,0.0,972.0495144388561,-0.03139764671157782,0.0,SELL,closed,0.0,0.0,0.0513428457335493,0.03103937815138741,False,False
2024-09-11 17:00:00+00:00,57694.0,0.0,972.0495144388561,-0.03139764671157782,0.0,HOLD,closed,0.0,0.0,0.0,0.031046884876120506,True,False
2024-09-11 18:00:00+00:00,57500.0,0.0,972.0495144388561,-0.03139764671157782,0.0,HOLD,closed,0.0,0.0,0.0,0.031049491589528494,True,False
2024-09-11 19:00:00+00:00,57585.5,0.0,972.0495144388561,-0.03139764671157782,0.0,HOLD,closed,0.0,0.0,0.0,0.031050670237484312,True,False
2024-09-11 20:00:00+00:00,57486.0,0.0,972.0495144388561,-0.03139764671157782,0.0,HOLD,closed,0.0,0.0,0.0,0.03104709104466996,True,False
2024-09-11 21:00:00+00:00,57352.0,0.0,972.0495144388561,-0.03139764671157782,0.0,HOLD,closed,0.0,0.0,0.0,0.031047257141258805,True,False
2024-09-11 22:00:00+00:00,57467.99,0.000847441688553892,972.0505799476298,-0.031396584981398155,0.05,BUY,closed,0.05,0.05,0.05,0.031024815732153155,False,False
2024-09-11 23:00:00+00:00,57338.0,0.0,971.9532112145205,-0.031493608417576535,0.0,SELL,closed,0.0,0.0,0.04999340544781843,0.031020651296372798,False,False
2024-09-12 00:00:00+00:00,57626.01,0.0008475646266128227,972.1000986826796,-0.031347241853719336,0.05,BUY,closed,0.05,0.05,0.05,0.03102195078476891,False,False
2024-09-12 01:00:00+00:00,58137.74,0.0,972.220328379809,-0.031227438524933242,0.0,SELL,closed,0.0,0.0,0.050667124097346576,0.031033244322279996,False,False
2024-09-12 02:00:00+00:00,57946.28,0.0,972.220328379809,-0.031227438524933242,0.0,HOLD,closed,0.0,0.0,0.0,0.031045089502841378,True,False
2024-09-12 03:00:00+00:00,58232.72,0.0,972.220328379809,-0.031227438524933242,0.0,HOLD,closed,0.0,0.0,0.0,0.03105716401941991,True,False
2024-09-12 04:00:00+00:00,58181.98,0.0,972.220328379809,-0.031227438524933242,0.0,HOLD,closed,0.0,0.0,0.0,0.031058110556119206,True,False
2024-09-12 05:00:00+00:00,57968.01,0.0,972.220328379809,-0.031227438524933242,0.0,HOLD,closed,0.0,0.0,0.0,0.031061086378981945,True,False
2024-09-12 06:00:00+00:00,57947.99,0.0008385834949136679,972.1062935998946,-0.03134106890542427,0.05,BUY,closed,0.05,0.05,0.05,0.031053823622233856,False,False
2024-09-12 07:00:00+00:00,58138.16,0.0008385834949136679,972.2657670231223,-0.031182161019837288,0.05,HOLD,closed,0.05,0.05014441838256202,0.0001444183825620171,0.031057481613026627,True,False
2024-09-12 08:00:00+00:00,58171.06,0.0,972.3862022319383,-0.031062152908166815,0.0,SELL,closed,0.0,0.0,0.05017137109446157,0.031054561210904247,False,False
2024-09-12 09:00:00+00:00,58022.0,0.0008357989369902649,972.1643551125123,-0.03128321329527099,0.05,BUY,closed,0.05,0.05,0.05,0.031059785280747543,False,False
2024-09-12 10:00:00+00:00,57930.41,0.0008357989369902649,972.0878042878734,-0.031359492649141424,0.05,HOLD,closed,0.05,0.04980843796603346,0.00019156203396654414,0.031061931148607003,True,False
2024-09-12 11:00:00+00:00,58057.99,0.0008357989369902649,972.1944355162547,-0.03125323956510613,0.05,HOLD,closed,0.05,0.04991265589791592,8.734410208408039e-05,0.031067447489657424,True,False
2024-09-12 12:00:00+00:00,57691.56,0.0008357989369902649,971.8881737117732,-0.03155841527903499,0.05,HOLD,closed,0.05,0.04961326397990512,0.0003867360200948827,0.031074821762972632,True,False
2024-09-12 13:00:00+00:00,57627.99,0.0008357989369902649,971.8350419733488,-0.03161135859736166,0.05,HOLD,closed,0.05,0.04956130485384009,0.0004386951461599134,0.03107471002846074,True,False
2024-09-12 14:00:00+00:00,57541.29,0.0008357989369902649,971.7625782055118,-0.03168356538828381,0.05,HOLD,closed,0.05,0.049490431195507195,0.0005095688044928076,0.031074078856188125,True,False
2024-09-12 15:00:00+00:00,57512.03,0.0008357989369902649,971.7381227286154,-0.03170793413917641,0.05,HOLD,closed,0.05,0.04946650997202533,0.0005334900279746757,0.031074231947292474,True,False
2024-09-12 16:00:00+00:00,58065.99,0.0008357989369902649,972.2011219077506,-0.031246576885436268,0.05,HOLD,closed,0.05,0.04991919020012442,8.080979987558357e-05,0.03108196773152133,True,False
2024-09-12 17:00:00+00:00,58389.1,0.0,972.3216556689224,-0.031126470570904403,0.0,SELL,closed,0.0,0.0,0.05018302739549687,0.031086355036247793,False,False
2024-09-12 18:00:00+00:00,58181.99,0.0,972.3216556689224,-0.031126470570904403,0.0,HOLD,closed,0.0,0.0,0.0,0.03108836723736158,True,False
2024-09-12 19:00:00+00:00,58388.0,0.0,972.3216556689224,-0.031126470570904403,0.0,HOLD,closed,0.0,0.0,0.0,0.03109001438471662,True,False
2024-09-12 20:00:00+00:00,58199.99,0.0,972.3216556689224,-0.031126470570904403,0.0,HOLD,closed,0.0,0.0,0.0,0.03109190533723119,True,False
2024-09-12 21:00:00+00:00,57921.11,0.0008353280264042335,972.2100638524851,-0.031237666651354416,0.05,BUY,closed,0.05,0.05,0.05,0.031100316131365907,False,False
2024-09-12 22:00:00+00:00,58143.34,0.0008353280264042335,972.3956987997929,-0.031052690017814615,0.05,HOLD,closed,0.05,0.04994752805951086,5.2471940489143276e-05,0.031102910746373613,True,False
2024-09-12 23:00:00+00:00,58132.32,0.0,972.2985772246942,-0.031149467172474198,0.0,SELL,closed,0.0,0.0,0.049938534174684454,0.031104558064678295,False,False
2024-09-13 00:00:00+00:00,58031.14,0.0008362806993431831,972.1167165411548,-0.03133068292684717,0.05,BUY,closed,0.05,0.05,0.05,0.031105736576302334,False,False
2024-09-13 01:00:00+00:00,58129.99,0.0008362806993431831,972.1993828882848,-0.031248309737849544,0.05,HOLD,closed,0.05,0.05000310589129261,3.105891292605467e-06,0.031106645861702087,True,False
2024-09-13 02:00:00+00:00,58050.8,0.0008362806993431831,972.1331578197039,-0.031314299953699,0.05,HOLD,closed,0.05,0.04993838882145706,6.161117854294046e-05,0.031103288661724765,True,False
2024-09-13 03:00:00+00:00,57845.97,0.0008362806993431831,971.9618624440574,-0.03148498786773437,0.05,HOLD,closed,0.05,0.049770953074374465,0.00022904692562553813,0.031104735211608725,True,False
2024-09-13 04:00:00+00:00,57844.0,0.0008362806993431831,971.9602149710797,-0.03148662949830918,0.05,HOLD,closed,0.05,0.04976934243573584,0.00023065756426416534,0.03110261234300582,True,False
2024-09-13 05:00:00+00:00,57946.0,0.0008362806993431831,972.0455156024127,-0.03140163136702179,0.05,HOLD,closed,0.05,0.049852728731646034,0.00014727126835396842,0.031100003153738676,True,False
2024-09-13 06:00:00+00:00,57767.01,0.0008362806993431831,971.8958297200372,-0.03155078642113098,0.05,HOLD,closed,0.05,0.04970639243886929,0.0002936075611307126,0.031101567631411225,True,False
2024-09-13 07:00:00+00:00,58109.31,0.0008362806993431831,972.1820886034225,-0.031265542692310515,0.05,HOLD,closed,0.05,0.0499862062619971,1.3793738002899902e-05,0.031103496729549818,True,False
2024-09-13 08:00:00+00:00,57953.64,0.0,972.0849215124593,-0.03136236520142252,0.0,SELL,closed,0.0,0.0,0.04985897393957089,0.03110183852712073,False,False
2024-09-13 09:00:00+00:00,58058.6,0.0008386747486848186,972.0757244065546,-0.03137152969180128,0.05,BUY,closed,0.05,0.05,0.05,0.03114735066424884,False,False
2024-09-13 10:00:00+00:00,58343.99,0.0,972.1988887919582,-0.031248802081971547,0.0,SELL,closed,0.0,0.0,0.050324871504494134,0.031197156230772266,False,False
2024-09-13 11:00:00+00:00,57871.1,0.0,972.1988887919582,-0.031248802081971547,0.0,HOLD,closed,0.0,0.0,0.0,0.031199281151689323,True,False
2024-09-13 12:00:00+00:00,57910.0,0.0008399692495839532,972.3548816482341,-0.03109336242026638,0.05,BUY,closed,0.05,0.05,0.05,0.031198073668490034,False,False
2024-09-13 13:00:00+00:00,58056.01,0.0008399692495839532,972.477525558366,-0.030971153439956593,0.05,HOLD,closed,0.05,0.05014538832199644,0.0001453883219964397,0.031139002265405447,True,False
2024-09-13 14:00:00+00:00,58456.89,0.0,972.5998439799351,-0.030849268793935437,0.0,SELL,closed,0.0,0.0,0.0504741680167637,0.03114644240486611,False,False
2024-09-13 15:00:00+00:00,59667.38,0.0,972.5998439799351,-0.030849268793935437,0.0,HOLD,closed,0.0,0.0,0.0,0.031200839068372482,True,False
2024-09-13 16:00:00+00:00,59452.31,0.0,972.5998439799351,-0.030849268793935437,0.0,HOLD,closed,0.0,0.0,0.0,0.031203479282720936,True,False
2024-09-13 17:00:00+00:00,59584.0,0.0,972.5998439799351,-0.030849268793935437,0.0,HOLD,closed,0.0,0.0,0.0,0.03118494868026242,True,False
2024-09-13 18:00:00+00:00,59752.17,0.0,972.5998439799351,-0.030849268793935437,0.0,HOLD,closed,0.0,0.0,0.0,0.031184075374616982,True,False
2024-09-13 19:00:00+00:00,59743.99,0.0,972.5998439799351,-0.030849268793935437,0.0,HOLD,closed,0.0,0.0,0.0,0.031185126290259546,True,False
2024-09-13 20:00:00+00:00,59838.52,0.0,972.5998439799351,-0.030849268793935437,0.0,HOLD,closed,0.0,0.0,0.0,0.031186990797092112,True,False
2024-09-13 21:00:00+00:00,60283.86,0.0,972.5998439799351,-0.030849268793935437,0.0,HOLD,closed,0.0,0.0,0.0,0.03119619972005122,True,False
2024-09-13 22:00:00+00:00,60608.0,0.0,972.5998439799351,-0.030849268793935437,0.0,HOLD,closed,0.0,0.0,0.0,0.031201065244977566,True,False
2024-09-13 23:00:00+00:00,60498.0,0.0,972.5998439799351,-0.030849268793935437,0.0,HOLD,closed,0.0,0.0,0.0,0.031201351927131776,True,False
2024-09-14 00:00:00+00:00,60414.39,0.0,972.5998439799351,-0.030849268793935437,0.0,HOLD,closed,0.0,0.0,0.0,0.031201505556583714,True,False
2024-09-14 01:00:00+00:00,60406.06,0.0008049405480879102,972.4958545257755,-0.030952889472224004,0.05,BUY,closed,0.05,0.05,0.05,0.031201222714824978,False,False
2024-09-14 02:00:00+00:00,60287.99,0.0008049405480879102,972.4008151952627,-0.031047591766523074,0.05,HOLD,closed,0.05,0.04990560163606377,9.439836393623086e-05,0.03120169400696332,True,False
2024-09-14 03:00:00+00:00,60329.37,0.0008049405480879102,972.4341236351426,-0.031014401447745293,0.05,HOLD,closed,0.05,0.04993814488128621,6.185511871379529e-05,0.031199388286374558,True,False
2024-09-14 04:00:00+00:00,60213.05,0.0008049405480879102,972.340492950589,-0.031107700091540125,0.05,HOLD,closed,0.05,0.049846659498842566,0.0001533405011574368,0.031199751159406125,True,False
2024-09-14 05:00:00+00:00,59926.0,0.0008049405480879102,972.1094347662604,-0.03133793887851843,0.05,HOLD,closed,0.05,0.04962082000193163,0.0003791799980683713,0.031202944599587085,True,False
2024-09-14 06:00:00+00:00,60046.0,0.0008049405480879102,972.2060276320309,-0.031241688558234906,0.05,HOLD,closed,0.05,0.04971524427616523,0.0002847557238347745,0.031202172794284694,True,False
2024-09-14 07:00:00+00:00,60138.14,0.0008049405480879102,972.2801948541318,-0.031167784353977122,0.05,HOLD,closed,0.05,0.04978773364796341,0.00021226635203659,0.031201163300404733,True,False
2024-09-14 08:00:00+00:00,59973.99,0.0008049405480879102,972.1480638631631,-0.03129944677126507,0.05,HOLD,closed,0.05,0.04965858409446359,0.0003414159055364144,0.03120130210450628,True,False
2024-09-14 09:00:00+00:00,60070.2,0.0008049405480879102,972.2255071932947,-0.031222278076977666,0.05,HOLD,closed,0.05,0.04973428423138152,0.00026571576861848106,0.03120125867560694,True,False
2024-09-14 10:00:00+00:00,59851.09,0.0008049405480879102,972.0491366698031,-0.031398023140955425,0.05,HOLD,closed,0.05,0.049561866134987385,0.00043813386501261736,0.03120379762654163,True,False
2024-09-14 11:00:00+00:00,59706.39,0.0008049405480879102,971.9326617724947,-0.03151408498549746,0.05,HOLD,closed,0.05,0.04944796710844583,0.0005520328915541717,0.031204925926920507,True,False
2024-09-14 12:00:00+00:00,59794.03,0.0008049405480879102,972.0032067621291,-0.03144379016825037,0.05,HOLD,closed,0.05,0.04951695523815652,0.00048304476184348605,0.031202662426808025,True,False
2024-09-14 13:00:00+00:00,59769.11,0.0008049405480879102,971.9831476436708,-0.03146377815142924,0.05,HOLD,closed,0.05,0.04949733982400685,0.0005026601759931526,0.03120062583679309,True,False
2024-09-14 14:00:00+00:00,59914.0,0.0008049405480879102,972.0997754796833,-0.03134756391054679,0.05,HOLD,closed,0.05,0.04961137654243496,0.000388623457565046,0.03120062441431176,True,False
2024-09-14 15:00:00+00:00,59876.0,0.0008049405480879102,972.0691877388559,-0.03137804317863665,0.05,HOLD,closed,0.05,0.049581471015887835,0.0004185289841121681,0.031201041487247394,True,False
2024-09-14 16:00:00+00:00,59981.99,0.0008049405480879102,972.1545033875478,-0.03129303008324612,0.05,HOLD,closed,0.05,0.04966487912956366,0.0003351208704363423,0.031201936514836326,True,False
2024-09-14 17:00:00+00:00,59885.26,0.0008049405480879102,972.0766414883312,-0.03137061586225476,0.05,HOLD,closed,0.05,0.049588758693946716,0.00041124130605328657,0.031193258782762384,True,False
2024-09-14 18:00:00+00:00,59786.0,0.0008049405480879102,971.9967430895281,-0.03145023091884926,0.05,HOLD,closed,0.05,0.049510634629308846,0.0004893653706911569,0.0311920679319789,True,False
2024-09-14 19:00:00+00:00,59810.0,0.0008049405480879102,972.0160616626822,-0.03143098085479253,0.05,HOLD,closed,0.05,0.04952952536482376,0.00047047463517624344,0.031188449669260848,True,False
2024-09-14 20:00:00+00:00,60024.01,0.0008049405480879102,972.1883269893784,-0.03125932642942689,0.05,HOLD,closed,0.05,0.04969794243205523,0.00030205756794477595,0.031190438154572092,True,False
2024-09-14 21:00:00+00:00,60036.0,0.0,972.0917276615533,-0.03135558318884882,0.0,SELL,closed,0.0,0.0,0.04970737630329094,0.031190453431571813,False,False
2024-09-14 22:00:00+00:00,60006.97,0.0,972.0917276615533,-0.03135558318884882,0.0,HOLD,closed,0.0,0.0,0.0,0.031190537893153653,True,False
2024-09-14 23:00:00+00:00,59993.03,0.0008099823467686781,971.9832030325799,-0.031463722958944784,0.05,BUY,closed,0.05,0.05,0.05,0.031190590364445298,False,False
2024-09-15 00:00:00+00:00,60025.95,0.0008099823467686781,972.0098676514356,-0.031437152900332055,0.05,HOLD,closed,0.05,0.05002002702451426,2.002702451425753e-05,0.031190653114437084,True,False
2024-09-15 01:00:00+00:00,60235.22,0.0008099823467686781,972.1793726571439,-0.03126824900707925,0.05,HOLD,closed,0.05,0.05018566143856467,0.00018566143856466738,0.031192513493339846,True,False
2024-09-15 02:00:00+00:00,60238.01,0.0,972.0818181221688,-0.0313654575862177,0.0,SELL,closed,0.0,0.0,0.05018786929620279,0.031191820997790304,False,False
2024-09-15 03:00:00+00:00,60155.93,0.0,972.0818181221688,-0.0313654575862177,0.0,HOLD,closed,0.0,0.0,0.0,0.03119164546405262,True,False
2024-09-15 04:00:00+00:00,60117.99,0.0008079684065412743,971.953931316967,-0.031492890868815966,0.05,BUY,closed,0.05,0.05,0.05,0.03119165682420258,False,False
2024-09-15 05:00:00+00:00,60160.0,0.0008079684065412743,971.9878740697258,-0.03145906848661128,0.05,HOLD,closed,0.05,0.05000821577537109,8.215775371085698e-06,0.031191568685588256,True,False
2024-09-15 06:00:00+00:00,60164.01,0.0008079684065412743,971.991114023036,-0.03145584002308738,0.05,HOLD,closed,0.05,0.05001138239796834,1.1382397968336122e-05,0.03119166661524092,True,False
2024-09-15 07:00:00+00:00,60196.0,0.0008079684065412743,972.0169609323613,-0.03143008477417685,0.05,HOLD,closed,0.05,0.050036643551472935,3.664355147293269e-05,0.031191829360357415,True,False
2024-09-15 08:00:00+00:00,60069.99,0.0008079684065412743,971.915148833453,-0.031531535818728494,0.05,HOLD,closed,0.05,0.04993713099286938,6.28690071306226e-05,0.031192483036061563,True,False
2024-09-15 09:00:00+00:00,60016.0,0.0008079684065412743,971.8715266191838,-0.031575003336348974,0.05,HOLD,closed,0.05,0.049894487654829456,0.00010551234517054697,0.031192099237707327,True,False
2024-09-15 10:00:00+00:00,59991.3,0.0008079684065412743,971.8515697995423,-0.0315948893834914,0.05,HOLD,closed,0.05,0.04987497738706887,0.00012502261293113187,0.031192318773889477,True,False
2024-09-15 11:00:00+00:00,60000.51,0.0008079684065412743,971.8590111885665,-0.031587474383727006,0.05,HOLD,closed,0.05,0.049882252361971136,0.00011774763802886723,0.0311924653218289,True,False
2024-09-15 12:00:00+00:00,60104.39,0.0008079684065412743,971.942942946638,-0.03150384027129119,0.05,HOLD,closed,0.05,0.049964299413717224,3.570058628277889e-05,0.03119315527773356,True,False
2024-09-15 13:00:00+00:00,60189.98,0.0,972.0657296573983,-0.031381488996764226,0.0,SELL,closed,0.0,0.0,0.05003188991404567,0.031194700340881287,False,False
2024-09-15 14:00:00+00:00,60279.52,0.0,972.0657296573983,-0.031381488996764226,0.0,HOLD,closed,0.0,0.0,0.0,0.0311963725811778,True,False
2024-09-15 15:00:00+00:00,60335.41,0.0,972.0657296573983,-0.031381488996764226,0.0,HOLD,closed,0.0,0.0,0.0,0.031196935141329596,True,False
2024-09-15 16:00:00+00:00,59950.05,0.0,972.0657296573983,-0.031381488996764226,0.0,HOLD,closed,0.0,0.0,0.0,0.031203224620996117,True,False
2024-09-15 17:00:00+00:00,59814.07,0.0008107297071957391,972.0788917793259,-0.031368373551425285,0.05,BUY,closed,0.05,0.05,0.05,0.031203242906494788,False,False
2024-09-15 18:00:00+00:00,59971.09,0.0008107297071957391,972.2061925579497,-0.031241524217189776,0.05,HOLD,closed,0.05,0.0500103214812749,1.0321481274895572e-05,0.03120440939771954,True,False
2024-09-15 19:00:00+00:00,59878.22,0.0008107297071957391,972.1309000900425,-0.031316549676815644,0.05,HOLD,closed,0.05,0.049936743872153036,6.325612784696677e-05,0.03120263422230382,True,False
2024-09-15 20:00:00+00:00,59795.99,0.0008107297071957391,972.0642337862198,-0.031382979563162494,0.05,HOLD,closed,0.05,0.0498715864437832,0.00012841355621680262,0.031203471844909986,True,False
2024-09-15 21:00:00+00:00,59651.69,0.0008107297071957391,971.9472454894715,-0.03149955298648554,0.05,HOLD,closed,0.05,0.04975722436774463,0.00024277563225537369,0.031205004228266525,True,False
2024-09-15 22:00:00+00:00,59430.31,0.0008107297071957391,971.7677661468924,-0.031678395844803385,0.05,HOLD,closed,0.05,0.049581720554382765,0.0004182794456172381,0.03121238624938444,True,False
2024-09-15 23:00:00+00:00,59132.0,0.0008107297071957391,971.5259173679389,-0.031919386959921206,0.05,HOLD,closed,0.05,0.04934512624817857,0.0006548737518214318,0.031225735895033607,True,False
2024-09-16 00:00:00+00:00,58666.36,0.0008107297071957391,971.1484091870802,-0.03229555639052514,0.05,HOLD,closed,0.05,0.04897558438555549,0.00102441561444451,0.031239391002367195,True,False
2024-09-16 01:00:00+00:00,58607.07,0.0008107297071957391,971.1003410227406,-0.03234345409162577,0.05,HOLD,closed,0.05,0.048928509952595636,0.0010714900474043665,0.031242533867957473,True,False
2024-09-16 02:00:00+00:00,58263.99,0.0008107297071957391,970.8221958747959,-0.03262061285859515,0.05,HOLD,closed,0.05,0.048656023475226975,0.0013439765247730273,0.031249599454119648,True,False
2024-09-16 03:00:00+00:00,58575.09,0.0008107297071957391,971.0744138867045,-0.03236928928274059,0.05,HOLD,closed,0.05,0.04890311688327993,0.001096883116720071,0.03125429862457019,True,False
2024-09-16 04:00:00+00:00,58352.0,0.0,970.979460499858,-0.03246390593815384,0.0,SELL,closed,0.0,0.0,0.048725939071457905,0.03125630022260553,False,False
2024-09-16 05:00:00+00:00,58670.0,0.0008320020109852793,971.1469232388349,-0.032297037069179774,0.05,BUY,closed,0.05,0.05,0.05,0.03126074565674486,False,False
2024-09-16 06:00:00+00:00,58707.43,0.0,971.0493205296449,-0.03239429365169385,0.0,SELL,closed,0.0,0.0,0.05029427823418809,0.031262528619480506,False,False
2024-09-16 07:00:00+00:00,58911.1,0.0,971.0493205296449,-0.03239429365169385,0.0,HOLD,closed,0.0,0.0,0.0,0.03126564370107984,True,False
2024-09-16 08:00:00+00:00,58924.98,0.0,971.0493205296449,-0.03239429365169385,0.0,HOLD,closed,0.0,0.0,0.0,0.03126493863249233,True,False
2024-09-16 09:00:00+00:00,58636.54,0.0,971.0493205296449,-0.03239429365169385,0.0,HOLD,closed,0.0,0.0,0.0,0.03126908071455431,True,False
2024-09-16 10:00:00+00:00,58749.99,0.0008280240618986429,971.0461306511813,-0.03239747221795062,0.05,BUY,closed,0.05,0.05,0.05,0.031267636239076746,False,False
2024-09-16 11:00:00+00:00,58663.99,0.0,970.9488621636714,-0.03249439576402876,0.0,SELL,closed,0.0,0.0,0.05002723989809398,0.03126922951108646,False,False
2024-09-16 12:00:00+00:00,58527.99,0.0,970.9488621636714,-0.03249439576402876,0.0,HOLD,closed,0.0,0.0,0.0,0.03127405821367374,True,False
2024-09-16 13:00:00+00:00,58497.1,0.000829473950979413,971.0479670737707,-0.032395642307832616,0.05,BUY,closed,0.05,0.05,0.05,0.03127616346243661,False,False
2024-09-16 14:00:00+00:00,57604.0,0.000829473950979413,970.307163888151,-0.03313381839686552,0.05,HOLD,closed,0.05,0.04924318736424985,0.0007568126357501495,0.031310523233398335,True,False
2024-09-16 15:00:00+00:00,57881.69,0.000829473950979413,970.5375005095984,-0.03290429861390332,0.05,HOLD,closed,0.05,0.049468829456312965,0.0005311705436870373,0.03131119602626986,True,False
2024-09-16 16:00:00+00:00,57809.98,0.000829473950979413,970.4780189325737,-0.03296356925251549,0.05,HOLD,closed,0.05,0.04941057044175301,0.0005894295582469927,0.03131223328730537,True,False
2024-09-16 17:00:00+00:00,58176.01,0.000829473950979413,970.7816312828508,-0.03266103359708077,0.05,HOLD,closed,0.05,0.049707867672722714,0.0002921323272772891,0.03131751160687757,True,False
2024-09-16 18:00:00+00:00,57896.0,0.0,970.6851361627051,-0.0327571865183729,0.0,SELL,closed,0.0,0.0,0.049480454406929004,0.031321665083052036,False,False
2024-09-16 19:00:00+00:00,57943.99,0.0008383006910345319,970.6282734321231,-0.03281384759770889,0.05,BUY,closed,0.05,0.05,0.05,0.031321814625477146,False,False
2024-09-16 20:00:00+00:00,57687.99,0.0,970.7536905870576,-0.03268887520730308,0.0,SELL,closed,0.0,0.0,0.04983429588164836,0.03132444522235156,False,False
2024-09-16 21:00:00+00:00,57995.5,0.000841382688416185,970.9153161258446,-0.03252782283816427,0.05,BUY,closed,0.05,0.05,0.05,0.031326202432063716,False,False
2024-09-16 22:00:00+00:00,57970.01,0.0,970.8177477046373,-0.032625045254290407,0.0,SELL,closed,0.0,0.0,0.05023717257317505,0.03132630258825164,False,False
2024-09-16 23:00:00+00:00,58213.99,0.0,970.8177477046373,-0.032625045254290407,0.0,HOLD,closed,0.0,0.0,0.0,0.03133173143143131,True,False
2024-09-17 00:00:00+00:00,57630.01,0.0,970.8177477046373,-0.032625045254290407,0.0,HOLD,closed,0.0,0.0,0.0,0.031350354414594245,True,False
2024-09-17 01:00:00+00:00,57896.0,0.0008422849030432558,970.9446810207836,-0.032498562079407115,0.05,BUY,closed,0.05,0.05,0.05,0.0313541477986706,False,False
2024-09-17 02:00:00+00:00,58115.52,0.0,971.0711233016164,-0.03237256819848794,0.0,SELL,closed,0.0,0.0,0.05040503982858327,0.03135100321751441,False,False
2024-09-17 03:00:00+00:00,58060.0,0.0,971.0711233016164,-0.03237256819848794,0.0,HOLD,closed,0.0,0.0,0.0,0.031350708282800344,True,False
2024-09-17 04:00:00+00:00,58246.01,0.0,971.0711233016164,-0.03237256819848794,0.0,HOLD,closed,0.0,0.0,0.0,0.03135249879134744,True,False
2024-09-17 05:00:00+00:00,58642.76,0.0,971.0711233016164,-0.03237256819848794,0.0,HOLD,closed,0.0,0.0,0.0,0.03136002357630768,True,False
2024-09-17 06:00:00+00:00,58488.0,0.0,971.0711233016164,-0.03237256819848794,0.0,HOLD,closed,0.0,0.0,0.0,0.03136244618035183,True,False
2024-09-17 07:00:00+00:00,58695.39,0.0,971.0711233016164,-0.03237256819848794,0.0,HOLD,closed,0.0,0.0,0.0,0.03136974694926489,True,False
2024-09-17 08:00:00+00:00,58792.0,0.0,971.0711233016164,-0.03237256819848794,0.0,HOLD,closed,0.0,0.0,0.0,0.03138926436619832,True,False
2024-09-17 09:00:00+00:00,58966.48,0.0,971.0711233016164,-0.03237256819848794,0.0,HOLD,closed,0.0,0.0,0.0,0.03150070917481676,True,False
2024-09-17 10:00:00+00:00,59236.0,0.0,971.0711233016164,-0.03237256819848794,0.0,HOLD,closed,0.0,0.0,0.0,0.031595353009919946,True,False
2024-09-17 11:00:00+00:00,59080.99,0.0,971.0711233016164,-0.03237256819848794,0.0,HOLD,closed,0.0,0.0,0.0,0.03159716892241626,True,False
2024-09-17 12:00:00+00:00,59381.1,0.000821813516751849,971.2206263670205,-0.03222359531302966,0.05,BUY,closed,0.05,0.05,0.05,0.03160228857757666,False,False
2024-09-17 13:00:00+00:00,58966.0,0.0,971.1230503858766,-0.032320825262282776,0.0,SELL,closed,0.0,0.0,0.049912534201455375,0.031604268562519994,False,False
2024-09-17 14:00:00+00:00,60265.17,0.000823460172290707,972.0957285547967,-0.03135159648389885,0.05,BUY,closed,0.05,0.05,0.05,0.03167681861613375,False,False
2024-09-17 15:00:00+00:00,61135.5,0.0,972.2323556522451,-0.031215453904590067,0.0,SELL,closed,0.0,0.0,0.051749596131920234,0.031708357231839124,False,False
2024-09-17 16:00:00+00:00,60873.86,0.0,972.2323556522451,-0.031215453904590067,0.0,HOLD,closed,0.0,0.0,0.0,0.03170881939262066,True,False
2024-09-17 17:00:00+00:00,60958.37,0.0,972.2323556522451,-0.031215453904590067,0.0,HOLD,closed,0.0,0.0,0.0,0.03162368027445042,True,False
2024-09-17 18:00:00+00:00,60540.17,0.0,972.2323556522451,-0.031215453904590067,0.0,HOLD,closed,0.0,0.0,0.0,0.03159573640152444,True,False
2024-09-17 19:00:00+00:00,59967.99,0.0008029646725903191,971.9044794047343,-0.031542167410650225,0.05,BUY,closed,0.05,0.05,0.05,0.031609451988066944,False,False
2024-09-17 20:00:00+00:00,60120.0,0.0008029646725903191,972.0265380646147,-0.03142054160512978,0.05,HOLD,closed,0.05,0.049663496031958125,0.0003365039680418777,0.031605725831635206,True,False
2024-09-17 21:00:00+00:00,60334.07,0.0008029646725903191,972.1984287120761,-0.031249260530280945,0.05,HOLD,closed,0.05,0.049831521356983266,0.00016847864301673676,0.03160383380190088,True,False
2024-09-17 22:00:00+00:00,60240.01,0.0008029646725903191,972.1229018549723,-0.03132451954789328,0.05,HOLD,closed,0.05,0.04975770019838891,0.00024229980161109138,0.0316041135355854,True,False
2024-09-17 23:00:00+00:00,60313.99,0.0008029646725903191,972.1823051814505,-0.03126532688232914,0.05,HOLD,closed,0.05,0.04981576292311419,0.00018423707688581398,0.03160089990378859,True,False
2024-09-18 00:00:00+00:00,60240.0,0.0008029646725903191,972.1228938253256,-0.031324527549064556,0.05,HOLD,closed,0.05,0.04975769234947389,0.0002423076505261093,0.031597269810798134,True,False
2024-09-18 01:00:00+00:00,60114.0,0.0008029646725903191,972.0217202765791,-0.03142534230793305,0.05,HOLD,closed,0.05,0.04965878572585792,0.00034121427414208344,0.031598748227126106,True,False
2024-09-18 02:00:00+00:00,60352.0,0.0008029646725903191,972.2128258686557,-0.03123491443007043,0.05,HOLD,closed,0.05,0.049845592066605666,0.00015440793339433628,0.03160147915745054,True,False
2024-09-18 03:00:00+00:00,60509.99,0.0008029646725903191,972.3396862572782,-0.03110850392408939,0.05,HOLD,closed,0.05,0.04996955795953946,3.0442040460543218e-05,0.031587216925002604,True,False
2024-09-18 04:00:00+00:00,60429.99,0.0,972.2425437959442,-0.031205301890915853,0.0,SELL,closed,0.0,0.0,0.04990679048897849,0.0315701829998728,False,False
2024-09-18 05:00:00+00:00,60241.07,0.0008044371212008676,972.2205442875543,-0.031227223382857557,0.05,BUY,closed,0.05,0.05,0.05,0.03152978021415925,False,False
2024-09-18 06:00:00+00:00,60453.99,0.0008044371212008676,972.3918250394003,-0.03105655004076263,0.05,HOLD,closed,0.05,0.050012178659292555,1.2178659292552685e-05,0.03152342558078469,True,False
2024-09-18 07:00:00+00:00,60428.01,0.0,972.2945864877557,-0.031153443757136343,0.0,SELL,closed,0.0,0.0,0.049991760465435506,0.031522970013641904,False,False
2024-09-18 08:00:00+00:00,60198.05,0.0008045065413272385,972.2394905192878,-0.031208344339794004,0.05,BUY,closed,0.05,0.05,0.05,0.031526109576043626,False,False
2024-09-18 09:00:00+00:00,59654.77,0.0008045065413272385,971.8024182055154,-0.031643866672132676,0.05,HOLD,closed,0.05,0.049385195783925785,0.0006148042160742176,0.03152269126884841,True,False
2024-09-18 10:00:00+00:00,59907.49,0.0008045065413272385,972.0057330986397,-0.03144127279084012,0.05,HOLD,closed,0.05,0.04958403632646596,0.0004159636735340394,0.031524976923518105,True,False
2024-09-18 11:00:00+00:00,59846.0,0.0008045065413272385,971.9562639914135,-0.03149056646668955,0.05,HOLD,closed,0.05,0.04953566354369959,0.00046433645630040987,0.0315237136984729,True,False
2024-09-18 12:00:00+00:00,59978.24,0.0008045065413272385,972.0626519364386,-0.031384555803259225,0.05,HOLD,closed,0.05,0.049639687648909074,0.0003603123510909287,0.03152302054418085,True,False
2024-09-18 13:00:00+00:00,59508.5,0.0008045065413272385,971.6847430337154,-0.03176112453465513,0.05,HOLD,closed,0.05,0.049270072271692354,0.0007299277283076486,0.03151957142566256,True,False
2024-09-18 14:00:00+00:00,59487.6,0.0008045065413272385,971.6679288470018,-0.031777879093530526,0.05,HOLD,closed,0.05,0.049253620405736324,0.0007463795942636783,0.03148981538487683,True,False
2024-09-18 15:00:00+00:00,59429.18,0.0008045065413272385,971.6209295748574,-0.03182471169302847,0.05,HOLD,closed,0.05,0.04920763087785084,0.0007923691221491599,0.031477032271820554,True,False
2024-09-18 16:00:00+00:00,59915.26,0.0008045065413272385,972.0119841144658,-0.03143504394287538,0.05,HOLD,closed,0.05,0.04959014845813451,0.0004098515418654927,0.03148093392574011,True,False
2024-09-18 17:00:00+00:00,60013.01,0.0,972.1395616782359,-0.03130791880505171,0.0,SELL,closed,0.0,0.0,0.04966703503407348,0.03148189268704546,False,False
2024-09-18 18:00:00+00:00,60629.79,0.0,972.1395616782359,-0.03130791880505171,0.0,HOLD,closed,0.0,0.0,0.0,0.031501930247915505,True,False
2024-09-18 19:00:00+00:00,60057.99,0.0,972.1395616782359,-0.03130791880505171,0.0,HOLD,closed,0.0,0.0,0.0,0.03151762391256077,True,False
2024-09-18 20:00:00+00:00,60230.01,0.0,972.1395616782359,-0.03130791880505171,0.0,HOLD,closed,0.0,0.0,0.0,0.03151876303577525,True,False
2024-09-18 21:00:00+00:00,60199.46,0.0,972.1395616782359,-0.03130791880505171,0.0,HOLD,closed,0.0,0.0,0.0,0.031516978556057035,True,False
2024-09-18 22:00:00+00:00,60684.78,0.0,972.1395616782359,-0.03130791880505171,0.0,HOLD,closed,0.0,0.0,0.0,0.031526545932871436,True,False
2024-09-18 23:00:00+00:00,61759.99,0.0,972.1395616782359,-0.03130791880505171,0.0,HOLD,closed,0.0,0.0,0.0,0.03157632368116417,True,False
2024-09-19 00:00:00+00:00,62226.0,0.0,972.1395616782359,-0.03130791880505171,0.0,HOLD,closed,0.0,0.0,0.0,0.03158666902640808,True,False
2024-09-19 01:00:00+00:00,62005.99,0.0,972.1395616782359,-0.03130791880505171,0.0,HOLD,closed,0.0,0.0,0.0,0.03158721105894152,True,False
2024-09-19 02:00:00+00:00,62204.32,0.0,972.1395616782359,-0.03130791880505171,0.0,HOLD,closed,0.0,0.0,0.0,0.03158834879107364,True,False
2024-09-19 03:00:00+00:00,62117.99,0.0,972.1395616782359,-0.03130791880505171,0.0,HOLD,closed,0.0,0.0,0.0,0.03158967139205693,True,False
2024-09-19 04:00:00+00:00,62082.0,0.0,972.1395616782359,-0.03130791880505171,0.0,HOLD,closed,0.0,0.0,0.0,0.031592321380046945,True,False
2024-09-19 05:00:00+00:00,61990.42,0.0,972.1395616782359,-0.03130791880505171,0.0,HOLD,closed,0.0,0.0,0.0,0.03159443088424288,True,False
2024-09-19 06:00:00+00:00,62020.6,0.0007841046743014776,972.0659876976495,-0.03138123187159638,0.05,BUY,closed,0.05,0.05,0.05,0.03159416272231566,False,False
2024-09-19 07:00:00+00:00,62093.99,0.0007841046743014776,972.1235331396964,-0.031323890501882445,0.05,HOLD,closed,0.05,0.050084362887275774,8.436288727577124e-05,0.031587554816796204,True,False
2024-09-19 08:00:00+00:00,61932.0,0.0007841046743014776,971.9965160235063,-0.03145045717963105,0.05,HOLD,closed,0.05,0.04996023122336452,3.9768776635480674e-05,0.031586429003810174,True,False
2024-09-19 09:00:00+00:00,62272.01,0.0007841046743014776,972.2631194538155,-0.031184799200118157,0.05,HOLD,closed,0.05,0.05022074080787734,0.00022074080787733846,0.03158860739473121,True,False
2024-09-19 10:00:00+00:00,62320.01,0.0,972.3945194383732,-0.031053865196886746,0.0,SELL,closed,0.0,0.0,0.050257506042176305,0.03159007794619392,False,False
2024-09-19 11:00:00+00:00,62645.44,0.0,972.3945194383732,-0.031053865196886746,0.0,HOLD,closed,0.0,0.0,0.0,0.031596497650553335,True,False
2024-09-19 12:00:00+00:00,62924.07,0.0,972.3945194383732,-0.031053865196886746,0.0,HOLD,closed,0.0,0.0,0.0,0.03158962143641714,True,False
2024-09-19 13:00:00+00:00,63035.98,0.0,972.3945194383732,-0.031053865196886746,0.0,HOLD,closed,0.0,0.0,0.0,0.031587972627737326,True,False
2024-09-19 14:00:00+00:00,62935.83,0.0,972.3945194383732,-0.031053865196886746,0.0,HOLD,closed,0.0,0.0,0.0,0.03150418734712751,True,False
2024-09-19 15:00:00+00:00,63154.04,0.0007725284348618953,972.4658213810533,-0.030982816110962545,0.05,BUY,closed,0.05,0.05,0.05,0.0315060440330624,False,False
2024-09-19 16:00:00+00:00,63556.92,0.0,972.5954927678987,-0.03085360457534941,0.0,SELL,closed,0.0,0.0,0.050473566935796424,0.03150937323420333,False,False
2024-09-19 17:00:00+00:00,63709.22,0.0,972.5954927678987,-0.03085360457534941,0.0,HOLD,closed,0.0,0.0,0.0,0.03151025596702431,True,False
2024-09-19 18:00:00+00:00,63628.0,0.0,972.5954927678987,-0.03085360457534941,0.0,HOLD,closed,0.0,0.0,0.0,0.03150687519022394,True,False
2024-09-19 19:00:00+00:00,63251.99,0.000764282501344847,972.4377681338706,-0.031010769873435463,0.05,BUY,closed,0.05,0.05,0.05,0.03151172083708745,False,False
2024-09-19 20:00:00+00:00,63016.74,0.000764282501344847,972.2579706754293,-0.031189929719487162,0.05,HOLD,closed,0.05,0.04953684425990278,0.00046315574009721944,0.031513058781190484,True,False
2024-09-19 21:00:00+00:00,62879.76,0.000764282501344847,972.1532792583951,-0.0312942498712924,0.05,HOLD,closed,0.05,0.049434488657410604,0.000565511342589399,0.03151412875243026,True,False
2024-09-19 22:00:00+00:00,62940.01,0.000764282501344847,972.1993272791011,-0.031248365149827463,0.05,HOLD,closed,0.05,0.04947951199688487,0.0005204880031151327,0.03151453733107576,True,False
2024-09-19 23:00:00+00:00,62947.99,0.000764282501344847,972.2054262534618,-0.031242287804146306,0.05,HOLD,closed,0.05,0.04948547493427354,0.0005145250657264608,0.03151327769659437,True,False
2024-09-20 00:00:00+00:00,62756.4,0.000764282501344847,972.0589973690292,-0.03138819741054405,0.05,HOLD,closed,0.05,0.0493422914629831,0.0006577085370169031,0.03151534216943319,True,False
2024-09-20 01:00:00+00:00,63037.99,0.000764282501344847,972.2742116785828,-0.03117374631150171,0.05,HOLD,closed,0.05,0.04955272092815575,0.0004472790718442546,0.03151671273613346,True,False
2024-09-20 02:00:00+00:00,63125.01,0.000764282501344847,972.3407195418499,-0.0311074743038356,0.05,HOLD,closed,0.05,0.04961773128554242,0.0003822687144575815,0.03150192450867634,True,False
2024-09-20 03:00:00+00:00,63742.16,0.0,972.4691151657087,-0.030979534006994533,0.0,SELL,closed,0.0,0.0,0.05007853277962077,0.0315174371530956,False,False
2024-09-20 04:00:00+00:00,63843.81,0.0,972.4691151657087,-0.030979534006994533,0.0,HOLD,closed,0.0,0.0,0.0,0.03151659931920894,True,False
2024-09-20 05:00:00+00:00,63809.99,0.0,972.4691151657087,-0.030979534006994533,0.0,HOLD,closed,0.0,0.0,0.0,0.031515871130648215,True,False
2024-09-20 06:00:00+00:00,63795.33,0.0,972.4691151657087,-0.030979534006994533,0.0,HOLD,closed,0.0,0.0,0.0,0.03151595923888262,True,False
2024-09-20 07:00:00+00:00,63524.8,0.0,972.4691151657087,-0.030979534006994533,0.0,HOLD,closed,0.0,0.0,0.0,0.03151740227153865,True,False
2024-09-20 08:00:00+00:00,63298.91,0.0007654246546866561,972.4259938866261,-0.031022502365885496,0.05,BUY,closed,0.05,0.05,0.05,0.03151892972827394,False,False
2024-09-20 09:00:00+00:00,63468.0,0.0007654246546866561,972.5554195414871,-0.030893535690821955,0.05,HOLD,closed,0.05,0.049950852164862544,4.914783513745857e-05,0.031519902320688575,True,False
2024-09-20 10:00:00+00:00,63664.0,0.0007654246546866561,972.7054427738057,-0.030744044483107563,0.05,HOLD,closed,0.05,0.05009738104992081,9.738104992080415e-05,0.03145542857694694,True,False
2024-09-20 11:00:00+00:00,63440.0,0.0,972.6080147873132,-0.030841126962539916,0.0,SELL,closed,0.0,0.0,0.04992991577661883,0.03145197198784319,False,False
2024-09-20 12:00:00+00:00,63417.45,0.0007665572678718944,972.4934361386709,-0.030955299283047327,0.05,BUY,closed,0.05,0.05,0.05,0.03144278950723936,False,False
2024-09-20 13:00:00+00:00,62836.46,0.0007665572678718944,972.04807403161,-0.031399082010734485,0.05,HOLD,closed,0.05,0.04955284248500575,0.0004471575149942522,0.03145646509459446,True,False
2024-09-20 14:00:00+00:00,63037.53,0.0007665572678718944,972.202205701461,-0.031245496935163337,0.05,HOLD,closed,0.05,0.049703525137887845,0.0002964748621121574,0.031432455501501144,True,False
2024-09-20 15:00:00+00:00,63153.99,0.0007665572678718944,972.2914789608774,-0.031156540263849807,0.05,HOLD,closed,0.05,0.04979077887358189,0.00020922112641811458,0.03141201589546985,True,False
2024-09-20 16:00:00+00:00,62872.5,0.0007665572678718944,972.0757007555441,-0.03137155325893871,0.05,HOLD,closed,0.05,0.049579854518342466,0.000420145481657537,0.03140970881323693,True,False
2024-09-20 17:00:00+00:00,62704.0,0.0007665572678718944,971.9465358559077,-0.03150026010348902,0.05,HOLD,closed,0.05,0.04945355032549357,0.0005464496745064343,0.03141096381501668,True,False
2024-09-20 18:00:00+00:00,62865.45,0.0007665572678718944,972.0702965268056,-0.03137693832276112,0.05,HOLD,closed,0.05,0.04957457065370612,0.00042542934629388046,0.03141060214367733,True,False
2024-09-20 19:00:00+00:00,62809.13,0.0007665572678718944,972.027124021479,-0.031419957726233363,0.05,HOLD,closed,0.05,0.04953235758588433,0.0004676424141156696,0.03141017262055379,True,False
2024-09-20 20:00:00+00:00,62814.0,0.0007665572678718944,972.0308571553736,-0.03141623783108223,0.05,HOLD,closed,0.05,0.04953600790515706,0.0004639920948429424,0.03140947493142396,True,False
2024-09-20 21:00:00+00:00,63116.03,0.0007665572678718944,972.2623804469889,-0.031185535586218584,0.05,HOLD,closed,0.05,0.04976234038128402,0.0002376596187159824,0.03141330390683883,True,False
2024-09-20 22:00:00+00:00,63180.24,0.0,972.1656481852286,-0.03128192480815447,0.0,SELL,closed,0.0,0.0,0.049810443589934625,0.031413404938546136,False,False
2024-09-20 23:00:00+00:00,63201.05,0.0,972.1656481852286,-0.03128192480815447,0.0,HOLD,closed,0.0,0.0,0.0,0.03141359388506054,True,False
2024-09-21 00:00:00+00:00,63174.0,0.0,972.1656481852286,-0.03128192480815447,0.0,HOLD,closed,0.0,0.0,0.0,0.03141302388823433,True,False
2024-09-21 01:00:00+00:00,62836.98,0.0,972.1656481852286,-0.03128192480815447,0.0,HOLD,closed,0.0,0.0,0.0,0.03141696010972453,True,False
2024-09-21 02:00:00+00:00,62917.11,0.0007735617212867556,972.1303928169957,-0.031317055150929425,0.05,BUY,closed,0.05,0.05,0.05,0.031417117343973205,False,False
2024-09-21 03:00:00+00:00,62889.57,0.0007735617212867556,972.1090889271915,-0.03133828349114468,0.05,HOLD,closed,0.05,0.050044757912789756,4.475791278975294e-05,0.03141707994620696,True,False
2024-09-21 04:00:00+00:00,62860.0,0.0007735617212867556,972.086214707093,-0.031361076592821044,0.05,HOLD,closed,0.05,0.0500224044579599,2.2404457959895874e-05,0.03141676913687466,True,False
2024-09-21 05:00:00+00:00,62908.82,0.0007735617212867556,972.1239799903262,-0.03132344523591071,0.05,HOLD,closed,0.05,0.05005930939364641,5.930939364640758e-05,0.0314167160137154,True,False
2024-09-21 06:00:00+00:00,62999.98,0.0,972.0266766120872,-0.03142040354898563,0.0,SELL,closed,0.0,0.0,0.05012821310577406,0.03141452049608101,False,False
2024-09-21 07:00:00+00:00,63091.02,0.0,972.0266766120872,-0.03142040354898563,0.0,HOLD,closed,0.0,0.0,0.0,0.03141497339491983,True,False
2024-09-21 08:00:00+00:00,63028.0,0.0,972.0266766120872,-0.03142040354898563,0.0,HOLD,closed,0.0,0.0,0.0,0.03141508113034949,True,False
2024-09-21 09:00:00+00:00,63115.99,0.0,972.0266766120872,-0.03142040354898563,0.0,HOLD,closed,0.0,0.0,0.0,0.03141289498061442,True,False
2024-09-21 10:00:00+00:00,62979.05,0.0,972.0266766120872,-0.03142040354898563,0.0,HOLD,closed,0.0,0.0,0.0,0.03141262161518746,True,False
2024-09-21 11:00:00+00:00,63089.77,0.0007717062437991986,972.01488524201,-0.03143215310354595,0.05,BUY,closed,0.05,0.05,0.05,0.031412861618677984,False,False
2024-09-21 12:00:00+00:00,63151.98,0.0,971.9175283449049,-0.03152916474569393,0.0,SELL,closed,0.0,0.0,0.050135415744028855,0.031413591798095136,False,False
2024-09-21 13:00:00+00:00,63188.0,0.0,971.9175283449049,-0.03152916474569393,0.0,HOLD,closed,0.0,0.0,0.0,0.03141417869243815,True,False
2024-09-21 14:00:00+00:00,63300.0,0.0,971.9175283449049,-0.03152916474569393,0.0,HOLD,closed,0.0,0.0,0.0,0.031414456162916576,True,False
2024-09-21 15:00:00+00:00,63167.98,0.0,971.9175283449049,-0.03152916474569393,0.0,HOLD,closed,0.0,0.0,0.0,0.03141501893971252,True,False
2024-09-21 16:00:00+00:00,63215.13,0.0,971.9175283449049,-0.03152916474569393,0.0,HOLD,closed,0.0,0.0,0.0,0.03141542703342029,True,False
2024-09-21 17:00:00+00:00,63279.99,0.0,971.9175283449049,-0.03152916474569393,0.0,HOLD,closed,0.0,0.0,0.0,0.03141577012762359,True,False
2024-09-21 18:00:00+00:00,63267.99,0.0,971.9175283449049,-0.03152916474569393,0.0,HOLD,closed,0.0,0.0,0.0,0.031415768849610975,True,False
2024-09-21 19:00:00+00:00,63203.59,0.0,971.9175283449049,-0.03152916474569393,0.0,HOLD,closed,0.0,0.0,0.0,0.031416020747391915,True,False
2024-09-21 20:00:00+00:00,63139.99,0.0007688784199955295,971.7714116266204,-0.03167476329297248,0.05,BUY,closed,0.05,0.05,0.05,0.03141633309117267,False,False
2024-09-21 21:00:00+00:00,63088.0,0.0007688784199955295,971.7314376375649,-0.03171459552301258,0.05,HOLD,closed,0.05,0.049918115110700004,8.188488929999904e-05,0.03141638993588727,True,False
2024-09-21 22:00:00+00:00,63230.32,0.0007688784199955295,971.8408644142986,-0.031605556804426095,0.05,HOLD,closed,0.05,0.05002509188241585,2.5091882415846645e-05,0.0314136362817721,True,False
2024-09-21 23:00:00+00:00,63348.96,0.0,971.9682018293349,-0.031478670963701154,0.0,SELL,closed,0.0,0.0,0.05011425084886951,0.03141499599998804,False,False
2024-09-22 00:00:00+00:00,63230.93,0.0,971.9682018293349,-0.031478670963701154,0.0,HOLD,closed,0.0,0.0,0.0,0.031416091178993605,True,False
2024-09-22 01:00:00+00:00,63046.0,0.0007685861615087484,971.7288537569608,-0.031717170240448865,0.05,BUY,closed,0.05,0.05,0.05,0.03140761749001264,False,False
2024-09-22 02:00:00+00:00,62957.31,0.0007685861615087484,971.6606878502965,-0.031785094411623575,0.05,HOLD,closed,0.05,0.04979939791417339,0.00020060208582661082,0.031406369482819024,True,False
2024-09-22 03:00:00+00:00,63106.0,0.0007685861615087484,971.7749689266514,-0.03167121860812862,0.05,HOLD,closed,0.05,0.0499111418374391,8.885816256089946e-05,0.031404168223771456,True,False
2024-09-22 04:00:00+00:00,63080.01,0.0007685861615087484,971.7549933723137,-0.031691123323528685,0.05,HOLD,closed,0.05,0.04989161165571508,0.00010838834428492095,0.03140143816868676,True,False
2024-09-22 05:00:00+00:00,62938.51,0.0007685861615087484,971.6462384304602,-0.03179949258975051,0.05,HOLD,closed,0.05,0.049785267413909755,0.00021473258609024798,0.03140226005420199,True,False
2024-09-22 06:00:00+00:00,62876.24,0.0007685861615087484,971.5983785701831,-0.03184718272549354,0.05,HOLD,closed,0.05,0.04973846088835565,0.0002615391116443516,0.0313987214049547,True,False
2024-09-22 07:00:00+00:00,62936.0,0.0007685861615087484,971.6443092791949,-0.03180141489970254,0.05,HOLD,closed,0.05,0.04978338080999898,0.0002166191900010231,0.03139474134877149,True,False
2024-09-22 08:00:00+00:00,63025.35,0.0007685861615087484,971.7129824527257,-0.03173298526057238,0.05,HOLD,closed,0.05,0.0498505347864919,0.0001494652135081015,0.03139328205602712,True,False
2024-09-22 09:00:00+00:00,62702.94,0.0,971.6161258492631,-0.0318294983832599,0.0,SELL,closed,0.0,0.0,0.04960817210299589,0.03139650260331023,False,False
2024-09-22 10:00:00+00:00,62655.99,0.0007747772917862556,971.4825719001985,-0.03196257871243383,0.05,BUY,closed,0.05,0.05,0.05,0.03139248490093524,False,False
2024-09-22 11:00:00+00:00,62784.0,0.0007747772917862556,971.5817511413202,-0.03186375118881407,0.05,HOLD,closed,0.05,0.05006641739654585,6.641739654584394e-05,0.03138784584130214,True,False
2024-09-22 12:00:00+00:00,62781.99,0.0007747772917862556,971.5801938389636,-0.031865302968538185,0.05,HOLD,closed,0.05,0.05006489479057253,6.489479057252695e-05,0.0313877660070902,True,False
2024-09-22 13:00:00+00:00,62589.99,0.0,971.4829340396234,-0.0319622178572573,0.0,SELL,closed,0.0,0.0,0.04991942932679609,0.03138956598302203,False,False
2024-09-22 14:00:00+00:00,62668.0,0.0007760688081479656,971.4462948261815,-0.0319987271377366,0.05,BUY,closed,0.05,0.05,0.05,0.03138169572744948,False,False
2024-09-22 15:00:00+00:00,62652.12,0.0007760688081479656,971.4339708535082,-0.03201100740613441,0.05,HOLD,closed,0.05,0.0500521471918708,5.2147191870799414e-05,0.03138201149105824,True,False
2024-09-22 16:00:00+00:00,62776.03,0.0,971.3367504524936,-0.03210788303624547,0.0,SELL,closed,0.0,0.0,0.05014617364967081,0.03138243124519874,False,False
2024-09-22 17:00:00+00:00,63062.66,0.0,971.3367504524936,-0.03210788303624547,0.0,HOLD,closed,0.0,0.0,0.0,0.031385733198094345,True,False
2024-09-22 18:00:00+00:00,62955.99,0.0,971.3367504524936,-0.03210788303624547,0.0,HOLD,closed,0.0,0.0,0.0,0.031331474056551956,True,False
2024-09-22 19:00:00+00:00,63160.0,0.0,971.3367504524936,-0.03210788303624547,0.0,HOLD,closed,0.0,0.0,0.0,0.03133327612000153,True,False
2024-09-22 20:00:00+00:00,63208.0,0.0,971.3367504524936,-0.03210788303624547,0.0,HOLD,closed,0.0,0.0,0.0,0.03133207735940738,True,False
2024-09-22 21:00:00+00:00,62779.99,0.0,971.3367504524936,-0.03210788303624547,0.0,HOLD,closed,0.0,0.0,0.0,0.03134003676070993,True,False
2024-09-22 22:00:00+00:00,63881.51,0.0007736036559831902,972.3159601204638,-0.031132145921345184,0.05,BUY,closed,0.05,0.05,0.05,0.03139091952859546,False,False
2024-09-22 23:00:00+00:00,63578.76,0.0,972.217139170009,-0.03123061642489771,0.0,SELL,closed,0.0,0.0,0.05059735058006507,0.0313920877049359,False,False
2024-09-23 00:00:00+00:00,63577.88,0.0,972.217139170009,-0.03123061642489771,0.0,HOLD,closed,0.0,0.0,0.0,0.0313882044337237,True,False
2024-09-23 01:00:00+00:00,63826.8,0.0,972.217139170009,-0.03123061642489771,0.0,HOLD,closed,0.0,0.0,0.0,0.03138560671476298,True,False
2024-09-23 02:00:00+00:00,63940.47,0.0,972.217139170009,-0.03123061642489771,0.0,HOLD,closed,0.0,0.0,0.0,0.03138607698934717,True,False
2024-09-23 03:00:00+00:00,64354.0,0.0,972.217139170009,-0.03123061642489771,0.0,HOLD,closed,0.0,0.0,0.0,0.031392610479733546,True,False
2024-09-23 04:00:00+00:00,63912.3,0.0,972.217139170009,-0.03123061642489771,0.0,HOLD,closed,0.0,0.0,0.0,0.031387908438224504,True,False
2024-09-23 05:00:00+00:00,63754.0,0.0,972.217139170009,-0.03123061642489771,0.0,HOLD,closed,0.0,0.0,0.0,0.03138344616897987,True,False
2024-09-23 06:00:00+00:00,63671.42,0.0007624754048138226,972.056927931734,-0.03139025950903216,0.05,BUY,closed,0.05,0.05,0.05,0.03138377955981034,False,False
2024-09-23 07:00:00+00:00,63548.82,0.0007624754048138226,971.9634484471038,-0.03148340748910109,0.05,HOLD,closed,0.05,0.04985209303123062,0.00014790696876938042,0.03138433874856639,True,False
2024-09-23 08:00:00+00:00,63492.01,0.0007624754048138226,971.9201322193563,-0.03152657010531412,0.05,HOLD,closed,0.05,0.049809747141102735,0.00019025285889726767,0.03138460790103695,True,False
2024-09-23 09:00:00+00:00,63635.69,0.0007624754048138226,972.02968468552,-0.03141740614302775,0.05,HOLD,closed,0.05,0.04991683819723548,8.316180276451979e-05,0.0313833997778985,True,False
2024-09-23 10:00:00+00:00,63496.96,0.0007624754048138226,971.9239064726102,-0.03152280923662456,0.05,HOLD,closed,0.05,0.049813436996481046,0.00018656300351895666,0.031375819833682206,True,False
2024-09-23 11:00:00+00:00,63435.04,0.0007624754048138226,971.8766939955441,-0.03156985428495954,0.05,HOLD,closed,0.05,0.049767278197127736,0.0002327218028722669,0.03137595103645688,True,False
2024-09-23 12:00:00+00:00,63315.8,0.0007624754048138226,971.7857764282741,-0.031660449432948316,0.05,HOLD,closed,0.05,0.04967837707354452,0.00032162292645548235,0.031374778101780965,True,False
2024-09-23 13:00:00+00:00,63185.21,0.0007624754048138226,971.6862047651595,-0.03175966798692221,0.05,HOLD,closed,0.05,0.04958099470460221,0.00041900529539778963,0.03137412979394347,True,False
2024-09-23 14:00:00+00:00,63394.5,0.0007624754048138226,971.8457832426329,-0.031600655419641396,0.05,HOLD,closed,0.05,0.04973705487427323,0.0002629451257267698,0.03137604740664093,True,False
2024-09-23 15:00:00+00:00,63618.0,0.0007624754048138226,972.0161964956088,-0.03143084650002142,0.05,HOLD,closed,0.05,0.04990365436124181,9.634563875818986e-05,0.0313781150861194,True,False
2024-09-23 16:00:00+00:00,63227.55,0.0,971.9191988190737,-0.03152750019549666,0.0,SELL,closed,0.0,0.0,0.04961257028479641,0.031369865187753476,False,False
2024-09-23 17:00:00+00:00,63318.01,0.0007685883754938107,971.891509105659,-0.03155509171339464,0.05,BUY,closed,0.05,0.05,0.05,0.03137061708834585,False,False
2024-09-23 18:00:00+00:00,63430.19,0.0007685883754938107,971.9777293496219,-0.03146917723068255,0.05,HOLD,closed,0.05,0.05015722605289004,0.000157226052890036,0.0313673228971586,True,False
2024-09-23 19:00:00+00:00,63298.56,0.0,971.8802426415806,-0.031566318223420604,0.0,SELL,closed,0.0,0.0,0.05005835041273773,0.03136635449889574,False,False
2024-09-23 20:00:00+00:00,63308.0,0.0007676777955023866,971.7891640658964,-0.031657073808842355,0.05,BUY,closed,0.05,0.05,0.05,0.03136605541404858,False,False
2024-09-23 21:00:00+00:00,63380.0,0.0007676777955023866,971.8444368671726,-0.031601997020475434,0.05,HOLD,closed,0.05,0.05006502772788036,6.502772788035543e-05,0.031365938393055875,True,False
2024-09-23 22:00:00+00:00,63219.0,0.0,971.7471503575241,-0.03169893852478053,0.0,SELL,closed,0.0,0.0,0.04994420261358391,0.03136729312024125,False,False
2024-09-23 23:00:00+00:00,63339.99,0.0007685562491952768,971.7429389693997,-0.031703134978137405,0.05,BUY,closed,0.05,0.05,0.05,0.031366270606074914,False,False
2024-09-24 00:00:00+00:00,62906.0,0.0,971.6456026192953,-0.031800126146150076,0.0,SELL,closed,0.0,0.0,0.04976974666724621,0.03137440263117178,False,False
2024-09-24 01:00:00+00:00,62942.01,0.00077229950096922,971.5762165499283,-0.03186926615298724,0.05,BUY,closed,0.05,0.05,0.05,0.031374209377732165,False,False
2024-09-24 02:00:00+00:00,63123.99,0.00077229950096922,971.7167596131146,-0.03172922149505721,0.05,HOLD,closed,0.05,0.05016958439164507,0.000169584391645064,0.031371849010549624,True,False
2024-09-24 03:00:00+00:00,63124.0,0.0,971.6192904440281,-0.03182634501103852,0.0,SELL,closed,0.0,0.0,0.05016959194069207,0.031370284560464035,False,False
2024-09-24 04:00:00+00:00,63088.0,0.0,971.6192904440281,-0.03182634501103852,0.0,HOLD,closed,0.0,0.0,0.0,0.031365671483813,True,False
2024-09-24 05:00:00+00:00,63215.99,0.0,971.6192904440281,-0.03182634501103852,0.0,HOLD,closed,0.0,0.0,0.0,0.03136631848955346,True,False
2024-09-24 06:00:00+00:00,63305.43,0.0,971.6192904440281,-0.03182634501103852,0.0,HOLD,closed,0.0,0.0,0.0,0.031364924471858596,True,False
2024-09-24 07:00:00+00:00,63559.92,0.0,971.6192904440281,-0.03182634501103852,0.0,HOLD,closed,0.0,0.0,0.0,0.031367973709461844,True,False
2024-09-24 08:00:00+00:00,63851.05,0.0,971.6192904440281,-0.03182634501103852,0.0,HOLD,closed,0.0,0.0,0.0,0.031371692827281944,True,False
2024-09-24 09:00:00+00:00,63524.5,0.0,971.6192904440281,-0.03182634501103852,0.0,HOLD,closed,0.0,0.0,0.0,0.03134973729302823,True,False
2024-09-24 10:00:00+00:00,63526.0,0.0,971.6192904440281,-0.03182634501103852,0.0,HOLD,closed,0.0,0.0,0.0,0.031323485474111734,True,False
2024-09-24 11:00:00+00:00,63478.34,0.0,971.6192904440281,-0.03182634501103852,0.0,HOLD,closed,0.0,0.0,0.0,0.0313238327963222,True,False
2024-09-24 12:00:00+00:00,63446.01,0.0007653154898040264,971.4973539215612,-0.03194784911227918,0.05,BUY,closed,0.05,0.05,0.05,0.03132391873114454,False,False
2024-09-24 13:00:00+00:00,63519.85,0.0007653154898040264,971.5538648173283,-0.031891538620052784,0.05,HOLD,closed,0.05,0.050036057572750696,3.6057572750693156e-05,0.03132427319844172,True,False
2024-09-24 14:00:00+00:00,63194.89,0.0,971.4566713113132,-0.031988387450541514,0.0,SELL,closed,0.0,0.0,0.049792824945261584,0.03132646573575332,False,False
2024-09-24 15:00:00+00:00,63159.99,0.0007686196394291638,971.3326765323492,-0.03211194250912246,0.05,BUY,closed,0.05,0.05,0.05,0.03132606548473041,False,False
2024-09-24 16:00:00+00:00,63262.0,0.0007686196394291638,971.4110834217674,-0.032033813672600796,0.05,HOLD,closed,0.05,0.05005544661719286,5.544661719285998e-05,0.03132488956549068,True,False
2024-09-24 17:00:00+00:00,63775.86,0.0007686196394291638,971.8060463096845,-0.03164025143424212,0.05,HOLD,closed,0.05,0.05044152452398292,0.00044152452398291825,0.03133569708316267,True,False
2024-09-24 18:00:00+00:00,63727.58,0.0,971.7077865958478,-0.031738162691479464,0.0,SELL,closed,0.0,0.0,0.050405263719059686,0.03133213587965211,False,False
2024-09-24 19:00:00+00:00,64292.34,0.0,971.7077865958478,-0.031738162691479464,0.0,HOLD,closed,0.0,0.0,0.0,0.0313381771933115,True,False
2024-09-24 20:00:00+00:00,64215.01,0.0,971.7077865958478,-0.031738162691479464,0.0,HOLD,closed,0.0,0.0,0.0,0.0313321616851614,True,False
2024-09-24 21:00:00+00:00,64030.0,0.0,971.7077865958478,-0.031738162691479464,0.0,HOLD,closed,0.0,0.0,0.0,0.031326934523157546,True,False
2024-09-24 22:00:00+00:00,64579.9,0.0,971.7077865958478,-0.031738162691479464,0.0,HOLD,closed,0.0,0.0,0.0,0.03133849582895196,True,False
2024-09-24 23:00:00+00:00,64262.7,0.0,971.7077865958478,-0.031738162691479464,0.0,HOLD,closed,0.0,0.0,0.0,0.03134272751313172,True,False
2024-09-25 00:00:00+00:00,64126.93,0.0,971.7077865958478,-0.031738162691479464,0.0,HOLD,closed,0.0,0.0,0.0,0.03134351176505251,True,False
2024-09-25 01:00:00+00:00,64390.01,0.0007576439688186025,971.8099049233706,-0.031636406504286084,0.05,BUY,closed,0.05,0.05,0.05,0.031335961422724046,False,False
2024-09-25 02:00:00+00:00,64422.52,0.0,971.712352348974,-0.03173361312979878,0.0,SELL,closed,0.0,0.0,0.050223913567187625,0.03133607452980813,False,False
2024-09-25 03:00:00+00:00,64460.0,0.0,971.712352348974,-0.03173361312979878,0.0,HOLD,closed,0.0,0.0,0.0,0.0313244703252995,True,False
2024-09-25 04:00:00+00:00,64172.85,0.0,971.712352348974,-0.03173361312979878,0.0,HOLD,closed,0.0,0.0,0.0,0.03132791279148078,True,False
2024-09-25 05:00:00+00:00,64170.63,0.0007571056169159525,971.6134836175169,-0.031832131244908725,0.05,BUY,closed,0.05,0.05,0.05,0.031326148995994424,False,False
2024-09-25 06:00:00+00:00,63806.0,0.0007571056169159525,971.3374201964209,-0.03210721566741858,0.05,HOLD,closed,0.05,0.049733367610989995,0.0002666323890100075,0.03133074522163609,True,False
2024-09-25 07:00:00+00:00,63843.33,0.0007571056169159525,971.3656829491003,-0.03207905314241437,0.05,HOLD,closed,0.05,0.049761016467936674,0.00023898353206332906,0.03133025141916859,True,False
2024-09-25 08:00:00+00:00,63819.1,0.0007571056169159525,971.3473382800024,-0.03209733275615278,0.05,HOLD,closed,0.05,0.04974307044695137,0.0002569295530486307,0.03133035736639053,True,False
2024-09-25 09:00:00+00:00,63609.89,0.0007571056169159525,971.1889442138875,-0.0322551651123311,0.05,HOLD,closed,0.05,0.04958809024477487,0.0004119097552251344,0.031331565167432573,True,False
2024-09-25 10:00:00+00:00,63630.45,0.0007571056169159525,971.2045103053713,-0.032239654222588565,0.05,HOLD,closed,0.05,0.04960332308047276,0.0003966769195272446,0.03127636512512447,True,False
2024-09-25 11:00:00+00:00,63838.01,0.0007571056169159525,971.3616551472184,-0.03208306666057731,0.05,HOLD,closed,0.05,0.04975707625231674,0.00024292374768326158,0.03125810812070498,True,False
2024-09-25 12:00:00+00:00,63600.01,0.0007571056169159525,971.1814640103923,-0.032262618788919395,0.05,HOLD,closed,0.05,0.04958077001189089,0.0004192299881091155,0.031256787482956794,True,False
2024-09-25 13:00:00+00:00,63761.34,0.0007571056169159525,971.3036078595694,-0.0321409080962075,0.05,HOLD,closed,0.05,0.04970028759850672,0.00029971240149328365,0.031243613835636674,True,False
2024-09-25 14:00:00+00:00,63936.5,0.0007571056169159525,971.4362224794284,-0.032008763765113454,0.05,HOLD,closed,0.05,0.04983001678936456,0.00016998321063544514,0.031243140356584986,True,False
2024-09-25 15:00:00+00:00,63495.66,0.0,971.3394408721359,-0.032105202157588345,0.0,SELL,closed,0.0,0.0,0.049503448723466015,0.031244361084851346,False,False
2024-09-25 16:00:00+00:00,63463.88,0.0007648864826919949,971.2179745521427,-0.0322262377238256,0.05,BUY,closed,0.05,0.05,0.05,0.03124450670108697,False,False
2024-09-25 17:00:00+00:00,63168.0,0.0007648864826919949,970.9916599396438,-0.032451749761014885,0.05,HOLD,closed,0.05,0.04975979849475869,0.0002402015052413095,0.031248292503501002,True,False
2024-09-25 18:00:00+00:00,63351.0,0.0007648864826919949,971.1316341659765,-0.032312271922682906,0.05,HOLD,closed,0.05,0.04989676153082547,0.00010323846917453111,0.03124974071339648,True,False
2024-09-25 19:00:00+00:00,63181.5,0.0007648864826919949,971.0019859071601,-0.03244146041228548,0.05,HOLD,closed,0.05,0.049769903674352425,0.00023009632564757743,0.031249758063103206,True,False
2024-09-25 20:00:00+00:00,63505.78,0.0007648864826919949,971.2500232957675,-0.032194302634065405,0.05,HOLD,closed,0.05,0.05001257300358338,1.2573003583378484e-05,0.03125439839357061,True,False
2024-09-25 21:00:00+00:00,63437.99,0.0,971.1528981577342,-0.03229108333902451,0.0,SELL,closed,0.0,0.0,0.04996185377713104,0.03125466025545204,False,False
2024-09-25 22:00:00+00:00,63261.99,0.0,971.1528981577342,-0.03229108333902451,0.0,HOLD,closed,0.0,0.0,0.0,0.031250736232723175,True,False
2024-09-25 23:00:00+00:00,63152.01,0.0007675641760912825,971.1924043903625,-0.032251717206615634,0.05,BUY,closed,0.05,0.05,0.05,0.031235167736242325,False,False
2024-09-26 00:00:00+00:00,62946.01,0.0007675641760912825,971.0342861700876,-0.03240927469518087,0.05,HOLD,closed,0.05,0.04975632991750066,0.00024367008249934208,0.03123694319204151,True,False
2024-09-26 01:00:00+00:00,63154.74,0.0007675641760912825,971.1944998405633,-0.03224962918747106,0.05,HOLD,closed,0.05,0.049913087422053096,8.69125779469071e-05,0.03123896841165258,True,False
2024-09-26 02:00:00+00:00,63353.99,0.0,971.3178948455927,-0.03212667177585754,0.0,SELL,closed,0.0,0.0,0.05006267714722216,0.03123647990404871,False,False
2024-09-26 03:00:00+00:00,63514.34,0.0,971.3178948455927,-0.03212667177585754,0.0,HOLD,closed,0.0,0.0,0.0,0.03123463343787533,True,False
2024-09-26 04:00:00+00:00,63427.51,0.0,971.3178948455927,-0.03212667177585754,0.0,HOLD,closed,0.0,0.0,0.0,0.031233920281454997,True,False
2024-09-26 05:00:00+00:00,63594.0,0.0,971.3178948455927,-0.03212667177585754,0.0,HOLD,closed,0.0,0.0,0.0,0.03123284326682163,True,False
2024-09-26 06:00:00+00:00,63721.48,0.0,971.3178948455927,-0.03212667177585754,0.0,HOLD,closed,0.0,0.0,0.0,0.031233524491103337,True,False
2024-09-26 07:00:00+00:00,63852.07,0.0,971.3178948455927,-0.03212667177585754,0.0,HOLD,closed,0.0,0.0,0.0,0.031234049842861322,True,False
2024-09-26 08:00:00+00:00,63709.5,0.0,971.3178948455927,-0.03212667177585754,0.0,HOLD,closed,0.0,0.0,0.0,0.031235231019500154,True,False
2024-09-26 09:00:00+00:00,63798.0,0.0,971.3178948455927,-0.03212667177585754,0.0,HOLD,closed,0.0,0.0,0.0,0.031228658231941292,True,False
2024-09-26 10:00:00+00:00,64391.99,0.0,971.3178948455927,-0.03212667177585754,0.0,HOLD,closed,0.0,0.0,0.0,0.031232108386275298,True,False
2024-09-26 11:00:00+00:00,64393.99,0.0,971.3178948455927,-0.03212667177585754,0.0,HOLD,closed,0.0,0.0,0.0,0.031213890212445833,True,False
2024-09-26 12:00:00+00:00,64481.82,0.0,971.3178948455927,-0.03212667177585754,0.0,HOLD,closed,0.0,0.0,0.0,0.031207287816910373,True,False
2024-09-26 13:00:00+00:00,64428.21,0.0,971.3178948455927,-0.03212667177585754,0.0,HOLD,closed,0.0,0.0,0.0,0.031203552842859,True,False
2024-09-26 14:00:00+00:00,64426.64,0.0,971.3178948455927,-0.03212667177585754,0.0,HOLD,closed,0.0,0.0,0.0,0.031203484512087404,True,False
2024-09-26 15:00:00+00:00,65229.03,0.0,971.3178948455927,-0.03212667177585754,0.0,HOLD,closed,0.0,0.0,0.0,0.03121721901616259,True,False
2024-09-26 16:00:00+00:00,65338.0,0.0,971.3178948455927,-0.03212667177585754,0.0,HOLD,closed,0.0,0.0,0.0,0.031217917197673056,True,False
2024-09-26 17:00:00+00:00,65132.54,0.0,971.3178948455927,-0.03212667177585754,0.0,HOLD,closed,0.0,0.0,0.0,0.03121990258849161,True,False
2024-09-26 18:00:00+00:00,65285.52,0.0,971.3178948455927,-0.03212667177585754,0.0,HOLD,closed,0.0,0.0,0.0,0.031221205971108723,True,False
2024-09-26 19:00:00+00:00,64711.06,0.0,971.3178948455927,-0.03212667177585754,0.0,HOLD,closed,0.0,0.0,0.0,0.031235099373843722,True,False
2024-09-26 20:00:00+00:00,64664.26,0.0007505036579101479,971.185607696934,-0.03225848979705644,0.05,BUY,closed,0.05,0.05,0.05,0.031235660893865896,False,False
2024-09-26 21:00:00+00:00,65052.0,0.0007505036579101479,971.476607985252,-0.03196852147765946,0.05,HOLD,closed,0.05,0.05025521309836017,0.0002552130983601644,0.031234541032087948,True,False
2024-09-26 22:00:00+00:00,65086.33,0.0,971.3789888682253,-0.03206579440982344,0.0,SELL,closed,0.0,0.0,0.05028040086549377,0.031233041972872244,False,False
2024-09-26 23:00:00+00:00,65173.99,0.0007462236218518925,971.5683126676266,-0.0318771420058978,0.05,BUY,closed,0.05,0.05,0.05,0.031232325562532692,False,False
2024-09-27 00:00:00+00:00,65241.98,0.0,971.4710682430754,-0.031974041574351277,0.0,SELL,closed,0.0,0.0,0.05010719653137223,0.03123272591494533,False,False
2024-09-27 01:00:00+00:00,65119.9,0.0,971.4710682430754,-0.031974041574351277,0.0,HOLD,closed,0.0,0.0,0.0,0.03123287890489085,True,False
2024-09-27 02:00:00+00:00,64878.12,0.0007459094063882117,971.4147061797179,-0.03203020376196963,0.05,BUY,closed,0.05,0.05,0.05,0.031236170933823554,False,False
2024-09-27 03:00:00+00:00,65366.01,0.0007459094063882117,971.7786279200006,-0.031667572590599526,0.05,HOLD,closed,0.05,0.0501730747273439,0.00017307472734389567,0.03122518918610956,True,False
2024-09-27 04:00:00+00:00,65303.96,0.0,971.6811380551273,-0.031764716728974574,0.0,SELL,closed,0.0,0.0,0.05012783440529583,0.031225364773173447,False,False
2024-09-27 05:00:00+00:00,65354.58,0.0007439680059640545,971.6216053097553,-0.031824038354476725,0.05,BUY,closed,0.05,0.05,0.05,0.03122488121778441,False,False
2024-09-27 06:00:00+00:00,65344.79,0.0007439680059640545,971.6143218629769,-0.031831295972103,0.05,HOLD,closed,0.05,0.05003470206493703,3.4702064937025545e-05,0.031220367129970672,True,False
2024-09-27 07:00:00+00:00,65460.02,0.0007439680059640545,971.7000492963042,-0.03174587255238129,0.05,HOLD,closed,0.05,0.0501185119677984,0.00011851196779839868,0.031219379157446853,True,False
2024-09-27 08:00:00+00:00,65725.99,0.0,971.8228861074798,-0.03162347135510913,0.0,SELL,closed,0.0,0.0,0.05031190271114218,0.03117988571141736,False,False
2024-09-27 09:00:00+00:00,65754.01,0.0,971.8228861074798,-0.03162347135510913,0.0,HOLD,closed,0.0,0.0,0.0,0.03112622507123214,True,False
2024-09-27 10:00:00+00:00,65490.01,0.0,971.8228861074798,-0.03162347135510913,0.0,HOLD,closed,0.0,0.0,0.0,0.031049201771505636,True,False
2024-09-27 11:00:00+00:00,65437.35,0.0007419625815563043,971.6866003541263,-0.03175927380082516,0.05,BUY,closed,0.05,0.05,0.05,0.0310203597760062,False,False
2024-09-27 12:00:00+00:00,65741.19,0.0007419625815563043,971.9120382649064,-0.031534635356323615,0.05,HOLD,closed,0.05,0.05018715802107248,0.00018715802107247687,0.03102464223190385,True,False
2024-09-27 13:00:00+00:00,65678.01,0.0,971.8145076475639,-0.03163182010264814,0.0,SELL,closed,0.0,0.0,0.05014134450244053,0.03102375043789324,False,False
2024-09-27 14:00:00+00:00,66242.66,0.0007398323728757078,972.135040852457,-0.03131242359871002,0.05,BUY,closed,0.05,0.05,0.05,0.031016091845408267,False,False
2024-09-27 15:00:00+00:00,66006.01,0.0,972.0370410444916,-0.031410075871775425,0.0,SELL,closed,0.0,0.0,0.05024217564106529,0.031016857886921545,False,False
2024-09-27 16:00:00+00:00,66303.03,0.0,972.0370410444916,-0.031410075871775425,0.0,HOLD,closed,0.0,0.0,0.0,0.030993314689341966,True,False
2024-09-27 17:00:00+00:00,65915.61,0.0,972.0370410444916,-0.031410075871775425,0.0,HOLD,closed,0.0,0.0,0.0,0.030949640499290887,True,False
2024-09-27 18:00:00+00:00,65876.42,0.0007373344804398319,972.1264276526282,-0.031321006253708136,0.05,BUY,closed,0.05,0.05,0.05,0.030949442456531084,False,False
2024-09-27 19:00:00+00:00,65657.99,0.0007373344804398319,971.9653716820657,-0.03148149107447169,0.05,HOLD,closed,0.05,0.04980825588425329,0.00019174411574671146,0.03094527233558972,True,False
2024-09-27 20:00:00+00:00,65804.87,0.0007373344804398319,972.0736713705527,-0.031373575447159754,0.05,HOLD,closed,0.05,0.04991411768559759,8.588231440241623e-05,0.03094640212676572,True,False
2024-09-27 21:00:00+00:00,65816.62,0.0007373344804398319,972.0823350506978,-0.03136494249086274,0.05,HOLD,closed,0.05,0.0499225853224407,7.741467755930515e-05,0.030945934883274323,True,False
2024-09-27 22:00:00+00:00,65870.0,0.0007373344804398319,972.1216939652637,-0.03132572315408498,0.05,HOLD,closed,0.05,0.04996105171613132,3.894828386868249e-05,0.03094622711845349,True,False
2024-09-27 23:00:00+00:00,65769.95,0.0007373344804398319,972.0479236504957,-0.03139923185855501,0.05,HOLD,closed,0.05,0.04988895169868201,0.00011104830131799387,0.030946701667817572,True,False
2024-09-28 00:00:00+00:00,65899.1,0.0007373344804398319,972.1431503986445,-0.03130434281125565,0.05,HOLD,closed,0.05,0.04998202028171208,1.7979718287923496e-05,0.030943677985637685,True,False
2024-09-28 01:00:00+00:00,65994.0,0.0007373344804398319,972.2131234408382,-0.03123461791316265,0.05,HOLD,closed,0.05,0.05005039587403526,5.0395874035255583e-05,0.030943101099856984,True,False
2024-09-28 02:00:00+00:00,66168.74,0.0007373344804398319,972.3419652679503,-0.03110623299543058,0.05,HOLD,closed,0.05,0.050176270563220604,0.0001762705632206013,0.030943266828492827,True,False
2024-09-28 03:00:00+00:00,66063.76,0.0,972.2444126751386,-0.031203439639293073,0.0,SELL,closed,0.0,0.0,0.050100651782270765,0.030943690072527424,False,False
2024-09-28 04:00:00+00:00,66006.5,0.0007358379334412231,972.1050298476919,-0.031342328176006,0.05,BUY,closed,0.05,0.05,0.05,0.030943455359706856,False,False
2024-09-28 05:00:00+00:00,65953.8,0.0007358379334412231,972.0662511885996,-0.0313809693150593,0.05,HOLD,closed,0.05,0.04992592617556037,7.40738244396355e-05,0.03094274454542517,True,False
2024-09-28 06:00:00+00:00,65800.0,0.0007358379334412231,971.9530793144363,-0.03149373984990589,0.05,HOLD,closed,0.05,0.049815301840068285,0.00018469815993171768,0.03094325765840164,True,False
2024-09-28 07:00:00+00:00,65824.01,0.0007358379334412231,971.9707467832183,-0.031476135034940546,0.05,HOLD,closed,0.05,0.04983257330481901,0.0001674266951809944,0.030943301470256035,True,False
2024-09-28 08:00:00+00:00,65635.9,0.0007358379334412231,971.8323283095586,-0.03161406263773626,0.05,HOLD,closed,0.05,0.049697240571905076,0.00030275942809492723,0.030940792947915352,True,False
2024-09-28 09:00:00+00:00,65628.2,0.0007358379334412231,971.8266623574712,-0.03161970849676304,0.05,HOLD,closed,0.05,0.049691700108659836,0.00030829989134016633,0.030940796905148116,True,False
2024-09-28 10:00:00+00:00,65764.01,0.0007358379334412231,971.9265965072118,-0.03152012874164269,0.05,HOLD,closed,0.05,0.04978941145052702,0.0002105885494729856,0.030941205912067116,True,False
2024-09-28 11:00:00+00:00,65798.01,0.0007358379334412231,971.9516149969487,-0.031495198974511564,0.05,HOLD,closed,0.05,0.0498138703160619,0.00018612968393810075,0.03093989082805554,True,False
2024-09-28 12:00:00+00:00,65548.12,0.0007358379334412231,971.7677364557611,-0.031678425430641595,0.05,HOLD,closed,0.05,0.04963407546094535,0.0003659245390546517,0.030936395152224988,True,False
2024-09-28 13:00:00+00:00,65528.03,0.0007358379334412231,971.7529534716783,-0.03169315599010232,0.05,HOLD,closed,0.05,0.04961961783127195,0.0003803821687280509,0.030929368335055246,True,False
2024-09-28 14:00:00+00:00,65720.74,0.0007358379334412231,971.8947567998317,-0.03155185553645948,0.05,HOLD,closed,0.05,0.04975828212620759,0.00024171787379241583,0.030930264304977334,True,False
2024-09-28 15:00:00+00:00,65619.13,0.0,971.7980540090606,-0.03164821539191864,0.0,SELL,closed,0.0,0.0,0.04968517379181238,0.030930907107472233,False,False
2024-09-28 16:00:00+00:00,65516.0,0.0007404836866263873,971.6244764212697,-0.03182117742473178,0.05,BUY,closed,0.05,0.05,0.05,0.030930086680236696,False,False
2024-09-28 17:00:00+00:00,65633.2,0.0007404836866263873,971.7112611093423,-0.031734700499587626,0.05,HOLD,closed,0.05,0.050015180276498025,1.518027649802245e-05,0.030929589242140454,True,False
2024-09-28 18:00:00+00:00,65715.01,0.0,971.6140847816971,-0.031831532212625864,0.0,SELL,closed,0.0,0.0,0.05007440107288631,0.03093085329918585,False,False
2024-09-28 19:00:00+00:00,65724.0,0.0,971.6140847816971,-0.031831532212625864,0.0,HOLD,closed,0.0,0.0,0.0,0.030928673608899893,True,False
2024-09-28 20:00:00+00:00,65645.99,0.0,971.6140847816971,-0.031831532212625864,0.0,HOLD,closed,0.0,0.0,0.0,0.030929232449378563,True,False
2024-09-28 21:00:00+00:00,65692.0,0.0007400405849417308,971.5509409497741,-0.03189445211874971,0.05,BUY,closed,0.05,0.05,0.05,0.030928933228507205,False,False
2024-09-28 22:00:00+00:00,65680.01,0.0,971.4537357649352,-0.03199131258664589,0.0,SELL,closed,0.0,0.0,0.05002961233195384,0.030929732216023936,False,False
2024-09-28 23:00:00+00:00,65858.0,0.0,971.4537357649352,-0.03199131258664589,0.0,HOLD,closed,0.0,0.0,0.0,0.030932331877388225,True,False
2024-09-29 00:00:00+00:00,65687.1,0.0,971.4537357649352,-0.03199131258664589,0.0,HOLD,closed,0.0,0.0,0.0,0.030934144382207568,True,False
2024-09-29 01:00:00+00:00,65872.9,0.0007394554910819135,971.4939569352583,-0.03195123405191255,0.05,BUY,closed,0.05,0.05,0.05,0.030934364085711152,False,False
2024-09-29 02:00:00+00:00,65824.0,0.0,971.3965611350602,-0.03204828445919223,0.0,SELL,closed,0.0,0.0,0.05010399666062924,0.030934326128546324,False,False
2024-09-29 03:00:00+00:00,65815.92,0.0,971.3965611350602,-0.03204828445919223,0.0,HOLD,closed,0.0,0.0,0.0,0.030932995999863544,True,False
2024-09-29 04:00:00+00:00,65741.99,0.0,971.3965611350602,-0.03204828445919223,0.0,HOLD,closed,0.0,0.0,0.0,0.03093315325130372,True,False
2024-09-29 05:00:00+00:00,65594.01,0.0007387945005742602,971.1900629958927,-0.03225405029784168,0.05,BUY,closed,0.05,0.05,0.05,0.030934173850932084,False,False
2024-09-29 06:00:00+00:00,65499.99,0.0007387945005742602,971.1206015369487,-0.03232326542690316,0.05,HOLD,closed,0.05,0.04983009558553565,0.00016990441446435023,0.030933154488917897,True,False
2024-09-29 07:00:00+00:00,65477.01,0.0007387945005742602,971.1036240393255,-0.032340182717541674,0.05,HOLD,closed,0.05,0.049813484065514,0.00018651593448600068,0.03093303726389221,True,False
2024-09-29 08:00:00+00:00,65559.91,0.0007387945005742602,971.1648701034231,-0.03227915384922432,0.05,HOLD,closed,0.05,0.0498734071393927,0.00012659286060730246,0.030924951005968787,True,False
2024-09-29 09:00:00+00:00,65579.91,0.0007387945005742602,971.1796459934346,-0.032264430358677314,0.05,HOLD,closed,0.05,0.049887862720387435,0.00011213727961256748,0.030922289912341444,True,False
2024-09-29 10:00:00+00:00,65571.99,0.0,971.0827700647608,-0.03236096273804347,0.0,SELL,closed,0.0,0.0,0.0498821383629182,0.030918276066248807,False,False
2024-09-29 11:00:00+00:00,65691.92,0.0,971.0827700647608,-0.03236096273804347,0.0,HOLD,closed,0.0,0.0,0.0,0.03090484536779567,True,False
2024-09-29 12:00:00+00:00,65631.68,0.0,971.0827700647608,-0.03236096273804347,0.0,HOLD,closed,0.0,0.0,0.0,0.030901848159677447,True,False
2024-09-29 13:00:00+00:00,65817.98,0.0,971.0827700647608,-0.03236096273804347,0.0,HOLD,closed,0.0,0.0,0.0,0.0308796473528761,True,False
2024-09-29 14:00:00+00:00,65694.07,0.0,971.0827700647608,-0.03236096273804347,0.0,HOLD,closed,0.0,0.0,0.0,0.030879798745842124,True,False
2024-09-29 15:00:00+00:00,65751.34,0.0,971.0827700647608,-0.03236096273804347,0.0,HOLD,closed,0.0,0.0,0.0,0.03087972908122777,True,False
2024-09-29 16:00:00+00:00,65764.99,0.0,971.0827700647608,-0.03236096273804347,0.0,HOLD,closed,0.0,0.0,0.0,0.030879831567576566,True,False
2024-09-29 17:00:00+00:00,65818.01,0.0,971.0827700647608,-0.03236096273804347,0.0,HOLD,closed,0.0,0.0,0.0,0.030880738703254973,True,False
2024-09-29 18:00:00+00:00,65789.45,0.0,971.0827700647608,-0.03236096273804347,0.0,HOLD,closed,0.0,0.0,0.0,0.030881624854014383,True,False
2024-09-29 19:00:00+00:00,65958.82,0.0,971.0827700647608,-0.03236096273804347,0.0,HOLD,closed,0.0,0.0,0.0,0.03087553700134696,True,False
2024-09-29 20:00:00+00:00,65812.0,0.0,971.0827700647608,-0.03236096273804347,0.0,HOLD,closed,0.0,0.0,0.0,0.030875335850272828,True,False
2024-09-29 21:00:00+00:00,65868.6,0.000737770180598314,971.0273879252051,-0.03241614847694565,0.05,BUY,closed,0.05,0.05,0.05,0.03087603570534128,False,False
2024-09-29 22:00:00+00:00,65674.42,0.0,970.930220445314,-0.03251297137360631,0.0,SELL,closed,0.0,0.0,0.049905675992764284,0.030877911536978525,False,False
2024-09-29 23:00:00+00:00,65602.01,0.0007391996917866302,970.7795777003316,-0.032663079897018325,0.05,BUY,closed,0.05,0.05,0.05,0.030878745147108505,False,False
2024-09-30 00:00:00+00:00,65463.85,0.0007391996917866302,970.6774498709144,-0.032764845552409716,0.05,HOLD,closed,0.05,0.04985266501205056,0.00014733498794944344,0.030875595021424063,True,False
2024-09-30 01:00:00+00:00,64769.99,0.0007391996917866302,970.1645487727714,-0.033275927758908606,0.05,HOLD,closed,0.05,0.04935034650110363,0.0006496534988963756,0.030895478910072438,True,False
2024-09-30 02:00:00+00:00,64376.01,0.0007391996917866302,969.8733188782013,-0.03356612487030918,0.05,HOLD,closed,0.05,0.04906488901611806,0.0009351109838819441,0.030899305276909372,True,False
2024-09-30 03:00:00+00:00,64553.68,0.0007391996917866302,970.004652487441,-0.03343525700701016,0.05,HOLD,closed,0.05,0.049193640708141424,0.0008063592918585785,0.03090045476349193,True,False
2024-09-30 04:00:00+00:00,64441.7,0.0007391996917866302,969.9218769059547,-0.033517739042988284,0.05,HOLD,closed,0.05,0.049112496493184346,0.0008875035068156567,0.03089662073495561,True,False
2024-09-30 05:00:00+00:00,64525.99,0.0007391996917866302,969.9841840479754,-0.03345565285962882,0.05,HOLD,closed,0.05,0.04917357695583628,0.000826423044163721,0.030897327155319232,True,False
2024-09-30 06:00:00+00:00,64356.0,0.0007391996917866302,969.8585274923686,-0.033580863801724876,0.05,HOLD,closed,0.05,0.049050386232743305,0.0009496137672566976,0.03089670239051137,True,False
2024-09-30 07:00:00+00:00,64562.01,0.0007391996917866302,970.0108100208736,-0.033429121309924134,0.05,HOLD,closed,0.05,0.04919967633360536,0.0008003236663946395,0.030898555887323875,True,False
2024-09-30 08:00:00+00:00,64311.58,0.0,969.9153854471963,-0.03352420748120701,0.0,SELL,closed,0.0,0.0,0.04901819006713414,0.030901823192608063,False,False
2024-09-30 09:00:00+00:00,63541.01,0.0007540752267687999,969.451802095205,-0.03398614683616186,0.05,BUY,closed,0.05,0.05,0.05,0.030922680154292198,False,False
2024-09-30 10:00:00+00:00,63645.99,0.0007540752267687999,969.5309649125112,-0.03390726475248534,0.05,HOLD,closed,0.05,0.04950214699589884,0.0004978530041011633,0.030878249823458714,True,False
2024-09-30 11:00:00+00:00,63819.44,0.0007540752267687999,969.6617592605942,-0.03377693423797123,0.05,HOLD,closed,0.05,0.049630356390412675,0.0003696436095873279,0.030861039355128628,True,False
2024-09-30 12:00:00+00:00,64048.0,0.0007540752267687999,969.8341106944245,-0.03360519401083167,0.05,HOLD,closed,0.05,0.04979924874936218,0.000200751250637822,0.030795035544017108,True,False
2024-09-30 13:00:00+00:00,63874.54,0.0,969.737548348356,-0.03370141391964462,0.0,SELL,closed,0.0,0.0,0.04967107753255009,0.030796311775837804,False,False
2024-09-30 14:00:00+00:00,63740.72,0.0,969.737548348356,-0.03370141391964462,0.0,HOLD,closed,0.0,0.0,0.0,0.03079809547942708,True,False
2024-09-30 15:00:00+00:00,63561.41,0.0,969.737548348356,-0.03370141391964462,0.0,HOLD,closed,0.0,0.0,0.0,0.030781115679032217,True,False
2024-09-30 16:00:00+00:00,63486.98,0.0007628350250422002,969.5837649108183,-0.03385465199783216,0.05,BUY,closed,0.05,0.05,0.05,0.030781203449715355,False,False
2024-09-30 17:00:00+00:00,63696.0,0.0007628350250422002,969.7432126877527,-0.03369576966758955,0.05,HOLD,closed,0.05,0.05010557343362744,0.00010557343362743721,0.030771411068481858,True,False
2024-09-30 18:00:00+00:00,63330.55,0.0,969.6460579030123,-0.03379257991412014,0.0,SELL,closed,0.0,0.0,0.04983242290237434,0.030774795226677393,False,False
2024-09-30 19:00:00+00:00,63488.0,0.0007655435684628499,969.6695962354894,-0.033769125055194624,0.05,BUY,closed,0.05,0.05,0.05,0.03077446428864475,False,False
2024-09-30 20:00:00+00:00,63809.99,0.0,969.7841137166592,-0.03365501368524263,0.0,SELL,closed,0.0,0.0,0.05036448799030476,0.030779593424156898,False,False
2024-09-30 21:00:00+00:00,63706.93,0.0,969.7841137166592,-0.03365501368524263,0.0,HOLD,closed,0.0,0.0,0.0,0.03077995167144479,True,False
2024-09-30 22:00:00+00:00,63481.98,0.0,969.7841137166592,-0.03365501368524263,0.0,HOLD,closed,0.0,0.0,0.0,0.030781628097428154,True,False
2024-09-30 23:00:00+00:00,63327.59,0.0,969.7841137166592,-0.03365501368524263,0.0,HOLD,closed,0.0,0.0,0.0,0.030779025803628568,True,False
2024-10-01 00:00:00+00:00,63531.99,0.0007656883520902887,970.055211449321,-0.03338487734143831,0.05,BUY,closed,0.05,0.05,0.05,0.030780735528201347,False,False
