timestamp,close,position_btc,equity,drawdown,target_exposure,action,bar_state,target_exposure_raw,target_exposure_final,delta_e,delta_e_min,suppressed,clamped_long_only
2024-04-30 03:00:00+00:00,63647.99,0.0,1000.0,0.0,0.0,HOLD,closed,0.0,0.0,0.0,0.031602793098166465,True,False
2024-04-30 04:00:00+00:00,63403.98,0.0,1000.0,0.0,0.0,HOLD,closed,0.0,0.0,0.0,0.0316034199127877,True,False
2024-04-30 05:00:00+00:00,63330.0,0.0,1000.0,0.0,0.0,HOLD,closed,0.0,0.0,0.0,0.031602793098166465,True,False
2024-04-30 06:00:00+00:00,63412.0,0.0,1000.0,0.0,0.0,HOLD,closed,0.0,0.0,0.0,0.03160256133377934,True,False
2024-04-30 07:00:00+00:00,63148.74,0.0,1000.0,0.0,0.0,HOLD,closed,0.0,0.0,0.0,0.03160304598833469,True,False
2024-04-30 08:00:00+00:00,61919.32,0.0,1000.0,0.0,0.0,HOLD,closed,0.0,0.0,0.0,0.031642837510812816,True,False
2024-04-30 09:00:00+00:00,61688.01,0.0,1000.0,0.0,0.0,HOLD,closed,0.0,0.0,0.0,0.031632092860756494,True,False
2024-04-30 10:00:00+00:00,61782.19,0.0,1000.0,0.0,0.0,HOLD,closed,0.0,0.0,0.0,0.03162532978141966,True,False
2024-04-30 11:00:00+00:00,61204.42,0.0,1000.0,0.0,0.0,HOLD,closed,0.0,0.0,0.0,0.0316342003602976,True,False
2024-04-30 12:00:00+00:00,61230.16,0.0,1000.0,0.0,0.0,HOLD,closed,0.0,0.0,0.0,0.03161369346663315,True,False
2024-04-30 13:00:00+00:00,60820.57,0.0,1000.0,0.0,8.75651076269652e-27,HOLD,closed,8.75651076269652e-27,0.0,8.75651076269652e-27,0.031606351899796936,True,False
2024-04-30 14:00:00+00:00,61247.87,0.0,1000.0,0.0,8.75651076269652e-27,HOLD,closed,8.75651076269652e-27,0.0,8.75651076269652e-27,0.031611030098805254,True,False
2024-04-30 15:00:00+00:00,60796.85,0.0,1000.0,0.0,8.75651076269652e-27,HOLD,closed,8.75651076269652e-27,0.0,8.75651076269652e-27,0.0316160263475517,True,False
2024-04-30 16:00:00+00:00,60336.68,0.0,1000.0,0.0,8.75651076269652e-27,HOLD,closed,8.75651076269652e-27,0.0,8.75651076269652e-27,0.03161984632035361,True,False
2024-04-30 17:00:00+00:00,60368.81,0.016573666300499133,1003.2425971739628,0.0,1.0,BUY,closed,1.0,1.0,1.0,0.031618353003214444,False,False
2024-04-30 18:00:00+00:00,60403.67,0.0,1001.2421978216951,-0.001993933828071803,8.75651076269652e-27,SELL,closed,8.75651076269652e-27,8.75651076269652e-27,0.9973002288091293,0.031616268159562894,False,False
2024-04-30 19:00:00+00:00,59292.95,0.0,1001.2421978216951,-0.001993933828071803,8.75651076269652e-27,HOLD,closed,8.75651076269652e-27,0.0,8.75651076269652e-27,0.03164891609054832,True,False
2024-04-30 20:00:00+00:00,59958.62,0.016886361663936356,1010.4799571737857,0.0,1.0,BUY,closed,1.0,1.0,1.0,0.03166093696214348,False,False
2024-04-30 21:00:00+00:00,60180.0,0.0,1013.2341654609045,0.0,8.75651076269652e-27,SELL,closed,8.75651076269652e-27,8.75651076269652e-27,1.0019749052998732,0.03166130198749062,False,False
2024-04-30 22:00:00+00:00,60589.79,0.0,1013.2341654609045,0.0,8.75651076269652e-27,HOLD,closed,8.75651076269652e-27,0.0,8.75651076269652e-27,0.03165734340906595,True,False
2024-04-30 23:00:00+00:00,60672.0,0.0,1013.2341654609045,0.0,8.75651076269652e-27,HOLD,closed,8.75651076269652e-27,0.0,8.75651076269652e-27,0.03165173226821144,True,False
2024-05-01 00:00:00+00:00,60240.57,0.0,1013.2341654609045,0.0,8.75651076269652e-27,HOLD,closed,8.75651076269652e-27,0.0,8.75651076269652e-27,0.03165471036291975,True,False
2024-05-01 01:00:00+00:00,60133.78,0.0,1013.2341654609045,0.0,8.75651076269652e-27,HOLD,closed,8.75651076269652e-27,0.0,8.75651076269652e-27,0.0316525290620156,True,False
2024-05-01 02:00:00+00:00,59927.99,0.0,1013.2341654609045,0.0,8.75651076269652e-27,HOLD,closed,8.75651076269652e-27,0.0,8.75651076269652e-27,0.031651405839157265,True,False
2024-05-01 03:00:00+00:00,60246.03,0.0,1013.2341654609045,0.0,8.75651076269652e-27,HOLD,closed,8.75651076269652e-27,0.0,8.75651076269652e-27,0.031652178970602074,True,False
2024-05-01 04:00:00+00:00,60283.99,0.0,1013.2341654609045,0.0,8.75651076269652e-27,HOLD,closed,8.75651076269652e-27,0.0,8.75651076269652e-27,0.0316494843370613,True,False
2024-05-01 05:00:00+00:00,60050.0,0.0,1013.2341654609045,0.0,8.75651076269652e-27,HOLD,closed,8.75651076269652e-27,0.0,8.75651076269652e-27,0.03165016420949138,True,False
2024-05-01 06:00:00+00:00,59529.94,0.0,1013.2341654609045,0.0,8.75651076269652e-27,HOLD,closed,8.75651076269652e-27,0.0,8.75651076269652e-27,0.03165679056736928,True,False
2024-05-01 07:00:00+00:00,57499.99,0.017020580996065248,981.4949090416279,-0.031324700154419745,1.0,BUY,closed,1.0,1.0,1.0,0.031776696213564465,False,False
2024-05-01 08:00:00+00:00,57169.69,0.016922805898520722,975.894065905914,-0.036852388942101126,1.0,SELL,closed,1.0,0.9971188136759663,0.002881186324033669,0.031755968662462886,True,False
2024-05-01 09:00:00+00:00,57115.61,0.016922805898520722,974.978880562922,-0.0377556207656902,1.0,HOLD,closed,1.0,0.9913613526146844,0.008638647385315612,0.031754331155110616,True,False
2024-05-01 10:00:00+00:00,57768.68,0.017116304258218657,986.1875516466648,-0.02669334960881089,1.0,BUY,closed,1.0,0.991458177599237,0.008541822400762955,0.03174532385978043,True,False
2024-05-01 11:00:00+00:00,57898.47,0.0,984.2104734328653,-0.028644604591315483,8.75651076269652e-27,SELL,closed,8.75651076269652e-27,8.75651076269652e-27,1.002629226997269,0.031728248008545484,False,False
2024-05-01 12:00:00+00:00,57969.98,0.0,984.2104734328653,-0.028644604591315483,8.75651076269652e-27,HOLD,closed,8.75651076269652e-27,0.0,8.75651076269652e-27,0.03171118128782424,True,False
2024-05-01 13:00:00+00:00,57301.29,0.0,984.2104734328653,-0.028644604591315483,8.75651076269652e-27,HOLD,closed,8.75651076269652e-27,0.0,8.75651076269652e-27,0.03172136964379646,True,False
2024-05-01 14:00:00+00:00,57482.0,0.017176061366731277,985.3454464303451,-0.027524455827911465,1.0,BUY,closed,1.0,1.0,1.0,0.03171971221150466,False,False
2024-05-01 15:00:00+00:00,56886.0,0.0,983.3714827857385,-0.02947263692157665,8.75651076269652e-27,SELL,closed,8.75651076269652e-27,8.75651076269652e-27,1.0020191732757175,0.031715806838856914,False,False
2024-05-01 16:00:00+00:00,57043.99,0.01728670468631541,984.1353746078166,-0.02871872252733529,1.0,BUY,closed,1.0,1.0,1.0,0.031715056795005664,False,False
2024-05-01 17:00:00+00:00,57424.65,0.0,986.8410678647939,-0.0260483691685473,8.75651076269652e-27,SELL,closed,8.75651076269652e-27,8.75651076269652e-27,1.0019856701458738,0.03171852674016323,False,False
2024-05-01 18:00:00+00:00,58913.99,0.0,986.8410678647939,-0.0260483691685473,8.75651076269652e-27,HOLD,closed,8.75651076269652e-27,0.0,8.75651076269652e-27,0.031777227182308715,True,False
2024-05-01 19:00:00+00:00,56954.47,0.0,986.8410678647939,-0.0260483691685473,8.75651076269652e-27,HOLD,closed,8.75651076269652e-27,0.0,8.75651076269652e-27,0.03188668235835365,True,False
2024-05-01 20:00:00+00:00,57361.7,0.017326844427368707,991.923076433132,-0.021032738289157867,1.0,BUY,closed,1.0,1.0,1.0,0.03189077406233615,False,False
2024-05-01 21:00:00+00:00,57909.03,0.0,994.7232396121841,-0.01826914890922578,8.75651076269652e-27,SELL,closed,8.75651076269652e-27,8.75651076269652e-27,1.0019714026243214,0.03189880526142455,False,False
2024-05-01 22:00:00+00:00,57880.58,0.0,994.7232396121841,-0.01826914890922578,8.75651076269652e-27,HOLD,closed,8.75651076269652e-27,0.0,8.75651076269652e-27,0.03189479810448173,True,False
2024-05-01 23:00:00+00:00,58364.97,0.0,994.7232396121841,-0.01826914890922578,8.75651076269652e-27,HOLD,closed,8.75651076269652e-27,0.0,8.75651076269652e-27,0.03190064620084035,True,False
2024-05-02 00:00:00+00:00,57767.29,0.0,994.7232396121841,-0.01826914890922578,8.75651076269652e-27,HOLD,closed,8.75651076269652e-27,0.0,8.75651076269652e-27,0.031909043467702264,True,False
2024-05-02 01:00:00+00:00,57112.37,0.0,994.7232396121841,-0.01826914890922578,8.75651076269652e-27,HOLD,closed,8.75651076269652e-27,0.0,8.75651076269652e-27,0.031920837442227123,True,False
2024-05-02 02:00:00+00:00,57463.87,0.017416949070966307,998.8553533697848,-0.014191005970055303,1.0,BUY,closed,1.0,1.0,1.0,0.03192386516229967,False,False
2024-05-02 03:00:00+00:00,57442.88,0.0,1001.685230063908,-0.011398091172481419,8.75651076269652e-27,SELL,closed,8.75651076269652e-27,8.75651076269652e-27,1.0019929536560377,0.03192369335302553,False,False
2024-05-02 04:00:00+00:00,57396.22,0.0,1001.685230063908,-0.011398091172481419,8.75651076269652e-27,HOLD,closed,8.75651076269652e-27,0.0,8.75651076269652e-27,0.03192167024557829,True,False
2024-05-02 05:00:00+00:00,57484.57,0.0,1001.685230063908,-0.011398091172481419,8.75651076269652e-27,HOLD,closed,8.75651076269652e-27,0.0,8.75651076269652e-27,0.03191797385547965,True,False
2024-05-02 06:00:00+00:00,57628.56,0.0,1001.685230063908,-0.011398091172481419,8.75651076269652e-27,HOLD,closed,8.75651076269652e-27,0.0,8.75651076269652e-27,0.031918000377399586,True,False
2024-05-02 07:00:00+00:00,57681.08,0.0,1001.685230063908,-0.011398091172481419,8.75651076269652e-27,HOLD,closed,8.75651076269652e-27,0.0,8.75651076269652e-27,0.03191356514721999,True,False
2024-05-02 08:00:00+00:00,57834.82,0.0,1001.685230063908,-0.011398091172481419,8.75651076269652e-27,HOLD,closed,8.75651076269652e-27,0.0,8.75651076269652e-27,0.031896602173381555,True,False
2024-05-02 09:00:00+00:00,57804.36,0.0,1001.685230063908,-0.011398091172481419,8.75651076269652e-27,HOLD,closed,8.75651076269652e-27,0.0,8.75651076269652e-27,0.03188732717579559,True,False
2024-05-02 10:00:00+00:00,57801.41,0.0,1001.685230063908,-0.011398091172481419,8.75651076269652e-27,HOLD,closed,8.75651076269652e-27,0.0,8.75651076269652e-27,0.031830315789452834,True,False
2024-05-02 11:00:00+00:00,58559.66,0.0,1001.685230063908,-0.011398091172481419,8.75651076269652e-27,HOLD,closed,8.75651076269652e-27,0.0,8.75651076269652e-27,0.03179599996683527,True,False
2024-05-02 12:00:00+00:00,58556.59,0.0,1001.685230063908,-0.011398091172481419,8.75651076269652e-27,HOLD,closed,8.75651076269652e-27,0.0,8.75651076269652e-27,0.03179322286405423,True,False
2024-05-02 13:00:00+00:00,58450.22,0.0,1001.685230063908,-0.011398091172481419,8.75651076269652e-27,HOLD,closed,8.75651076269652e-27,0.0,8.75651076269652e-27,0.03179006481282726,True,False
2024-05-02 14:00:00+00:00,59055.25,0.0,1001.685230063908,-0.011398091172481419,8.75651076269652e-27,HOLD,closed,8.75651076269652e-27,0.0,8.75651076269652e-27,0.03179880835737953,True,False
2024-05-02 15:00:00+00:00,59264.15,0.0,1001.685230063908,-0.011398091172481419,8.75651076269652e-27,HOLD,closed,8.75651076269652e-27,0.0,8.75651076269652e-27,0.0317967176917516,True,False
2024-05-02 16:00:00+00:00,59017.54,0.0,1001.685230063908,-0.011398091172481419,8.75651076269652e-27,HOLD,closed,8.75651076269652e-27,0.0,8.75651076269652e-27,0.031795934183269564,True,False
2024-05-02 17:00:00+00:00,59190.24,0.0,1001.685230063908,-0.011398091172481419,8.75651076269652e-27,HOLD,closed,8.75651076269652e-27,0.0,8.75651076269652e-27,0.03179162190446161,True,False
2024-05-02 18:00:00+00:00,59383.52,0.0,1001.685230063908,-0.011398091172481419,8.75651076269652e-27,HOLD,closed,8.75651076269652e-27,0.0,8.75651076269652e-27,0.03179220446820269,True,False
2024-05-02 19:00:00+00:00,59351.11,0.0,1001.685230063908,-0.011398091172481419,8.75651076269652e-27,HOLD,closed,8.75651076269652e-27,0.0,8.75651076269652e-27,0.031791467613322216,True,False
2024-05-02 20:00:00+00:00,58727.45,0.0,1001.685230063908,-0.011398091172481419,8.75651076269652e-27,HOLD,closed,8.75651076269652e-27,0.0,8.75651076269652e-27,0.03179990554139292,True,False
2024-05-02 21:00:00+00:00,59112.58,0.01705650815868743,1006.2503317483206,-0.006892615696004523,1.0,BUY,closed,1.0,1.0,1.0,0.03180363319945917,False,False
2024-05-02 22:00:00+00:00,59328.0,0.01705650815868743,1009.924644735865,-0.003266294049149126,1.0,HOLD,closed,1.0,1.00198417903077,0.0019841790307699725,0.031802024180105276,True,False
2024-05-02 23:00:00+00:00,59060.61,0.0,1007.9012936680459,-0.005263217501585839,8.75651076269652e-27,SELL,closed,8.75651076269652e-27,8.75651076269652e-27,1.0019931800741388,0.03180128202378679,False,False
2024-05-03 00:00:00+00:00,59031.81,0.01706554443517414,1010.2167829412012,-0.002977971551453432,1.0,BUY,closed,1.0,1.0,1.0,0.031800799248343725,False,False
2024-05-03 01:00:00+00:00,59311.11,0.01706554443517414,1014.9831895019454,0.0,1.0,HOLD,closed,1.0,0.9972346277982975,0.0027653722017024762,0.031802223868540785,True,False
2024-05-03 02:00:00+00:00,59543.76,0.0,1017.7950946158244,0.0,8.75651076269652e-27,SELL,closed,8.75651076269652e-27,8.75651076269652e-27,0.9972454029262802,0.03180326661391353,False,False
2024-05-03 03:00:00+00:00,59720.3,0.0,1017.7950946158244,0.0,8.75651076269652e-27,HOLD,closed,8.75651076269652e-27,0.0,8.75651076269652e-27,0.03180363087432894,True,False
2024-05-03 04:00:00+00:00,59604.0,0.0,1017.7950946158244,0.0,8.75651076269652e-27,HOLD,closed,8.75651076269652e-27,0.0,8.75651076269652e-27,0.03180361870605755,True,False
2024-05-03 05:00:00+00:00,59522.67,0.017075952865844984,1014.3702082824664,-0.003365005737869832,1.0,BUY,closed,1.0,1.0,1.0,0.03180321582216819,False,False
2024-05-03 06:00:00+00:00,59254.74,0.016964878735821715,1009.8115898794385,-0.007843921412687966,1.0,SELL,closed,1.0,1.0020163488525178,0.0020163488525177797,0.031798435548363646,True,False
2024-05-03 07:00:00+00:00,59190.74,0.016964878735821715,1008.725837640346,-0.008910690396775486,1.0,HOLD,closed,1.0,0.9954773526298621,0.0045226473701378556,0.031791994402368545,True,False
2024-05-03 08:00:00+00:00,59225.99,0.016964878735821715,1009.3238496157837,-0.008323134042258476,1.0,HOLD,closed,1.0,0.9954800322428418,0.004519967757158239,0.031766187913823574,True,False
2024-05-03 09:00:00+00:00,59481.12,0.016964878735821715,1013.652099127654,-0.004070559496785768,1.0,HOLD,closed,1.0,0.9954993323047223,0.0045006676952776825,0.03173709704216773,True,False
2024-05-03 10:00:00+00:00,59040.0,0.0,1011.6342543873316,-0.006053124308698185,8.75651076269652e-27,SELL,closed,8.75651076269652e-27,8.75651076269652e-27,0.995465857834114,0.03168149398273559,False,False
2024-05-03 11:00:00+00:00,59291.09,0.0171347236287279,1013.9126664701307,-0.0038145479048109603,1.0,BUY,closed,1.0,1.0,1.0,0.03163076738114934,False,False
2024-05-03 12:00:00+00:00,60641.0,0.01749070267280902,1037.5811828723677,0.0,1.0,BUY,closed,1.0,1.0019514854480234,0.0019514854480233712,0.03166981260803925,True,False
2024-05-03 13:00:00+00:00,61689.94,0.0,1040.4769681096711,0.0,8.75651076269652e-27,SELL,closed,8.75651076269652e-27,8.75651076269652e-27,1.0218504675695999,0.031685598355013556,False,False
2024-05-03 14:00:00+00:00,61618.17,0.0,1040.4769681096711,0.0,8.75651076269652e-27,HOLD,closed,8.75651076269652e-27,0.0,8.75651076269652e-27,0.03163176608714738,True,False
2024-05-03 15:00:00+00:00,61690.74,0.0,1040.4769681096711,0.0,8.75651076269652e-27,HOLD,closed,8.75651076269652e-27,0.0,8.75651076269652e-27,0.03162804178954126,True,False
2024-05-03 16:00:00+00:00,61681.99,0.0,1040.4769681096711,0.0,8.75651076269652e-27,HOLD,closed,8.75651076269652e-27,0.0,8.75651076269652e-27,0.03162427176063415,True,False
2024-05-03 17:00:00+00:00,61805.85,0.0,1040.4769681096711,0.0,8.75651076269652e-27,HOLD,closed,8.75651076269652e-27,0.0,8.75651076269652e-27,0.03162185185841515,True,False
2024-05-03 18:00:00+00:00,61829.16,0.0,1040.4769681096711,0.0,8.75651076269652e-27,HOLD,closed,8.75651076269652e-27,0.0,8.75651076269652e-27,0.031621108453827595,True,False
2024-05-03 19:00:00+00:00,62067.32,0.0168282592937097,1042.4034804509506,0.0,1.0,BUY,closed,1.0,1.0,1.0,0.03162174639114251,False,False
2024-05-03 20:00:00+00:00,62900.0,0.0,1045.233672685849,0.0,8.75651076269652e-27,SELL,closed,8.75651076269652e-27,8.75651076269652e-27,1.001970316717046,0.03163540416396682,False,False
2024-05-03 21:00:00+00:00,62738.0,0.0,1045.233672685849,0.0,8.75651076269652e-27,HOLD,closed,8.75651076269652e-27,0.0,8.75651076269652e-27,0.0316138375833768,True,False
2024-05-03 22:00:00+00:00,62782.43,0.0,1045.233672685849,0.0,8.75651076269652e-27,HOLD,closed,8.75651076269652e-27,0.0,8.75651076269652e-27,0.03160488527440747,True,False
2024-05-03 23:00:00+00:00,62882.01,0.016648508813229067,1044.8007077163506,-0.0004142279193758559,1.0,BUY,closed,1.0,1.0,1.0,0.0315979197268324,False,False
2024-05-04 00:00:00+00:00,63083.99,0.016648508813229067,1048.1633735264465,0.0,1.0,HOLD,closed,1.0,1.0019949084417754,0.0019949084417754115,0.03159640808148584,True,False
2024-05-04 01:00:00+00:00,62856.03,0.01655520171532243,1044.405308040467,-0.003585381421348428,1.0,SELL,closed,1.0,1.0020021578628469,0.002002157862846854,0.031597558768159145,True,False
2024-05-04 02:00:00+00:00,62699.07,0.01655520171532243,1041.8068035792298,-0.006064483941878864,1.0,HOLD,closed,1.0,0.996341881860422,0.0036581181395779483,0.031598361740864556,True,False
2024-05-04 03:00:00+00:00,62724.0,0.01655520171532243,1042.219524757993,-0.00567072740622108,1.0,HOLD,closed,1.0,0.996343330483092,0.0036566695169080177,0.03159894072206412,True,False
2024-05-04 04:00:00+00:00,63057.99,0.016643354126216193,1047.7671772943302,-0.0003779909145111761,1.0,BUY,closed,1.0,0.9963626277801008,0.0036373722198992375,0.03160072951471754,True,False
2024-05-04 05:00:00+00:00,63384.01,0.016643354126216193,1053.1932436065592,0.0,1.0,HOLD,closed,1.0,1.0016419406159003,0.0016419406159002836,0.031602793098166465,True,False
2024-05-04 06:00:00+00:00,62966.93,0.0,1051.0839260190824,-0.0020027830602613104,8.75651076269652e-27,SELL,closed,8.75651076269652e-27,8.75651076269652e-27,1.0016528344690252,0.03160594196376623,False,False
2024-05-04 07:00:00+00:00,62959.03,0.01669263680070555,1048.849527720724,-0.004124329425966189,1.0,BUY,closed,1.0,1.0,1.0,0.03160517130981444,False,False
2024-05-04 08:00:00+00:00,63160.95,0.01669263680070555,1052.2201049435223,-0.0009239887066731594,1.0,HOLD,closed,1.0,1.001998339875965,0.001998339875965094,0.031605029423183606,True,False
2024-05-04 09:00:00+00:00,63179.8,0.01669263680070555,1052.5347611472157,-0.000625224728074234,1.0,HOLD,closed,1.0,1.0019977424704805,0.001997742470480457,0.031604427586629236,True,False
2024-05-04 10:00:00+00:00,64420.91,0.016987267443184996,1073.580589926143,0.0,1.0,BUY,closed,1.0,1.001959179280637,0.0019591792806370467,0.0316371273984041,True,False
2024-05-04 11:00:00+00:00,63873.31,0.0,1071.3922971065358,-0.002038312577687025,8.75651076269652e-27,SELL,closed,8.75651076269652e-27,8.75651076269652e-27,1.0195011360870452,0.031642643917790286,False,False
2024-05-04 12:00:00+00:00,64066.35,0.016773711348975796,1072.487141792094,-0.0010185058712025865,1.0,BUY,closed,1.0,1.0,1.0,0.0316422572525451,False,False
2024-05-04 13:00:00+00:00,63730.01,0.0,1070.338250781437,-0.003020117143631502,8.75651076269652e-27,SELL,closed,8.75651076269652e-27,8.75651076269652e-27,1.0020090259997187,0.03163505405586717,False,False
2024-05-04 14:00:00+00:00,63819.09,0.01679488860476129,1069.693295736547,-0.003620868545940556,1.0,BUY,closed,1.0,1.0,1.0,0.03163151412755158,False,False
2024-05-04 15:00:00+00:00,63609.17,0.016706096557967235,1066.175020639016,-0.00689800966654611,1.0,SELL,closed,1.0,1.0020083253742735,0.002008325374273534,0.03151819450753135,True,False
2024-05-04 16:00:00+00:00,63683.01,0.016706096557967235,1067.4085988088566,-0.005748977929743428,1.0,HOLD,closed,1.0,0.9967078355460272,0.0032921644539728456,0.031316062830314184,True,False
2024-05-04 17:00:00+00:00,63463.3,0.016706096557967235,1063.7381023341056,-0.009167907546385877,1.0,HOLD,closed,1.0,0.996696475721653,0.0033035242783470142,0.031287333980186155,True,False
2024-05-04 18:00:00+00:00,63643.63,0.016706096557967235,1066.7507127264037,-0.006361774107902901,1.0,HOLD,closed,1.0,0.9967058052036524,0.003294194796347627,0.031244972210615396,True,False
2024-05-04 19:00:00+00:00,63921.18,0.016706096557967235,1071.3874898260676,-0.002042790378900361,1.0,HOLD,closed,1.0,0.9967200619008217,0.003279938099178259,0.031244174656460927,True,False
2024-05-04 20:00:00+00:00,63867.73,0.0,1074.1087855980652,0.0,8.75651076269652e-27,SELL,closed,8.75651076269652e-27,8.75651076269652e-27,0.9967173259777353,0.031243282258818034,False,False
2024-05-04 21:00:00+00:00,63903.91,0.016817704612658364,1077.4622639434144,0.0,1.0,BUY,closed,1.0,1.0,1.0,0.03124372660029945,False,False
2024-05-04 22:00:00+00:00,63613.92,0.016817704612658364,1072.5852977827894,-0.004526345213033942,1.0,HOLD,closed,1.0,0.9974405933260655,0.0025594066739345056,0.031236016430035124,True,False
2024-05-04 23:00:00+00:00,63892.04,0.016817704612658364,1077.262637789662,-0.00018527438076747083,1.0,HOLD,closed,1.0,0.9974517059506103,0.002548294049389721,0.031235473967809096,True,False
2024-05-05 00:00:00+00:00,63509.52,0.016717020064188265,1070.8844081851155,-0.00610495232958283,1.0,SELL,closed,1.0,0.9974363968362051,0.002563603163794892,0.03123260176287082,True,False
2024-05-05 01:00:00+00:00,63315.47,0.016717020064188265,1067.6404704416598,-0.009115672845754968,1.0,HOLD,closed,1.0,0.9913880296478964,0.008611970352103593,0.031229299632949625,True,False
2024-05-05 02:00:00+00:00,63141.71,0.016717020064188265,1064.7357210353064,-0.011811590376752558,1.0,HOLD,closed,1.0,0.9913645349766145,0.008635465023385525,0.031229005430163215,True,False
2024-05-05 03:00:00+00:00,63235.93,0.016717020064188265,1066.3107986657542,-0.010349750196212796,1.0,HOLD,closed,1.0,0.9913772906645469,0.00862270933545306,0.03122903615451389,True,False
2024-05-05 04:00:00+00:00,63345.2,0.016717020064188265,1068.137467448168,-0.008654406569301495,1.0,HOLD,closed,1.0,0.9913920367383838,0.00860796326161617,0.031229704162017646,True,False
2024-05-05 05:00:00+00:00,63211.67,0.016717020064188265,1065.905243758997,-0.010726148442656243,1.0,HOLD,closed,1.0,0.9913740099019267,0.0086259900980733,0.031226974836339794,True,False
2024-05-05 06:00:00+00:00,63382.84,0.016717020064188265,1068.766696083384,-0.008070415225685454,1.0,HOLD,closed,1.0,0.9913971046142775,0.008602895385722453,0.031225256806645035,True,False
2024-05-05 07:00:00+00:00,63736.87,0.0,1071.45939480354,-0.005571303367882752,8.75651076269652e-27,SELL,closed,8.75651076269652e-27,8.75651076269652e-27,0.9914444810488958,0.031226267529526175,False,False
2024-05-05 08:00:00+00:00,63668.0,0.0,1071.45939480354,-0.005571303367882752,8.75651076269652e-27,HOLD,closed,8.75651076269652e-27,0.0,8.75651076269652e-27,0.031223489858828946,True,False
2024-05-05 09:00:00+00:00,63673.42,0.0,1071.45939480354,-0.005571303367882752,8.75651076269652e-27,HOLD,closed,8.75651076269652e-27,0.0,8.75651076269652e-27,0.031223057269381876,True,False
2024-05-05 10:00:00+00:00,63688.48,0.0,1071.45939480354,-0.005571303367882752,8.75651076269652e-27,HOLD,closed,8.75651076269652e-27,0.0,8.75651076269652e-27,0.031218231960611714,True,False
2024-05-05 11:00:00+00:00,63859.63,0.0,1071.45939480354,-0.005571303367882752,8.75651076269652e-27,HOLD,closed,8.75651076269652e-27,0.0,8.75651076269652e-27,0.031217313466905233,True,False
2024-05-05 12:00:00+00:00,63725.33,0.0,1071.45939480354,-0.005571303367882752,8.75651076269652e-27,HOLD,closed,8.75651076269652e-27,0.0,8.75651076269652e-27,0.031216690433614608,True,False
2024-05-05 13:00:00+00:00,64119.92,0.016813715408624703,1075.950632384479,-0.001402955453310328,1.0,BUY,closed,1.0,1.0,1.0,0.031213638812901234,False,False
2024-05-05 14:00:00+00:00,64100.0,0.0,1073.794815456751,-0.0034037836956265725,8.75651076269652e-27,SELL,closed,8.75651076269652e-27,8.75651076269652e-27,1.0019927698275326,0.03120834614151652,False,False
2024-05-05 15:00:00+00:00,64428.65,0.0,1073.794815456751,-0.0034037836956265725,8.75651076269652e-27,HOLD,closed,8.75651076269652e-27,0.0,8.75651076269652e-27,0.031210893247201887,True,False
2024-05-05 16:00:00+00:00,64321.99,0.0,1073.794815456751,-0.0034037836956265725,8.75651076269652e-27,HOLD,closed,8.75651076269652e-27,0.0,8.75651076269652e-27,0.03120934018009175,True,False
2024-05-05 17:00:00+00:00,64218.0,0.0,1073.794815456751,-0.0034037836956265725,8.75651076269652e-27,HOLD,closed,8.75651076269652e-27,0.0,8.75651076269652e-27,0.031209670800738,True,False
2024-05-05 18:00:00+00:00,63932.6,0.016721087786239854,1071.7392282018077,-0.0053115881020843764,1.0,BUY,closed,1.0,1.0,1.0,0.03118123014070648,False,False
2024-05-05 19:00:00+00:00,63879.94,0.016721087786239854,1070.8586957189843,-0.006128816242957437,1.0,HOLD,closed,1.0,0.9974631469024718,0.002536853097528158,0.031212360144308088,True,False
2024-05-05 20:00:00+00:00,63738.78,0.016721087786239854,1068.4983469670788,-0.008319471851875853,1.0,HOLD,closed,1.0,0.9974575429087366,0.0025424570912634392,0.031225480747531315,True,False
2024-05-05 21:00:00+00:00,63868.41,0.016721087786239854,1070.6659015768091,-0.006307749787664244,1.0,HOLD,closed,1.0,0.9974626900929143,0.002537309907085672,0.031238310657492857,True,False
2024-05-05 22:00:00+00:00,63860.01,0.016721087786239854,1070.5254444394045,-0.006438109004970426,1.0,HOLD,closed,1.0,0.997462357187902,0.0025376428120980066,0.03125818054998181,True,False
2024-05-05 23:00:00+00:00,64012.0,0.016721087786239854,1073.0668825720352,-0.004079383119453804,1.0,HOLD,closed,1.0,0.9974683673092788,0.0025316326907212083,0.031279334090625194,True,False
2024-05-06 00:00:00+00:00,64218.02,0.0,1075.812918041797,-0.0015307690643205669,8.75651076269652e-27,SELL,closed,8.75651076269652e-27,8.75651076269652e-27,0.9974764686300037,0.031284638214526345,False,False
2024-05-06 01:00:00+00:00,64147.22,0.0,1075.812918041797,-0.0015307690643205669,8.75651076269652e-27,HOLD,closed,8.75651076269652e-27,0.0,8.75651076269652e-27,0.03128279605498974,True,False
2024-05-06 02:00:00+00:00,63826.09,0.0,1075.812918041797,-0.0015307690643205669,8.75651076269652e-27,HOLD,closed,8.75651076269652e-27,0.0,8.75651076269652e-27,0.031262357838897276,True,False
2024-05-06 03:00:00+00:00,63866.59,0.016855381343203232,1074.3435657974674,-0.002894484800361278,1.0,BUY,closed,1.0,1.0,1.0,0.03126178612013178,False,False
2024-05-06 04:00:00+00:00,64166.0,0.016855381343203232,1079.390235525436,0.0,1.0,HOLD,closed,1.0,1.0019938699385167,0.0019938699385166903,0.0312642138563802,True,False
2024-05-06 05:00:00+00:00,64186.93,0.0,1077.22785971489,-0.002003330898665659,8.75651076269652e-27,SELL,closed,8.75651076269652e-27,8.75651076269652e-27,1.0019932184838014,0.031262458830072615,False,False
2024-05-06 06:00:00+00:00,64230.02,0.0,1077.22785971489,-0.002003330898665659,8.75651076269652e-27,HOLD,closed,8.75651076269652e-27,0.0,8.75651076269652e-27,0.03126234604096875,True,False
2024-05-06 07:00:00+00:00,64540.75,0.0,1077.22785971489,-0.002003330898665659,8.75651076269652e-27,HOLD,closed,8.75651076269652e-27,0.0,8.75651076269652e-27,0.031256286748411355,True,False
2024-05-06 08:00:00+00:00,65143.04,0.0,1077.22785971489,-0.002003330898665659,8.75651076269652e-27,HOLD,closed,8.75651076269652e-27,0.0,8.75651076269652e-27,0.031264884372527446,True,False
2024-05-06 09:00:00+00:00,65166.2,0.0,1077.22785971489,-0.002003330898665659,8.75651076269652e-27,HOLD,closed,8.75651076269652e-27,0.0,8.75651076269652e-27,0.03126469881092192,True,False
2024-05-06 10:00:00+00:00,64007.17,0.0,1077.22785971489,-0.002003330898665659,8.75651076269652e-27,HOLD,closed,8.75651076269652e-27,0.0,8.75651076269652e-27,0.031233380849344933,True,False
2024-05-06 11:00:00+00:00,64203.56,0.016829802473893388,1078.378238587403,-0.0009375635472006821,1.0,BUY,closed,1.0,1.0,1.0,0.031231740743474512,False,False
2024-05-06 12:00:00+00:00,63593.99,0.016636452281741307,1068.212333105946,-0.010355756473976923,1.0,SELL,closed,1.0,1.0020175595943681,0.0020175595943681124,0.031237052291207074,True,False
2024-05-06 13:00:00+00:00,63870.0,0.016636452281741307,1072.8041603002293,-0.006101662780005331,1.0,HOLD,closed,1.0,0.9904605579991896,0.00953944200081036,0.031237858788250222,True,False
2024-05-06 14:00:00+00:00,63271.97,0.01648067864208519,1062.9735437395711,-0.015209227622735964,1.0,SELL,closed,1.0,0.9903712618736478,0.009628738126352232,0.031235134723529845,True,False
2024-05-06 15:00:00+00:00,63632.01,0.016574459561792546,1068.9561684085304,-0.009666631004704692,1.0,BUY,closed,1.0,0.9810942070330422,0.018905792966957824,0.031240070321981672,True,False
2024-05-06 16:00:00+00:00,63192.43,0.01645996057088887,1061.7061309818114,-0.016383420899686255,1.0,SELL,closed,1.0,0.9865400860137535,0.013459913986246463,0.031244833088319407,True,False
2024-05-06 17:00:00+00:00,63169.93,0.01645996057088887,1061.3357818689663,-0.016726530463452922,1.0,HOLD,closed,1.0,0.9796848224930399,0.020315177506960103,0.031244984087392208,True,False
2024-05-06 18:00:00+00:00,63400.0,0.01645996057088887,1065.1227249975107,-0.013218120804085416,1.0,HOLD,closed,1.0,0.9797570511856211,0.020242948814378936,0.0312477716174345,True,False
2024-05-06 19:00:00+00:00,63220.0,0.0,1063.0361237778723,-0.015151250409081945,8.75651076269652e-27,SELL,closed,8.75651076269652e-27,8.75651076269652e-27,0.9797005854281905,0.03125099021649394,False,False
2024-05-06 20:00:00+00:00,63308.28,0.016814870670323827,1062.393936795031,-0.01574620389458254,1.0,BUY,closed,1.0,1.0,1.0,0.031291674120832724,False,False
2024-05-06 21:00:00+00:00,63550.29,0.0,1065.1470918255723,-0.013195546180691922,8.75651076269652e-27,SELL,closed,8.75651076269652e-27,8.75651076269652e-27,1.0019940712055886,0.031334959052881306,False,False
2024-05-06 22:00:00+00:00,63495.67,0.0,1065.1470918255723,-0.013195546180691922,8.75651076269652e-27,HOLD,closed,8.75651076269652e-27,0.0,8.75651076269652e-27,0.03133598831729975,True,False
2024-05-06 23:00:00+00:00,63165.19,0.0,1065.1470918255723,-0.013195546180691922,8.75651076269652e-27,HOLD,closed,8.75651076269652e-27,0.0,8.75651076269652e-27,0.031336265075844166,True,False
2024-05-07 00:00:00+00:00,63545.45,0.016862883820256226,1069.428713898704,-0.009228841709766717,1.0,BUY,closed,1.0,1.0,1.0,0.03133430877153759,False,False
2024-05-07 01:00:00+00:00,63895.72,0.0,1072.2005512416315,-0.006660875786322744,8.75651076269652e-27,SELL,closed,8.75651076269652e-27,8.75651076269652e-27,1.0019815464109931,0.03133642383557991,False,False
2024-05-07 02:00:00+00:00,63702.76,0.0,1072.2005512416315,-0.006660875786322744,8.75651076269652e-27,HOLD,closed,8.75651076269652e-27,0.0,8.75651076269652e-27,0.031331167691916545,True,False
2024-05-07 03:00:00+00:00,63239.49,0.0,1072.2005512416315,-0.006660875786322744,8.75651076269652e-27,HOLD,closed,8.75651076269652e-27,0.0,8.75651076269652e-27,0.0313344028930376,True,False
2024-05-07 04:00:00+00:00,63466.26,0.01695460196936458,1073.9002395814457,-0.005086201230380694,1.0,BUY,closed,1.0,1.0,1.0,0.03133454830782445,False,False
2024-05-07 05:00:00+00:00,63563.48,0.0,1076.683341877074,-0.0025077989028169183,8.75651076269652e-27,SELL,closed,8.75651076269652e-27,8.75651076269652e-27,1.0019942727558702,0.03133489423270314,False,False
2024-05-07 06:00:00+00:00,63623.81,0.0,1076.683341877074,-0.0025077989028169183,8.75651076269652e-27,HOLD,closed,8.75651076269652e-27,0.0,8.75651076269652e-27,0.031322885519461885,True,False
2024-05-07 07:00:00+00:00,63669.69,0.0,1076.683341877074,-0.0025077989028169183,8.75651076269652e-27,HOLD,closed,8.75651076269652e-27,0.0,8.75651076269652e-27,0.0313156133444743,True,False
2024-05-07 08:00:00+00:00,64232.0,0.0,1076.683341877074,-0.0025077989028169183,8.75651076269652e-27,HOLD,closed,8.75651076269652e-27,0.0,8.75651076269652e-27,0.0313240592188446,True,False
2024-05-07 09:00:00+00:00,64119.98,0.0,1076.683341877074,-0.0025077989028169183,8.75651076269652e-27,HOLD,closed,8.75651076269652e-27,0.0,8.75651076269652e-27,0.031321276848232854,True,False
2024-05-07 10:00:00+00:00,64086.37,0.0,1076.683341877074,-0.0025077989028169183,8.75651076269652e-27,HOLD,closed,8.75651076269652e-27,0.0,8.75651076269652e-27,0.0313118833579302,True,False
2024-05-07 11:00:00+00:00,63490.43,0.0,1076.683341877074,-0.0025077989028169183,8.75651076269652e-27,HOLD,closed,8.75651076269652e-27,0.0,8.75651076269652e-27,0.03131857419852249,True,False
2024-05-07 12:00:00+00:00,63663.02,0.0169581989266268,1077.4562524043956,-0.0017917367207782942,1.0,BUY,closed,1.0,1.0,1.0,0.03129353504356072,False,False
2024-05-07 13:00:00+00:00,63213.16,0.01680453219137172,1069.8770062009446,-0.008813521756439213,1.0,SELL,closed,1.0,1.0020133200466366,0.0020133200466365686,0.03129733558324657,True,False
2024-05-07 14:00:00+00:00,64024.47,0.01702020745282214,1083.6583947020488,0.0,1.0,BUY,closed,1.0,0.9929770660092947,0.0070229339907053046,0.031307563544175715,True,False
2024-05-07 15:00:00+00:00,63740.48,0.0,1086.4643845974454,0.0,8.75651076269652e-27,SELL,closed,8.75651076269652e-27,8.75651076269652e-27,1.0056092208940404,0.031307537534459806,False,False
2024-05-07 16:00:00+00:00,63634.0,0.0,1086.4643845974454,0.0,0.0018853431242558207,HOLD,closed,0.0018853431242558207,0.0,0.0018853431242558207,0.03130778415178437,True,False
2024-05-07 17:00:00+00:00,63391.79,0.017073648605052824,1085.1248071075556,-0.0012329695375942508,1.0,BUY,closed,1.0,1.0,1.0,0.03128581394353239,False,False
2024-05-07 18:00:00+00:00,63169.99,0.017073648605052824,1081.3378718469548,-0.004718528120358023,1.0,HOLD,closed,1.0,0.997414628419997,0.0025853715800030486,0.03128812797305108,True,False
2024-05-07 19:00:00+00:00,63060.01,0.017073648605052824,1079.4601119733713,-0.006446849729610998,1.0,HOLD,closed,1.0,0.997410131072705,0.002589868927294958,0.03129077503001099,True,False
2024-05-07 20:00:00+00:00,62974.94,0.017073648605052824,1078.0076566865393,-0.007783713880358242,1.0,HOLD,closed,1.0,0.9974066416087923,0.0025933583912076674,0.03129016894332831,True,False
2024-05-07 21:00:00+00:00,63074.01,0.017073648605052824,1079.6991430538421,-0.006226841523304851,1.0,HOLD,closed,1.0,0.9974107044353607,0.0025892955646392712,0.031291014831772435,True,False
2024-05-07 22:00:00+00:00,62850.92,0.017073648605052824,1075.8901827865407,-0.009732672290792697,1.0,HOLD,closed,1.0,0.9974015375853571,0.002598462414642899,0.03130588453809244,True,False
2024-05-07 23:00:00+00:00,62312.08,0.016927271037081717,1066.7506967312734,-0.018144808192195154,1.0,SELL,closed,1.0,0.9973791264275689,0.002620873572431126,0.03132836122728555,True,False
2024-05-08 00:00:00+00:00,62586.01,0.016927271037081717,1071.3875840864612,-0.013876939478849472,1.0,HOLD,closed,1.0,0.9888208246344697,0.011179175365530258,0.031329476715333815,True,False
2024-05-08 01:00:00+00:00,62530.31,0.016927271037081717,1070.4447350896955,-0.014744753472692423,1.0,HOLD,closed,1.0,0.9888109780035017,0.011189021996498294,0.03132958035113484,True,False
2024-05-08 02:00:00+00:00,62756.01,0.016927271037081717,1074.265220162765,-0.011228315081124707,1.0,HOLD,closed,1.0,0.9888507703105759,0.011149229689424112,0.03133093051563271,True,False
2024-05-08 03:00:00+00:00,62893.99,0.0,1072.1410063915591,-0.013183476981800281,8.75651076269652e-27,SELL,closed,8.75651076269652e-27,8.75651076269652e-27,0.9888749579360336,0.03132235444904444,False,False
2024-05-08 04:00:00+00:00,62520.15,0.0,1072.1410063915591,-0.013183476981800281,8.75651076269652e-27,HOLD,closed,8.75651076269652e-27,0.0,8.75651076269652e-27,0.0313262916843601,True,False
2024-05-08 05:00:00+00:00,62617.71,0.01714872735256648,1071.6692181487892,-0.013617718775142357,1.0,BUY,closed,1.0,1.0,1.0,0.031326662471597544,False,False
2024-05-08 06:00:00+00:00,62505.98,0.0,1069.5221269833435,-0.015593937412296586,8.75651076269652e-27,SELL,closed,8.75651076269652e-27,8.75651076269652e-27,1.0020049653524274,0.03132262962154378,False,False
2024-05-08 07:00:00+00:00,62208.0,0.017110707789102075,1067.1918161080255,-0.017738794536335138,0.999999628782989,BUY,closed,0.999999628782989,0.999999628782989,0.999999628782989,0.03132304548189124,False,False
2024-05-08 08:00:00+00:00,62375.99,0.017110707789102075,1070.0662439095167,-0.015093123088433703,1.0,HOLD,closed,1.0,0.9974123976162005,0.0025876023837995143,0.031323578456381534,True,False
2024-05-08 09:00:00+00:00,62302.01,0.0,1067.932182882294,-0.01705734856832686,8.75651076269652e-27,SELL,closed,8.75651076269652e-27,8.75651076269652e-27,0.9974093329495738,0.03132279952661715,False,False
2024-05-08 10:00:00+00:00,62450.05,0.0,1067.932182882294,-0.01705734856832686,8.75651076269652e-27,HOLD,closed,8.75651076269652e-27,0.0,8.75651076269652e-27,0.03127306606962871,True,False
2024-05-08 11:00:00+00:00,62243.4,0.0,1067.932182882294,-0.01705734856832686,8.75651076269652e-27,HOLD,closed,8.75651076269652e-27,0.0,8.75651076269652e-27,0.03124791578200084,True,False
2024-05-08 12:00:00+00:00,62238.29,0.017157356167598396,1065.7081104604217,-0.01910442204206649,1.0,BUY,closed,1.0,1.0,1.0,0.031247986798580596,False,False
2024-05-08 13:00:00+00:00,62447.61,0.0,1063.5729553650915,-0.021069654520553423,8.75651076269652e-27,SELL,closed,8.75651076269652e-27,8.75651076269652e-27,1.0019979419754006,0.0312145284905333,False,False
2024-05-08 14:00:00+00:00,62560.01,0.0,1063.5729553650915,-0.021069654520553423,8.75651076269652e-27,HOLD,closed,8.75651076269652e-27,0.0,8.75651076269652e-27,0.031214612314600793,True,False
2024-05-08 15:00:00+00:00,62273.08,0.0,1063.5729553650915,-0.021069654520553423,8.75651076269652e-27,HOLD,closed,8.75651076269652e-27,0.0,8.75651076269652e-27,0.031212221616854913,True,False
2024-05-08 16:00:00+00:00,62444.45,0.01707917973796846,1069.2050780009029,-0.015885754601092962,1.0,BUY,closed,1.0,1.0,1.0,0.03121380893020534,False,False
2024-05-08 17:00:00+00:00,62594.18,0.0,1071.9083617770884,-0.013397606977931631,8.75651076269652e-27,SELL,closed,8.75651076269652e-27,8.75651076269652e-27,0.9974760329764202,0.031209941920024353,False,False
2024-05-08 18:00:00+00:00,62515.46,0.0,1071.9083617770884,-0.013397606977931631,8.75651076269652e-27,HOLD,closed,8.75651076269652e-27,0.0,8.75651076269652e-27,0.03120697704025463,True,False
2024-05-08 19:00:00+00:00,62179.45,0.0,1071.9083617770884,-0.013397606977931631,8.75651076269652e-27,HOLD,closed,8.75651076269652e-27,0.0,8.75651076269652e-27,0.031206523056249852,True,False
2024-05-08 20:00:00+00:00,61570.01,0.01723894890960098,1064.1295151360634,-0.02055738759412476,1.0,BUY,closed,1.0,1.0,1.0,0.031215985375607158,False,False
2024-05-08 21:00:00+00:00,61485.94,0.01723894890960098,1062.6802367012333,-0.021891327717129466,1.0,HOLD,closed,1.0,0.9974336039306536,0.0025663960693463883,0.031216009121987992,True,False
2024-05-08 22:00:00+00:00,61251.01,0.01723894890960098,1058.6302904339009,-0.02561896603159938,1.0,HOLD,closed,1.0,0.9974237858040843,0.0025762141959156937,0.031227513036823445,True,False
2024-05-08 23:00:00+00:00,61193.03,0.01723894890960098,1057.630776176122,-0.02653893567989042,1.0,HOLD,closed,1.0,0.9974213511521454,0.0025786488478546365,0.031234508048536863,True,False
2024-05-09 00:00:00+00:00,61400.0,0.01723894890960098,1061.1987214319422,-0.023254939162009016,1.0,HOLD,closed,1.0,0.9974300210437852,0.0025699789562148023,0.03123229443483158,True,False
2024-05-09 01:00:00+00:00,61551.0,0.0,1059.082479786371,-0.025202763384848326,8.75651076269652e-27,SELL,closed,8.75651076269652e-27,8.75651076269652e-27,0.9974363096814878,0.031223385577057255,False,False
2024-05-09 02:00:00+00:00,61664.64,0.0,1059.082479786371,-0.025202763384848326,0.0,HOLD,closed,0.0,0.0,0.0,0.031223642066784213,True,False
2024-05-09 03:00:00+00:00,61680.4,0.0,1059.082479786371,-0.025202763384848326,0.0,HOLD,closed,0.0,0.0,0.0,0.031223668172861235,True,False
2024-05-09 04:00:00+00:00,61511.12,0.0,1059.082479786371,-0.025202763384848326,0.0,HOLD,closed,0.0,0.0,0.0,0.031223981087026925,True,False
2024-05-09 05:00:00+00:00,61580.01,0.0,1059.082479786371,-0.025202763384848326,0.0,HOLD,closed,0.0,0.0,0.0,0.031221638012203873,True,False
2024-05-09 06:00:00+00:00,61616.01,0.0,1059.082479786371,-0.025202763384848326,0.0,HOLD,closed,0.0,0.0,0.0,0.031220972371406475,True,False
2024-05-09 07:00:00+00:00,61253.16,0.0,1059.082479786371,-0.025202763384848326,0.0,HOLD,closed,0.0,0.0,0.0,0.031207627369504776,True,False
2024-05-09 08:00:00+00:00,61310.0,0.0,1059.082479786371,-0.025202763384848326,0.0,HOLD,closed,0.0,0.0,0.0,0.031205065036605584,True,False
2024-05-09 09:00:00+00:00,61289.99,0.0,1059.082479786371,-0.025202763384848326,0.0,HOLD,closed,0.0,0.0,0.0,0.03119662017819433,True,False
2024-05-09 10:00:00+00:00,60805.99,0.0,1059.082479786371,-0.025202763384848326,0.0,HOLD,closed,0.0,0.0,0.0,0.031175646225558712,True,False
2024-05-09 11:00:00+00:00,61053.99,0.0,1059.082479786371,-0.025202763384848326,0.0,HOLD,closed,0.0,0.0,0.0,0.03117535365184404,True,False
2024-05-09 12:00:00+00:00,61516.66,0.0,1059.082479786371,-0.025202763384848326,0.0,HOLD,closed,0.0,0.0,0.0,0.031182521842870875,True,False
2024-05-09 13:00:00+00:00,61182.33,0.0,1059.082479786371,-0.025202763384848326,0.0,HOLD,closed,0.0,0.0,0.0,0.031170326063724163,True,False
2024-05-09 14:00:00+00:00,61540.61,0.0,1059.082479786371,-0.025202763384848326,0.0,HOLD,closed,0.0,0.0,0.0,0.031171277220007315,True,False
2024-05-09 15:00:00+00:00,62159.06,0.0,1059.082479786371,-0.025202763384848326,0.0,HOLD,closed,0.0,0.0,0.0,0.031178796911778467,True,False
2024-05-09 16:00:00+00:00,61859.81,0.0,1059.082479786371,-0.025202763384848326,0.0,HOLD,closed,0.0,0.0,0.0,0.031185553679548256,True,False
2024-05-09 17:00:00+00:00,61946.29,0.0,1059.082479786371,-0.025202763384848326,0.0,HOLD,closed,0.0,0.0,0.0,0.031189878536511423,True,False
2024-05-09 18:00:00+00:00,62259.69,0.0,1059.082479786371,-0.025202763384848326,0.0,HOLD,closed,0.0,0.0,0.0,0.031193347431696022,True,False
2024-05-09 19:00:00+00:00,62454.92,0.0,1059.082479786371,-0.025202763384848326,0.0,HOLD,closed,0.0,0.0,0.0,0.03119501897385285,True,False
2024-05-09 20:00:00+00:00,62624.7,0.0,1059.082479786371,-0.025202763384848326,0.0,HOLD,closed,0.0,0.0,0.0,0.03118071341165171,True,False
2024-05-09 21:00:00+00:00,62543.34,0.0,1059.082479786371,-0.025202763384848326,0.0,HOLD,closed,0.0,0.0,0.0,0.03109586021179714,True,False
2024-05-09 22:00:00+00:00,63280.47,0.0,1059.082479786371,-0.025202763384848326,0.0,HOLD,closed,0.0,0.0,0.0,0.031109977884428208,True,False
2024-05-09 23:00:00+00:00,63074.01,0.0,1059.082479786371,-0.025202763384848326,0.0,HOLD,closed,0.0,0.0,0.0,0.031107256314541726,True,False
2024-05-10 00:00:00+00:00,62840.73,0.0,1059.082479786371,-0.025202763384848326,0.0,HOLD,closed,0.0,0.0,0.0,0.031096293564736394,True,False
2024-05-10 01:00:00+00:00,62883.5,0.0,1059.082479786371,-0.025202763384848326,0.0,HOLD,closed,0.0,0.0,0.0,0.031092722747869117,True,False
2024-05-10 02:00:00+00:00,62910.61,0.0,1059.082479786371,-0.025202763384848326,0.0,HOLD,closed,0.0,0.0,0.0,0.03089792546751363,True,False
2024-05-10 03:00:00+00:00,62916.16,0.0,1059.082479786371,-0.025202763384848326,0.0,HOLD,closed,0.0,0.0,0.0,0.030897930882455876,True,False
2024-05-10 04:00:00+00:00,62929.99,0.0,1059.082479786371,-0.025202763384848326,0.0,HOLD,closed,0.0,0.0,0.0,0.030897771942473673,True,False
2024-05-10 05:00:00+00:00,62767.99,0.0,1059.082479786371,-0.025202763384848326,0.0,HOLD,closed,0.0,0.0,0.0,0.030898122765696562,True,False
2024-05-10 06:00:00+00:00,63166.0,0.0,1059.082479786371,-0.025202763384848326,0.0,HOLD,closed,0.0,0.0,0.0,0.03090442311139535,True,False
2024-05-10 07:00:00+00:00,63078.02,0.0,1059.082479786371,-0.025202763384848326,0.0,HOLD,closed,0.0,0.0,0.0,0.030905794316402974,True,False
2024-05-10 08:00:00+00:00,63039.99,0.0,1059.082479786371,-0.025202763384848326,0.0,HOLD,closed,0.0,0.0,0.0,0.030905903479382935,True,False
2024-05-10 09:00:00+00:00,63126.98,0.0,1059.082479786371,-0.025202763384848326,0.0,HOLD,closed,0.0,0.0,0.0,0.030906352158408562,True,False
2024-05-10 10:00:00+00:00,63025.45,0.0,1059.082479786371,-0.025202763384848326,0.0,HOLD,closed,0.0,0.0,0.0,0.030901127921518917,True,False
2024-05-10 11:00:00+00:00,63299.63,0.0,1059.082479786371,-0.025202763384848326,0.0,HOLD,closed,0.0,0.0,0.0,0.03090390531602555,True,False
2024-05-10 12:00:00+00:00,63007.92,0.0,1059.082479786371,-0.025202763384848326,0.0,HOLD,closed,0.0,0.0,0.0,0.030901826850496056,True,False
2024-05-10 13:00:00+00:00,63004.0,0.0,1059.082479786371,-0.025202763384848326,0.0,HOLD,closed,0.0,0.0,0.0,0.030891125350171356,True,False
2024-05-10 14:00:00+00:00,61063.87,0.0,1059.082479786371,-0.025202763384848326,0.0,HOLD,closed,0.0,0.0,0.0,0.03100542582087812,True,False
2024-05-10 15:00:00+00:00,60928.02,0.0,1059.082479786371,-0.025202763384848326,0.0,HOLD,closed,0.0,0.0,0.0,0.03100583529078399,True,False
2024-05-10 16:00:00+00:00,61071.54,0.0,1059.082479786371,-0.025202763384848326,0.0,HOLD,closed,0.0,0.0,0.0,0.031006470674248693,True,False
2024-05-10 17:00:00+00:00,60383.72,0.0,1059.082479786371,-0.025202763384848326,0.0,HOLD,closed,0.0,0.0,0.0,0.031020535410086647,True,False
2024-05-10 18:00:00+00:00,60717.07,0.0,1059.082479786371,-0.025202763384848326,0.0,HOLD,closed,0.0,0.0,0.0,0.03102027729290069,True,False
2024-05-10 19:00:00+00:00,60716.97,0.0,1059.082479786371,-0.025202763384848326,0.0,HOLD,closed,0.0,0.0,0.0,0.03101960295088152,True,False
2024-05-10 20:00:00+00:00,60516.92,0.0,1059.082479786371,-0.025202763384848326,0.0,HOLD,closed,0.0,0.0,0.0,0.0310171547951828,True,False
2024-05-10 21:00:00+00:00,60710.0,0.0,1059.082479786371,-0.025202763384848326,0.0,HOLD,closed,0.0,0.0,0.0,0.03101743079841332,True,False
2024-05-10 22:00:00+00:00,60854.01,0.0,1059.082479786371,-0.025202763384848326,0.0,HOLD,closed,0.0,0.0,0.0,0.031018706059809525,True,False
2024-05-10 23:00:00+00:00,60799.99,0.0,1059.082479786371,-0.025202763384848326,0.0,HOLD,closed,0.0,0.0,0.0,0.031019901558382662,True,False
2024-05-11 00:00:00+00:00,60779.99,0.0,1059.082479786371,-0.025202763384848326,0.0,HOLD,closed,0.0,0.0,0.0,0.03102148242521338,True,False
2024-05-11 01:00:00+00:00,60876.69,0.0,1059.082479786371,-0.025202763384848326,0.0,HOLD,closed,0.0,0.0,0.0,0.031024260506897522,True,False
2024-05-11 02:00:00+00:00,60895.23,0.0,1059.082479786371,-0.025202763384848326,0.0,HOLD,closed,0.0,0.0,0.0,0.0310245134122889,True,False
2024-05-11 03:00:00+00:00,60731.9,0.0,1059.082479786371,-0.025202763384848326,0.0,HOLD,closed,0.0,0.0,0.0,0.031025788938884385,True,False
2024-05-11 04:00:00+00:00,60766.01,0.0,1059.082479786371,-0.025202763384848326,0.0,HOLD,closed,0.0,0.0,0.0,0.031024683596096253,True,False
2024-05-11 05:00:00+00:00,60922.0,0.0,1059.082479786371,-0.025202763384848326,0.0,HOLD,closed,0.0,0.0,0.0,0.031025535881144456,True,False
2024-05-11 06:00:00+00:00,60953.01,0.0,1059.082479786371,-0.025202763384848326,0.0,HOLD,closed,0.0,0.0,0.0,0.03102566858552408,True,False
2024-05-11 07:00:00+00:00,61018.52,0.0,1059.082479786371,-0.025202763384848326,0.0,HOLD,closed,0.0,0.0,0.0,0.031025393573854587,True,False
2024-05-11 08:00:00+00:00,60790.0,0.0,1059.082479786371,-0.025202763384848326,0.0,HOLD,closed,0.0,0.0,0.0,0.031056187316360867,True,False
2024-05-11 09:00:00+00:00,60904.43,0.0,1059.082479786371,-0.025202763384848326,0.0,HOLD,closed,0.0,0.0,0.0,0.03108651076253313,True,False
2024-05-11 10:00:00+00:00,60745.99,0.0,1059.082479786371,-0.025202763384848326,0.0,HOLD,closed,0.0,0.0,0.0,0.03108843694017288,True,False
2024-05-11 11:00:00+00:00,60684.01,0.0,1059.082479786371,-0.025202763384848326,0.0,HOLD,closed,0.0,0.0,0.0,0.031067107840663882,True,False
2024-05-11 12:00:00+00:00,60710.01,0.0,1059.082479786371,-0.025202763384848326,0.0,HOLD,closed,0.0,0.0,0.0,0.031067102925645212,True,False
2024-05-11 13:00:00+00:00,60972.0,0.0,1059.082479786371,-0.025202763384848326,0.0,HOLD,closed,0.0,0.0,0.0,0.03106329196399446,True,False
2024-05-11 14:00:00+00:00,60840.01,0.0,1059.082479786371,-0.025202763384848326,0.0,HOLD,closed,0.0,0.0,0.0,0.03106251132555793,True,False
2024-05-11 15:00:00+00:00,61174.18,0.0,1059.082479786371,-0.025202763384848326,0.0,HOLD,closed,0.0,0.0,0.0,0.03106620442149341,True,False
2024-05-11 16:00:00+00:00,61201.19,0.0,1059.082479786371,-0.025202763384848326,0.0,HOLD,closed,0.0,0.0,0.0,0.031065692340259993,True,False
2024-05-11 17:00:00+00:00,61099.05,0.0,1059.082479786371,-0.025202763384848326,0.0,HOLD,closed,0.0,0.0,0.0,0.031066068027128135,True,False
2024-05-11 18:00:00+00:00,61214.54,0.0,1059.082479786371,-0.025202763384848326,0.0,HOLD,closed,0.0,0.0,0.0,0.031066219496821118,True,False
2024-05-11 19:00:00+00:00,61144.0,0.0,1059.082479786371,-0.025202763384848326,0.0,HOLD,closed,0.0,0.0,0.0,0.03106331613702179,True,False
2024-05-11 20:00:00+00:00,61016.58,0.0,1059.082479786371,-0.025202763384848326,0.0,HOLD,closed,0.0,0.0,0.0,0.031063049308145546,True,False
2024-05-11 21:00:00+00:00,60919.55,0.0,1059.082479786371,-0.025202763384848326,0.0,HOLD,closed,0.0,0.0,0.0,0.03106249909863315,True,False
2024-05-11 22:00:00+00:00,60909.99,0.0,1059.082479786371,-0.025202763384848326,0.0,HOLD,closed,0.0,0.0,0.0,0.03106221566408776,True,False
2024-05-11 23:00:00+00:00,60825.99,0.0,1059.082479786371,-0.025202763384848326,0.0,HOLD,closed,0.0,0.0,0.0,0.031065309956551213,True,False
2024-05-12 00:00:00+00:00,60978.0,0.0,1059.082479786371,-0.025202763384848326,0.0,HOLD,closed,0.0,0.0,0.0,0.03107488422768767,True,False
2024-05-12 01:00:00+00:00,60867.99,0.0,1059.082479786371,-0.025202763384848326,0.0,HOLD,closed,0.0,0.0,0.0,0.031084493828522047,True,False
2024-05-12 02:00:00+00:00,60929.85,0.0,1059.082479786371,-0.025202763384848326,0.0,HOLD,closed,0.0,0.0,0.0,0.031084717385674143,True,False
2024-05-12 03:00:00+00:00,60930.0,0.0,1059.082479786371,-0.025202763384848326,0.0,HOLD,closed,0.0,0.0,0.0,0.031084514337109653,True,False
2024-05-12 04:00:00+00:00,61100.0,0.0,1059.082479786371,-0.025202763384848326,0.0,HOLD,closed,0.0,0.0,0.0,0.031084295097809994,True,False
2024-05-12 05:00:00+00:00,61050.01,0.0,1059.082479786371,-0.025202763384848326,0.0,HOLD,closed,0.0,0.0,0.0,0.031084647519564856,True,False
2024-05-12 06:00:00+00:00,60946.49,0.0,1059.082479786371,-0.025202763384848326,0.0,HOLD,closed,0.0,0.0,0.0,0.03108516185145843,True,False
2024-05-12 07:00:00+00:00,60820.0,0.0,1059.082479786371,-0.025202763384848326,0.0,HOLD,closed,0.0,0.0,0.0,0.031083642369990616,True,False
2024-05-12 08:00:00+00:00,61049.97,0.0,1059.082479786371,-0.025202763384848326,0.0,HOLD,closed,0.0,0.0,0.0,0.031084159652279814,True,False
2024-05-12 09:00:00+00:00,61000.0,0.0,1059.082479786371,-0.025202763384848326,0.0,HOLD,closed,0.0,0.0,0.0,0.03108409476186963,True,False
2024-05-12 10:00:00+00:00,61159.99,0.0,1059.082479786371,-0.025202763384848326,0.0,HOLD,closed,0.0,0.0,0.0,0.031085065494677155,True,False
2024-05-12 11:00:00+00:00,61146.0,0.0,1059.082479786371,-0.025202763384848326,0.0,HOLD,closed,0.0,0.0,0.0,0.03108452358717184,True,False
2024-05-12 12:00:00+00:00,61155.75,0.0,1059.082479786371,-0.025202763384848326,0.0,HOLD,closed,0.0,0.0,0.0,0.031078099267125403,True,False
2024-05-12 13:00:00+00:00,61191.29,0.0,1059.082479786371,-0.025202763384848326,0.0,HOLD,closed,0.0,0.0,0.0,0.031076379514461433,True,False
2024-05-12 14:00:00+00:00,61168.82,0.0,1059.082479786371,-0.025202763384848326,0.0,HOLD,closed,0.0,0.0,0.0,0.031079260150308124,True,False
2024-05-12 15:00:00+00:00,61419.0,0.0,1059.082479786371,-0.025202763384848326,0.0,HOLD,closed,0.0,0.0,0.0,0.031082648941550217,True,False
2024-05-12 16:00:00+00:00,61346.77,0.0,1059.082479786371,-0.025202763384848326,0.0,HOLD,closed,0.0,0.0,0.0,0.031090501084334615,True,False
2024-05-12 17:00:00+00:00,61616.3,0.0,1059.082479786371,-0.025202763384848326,0.0,HOLD,closed,0.0,0.0,0.0,0.03110097479679247,True,False
2024-05-12 18:00:00+00:00,61373.94,0.0,1059.082479786371,-0.025202763384848326,0.0,HOLD,closed,0.0,0.0,0.0,0.031099200254065873,True,False
2024-05-12 19:00:00+00:00,61406.1,0.0,1059.082479786371,-0.025202763384848326,0.0,HOLD,closed,0.0,0.0,0.0,0.031099335432207026,True,False
2024-05-12 20:00:00+00:00,61284.03,0.0,1059.082479786371,-0.025202763384848326,0.0,HOLD,closed,0.0,0.0,0.0,0.031100043696155988,True,False
2024-05-12 21:00:00+00:00,61236.0,0.017281541043994188,1060.8955157223595,-0.023534014770819737,1.0,BUY,closed,1.0,1.0,1.0,0.031098473673335403,False,False
2024-05-12 22:00:00+00:00,61326.0,0.017281541043994188,1062.450854416319,-0.022102455010546633,1.0,HOLD,closed,1.0,0.9975122911884865,0.0024877088115135004,0.03109812393491232,True,False
2024-05-12 23:00:00+00:00,61483.99,0.017281541043994188,1065.1811650858597,-0.019589431382485218,1.0,HOLD,closed,1.0,0.9975186677731779,0.0024813322268221194,0.03107516230494195,True,False
2024-05-13 00:00:00+00:00,61512.89,0.0,1067.8153928896759,-0.017164844031844883,8.75651076269652e-27,SELL,closed,8.75651076269652e-27,8.75651076269652e-27,0.9975198306619182,0.031075251030740325,False,False
2024-05-13 01:00:00+00:00,61415.87,0.0,1067.8153928896759,-0.017164844031844883,8.75651076269652e-27,HOLD,closed,8.75651076269652e-27,0.0,8.75651076269652e-27,0.03106378553779751,True,False
2024-05-13 02:00:00+00:00,61044.26,0.01738663343893592,1064.0056774287716,-0.020671369892161822,1.0,BUY,closed,1.0,1.0,1.0,0.031068325299223043,False,False
2024-05-13 03:00:00+00:00,61170.0,0.01738663343893592,1066.1918727173834,-0.018659159165694432,1.0,HOLD,closed,1.0,0.9975131068567281,0.0024868931432718844,0.03106593690523285,True,False
2024-05-13 04:00:00+00:00,60976.96,0.01738663343893592,1062.8355569983312,-0.021748368316619124,1.0,HOLD,closed,1.0,0.9975052535265554,0.002494746473444609,0.031067325368683424,True,False
2024-05-13 05:00:00+00:00,60858.97,0.01738663343893592,1060.7841081188712,-0.023636556193316102,1.0,HOLD,closed,1.0,0.9975004289398951,0.0024995710601048993,0.03106791613865509,True,False
2024-05-13 06:00:00+00:00,61504.1,0.017570941759301486,1072.0972123853326,-0.013223785717960821,1.0,BUY,closed,1.0,0.9975265826397802,0.002473417360219776,0.031082399478060463,True,False
2024-05-13 07:00:00+00:00,62334.37,0.0,1074.7893849704737,-0.010745865020966527,8.75651076269652e-27,SELL,closed,8.75651076269652e-27,8.75651076269652e-27,1.007902694938169,0.03110499379569709,False,False
2024-05-13 08:00:00+00:00,62767.18,0.0,1074.7893849704737,-0.010745865020966527,8.75651076269652e-27,HOLD,closed,8.75651076269652e-27,0.0,8.75651076269652e-27,0.031110832925004217,True,False
2024-05-13 09:00:00+00:00,63060.6,0.0,1074.7893849704737,-0.010745865020966527,8.75651076269652e-27,HOLD,closed,8.75651076269652e-27,0.0,8.75651076269652e-27,0.03111338324483856,True,False
2024-05-13 10:00:00+00:00,62674.7,0.0,1074.7893849704737,-0.010745865020966527,8.75651076269652e-27,HOLD,closed,8.75651076269652e-27,0.0,8.75651076269652e-27,0.03111793044417363,True,False
2024-05-13 11:00:00+00:00,62738.0,0.0,1074.7893849704737,-0.010745865020966527,8.75651076269652e-27,HOLD,closed,8.75651076269652e-27,0.0,8.75651076269652e-27,0.031118029672412395,True,False
2024-05-13 12:00:00+00:00,62844.04,0.0,1074.7893849704737,-0.010745865020966527,8.75651076269652e-27,HOLD,closed,8.75651076269652e-27,0.0,8.75651076269652e-27,0.031117701651483448,True,False
2024-05-13 13:00:00+00:00,62779.66,0.0,1074.7893849704737,-0.010745865020966527,8.75651076269652e-27,HOLD,closed,8.75651076269652e-27,0.0,8.75651076269652e-27,0.03111365339557584,True,False
2024-05-13 14:00:00+00:00,62747.87,0.01712002557787783,1072.0950231927195,-0.013225800687474866,1.0,BUY,closed,1.0,1.0,1.0,0.03111307049128198,False,False
2024-05-13 15:00:00+00:00,63002.0,0.01712002557787783,1076.4457352928257,-0.009221332467636983,1.0,HOLD,closed,1.0,1.0019974217874053,0.0019974217874052513,0.031114682278686606,True,False
2024-05-13 16:00:00+00:00,63178.89,0.0,1079.1377764189226,-0.0067435327677468114,8.75651076269652e-27,SELL,closed,8.75651076269652e-27,8.75651076269652e-27,1.0019918182116376,0.031115964646709626,False,False
2024-05-13 17:00:00+00:00,62810.51,0.0,1079.1377764189226,-0.0067435327677468114,8.75651076269652e-27,HOLD,closed,8.75651076269652e-27,0.0,8.75651076269652e-27,0.031120551882120318,True,False
2024-05-13 18:00:00+00:00,62786.9,0.017180847224754624,1081.4320843753233,-0.004631813332736775,1.0,BUY,closed,1.0,1.0,1.0,0.03111373296618236,False,False
2024-05-13 19:00:00+00:00,63172.69,0.01728641381668444,1088.087750249461,0.0,1.0,BUY,closed,1.0,0.9975185678583217,0.002481432141678286,0.031117462675912283,True,False
2024-05-13 20:00:00+00:00,63091.89,0.0,1085.9044102600815,-0.0020065844771056883,8.75651076269652e-27,SELL,closed,8.75651076269652e-27,8.75651076269652e-27,1.0036270761187844,0.031116531129120634,False,False
2024-05-13 21:00:00+00:00,62901.75,0.017211476504743264,1085.349905451847,-0.0025161985299312446,1.0,BUY,closed,1.0,1.0,1.0,0.0311160332008886,False,False
2024-05-13 22:00:00+00:00,62770.0,0.017211476504743264,1083.0822934223472,-0.004600232679732032,1.0,HOLD,closed,1.0,0.9974905755212521,0.0025094244787479125,0.031115828214917846,True,False
2024-05-13 23:00:00+00:00,62940.08,0.017211476504743264,1086.009621346274,-0.0019098909097272387,1.0,HOLD,closed,1.0,0.9974973396494929,0.0025026603505070577,0.031115824652149154,True,False
2024-05-14 00:00:00+00:00,62815.03,0.017211476504743264,1083.8573262093557,-0.0038879438162365792,1.0,HOLD,closed,1.0,0.9974923699329339,0.0025076300670661134,0.031115517703138557,True,False
2024-05-14 01:00:00+00:00,62652.02,0.017211476504743264,1081.0516834243174,-0.006466451647424925,1.0,HOLD,closed,1.0,0.9974858619053224,0.002514138094677598,0.03111487702845242,True,False
2024-05-14 02:00:00+00:00,62541.99,0.017211476504743264,1079.1579046645006,-0.008206916751808823,1.0,HOLD,closed,1.0,0.9974814499269619,0.0025185500730381394,0.031115440732381927,True,False
2024-05-14 03:00:00+00:00,62488.46,0.017211476504743264,1078.2365743272017,-0.00905365943142059,1.0,HOLD,closed,1.0,0.997479297879217,0.002520702120783036,0.031113842630516503,True,False
2024-05-14 04:00:00+00:00,62550.22,0.017211476504743264,1079.2995551161348,-0.008076733821616198,1.0,HOLD,closed,1.0,0.9974817804688894,0.0025182195311106437,0.03111392320696721,True,False
2024-05-14 05:00:00+00:00,62717.22,0.017211476504743264,1082.173871692427,-0.005435111787333439,1.0,HOLD,closed,1.0,0.997488469006037,0.0025115309939629515,0.0311144569908873,True,False
2024-05-14 06:00:00+00:00,62042.0,0.0,1080.0154995034607,-0.007418749769170316,8.75651076269652e-27,SELL,closed,8.75651076269652e-27,8.75651076269652e-27,0.9974612047241405,0.03112878652183615,False,False
2024-05-14 07:00:00+00:00,62035.39,0.017407815247439045,1077.740036916071,-0.009509998923356664,1.0,BUY,closed,1.0,1.0,1.0,0.031128256182671038,False,False
2024-05-14 08:00:00+00:00,61861.0,0.017324051448940194,1074.7085055422347,-0.01229610819914004,1.0,SELL,closed,1.0,1.0020103865136216,0.0020103865136216204,0.0311331916920152,True,False
2024-05-14 09:00:00+00:00,61797.85,0.017324051448940194,1073.614491693234,-0.013301554541817716,1.0,HOLD,closed,1.0,0.997182080828125,0.0028179191718750163,0.031133500993104857,True,False
2024-05-14 10:00:00+00:00,61719.01,0.017324051448940194,1072.2486634769996,-0.014556810118329114,1.0,HOLD,closed,1.0,0.997178491368285,0.0028215086317150417,0.031129399852158873,True,False
2024-05-14 11:00:00+00:00,61798.57,0.017324051448940194,1073.6269650102772,-0.013290091020571016,1.0,HOLD,closed,1.0,0.9971821135664972,0.002817886433502781,0.031123022201365952,True,False
2024-05-14 12:00:00+00:00,61566.52,0.017324051448940194,1069.6069188715505,-0.016984688389032363,1.0,HOLD,closed,1.0,0.9971715227286141,0.0028284772713859097,0.031122972833442647,True,False
2024-05-14 13:00:00+00:00,61695.98,0.017324051448940194,1071.8496905721306,-0.014923483582649891,1.0,HOLD,closed,1.0,0.9971774411226164,0.0028225588773835852,0.031124753582486314,True,False
2024-05-14 14:00:00+00:00,61803.74,0.0,1074.5221342251155,-0.012467391551127489,8.75651076269652e-27,SELL,closed,8.75651076269652e-27,8.75651076269652e-27,0.9971823486238576,0.031126798561921326,False,False
2024-05-14 15:00:00+00:00,61787.61,0.0,1074.5221342251155,-0.012467391551127489,8.75651076269652e-27,HOLD,closed,8.75651076269652e-27,0.0,8.75651076269652e-27,0.031125945613280526,True,False
2024-05-14 16:00:00+00:00,61427.54,0.0,1074.5221342251155,-0.012467391551127489,8.75651076269652e-27,HOLD,closed,8.75651076269652e-27,0.0,8.75651076269652e-27,0.03113050031245418,True,False
2024-05-14 17:00:00+00:00,61314.98,0.017492514501233736,1075.2495608194035,-0.011798854850736075,1.0,BUY,closed,1.0,1.0,1.0,0.031131656843819355,False,False
2024-05-14 18:00:00+00:00,61429.99,0.017492514501233736,1077.2613749121904,-0.009949910138027384,1.0,HOLD,closed,1.0,0.9974970011091627,0.0025029988908372713,0.031134351514250397,True,False
2024-05-14 19:00:00+00:00,61596.52,0.0,1079.953086930838,-0.007476109639831781,8.75651076269652e-27,SELL,closed,8.75651076269652e-27,8.75651076269652e-27,0.9975037512292649,0.031137460668857392,False,False
2024-05-14 20:00:00+00:00,61610.04,0.0,1079.953086930838,-0.007476109639831781,8.75651076269652e-27,HOLD,closed,8.75651076269652e-27,0.0,8.75651076269652e-27,0.031136666667196417,True,False
2024-05-14 21:00:00+00:00,61694.56,0.0,1079.953086930838,-0.007476109639831781,8.75651076269652e-27,HOLD,closed,8.75651076269652e-27,0.0,8.75651076269652e-27,0.031139183548303806,True,False
2024-05-14 22:00:00+00:00,61708.79,0.0,1079.953086930838,-0.007476109639831781,8.75651076269652e-27,HOLD,closed,8.75651076269652e-27,0.0,8.75651076269652e-27,0.03113791377854913,True,False
2024-05-14 23:00:00+00:00,61577.49,0.0,1079.953086930838,-0.007476109639831781,8.75651076269652e-27,HOLD,closed,8.75651076269652e-27,0.0,8.75651076269652e-27,0.03113833643038605,True,False
2024-05-15 00:00:00+00:00,61438.35,0.0,1079.953086930838,-0.007476109639831781,8.75651076269652e-27,HOLD,closed,8.75651076269652e-27,0.0,8.75651076269652e-27,0.031135445152479707,True,False
2024-05-15 01:00:00+00:00,61696.0,0.017577833501889913,1082.321569582195,-0.005299370998289325,1.0,BUY,closed,1.0,1.0,1.0,0.031136558398130287,False,False
2024-05-15 02:00:00+00:00,61774.01,0.0,1080.1529723648716,-0.007292406226216678,8.75651076269652e-27,SELL,closed,8.75651076269652e-27,8.75651076269652e-27,1.0019935964488853,0.031140565753145194,False,False
2024-05-15 03:00:00+00:00,61949.99,0.0,1080.1529723648716,-0.007292406226216678,8.75651076269652e-27,HOLD,closed,8.75651076269652e-27,0.0,8.75651076269652e-27,0.031144840000822627,True,False
2024-05-15 04:00:00+00:00,61900.0,0.0,1080.1529723648716,-0.007292406226216678,8.75651076269652e-27,HOLD,closed,8.75651076269652e-27,0.0,8.75651076269652e-27,0.031146477716761184,True,False
2024-05-15 05:00:00+00:00,61928.68,0.0,1080.1529723648716,-0.007292406226216678,8.75651076269652e-27,HOLD,closed,8.75651076269652e-27,0.0,8.75651076269652e-27,0.031147517111790424,True,False
2024-05-15 06:00:00+00:00,61962.75,0.0,1080.1529723648716,-0.007292406226216678,8.75651076269652e-27,HOLD,closed,8.75651076269652e-27,0.0,8.75651076269652e-27,0.031149180596456383,True,False
2024-05-15 07:00:00+00:00,62195.04,0.0,1080.1529723648716,-0.007292406226216678,8.75651076269652e-27,HOLD,closed,8.75651076269652e-27,0.0,8.75651076269652e-27,0.031152159914445393,True,False
2024-05-15 08:00:00+00:00,62143.51,0.0,1080.1529723648716,-0.007292406226216678,8.75651076269652e-27,HOLD,closed,8.75651076269652e-27,0.0,8.75651076269652e-27,0.031151174769495138,True,False
2024-05-15 09:00:00+00:00,62649.98,0.0,1080.1529723648716,-0.007292406226216678,8.75651076269652e-27,HOLD,closed,8.75651076269652e-27,0.0,8.75651076269652e-27,0.03115729463007666,True,False
2024-05-15 10:00:00+00:00,62674.71,0.0,1080.1529723648716,-0.007292406226216678,8.75651076269652e-27,HOLD,closed,8.75651076269652e-27,0.0,8.75651076269652e-27,0.031137533486335356,True,False
2024-05-15 11:00:00+00:00,62467.18,0.0,1080.1529723648716,-0.007292406226216678,8.75651076269652e-27,HOLD,closed,8.75651076269652e-27,0.0,8.75651076269652e-27,0.031127225273554743,True,False
2024-05-15 12:00:00+00:00,63757.56,0.0,1080.1529723648716,-0.007292406226216678,8.75651076269652e-27,HOLD,closed,8.75651076269652e-27,0.0,8.75651076269652e-27,0.031179645802946798,True,False
2024-05-15 13:00:00+00:00,64145.99,0.0,1080.1529723648716,-0.007292406226216678,8.75651076269652e-27,HOLD,closed,8.75651076269652e-27,0.0,8.75651076269652e-27,0.031184259300592543,True,False
2024-05-15 14:00:00+00:00,64500.0,0.0,1080.1529723648716,-0.007292406226216678,8.75651076269652e-27,HOLD,closed,8.75651076269652e-27,0.0,8.75651076269652e-27,0.03117189082969596,True,False
2024-05-15 15:00:00+00:00,64725.11,0.0,1080.1529723648716,-0.007292406226216678,8.75651076269652e-27,HOLD,closed,8.75651076269652e-27,0.0,8.75651076269652e-27,0.03117423679034642,True,False
2024-05-15 16:00:00+00:00,64759.27,0.0,1080.1529723648716,-0.007292406226216678,8.75651076269652e-27,HOLD,closed,8.75651076269652e-27,0.0,8.75651076269652e-27,0.031173842179030964,True,False
2024-05-15 17:00:00+00:00,65046.56,0.0,1080.1529723648716,-0.007292406226216678,8.75651076269652e-27,HOLD,closed,8.75651076269652e-27,0.0,8.75651076269652e-27,0.031173880763092382,True,False
2024-05-15 18:00:00+00:00,65717.28,0.0,1080.1529723648716,-0.007292406226216678,8.75651076269652e-27,HOLD,closed,8.75651076269652e-27,0.0,8.75651076269652e-27,0.031186253742301828,True,False
2024-05-15 19:00:00+00:00,66006.23,0.0,1080.1529723648716,-0.007292406226216678,8.75651076269652e-27,HOLD,closed,8.75651076269652e-27,0.0,8.75651076269652e-27,0.031189384521688873,True,False
2024-05-15 20:00:00+00:00,65930.87,0.0,1080.1529723648716,-0.007292406226216678,8.75651076269652e-27,HOLD,closed,8.75651076269652e-27,0.0,8.75651076269652e-27,0.03118736390452065,True,False
2024-05-15 21:00:00+00:00,65859.99,0.0,1080.1529723648716,-0.007292406226216678,8.75651076269652e-27,HOLD,closed,8.75651076269652e-27,0.0,8.75651076269652e-27,0.031180160565871112,True,False
2024-05-15 22:00:00+00:00,66116.3,0.01640074607306912,1082.195801569644,-0.005414957275703348,1.0,BUY,closed,1.0,1.0,1.0,0.03118056608742839,False,False
2024-05-15 23:00:00+00:00,66206.5,0.01640074607306912,1083.6751488654347,-0.004055372724317977,1.0,HOLD,closed,1.0,1.001993997946228,0.00199399794622801,0.031180940982058897,True,False
2024-05-16 00:00:00+00:00,66083.9,0.01640074607306912,1081.6644173968764,-0.005903322458240946,1.0,HOLD,closed,1.0,1.0019977046359871,0.001997704635987141,0.031181284975892176,True,False
2024-05-16 01:00:00+00:00,65985.99,0.01640074607306912,1080.0586203488624,-0.007379119835470705,1.0,HOLD,closed,1.0,1.0020006747601515,0.002000674760151533,0.031181163558249958,True,False
2024-05-16 02:00:00+00:00,65909.51,0.01640074607306912,1078.8042912891938,-0.00853190283425096,1.0,HOLD,closed,1.0,1.002003000950834,0.002003000950834055,0.031181243871394593,True,False
2024-05-16 03:00:00+00:00,65975.39,0.01640074607306912,1079.8847724404877,-0.007538893629757815,1.0,HOLD,closed,1.0,1.0020009968437027,0.002000996843702696,0.031179155294350502,True,False
2024-05-16 04:00:00+00:00,65813.33,0.01640074607306912,1077.2268675318862,-0.0099816239224131,1.0,HOLD,closed,1.0,1.0020059340203489,0.0020059340203488762,0.03117978347982797,True,False
2024-05-16 05:00:00+00:00,65781.99,0.01640074607306912,1076.7128681499562,-0.010454011725521985,1.0,HOLD,closed,1.0,1.0020068916097649,0.0020068916097648604,0.03117981055804772,True,False
2024-05-16 06:00:00+00:00,65958.14,0.01640074607306912,1079.6018595707274,-0.007798902870460603,1.0,HOLD,closed,1.0,1.0020015212108613,0.002001521210861279,0.03117277854846698,True,False
2024-05-16 07:00:00+00:00,66142.62,0.01640074607306912,1082.627469206287,-0.005018235929888911,1.0,HOLD,closed,1.0,1.001995927576824,0.001995927576823986,0.031168784725240095,True,False
2024-05-16 08:00:00+00:00,66297.12,0.01640074607306912,1085.1613844745762,-0.0026894575131590527,1.0,HOLD,closed,1.0,1.0019912669692557,0.0019912669692556673,0.031163834723545558,True,False
2024-05-16 09:00:00+00:00,66364.69,0.01640074607306912,1086.2695828867336,-0.0016709749395767627,1.0,HOLD,closed,1.0,1.0019892355040207,0.0019892355040207477,0.031164186268603122,True,False
2024-05-16 10:00:00+00:00,66169.99,0.016320069567511083,1083.0813598764116,-0.004601090649078146,1.0,SELL,closed,1.0,1.0019951003509593,0.001995100350959289,0.031165355257785105,True,False
2024-05-16 11:00:00+00:00,66503.8,0.016402397498924644,1088.5457453599854,0.0,1.0,BUY,closed,1.0,0.9970763118663923,0.0029236881336076603,0.031150979094678732,True,False
2024-05-16 12:00:00+00:00,66011.01,0.0,1091.2862551497346,0.0,8.75651076269652e-27,SELL,closed,8.75651076269652e-27,8.75651076269652e-27,1.0021065208467754,0.031155393411664928,False,False
2024-05-16 13:00:00+00:00,66328.05,0.016531882410975605,1099.2772445451835,0.0,1.0,BUY,closed,1.0,1.0,1.0,0.031156578747177255,False,False
2024-05-16 14:00:00+00:00,65598.7,0.016350093681510743,1087.328196177797,-0.010869913324122599,1.0,SELL,closed,1.0,0.9974708687166616,0.002529131283338426,0.031173474881160568,True,False
2024-05-16 15:00:00+00:00,65818.88,0.016350093681510743,1090.9281598045923,-0.0075950673790628805,1.0,HOLD,closed,1.0,0.9864488732281634,0.013551126771836564,0.031176150041816786,True,False
2024-05-16 16:00:00+00:00,65154.99,0.01618517404833013,1080.161282027866,-0.017389573569519808,1.0,SELL,closed,1.0,0.9863126853443613,0.01368731465563866,0.03121431824431073,True,False
2024-05-16 17:00:00+00:00,64994.99,0.01618517404833013,1077.5716541801332,-0.01974532855360868,1.0,HOLD,closed,1.0,0.9762276330661769,0.02377236693382312,0.03124034901198572,True,False
2024-05-16 18:00:00+00:00,65122.18,0.01618517404833013,1079.6302464673404,-0.01787265057594448,1.0,HOLD,closed,1.0,0.9762729611878915,0.02372703881210847,0.031253986110275994,True,False
2024-05-16 19:00:00+00:00,65186.85,0.01618517404833013,1080.6769416730458,-0.016920483858313136,1.0,HOLD,closed,1.0,0.9762959421332716,0.023704057866728356,0.03126736299797436,True,False
2024-05-16 20:00:00+00:00,65273.9,0.01618517404833013,1082.085861073953,-0.01563880591228214,1.0,HOLD,closed,1.0,0.9763268057719255,0.023673194228074457,0.03126663337522825,True,False
2024-05-16 21:00:00+00:00,65461.99,0.01618517404833013,1085.1301304607034,-0.01286946869379922,1.0,HOLD,closed,1.0,0.9763932195396868,0.02360678046031317,0.03126760485639557,True,False
2024-05-16 22:00:00+00:00,65418.97,0.0,1083.0116328141544,-0.014796641895156209,8.75651076269652e-27,SELL,closed,8.75651076269652e-27,8.75651076269652e-27,0.976378062252542,0.03128447991176808,False,False
2024-05-16 23:00:00+00:00,65235.21,0.0,1083.0116328141544,-0.014796641895156209,8.75651076269652e-27,HOLD,closed,8.75651076269652e-27,0.0,8.75651076269652e-27,0.03130233299755186,True,False
2024-05-17 00:00:00+00:00,65508.69,0.016601642469061637,1085.3852852251487,-0.012637357308148897,1.0,BUY,closed,1.0,1.0,1.0,0.031303960089778454,False,False
2024-05-17 01:00:00+00:00,65340.84,0.0,1083.2108909855556,-0.014615379004115798,8.75651076269652e-27,SELL,closed,8.75651076269652e-27,8.75651076269652e-27,1.0020012630463826,0.031301355109973894,False,False
2024-05-17 02:00:00+00:00,65386.01,0.0,1083.2108909855556,-0.014615379004115798,8.75651076269652e-27,HOLD,closed,8.75651076269652e-27,0.0,8.75651076269652e-27,0.03130195626701737,True,False
2024-05-17 03:00:00+00:00,65584.53,0.0,1083.2108909855556,-0.014615379004115798,8.75651076269652e-27,HOLD,closed,8.75651076269652e-27,0.0,8.75651076269652e-27,0.0313043623309843,True,False
2024-05-17 04:00:00+00:00,65451.81,0.0,1083.2108909855556,-0.014615379004115798,8.75651076269652e-27,HOLD,closed,8.75651076269652e-27,0.0,8.75651076269652e-27,0.0313043612684204,True,False
2024-05-17 05:00:00+00:00,65700.0,0.0,1083.2108909855556,-0.014615379004115798,8.75651076269652e-27,HOLD,closed,8.75651076269652e-27,0.0,8.75651076269652e-27,0.03130615945476464,True,False
2024-05-17 06:00:00+00:00,65955.56,0.0,1083.2108909855556,-0.014615379004115798,8.75651076269652e-27,HOLD,closed,8.75651076269652e-27,0.0,8.75651076269652e-27,0.03130422638173805,True,False
2024-05-17 07:00:00+00:00,66386.94,0.0,1083.2108909855556,-0.014615379004115798,8.75651076269652e-27,HOLD,closed,8.75651076269652e-27,0.0,8.75651076269652e-27,0.031309693009608064,True,False
2024-05-17 08:00:00+00:00,66146.01,0.0,1083.2108909855556,-0.014615379004115798,8.75651076269652e-27,HOLD,closed,8.75651076269652e-27,0.0,8.75651076269652e-27,0.031311801115181864,True,False
2024-05-17 09:00:00+00:00,66344.44,0.0,1083.2108909855556,-0.014615379004115798,8.75651076269652e-27,HOLD,closed,8.75651076269652e-27,0.0,8.75651076269652e-27,0.03130963447260707,True,False
2024-05-17 10:00:00+00:00,66500.48,0.0,1083.2108909855556,-0.014615379004115798,8.75651076269652e-27,HOLD,closed,8.75651076269652e-27,0.0,8.75651076269652e-27,0.031297182337811785,True,False
2024-05-17 11:00:00+00:00,66218.0,0.0,1083.2108909855556,-0.014615379004115798,8.75651076269652e-27,HOLD,closed,8.75651076269652e-27,0.0,8.75651076269652e-27,0.031295697450320126,True,False
2024-05-17 12:00:00+00:00,66379.97,0.01635825688737389,1083.693638048756,-0.014176229494202962,1.0,BUY,closed,1.0,1.0,1.0,0.0312963251223404,False,False
2024-05-17 13:00:00+00:00,65944.02,0.0,1081.5224597761846,-0.01615132566156664,8.75651076269652e-27,SELL,closed,8.75651076269652e-27,8.75651076269652e-27,1.0020128546913312,0.031298843735973386,False,False
2024-05-17 14:00:00+00:00,66806.66,0.016400614639146726,1093.506700307716,-0.005249398426194986,1.0,BUY,closed,1.0,1.0,1.0,0.03132172346493753,False,False
2024-05-17 15:00:00+00:00,67195.1,0.0,1096.3354884864825,-0.0026760820105196747,8.75651076269652e-27,SELL,closed,8.75651076269652e-27,8.75651076269652e-27,1.0019671153977596,0.031323674348413544,False,False
2024-05-17 16:00:00+00:00,66929.99,0.0,1096.3354884864825,-0.0026760820105196747,8.75651076269652e-27,HOLD,closed,8.75651076269652e-27,0.0,8.75651076269652e-27,0.03132448175593694,True,False
2024-05-17 17:00:00+00:00,66702.52,0.0,1096.3354884864825,-0.0026760820105196747,8.75651076269652e-27,HOLD,closed,8.75651076269652e-27,0.0,8.75651076269652e-27,0.03132609721534574,True,False
2024-05-17 18:00:00+00:00,66821.98,0.016436195406836752,1101.1386206061004,0.0,1.0,BUY,closed,1.0,1.0,1.0,0.03132654144267255,False,False
2024-05-17 19:00:00+00:00,67047.99,0.016436195406836752,1104.8533651299997,0.0,1.0,HOLD,closed,1.0,0.9974299758284856,0.002570024171514418,0.03132979124152324,True,False
2024-05-17 20:00:00+00:00,66890.0,0.0,1102.649888406381,-0.001994361236669096,8.75651076269652e-27,SELL,closed,8.75651076269652e-27,8.75651076269652e-27,0.9974239212294024,0.03132018159702221,False,False
2024-05-17 21:00:00+00:00,66810.65,0.01648452516678698,1099.1359902326396,-0.005174781629675662,1.0,BUY,closed,1.0,1.0,1.0,0.03130975588875695,False,False
2024-05-17 22:00:00+00:00,66771.6,0.01648452516678698,1098.492269524877,-0.0057574116221063105,1.0,HOLD,closed,1.0,1.0020080715749695,0.0020080715749695166,0.031307689181889004,True,False
2024-05-17 23:00:00+00:00,67024.0,0.01648452516678698,1102.6529636769737,-0.001991577816995703,1.0,HOLD,closed,1.0,1.002000494420657,0.002000494420657084,0.03131048286840418,True,False
2024-05-18 00:00:00+00:00,66891.59,0.0,1100.4437984768235,-0.003991087679456297,8.75651076269652e-27,SELL,closed,8.75651076269652e-27,8.75651076269652e-27,1.0020044622799824,0.031311003816373056,False,False
2024-05-18 01:00:00+00:00,66980.0,0.0164511532537472,1099.6968071171348,-0.004667187679025806,1.0,BUY,closed,1.0,1.0,1.0,0.03131115514214447,False,False
2024-05-18 02:00:00+00:00,66907.84,0.0164511532537472,1098.5096918983445,-0.0057416426757308115,1.0,HOLD,closed,1.0,1.0020040222085327,0.0020040222085326853,0.03131126628488737,True,False
2024-05-18 03:00:00+00:00,66945.05,0.0164511532537472,1099.1218393109164,-0.005187589593311289,1.0,HOLD,closed,1.0,1.002002906083854,0.002002906083854006,0.03131119301345722,True,False
2024-05-18 04:00:00+00:00,66883.61,0.0164511532537472,1098.1110804550062,-0.006102424889840615,1.0,HOLD,closed,1.0,1.0020047496633404,0.0020047496633404105,0.03131132100580594,True,False
2024-05-18 05:00:00+00:00,66854.71,0.0164511532537472,1097.635642125973,-0.006532742924829225,1.0,HOLD,closed,1.0,1.0020056180160009,0.002005618016000854,0.031311409723552064,True,False
2024-05-18 06:00:00+00:00,66920.03,0.0164511532537472,1098.7102314565077,-0.0055601348263705445,1.0,HOLD,closed,1.0,1.0020036564289878,0.00200365642898781,0.031311507542817696,True,False
2024-05-18 07:00:00+00:00,66887.0,0.0164511532537472,1098.1668498645363,-0.00605194813763966,1.0,HOLD,closed,1.0,1.0020046478539433,0.0020046478539432755,0.03131255097647154,True,False
2024-05-18 08:00:00+00:00,67027.59,0.0164511532537472,1100.4797175004805,-0.0039585774615480684,1.0,HOLD,closed,1.0,1.0020004347048328,0.0020004347048327986,0.0313126424522602,True,False
2024-05-18 09:00:00+00:00,67125.04,0.0,1098.27490653042,-0.005954146321313645,8.75651076269652e-27,SELL,closed,8.75651076269652e-27,8.75651076269652e-27,1.0019975247361508,0.03131219411543398,False,False
2024-05-18 10:00:00+00:00,67222.22,0.0,1098.27490653042,-0.005954146321313645,8.75651076269652e-27,HOLD,closed,8.75651076269652e-27,0.0,8.75651076269652e-27,0.031319175676032956,True,False
2024-05-18 11:00:00+00:00,67190.82,0.0,1098.27490653042,-0.005954146321313645,8.75651076269652e-27,HOLD,closed,8.75651076269652e-27,0.0,8.75651076269652e-27,0.03132515550233478,True,False
2024-05-18 12:00:00+00:00,66948.0,0.0,1098.27490653042,-0.005954146321313645,8.75651076269652e-27,HOLD,closed,8.75651076269652e-27,0.0,8.75651076269652e-27,0.03132747570999744,True,False
2024-05-18 13:00:00+00:00,66863.17,0.01640489739169794,1094.686344183142,-0.009202145069867685,1.0,BUY,closed,1.0,1.0,1.0,0.031314807094324854,False,False
2024-05-18 14:00:00+00:00,66793.66,0.01640489739169794,1093.5460397654451,-0.010234231728320007,1.0,HOLD,closed,1.0,1.0020091508456153,0.0020091508456152596,0.031319729627884374,True,False
2024-05-18 15:00:00+00:00,66823.63,0.01640489739169794,1094.0376945402743,-0.009789236229056348,1.0,HOLD,closed,1.0,1.0020082479438126,0.002008247943812602,0.031324739015653164,True,False
2024-05-18 16:00:00+00:00,66888.17,0.01640489739169794,1095.0964666179343,-0.008830944286364526,1.0,HOLD,closed,1.0,1.0020063063095248,0.002006306309524808,0.03133182552519409,True,False
2024-05-18 17:00:00+00:00,66866.51,0.01640489739169794,1094.7411365404303,-0.009152552645191618,1.0,HOLD,closed,1.0,1.0020069575145931,0.0020069575145931218,0.03133900554013752,True,False
2024-05-18 18:00:00+00:00,66796.36,0.01640489739169794,1093.5903329884027,-0.010194142043701688,1.0,HOLD,closed,1.0,1.0020090694698351,0.0020090694698351452,0.0313396933159405,True,False
2024-05-18 19:00:00+00:00,66912.62,0.01640489739169794,1095.4975663591613,-0.008467909920098396,1.0,HOLD,closed,1.0,1.0020055717310408,0.0020055717310407672,0.03133930563138573,True,False
2024-05-18 20:00:00+00:00,66964.01,0.0,1093.302725875875,-0.010454454517378977,8.75651076269652e-27,SELL,closed,8.75651076269652e-27,8.75651076269652e-27,1.0020040295163612,0.03133923893844637,False,False
2024-05-18 21:00:00+00:00,66899.29,0.0,1093.302725875875,-0.010454454517378977,8.75651076269652e-27,HOLD,closed,8.75651076269652e-27,0.0,8.75651076269652e-27,0.03134000715201668,True,False
2024-05-18 22:00:00+00:00,66932.01,0.01634251612948172,1091.6503009005169,-0.011950060203626505,1.0,BUY,closed,1.0,1.0,1.0,0.0313369348512999,False,False
2024-05-18 23:00:00+00:00,66915.2,0.0,1089.4630098148434,-0.013929771860128623,8.75651076269652e-27,SELL,closed,8.75651076269652e-27,8.75651076269652e-27,1.002004032467625,0.031337630645181,False,False
2024-05-19 00:00:00+00:00,66906.53,0.016281248652247074,1087.142380637894,-0.016030167487449242,1.0,BUY,closed,1.0,1.0,1.0,0.031336697217986265,False,False
2024-05-19 01:00:00+00:00,66920.01,0.016281248652247074,1087.3618518697263,-0.0158315246278997,1.0,HOLD,closed,1.0,1.002004365655634,0.0020043656556341105,0.03133640969720308,True,False
2024-05-19 02:00:00+00:00,67211.61,0.016281248652247074,1092.1094639767216,-0.011534472859010231,0.9999998999182982,HOLD,closed,0.9999998999182982,1.001995652288552,0.001995752370253845,0.031340328104169285,True,False
2024-05-19 03:00:00+00:00,67170.21,0.0,1089.9212707647905,-0.013515001027717601,8.75651076269652e-27,SELL,closed,8.75651076269652e-27,8.75651076269652e-27,1.0019968847543634,0.031341676508984034,False,False
2024-05-19 04:00:00+00:00,67151.75,0.0,1089.9212707647905,-0.013515001027717601,8.75651076269652e-27,HOLD,closed,8.75651076269652e-27,0.0,8.75651076269652e-27,0.03134081485019122,True,False
2024-05-19 05:00:00+00:00,67097.62,0.0,1089.9212707647905,-0.013515001027717601,8.75651076269652e-27,HOLD,closed,8.75651076269652e-27,0.0,8.75651076269652e-27,0.03134134447072914,True,False
2024-05-19 06:00:00+00:00,67022.65,0.01624381175258784,1086.5229222574162,-0.016590837708519525,1.0,BUY,closed,1.0,1.0,1.0,0.03134187269269467,False,False
2024-05-19 07:00:00+00:00,67324.44,0.01624381175258784,1091.4251422062298,-0.012153850771129173,1.0,HOLD,closed,1.0,1.001997743517029,0.0019977435170290825,0.03134361327329041,True,False
2024-05-19 08:00:00+00:00,67160.01,0.0,1089.2384779495778,-0.014132995086261596,8.75651076269652e-27,SELL,closed,8.75651076269652e-27,8.75651076269652e-27,1.002002644451575,0.03134692829297786,False,False
2024-05-19 09:00:00+00:00,67180.01,0.016218559826527364,1087.3839897565683,-0.01581148768223726,1.0,BUY,closed,1.0,1.0,1.0,0.03134868801608856,False,False
2024-05-19 10:00:00+00:00,67269.99,0.016218559826527364,1088.8433357697595,-0.014490637278691203,1.0,HOLD,closed,1.0,1.0020012259831648,0.002001225983164767,0.03134846509915323,True,False
2024-05-19 11:00:00+00:00,67330.0,0.0,1086.6619984275567,-0.01646496021696289,8.75651076269652e-27,SELL,closed,8.75651076269652e-27,8.75651076269652e-27,1.0019994387606637,0.031348897561236655,False,False
2024-05-19 12:00:00+00:00,66832.99,0.0,1086.6619984275567,-0.01646496021696289,8.75651076269652e-27,HOLD,closed,8.75651076269652e-27,0.0,8.75651076269652e-27,0.031355624569018165,True,False
2024-05-19 13:00:00+00:00,67049.99,0.016259365298897394,1088.0164133695632,-0.015239082661847531,1.0,BUY,closed,1.0,1.0,1.0,0.0313571511574251,False,False
2024-05-19 14:00:00+00:00,66928.0,0.016259365298897394,1086.0329333967506,-0.017034325393066613,1.0,HOLD,closed,1.0,1.002001658753621,0.002001658753620905,0.0313958213713999,True,False
2024-05-19 15:00:00+00:00,66889.88,0.016259365298897394,1085.4131263915567,-0.01759531115349013,1.0,HOLD,closed,1.0,1.0020028017673612,0.0020028017673612286,0.03143438305474103,True,False
2024-05-19 16:00:00+00:00,66662.01,0.016171476235581475,1081.716377263402,-0.02094122948512307,1.0,SELL,closed,1.0,1.0020096616806011,0.002009661680601127,0.0314382783207805,True,False
2024-05-19 17:00:00+00:00,66720.01,0.016171476235581475,1082.6543228850658,-0.020092297263648144,1.0,HOLD,closed,1.0,0.996588692573207,0.0034113074267929644,0.031440728789096956,True,False
2024-05-19 18:00:00+00:00,66586.21,0.016171476235581475,1080.4905793647451,-0.022050696078015724,1.0,HOLD,closed,1.0,0.9965818612370699,0.0034181387629300675,0.03143680586852479,True,False
2024-05-19 19:00:00+00:00,66034.01,0.01603736604704111,1071.616890520159,-0.03008224951727428,1.0,SELL,closed,1.0,0.9965533760559457,0.003446623944054261,0.03145079444501739,True,False
2024-05-19 20:00:00+00:00,66163.99,0.01603736604704111,1073.7014273589534,-0.02819554047100256,1.0,HOLD,closed,1.0,0.988259957307506,0.011740042692493957,0.03145243149046095,True,False
2024-05-19 21:00:00+00:00,66280.0,0.01603736604704111,1075.5619221940706,-0.02651161127837324,1.0,HOLD,closed,1.0,0.9882802651004307,0.011719734899569345,0.03145460283415591,True,False
2024-05-19 22:00:00+00:00,66363.61,0.01603736604704111,1076.9028063692638,-0.025297980386245374,1.0,HOLD,closed,1.0,0.9882948576959475,0.011705142304052507,0.031447403360681386,True,False
2024-05-19 23:00:00+00:00,66274.01,0.0,1074.7747435064705,-0.02722408472728876,8.75651076269652e-27,SELL,closed,8.75651076269652e-27,8.75651076269652e-27,0.9882792182587055,0.03144340587460656,False,False
2024-05-20 00:00:00+00:00,66459.99,0.0,1074.7747435064705,-0.02722408472728876,8.75651076269652e-27,HOLD,closed,8.75651076269652e-27,0.0,8.75651076269652e-27,0.03148866443472961,True,False
2024-05-20 01:00:00+00:00,66520.4,0.0,1074.7747435064705,-0.02722408472728876,8.75651076269652e-27,HOLD,closed,8.75651076269652e-27,0.0,8.75651076269652e-27,0.03153611585063229,True,False
2024-05-20 02:00:00+00:00,66674.02,0.0,1074.7747435064705,-0.02722408472728876,8.75651076269652e-27,HOLD,closed,8.75651076269652e-27,0.0,8.75651076269652e-27,0.031535074744920344,True,False
2024-05-20 03:00:00+00:00,66675.22,0.0,1074.7747435064705,-0.02722408472728876,8.75651076269652e-27,HOLD,closed,8.75651076269652e-27,0.0,8.75651076269652e-27,0.031534007722029245,True,False
2024-05-20 04:00:00+00:00,67132.43,0.0,1074.7747435064705,-0.02722408472728876,8.75651076269652e-27,HOLD,closed,8.75651076269652e-27,0.0,8.75651076269652e-27,0.03154126729042164,True,False
2024-05-20 05:00:00+00:00,67136.36,0.0,1074.7747435064705,-0.02722408472728876,8.75651076269652e-27,HOLD,closed,8.75651076269652e-27,0.0,8.75651076269652e-27,0.031541214307950816,True,False
2024-05-20 06:00:00+00:00,66410.0,0.0,1074.7747435064705,-0.02722408472728876,8.75651076269652e-27,HOLD,closed,8.75651076269652e-27,0.0,8.75651076269652e-27,0.031558809064823945,True,False
2024-05-20 07:00:00+00:00,66825.14,0.01618392684335495,1079.343090182568,-0.023089285648716065,1.0,BUY,closed,1.0,1.0,1.0,0.03156528786453097,False,False
2024-05-20 08:00:00+00:00,66762.0,0.0,1077.1808060907133,-0.02504636353805229,8.75651076269652e-27,SELL,closed,8.75651076269652e-27,8.75651076269652e-27,1.0019939205503208,0.031561129165905644,False,False
2024-05-20 09:00:00+00:00,66894.01,0.0,1077.1808060907133,-0.02504636353805229,8.75651076269652e-27,HOLD,closed,8.75651076269652e-27,0.0,8.75651076269652e-27,0.031549124430125364,True,False
2024-05-20 10:00:00+00:00,67109.99,0.0,1077.1808060907133,-0.02504636353805229,8.75651076269652e-27,HOLD,closed,8.75651076269652e-27,0.0,8.75651076269652e-27,0.031526146861088955,True,False
2024-05-20 11:00:00+00:00,66994.2,0.0,1077.1808060907133,-0.02504636353805229,8.75651076269652e-27,HOLD,closed,8.75651076269652e-27,0.0,8.75651076269652e-27,0.031525194949907354,True,False
2024-05-20 12:00:00+00:00,66936.39,0.0,1077.1808060907133,-0.02504636353805229,8.75651076269652e-27,HOLD,closed,8.75651076269652e-27,0.0,8.75651076269652e-27,0.03152313364913589,True,False
2024-05-20 13:00:00+00:00,67099.98,0.01609260142599114,1077.6583336293925,-0.024614154564671482,1.0,BUY,closed,1.0,1.0,1.0,0.03152191711204114,False,False
2024-05-20 14:00:00+00:00,67006.01,0.0,1075.4992470683453,-0.02656833837692164,8.75651076269652e-27,SELL,closed,8.75651076269652e-27,8.75651076269652e-27,1.0020024234430704,0.03152143491860307,False,False
2024-05-20 15:00:00+00:00,67419.99,0.016050790183988677,1079.9925774528547,-0.022501436355058614,1.0,BUY,closed,1.0,1.0,1.0,0.031526541808964414,False,False
2024-05-20 16:00:00+00:00,68190.06,0.0,1082.8849127742872,-0.01988359093528007,8.75651076269652e-27,SELL,closed,8.75651076269652e-27,8.75651076269652e-27,1.0019696349248588,0.03154504939028199,False,False
2024-05-20 17:00:00+00:00,68331.51,0.0,1082.8849127742872,-0.01988359093528007,8.75651076269652e-27,HOLD,closed,8.75651076269652e-27,0.0,8.75651076269652e-27,0.03154529625537711,True,False
2024-05-20 18:00:00+00:00,68728.41,0.0,1082.8849127742872,-0.01988359093528007,8.75651076269652e-27,HOLD,closed,8.75651076269652e-27,0.0,8.75651076269652e-27,0.03152762569799902,True,False
2024-05-20 19:00:00+00:00,69999.99,0.0,1082.8849127742872,-0.01988359093528007,8.75651076269652e-27,HOLD,closed,8.75651076269652e-27,0.0,8.75651076269652e-27,0.03157524847239229,True,False
2024-05-20 20:00:00+00:00,69500.0,0.0,1082.8849127742872,-0.01988359093528007,8.75651076269652e-27,HOLD,closed,8.75651076269652e-27,0.0,8.75651076269652e-27,0.031565221285765416,True,False
2024-05-20 21:00:00+00:00,69717.79,0.0,1082.8849127742872,-0.01988359093528007,8.75651076269652e-27,HOLD,closed,8.75651076269652e-27,0.0,8.75651076269652e-27,0.03153402908697678,True,False
2024-05-20 22:00:00+00:00,69590.77,0.0,1082.8849127742872,-0.01988359093528007,8.75651076269652e-27,HOLD,closed,8.75651076269652e-27,0.0,8.75651076269652e-27,0.03153345296028984,True,False
2024-05-20 23:00:00+00:00,71446.62,0.015560754864104638,1109.5970284208308,0.0,1.0,BUY,closed,1.0,1.0,1.0,0.031630405523693395,False,False
2024-05-21 00:00:00+00:00,71312.32,0.0,1112.6064560524626,0.0,8.75651076269652e-27,SELL,closed,8.75651076269652e-27,8.75651076269652e-27,1.0019560245123076,0.03162866808761591,False,False
2024-05-21 01:00:00+00:00,71089.96,0.0,1112.6064560524626,0.0,8.75651076269652e-27,HOLD,closed,8.75651076269652e-27,0.0,8.75651076269652e-27,0.03162966625776403,True,False
2024-05-21 02:00:00+00:00,71283.8,0.0,1112.6064560524626,0.0,8.75651076269652e-27,HOLD,closed,8.75651076269652e-27,0.0,8.75651076269652e-27,0.03163045994402139,True,False
2024-05-21 03:00:00+00:00,71284.0,0.0,1112.6064560524626,0.0,8.75651076269652e-27,HOLD,closed,8.75651076269652e-27,0.0,8.75651076269652e-27,0.031628037851468394,True,False
2024-05-21 04:00:00+00:00,70910.0,0.015608083330527128,1109.7658838740376,-0.002553079000191441,1.0,BUY,closed,1.0,1.0,1.0,0.031577705652082844,False,False
2024-05-21 05:00:00+00:00,71209.86,0.015608083330527128,1114.4461237415294,0.0,1.0,HOLD,closed,1.0,0.9973110455117399,0.00268895448826012,0.03157824833299508,True,False
2024-05-21 06:00:00+00:00,71205.41,0.015608083330527128,1114.3766677707088,-6.23233096162985e-05,1.0,HOLD,closed,1.0,0.9973108779167517,0.002689122083248341,0.031578091247547235,True,False
2024-05-21 07:00:00+00:00,70878.29,0.015536379281367349,1109.2841985006075,-0.004631830225755299,1.0,SELL,closed,1.0,0.9972985005131819,0.002701499486818082,0.03156879532753726,True,False
2024-05-21 08:00:00+00:00,70916.0,0.015536379281367349,1109.870075363308,-0.004106118977612209,1.0,HOLD,closed,1.0,0.9927088742858374,0.007291125714162572,0.0315688340712964,True,False
2024-05-21 09:00:00+00:00,70990.02,0.015536379281367349,1111.0200781577148,-0.0030742137379529155,1.0,HOLD,closed,1.0,0.9927164212376076,0.007283578762392384,0.03156264392728825,True,False
2024-05-21 10:00:00+00:00,71056.0,0.015536379281367349,1112.0451684626994,-0.0021543933149224576,1.0,HOLD,closed,1.0,0.9927231352868088,0.007276864713191222,0.031555968877548995,True,False
2024-05-21 11:00:00+00:00,71130.0,0.015536379281367349,1113.1948605295206,-0.0011227668932150033,1.0,HOLD,closed,1.0,0.9927306507308058,0.007269349269194203,0.031548518791612135,True,False
2024-05-21 12:00:00+00:00,71349.99,0.015536379281367349,1116.6127086076287,0.0,1.0,HOLD,closed,1.0,0.9927529015356169,0.007247098464383095,0.031541722154460106,True,False
2024-05-21 13:00:00+00:00,70595.92,0.015372181395359223,1104.9975826055395,-0.010402108011624596,1.0,SELL,closed,1.0,0.9926760586313649,0.007323941368635123,0.03155773828316266,True,False
2024-05-21 14:00:00+00:00,70213.2,0.01528884455006233,1099.1620008510793,-0.01562825465089845,1.0,SELL,closed,1.0,0.981999784873049,0.018000215126951047,0.03156208091354745,True,False
2024-05-21 15:00:00+00:00,69826.99,0.015204745595718482,1093.3054920442755,-0.020873142839665855,1.0,SELL,closed,1.0,0.9765075423891747,0.0234924576108253,0.031517649597061825,True,False
2024-05-21 16:00:00+00:00,69668.03,0.015204745595718482,1090.88854568438,-0.023037677007389377,1.0,HOLD,closed,1.0,0.9710292371255307,0.028970762874469314,0.03150056841703103,True,False
2024-05-21 17:00:00+00:00,69857.05,0.015204745595718482,1093.7625466968827,-0.02046382038696232,1.0,HOLD,closed,1.0,0.9711053615111074,0.02889463848889262,0.031499679542503684,True,False
2024-05-21 18:00:00+00:00,69829.74,0.015204745595718482,1093.3473050946636,-0.020835696507499137,1.0,HOLD,closed,1.0,0.9710943876367257,0.02890561236327427,0.031493164619249725,True,False
2024-05-21 19:00:00+00:00,69285.99,0.015086349330492924,1085.127571619163,-0.028197007562027827,1.0,SELL,closed,1.0,0.9708741462394344,0.029125853760565645,0.0315017328263949,True,False
2024-05-21 20:00:00+00:00,69727.01,0.015757600539458218,1091.9839487458187,-0.02205667163910497,1.0,BUY,closed,1.0,1.0,0.03650450454001364,0.03150022512502332,False,False
2024-05-21 21:00:00+00:00,69727.76,0.015661017496037738,1091.9822280185963,-0.022058212663319657,1.0,SELL,closed,1.0,1.0061780657482366,0.00617806574823665,0.0314997947505756,True,False
2024-05-21 22:00:00+00:00,70222.22,0.0,1094.8828758649715,-0.019460492053465377,8.75651076269652e-27,SELL,closed,8.75651076269652e-27,8.75651076269652e-27,1.0000231342184405,0.03150547254082481,False,False
2024-05-21 23:00:00+00:00,70148.34,0.0,1094.8828758649715,-0.019460492053465377,8.75651076269652e-27,HOLD,closed,8.75651076269652e-27,0.0,8.75651076269652e-27,0.031501826295813634,True,False
2024-05-22 00:00:00+00:00,70120.01,0.0,1094.8828758649715,-0.019460492053465377,8.75651076269652e-27,HOLD,closed,8.75651076269652e-27,0.0,8.75651076269652e-27,0.0315018366669407,True,False
2024-05-22 01:00:00+00:00,70159.58,0.0,1094.8828758649715,-0.019460492053465377,8.75651076269652e-27,HOLD,closed,8.75651076269652e-27,0.0,8.75651076269652e-27,0.03149975820510478,True,False
2024-05-22 02:00:00+00:00,70003.01,0.0,1094.8828758649715,-0.019460492053465377,8.75651076269652e-27,HOLD,closed,8.75651076269652e-27,0.0,8.75651076269652e-27,0.031489921012282096,True,False
2024-05-22 03:00:00+00:00,69955.72,0.01564051139893801,1091.9529228877482,-0.02208445733223862,1.0,BUY,closed,1.0,1.0,1.0,0.03131410144558894,False,False
2024-05-22 04:00:00+00:00,69599.98,0.015529666013911224,1086.4128948396574,-0.02704591622070048,1.0,SELL,closed,1.0,1.0020161408657204,0.0020161408657204394,0.03131310651966854,True,False
2024-05-22 05:00:00+00:00,69898.12,0.015529666013911224,1091.0429094650447,-0.0228994341059118,1.0,HOLD,closed,1.0,0.9949145438583374,0.005085456141662559,0.031315776968070336,True,False
2024-05-22 06:00:00+00:00,69854.08,0.0,1088.8724632950737,-0.024843211167770125,8.75651076269652e-27,SELL,closed,8.75651076269652e-27,8.75651076269652e-27,0.9949113540114799,0.03129665557360872,False,False
2024-05-22 07:00:00+00:00,69715.0,0.0,1088.8724632950737,-0.024843211167770125,8.75651076269652e-27,HOLD,closed,8.75651076269652e-27,0.0,8.75651076269652e-27,0.03129663140304331,True,False
2024-05-22 08:00:00+00:00,70010.27,0.015618912189558541,1091.305970134463,-0.02266384600325948,1.0,BUY,closed,1.0,1.0,1.0,0.03129965413786115,False,False
2024-05-22 09:00:00+00:00,69987.44,0.0,1089.1193924807765,-0.024622069868016586,8.75651076269652e-27,SELL,closed,8.75651076269652e-27,8.75651076269652e-27,1.00199669148913,0.031280047144737116,False,False
2024-05-22 10:00:00+00:00,70190.0,0.0,1089.1193924807765,-0.024622069868016586,8.75651076269652e-27,HOLD,closed,8.75651076269652e-27,0.0,8.75651076269652e-27,0.03128025211268712,True,False
2024-05-22 11:00:00+00:00,69736.13,0.0,1089.1193924807765,-0.024622069868016586,8.75651076269652e-27,HOLD,closed,8.75651076269652e-27,0.0,8.75651076269652e-27,0.031270670415955854,True,False
2024-05-22 12:00:00+00:00,69643.88,0.015617718337733871,1085.4997184422793,-0.02786372564588312,1.0,BUY,closed,1.0,1.0,1.0,0.031269860116057396,False,False
2024-05-22 13:00:00+00:00,69586.87,0.015617718337733871,1084.6093523198451,-0.028661106972076755,1.0,HOLD,closed,1.0,1.002008818511474,0.002008818511473942,0.031263371108802535,True,False
2024-05-22 14:00:00+00:00,70114.63,0.015704853549257672,1092.8856149908993,-0.02124917031108861,1.0,BUY,closed,1.0,1.0019936677834094,0.0019936677834093697,0.031172837662473224,True,False
2024-05-22 15:00:00+00:00,70455.9,0.0,1095.579779442926,-0.018836369139063315,8.75651076269652e-27,SELL,closed,8.75651076269652e-27,8.75651076269652e-27,1.0075159725183513,0.030997284613870718,False,False
2024-05-22 16:00:00+00:00,70229.88,0.0,1095.579779442926,-0.018836369139063315,8.75651076269652e-27,HOLD,closed,8.75651076269652e-27,0.0,8.75651076269652e-27,0.030991842794412888,True,False
2024-05-22 17:00:00+00:00,69863.52,0.0,1095.579779442926,-0.018836369139063315,8.75651076269652e-27,HOLD,closed,8.75651076269652e-27,0.0,8.75651076269652e-27,0.03098277571484731,True,False
2024-05-22 18:00:00+00:00,69574.6,0.015681714569247673,1093.7321582895713,-0.020491035201084678,1.0,BUY,closed,1.0,1.0,1.0,0.03098634973711617,False,False
2024-05-22 19:00:00+00:00,69637.47,0.015681714569247673,1094.7180676845398,-0.019608088600738423,1.0,HOLD,closed,1.0,0.9975490129384024,0.0024509870615976315,0.030976103268862715,True,False
2024-05-22 20:00:00+00:00,69442.01,0.015681714569247673,1091.6529197548346,-0.022353129836680835,1.0,HOLD,closed,1.0,0.9975421310460154,0.0024578689539845877,0.03096023868507855,True,False
2024-05-22 21:00:00+00:00,69497.77,0.015681714569247673,1092.5273321592158,-0.021570036112562647,1.0,HOLD,closed,1.0,0.9975440982197771,0.0024559017802229244,0.03093920504594172,True,False
2024-05-22 22:00:00+00:00,69141.28,0.0156012749461232,1086.954455700006,-0.026560912910086196,1.0,SELL,closed,1.0,0.9975314669347617,0.0024685330652383097,0.030937730979638534,True,False
2024-05-22 23:00:00+00:00,69166.62,0.0156012749461232,1087.3497920071409,-0.02620686328832631,1.0,HOLD,closed,1.0,0.9924013998495687,0.007598600150431345,0.030938085480309185,True,False
2024-05-23 00:00:00+00:00,69499.81,0.015676429533687242,1092.562622586777,-0.0215384312174283,1.0,BUY,closed,1.0,0.992437552914593,0.007562447085406987,0.030941995268068012,True,False
2024-05-23 01:00:00+00:00,69483.16,0.0,1090.384149593075,-0.023489396826997966,8.75651076269652e-27,SELL,closed,8.75651076269652e-27,8.75651076269652e-27,0.9972042991706044,0.030941865776637545,False,False
2024-05-23 02:00:00+00:00,69505.86,0.0,1090.384149593075,-0.023489396826997966,8.75651076269652e-27,HOLD,closed,8.75651076269652e-27,0.0,8.75651076269652e-27,0.03094086829602488,True,False
2024-05-23 03:00:00+00:00,69446.14,0.0,1090.384149593075,-0.023489396826997966,8.75651076269652e-27,HOLD,closed,8.75651076269652e-27,0.0,8.75651076269652e-27,0.03094086023119197,True,False
2024-05-23 04:00:00+00:00,69550.01,0.0,1090.384149593075,-0.023489396826997966,8.75651076269652e-27,HOLD,closed,8.75651076269652e-27,0.0,8.75651076269652e-27,0.030940405419363465,True,False
2024-05-23 05:00:00+00:00,69478.89,0.0,1090.384149593075,-0.023489396826997966,8.75651076269652e-27,HOLD,closed,8.75651076269652e-27,0.0,8.75651076269652e-27,0.030940868448838588,True,False
2024-05-23 06:00:00+00:00,69561.4,0.0,1090.384149593075,-0.023489396826997966,8.75651076269652e-27,HOLD,closed,8.75651076269652e-27,0.0,8.75651076269652e-27,0.03094132241493111,True,False
2024-05-23 07:00:00+00:00,69734.04,0.0,1090.384149593075,-0.023489396826997966,8.75651076269652e-27,HOLD,closed,8.75651076269652e-27,0.0,8.75651076269652e-27,0.030914719506978133,True,False
2024-05-23 08:00:00+00:00,69687.99,0.0,1090.384149593075,-0.023489396826997966,8.75651076269652e-27,HOLD,closed,8.75651076269652e-27,0.0,8.75651076269652e-27,0.03091482924397876,True,False
2024-05-23 09:00:00+00:00,69645.06,0.0,1090.384149593075,-0.023489396826997966,8.75651076269652e-27,HOLD,closed,8.75651076269652e-27,0.0,8.75651076269652e-27,0.030914386599925514,True,False
2024-05-23 10:00:00+00:00,69537.21,0.0,1090.384149593075,-0.023489396826997966,8.75651076269652e-27,HOLD,closed,8.75651076269652e-27,0.0,8.75651076269652e-27,0.030897368245402373,True,False
2024-05-23 11:00:00+00:00,69982.72,0.015680582997034898,1095.1885358269933,-0.019186753487115984,1.0,BUY,closed,1.0,1.0,1.0,0.030902100743595923,False,False
2024-05-23 12:00:00+00:00,69428.53,0.0,1092.9943448132813,-0.021151795615687235,8.75651076269652e-27,SELL,closed,8.75651076269652e-27,8.75651076269652e-27,1.0020076543723582,0.030910085033874157,False,False
2024-05-23 13:00:00+00:00,68036.14,0.01574272629441069,1073.74651137816,-0.03838949431528608,1.0,BUY,closed,1.0,1.0,1.0,0.03097616939313519,False,False
2024-05-23 14:00:00+00:00,67748.63,0.01574272629441069,1069.220320141254,-0.04244299576839957,1.0,HOLD,closed,1.0,0.9975008132752283,0.0024991867247716737,0.030977439335414386,True,False
2024-05-23 15:00:00+00:00,68076.0,0.015818799485779963,1074.3886110052501,-0.03781445193744066,1.0,BUY,closed,1.0,0.9975128016975066,0.002487198302493443,0.0309812406705047,True,False
2024-05-23 16:00:00+00:00,67822.78,0.015723355247561747,1070.3941503617377,-0.04139175372947681,1.0,SELL,closed,1.0,1.0023281225952225,0.002328122595222526,0.030965397674514533,True,False
2024-05-23 17:00:00+00:00,67639.25,0.015723355247561747,1067.5084429731528,-0.04397609417835392,1.0,HOLD,closed,1.0,0.9962599953463672,0.003740004653632778,0.03095964740483309,True,False
2024-05-23 18:00:00+00:00,67393.06,0.015723355247561747,1063.6375101447554,-0.0474427687008249,1.0,HOLD,closed,1.0,0.996246384217901,0.0037536157820989846,0.030959722419629743,True,False
2024-05-23 19:00:00+00:00,67199.98,0.015723355247561747,1060.6016447135562,-0.05016158553659675,1.0,HOLD,closed,1.0,0.9962356398706226,0.00376436012937742,0.030957805564759133,True,False
2024-05-23 20:00:00+00:00,67802.89,0.015864423267407994,1070.189619241614,-0.04157492477754655,1.0,BUY,closed,1.0,0.9962689880445933,0.0037310119554067045,0.030970769207366244,True,False
2024-05-23 21:00:00+00:00,67992.77,0.0,1072.808558204653,-0.03922949297039408,8.75651076269652e-27,SELL,closed,8.75651076269652e-27,8.75651076269652e-27,1.005091424257746,0.030968455208176898,False,False
2024-05-23 22:00:00+00:00,67686.47,0.0,1072.808558204653,-0.03922949297039408,8.75651076269652e-27,HOLD,closed,8.75651076269652e-27,0.0,8.75651076269652e-27,0.03096933585986819,True,False
2024-05-23 23:00:00+00:00,67969.65,0.0,1072.808558204653,-0.03922949297039408,8.75651076269652e-27,HOLD,closed,8.75651076269652e-27,0.0,8.75651076269652e-27,0.03097080178155273,True,False
2024-05-24 00:00:00+00:00,67852.0,0.0,1072.808558204653,-0.03922949297039408,8.75651076269652e-27,HOLD,closed,8.75651076269652e-27,0.0,8.75651076269652e-27,0.030970781762082344,True,False
2024-05-24 01:00:00+00:00,67742.01,0.0,1072.808558204653,-0.03922949297039408,8.75651076269652e-27,HOLD,closed,8.75651076269652e-27,0.0,8.75651076269652e-27,0.03097101597262389,True,False
2024-05-24 02:00:00+00:00,67978.37,0.0,1072.808558204653,-0.03922949297039408,8.75651076269652e-27,HOLD,closed,8.75651076269652e-27,0.0,8.75651076269652e-27,0.030969739440456917,True,False
2024-05-24 03:00:00+00:00,67891.83,0.0,1072.808558204653,-0.03922949297039408,8.75651076269652e-27,HOLD,closed,8.75651076269652e-27,0.0,8.75651076269652e-27,0.030969871634366153,True,False
2024-05-24 04:00:00+00:00,67708.23,0.0,1072.808558204653,-0.03922949297039408,8.75651076269652e-27,HOLD,closed,8.75651076269652e-27,0.0,8.75651076269652e-27,0.03097119957301861,True,False
2024-05-24 05:00:00+00:00,67299.99,0.0,1072.808558204653,-0.03922949297039408,8.75651076269652e-27,HOLD,closed,8.75651076269652e-27,0.0,8.75651076269652e-27,0.030974331647823067,True,False
2024-05-24 06:00:00+00:00,66887.01,0.01594069416956307,1068.8461815901348,-0.04277806140775242,1.0,BUY,closed,1.0,1.0,1.0,0.03097164351014081,False,False
2024-05-24 07:00:00+00:00,67155.93,0.01594069416956307,1073.1329530662138,-0.0389389760713296,1.0,HOLD,closed,1.0,0.9975577944409033,0.0024422055590966885,0.03097148894789864,True,False
2024-05-24 08:00:00+00:00,67190.15,0.01594069416956307,1073.6784436206963,-0.038450453461585425,1.0,HOLD,closed,1.0,0.9975590352221376,0.0024409647778623755,0.03088842159403843,True,False
2024-05-24 09:00:00+00:00,67375.26,0.0,1076.229306725924,-0.036165988055125366,8.75651076269652e-27,SELL,closed,8.75651076269652e-27,8.75651076269652e-27,0.9975657253198136,0.030840676634141084,False,False
2024-05-24 10:00:00+00:00,67353.43,0.0,1076.229306725924,-0.036165988055125366,0.0,HOLD,closed,0.0,0.0,0.0,0.030840486326114858,True,False
2024-05-24 11:00:00+00:00,67349.99,0.0,1076.229306725924,-0.036165988055125366,0.0,HOLD,closed,0.0,0.0,0.0,0.030840273740982804,True,False
2024-05-24 12:00:00+00:00,67490.0,0.0,1076.229306725924,-0.036165988055125366,0.0,HOLD,closed,0.0,0.0,0.0,0.03084131487987926,True,False
2024-05-24 13:00:00+00:00,67077.12,0.0,1076.229306725924,-0.036165988055125366,0.0,HOLD,closed,0.0,0.0,0.0,0.03084727225481959,True,False
2024-05-24 14:00:00+00:00,67869.48,0.0,1076.229306725924,-0.036165988055125366,0.0,HOLD,closed,0.0,0.0,0.0,0.030870325744134952,True,False
2024-05-24 15:00:00+00:00,68326.46,0.0,1076.229306725924,-0.036165988055125366,0.0,HOLD,closed,0.0,0.0,0.0,0.03087540905200367,True,False
2024-05-24 16:00:00+00:00,68394.33,0.0,1076.229306725924,-0.036165988055125366,0.0,HOLD,closed,0.0,0.0,0.0,0.030846950349211366,True,False
2024-05-24 17:00:00+00:00,68919.02,0.0,1076.229306725924,-0.036165988055125366,0.0,HOLD,closed,0.0,0.0,0.0,0.030856636605601062,True,False
2024-05-24 18:00:00+00:00,68970.43,0.0,1076.229306725924,-0.036165988055125366,0.0,HOLD,closed,0.0,0.0,0.0,0.03085668345916434,True,False
2024-05-24 19:00:00+00:00,69115.98,0.0,1076.229306725924,-0.036165988055125366,0.0,HOLD,closed,0.0,0.0,0.0,0.030857044338893247,True,False
2024-05-24 20:00:00+00:00,68836.96,0.0,1076.229306725924,-0.036165988055125366,0.0,HOLD,closed,0.0,0.0,0.0,0.030858080298216267,True,False
2024-05-24 21:00:00+00:00,68876.0,0.0,1076.229306725924,-0.036165988055125366,0.0,HOLD,closed,0.0,0.0,0.0,0.030855961429605366,True,False
2024-05-24 22:00:00+00:00,68787.99,0.0,1076.229306725924,-0.036165988055125366,0.0,HOLD,closed,0.0,0.0,0.0,0.030855287491892897,True,False
2024-05-24 23:00:00+00:00,68549.99,0.0,1076.229306725924,-0.036165988055125366,0.0,HOLD,closed,0.0,0.0,0.0,0.030857369253871947,True,False
2024-05-25 00:00:00+00:00,68530.89,0.0,1076.229306725924,-0.036165988055125366,0.0,HOLD,closed,0.0,0.0,0.0,0.03085276556431485,True,False
2024-05-25 01:00:00+00:00,68613.46,0.0,1076.229306725924,-0.036165988055125366,0.0,HOLD,closed,0.0,0.0,0.0,0.03084865602179812,True,False
2024-05-25 02:00:00+00:00,68817.22,0.0,1076.229306725924,-0.036165988055125366,0.0,HOLD,closed,0.0,0.0,0.0,0.030842935935530086,True,False
2024-05-25 03:00:00+00:00,68757.85,0.0,1076.229306725924,-0.036165988055125366,0.0,HOLD,closed,0.0,0.0,0.0,0.030843175341449536,True,False
2024-05-25 04:00:00+00:00,68784.37,0.0,1076.229306725924,-0.036165988055125366,0.0,HOLD,closed,0.0,0.0,0.0,0.030841748063062585,True,False
2024-05-25 05:00:00+00:00,68718.21,0.0,1076.229306725924,-0.036165988055125366,0.0,HOLD,closed,0.0,0.0,0.0,0.030842158248406443,True,False
2024-05-25 06:00:00+00:00,68660.4,0.0,1076.229306725924,-0.036165988055125366,0.0,HOLD,closed,0.0,0.0,0.0,0.0307782096234214,True,False
2024-05-25 07:00:00+00:00,68753.92,0.0,1076.229306725924,-0.036165988055125366,0.0,HOLD,closed,0.0,0.0,0.0,0.030766083549454926,True,False
2024-05-25 08:00:00+00:00,68876.69,0.0,1076.229306725924,-0.036165988055125366,0.0,HOLD,closed,0.0,0.0,0.0,0.0307651186769283,True,False
2024-05-25 09:00:00+00:00,69095.27,0.0,1076.229306725924,-0.036165988055125366,0.0,HOLD,closed,0.0,0.0,0.0,0.030762140714459763,True,False
2024-05-25 10:00:00+00:00,69387.99,0.0,1076.229306725924,-0.036165988055125366,0.0,HOLD,closed,0.0,0.0,0.0,0.030764877910830213,True,False
2024-05-25 11:00:00+00:00,69104.67,0.0,1076.229306725924,-0.036165988055125366,0.0,HOLD,closed,0.0,0.0,0.0,0.03076589472376523,True,False
2024-05-25 12:00:00+00:00,69116.3,0.0,1076.229306725924,-0.036165988055125366,0.0,HOLD,closed,0.0,0.0,0.0,0.030765945123515492,True,False
2024-05-25 13:00:00+00:00,69025.98,0.0,1076.229306725924,-0.036165988055125366,0.0,HOLD,closed,0.0,0.0,0.0,0.030764467627080905,True,False
2024-05-25 14:00:00+00:00,69021.65,0.0,1076.229306725924,-0.036165988055125366,0.0,HOLD,closed,0.0,0.0,0.0,0.030763095028987247,True,False
2024-05-25 15:00:00+00:00,68930.4,0.0,1076.229306725924,-0.036165988055125366,0.0,HOLD,closed,0.0,0.0,0.0,0.03076015429112866,True,False
2024-05-25 16:00:00+00:00,68936.62,0.0,1076.229306725924,-0.036165988055125366,0.0,HOLD,closed,0.0,0.0,0.0,0.030760297186545354,True,False
2024-05-25 17:00:00+00:00,69065.14,0.0,1076.229306725924,-0.036165988055125366,0.0,HOLD,closed,0.0,0.0,0.0,0.03076109907930749,True,False
2024-05-25 18:00:00+00:00,69213.2,0.0,1076.229306725924,-0.036165988055125366,0.0,HOLD,closed,0.0,0.0,0.0,0.030758534866979464,True,False
2024-05-25 19:00:00+00:00,69155.32,0.0,1076.229306725924,-0.036165988055125366,0.0,HOLD,closed,0.0,0.0,0.0,0.030755585011143255,True,False
2024-05-25 20:00:00+00:00,69100.01,0.0,1076.229306725924,-0.036165988055125366,0.0,HOLD,closed,0.0,0.0,0.0,0.0307495135044846,True,False
2024-05-25 21:00:00+00:00,69139.01,0.0,1076.229306725924,-0.036165988055125366,0.0,HOLD,closed,0.0,0.0,0.0,0.030747976783512265,True,False
2024-05-25 22:00:00+00:00,69129.0,0.0,1076.229306725924,-0.036165988055125366,0.0,HOLD,closed,0.0,0.0,0.0,0.030746690725412834,True,False
2024-05-25 23:00:00+00:00,69290.57,0.0,1076.229306725924,-0.036165988055125366,0.0,HOLD,closed,0.0,0.0,0.0,0.030747257628366054,True,False
2024-05-26 00:00:00+00:00,69156.0,0.0,1076.229306725924,-0.036165988055125366,0.0,HOLD,closed,0.0,0.0,0.0,0.03074743388715226,True,False
2024-05-26 01:00:00+00:00,69161.44,0.0,1076.229306725924,-0.036165988055125366,0.0,HOLD,closed,0.0,0.0,0.0,0.030746706638520888,True,False
2024-05-26 02:00:00+00:00,68904.01,0.0,1076.229306725924,-0.036165988055125366,0.0,HOLD,closed,0.0,0.0,0.0,0.030747902606799465,True,False
2024-05-26 03:00:00+00:00,69073.62,0.0,1076.229306725924,-0.036165988055125366,0.0,HOLD,closed,0.0,0.0,0.0,0.03074365794728237,True,False
2024-05-26 04:00:00+00:00,68974.0,0.0,1076.229306725924,-0.036165988055125366,0.0,HOLD,closed,0.0,0.0,0.0,0.03074381650735991,True,False
2024-05-26 05:00:00+00:00,69139.6,0.0,1076.229306725924,-0.036165988055125366,0.0,HOLD,closed,0.0,0.0,0.0,0.03074480754862785,True,False
2024-05-26 06:00:00+00:00,69105.63,0.0,1076.229306725924,-0.036165988055125366,0.0,HOLD,closed,0.0,0.0,0.0,0.03074487964131728,True,False
2024-05-26 07:00:00+00:00,69340.15,0.0,1076.229306725924,-0.036165988055125366,0.0,HOLD,closed,0.0,0.0,0.0,0.0307456566881244,True,False
2024-05-26 08:00:00+00:00,69160.33,0.0,1076.229306725924,-0.036165988055125366,0.0,HOLD,closed,0.0,0.0,0.0,0.03074606852504594,True,False
2024-05-26 09:00:00+00:00,69086.54,0.0,1076.229306725924,-0.036165988055125366,0.0,HOLD,closed,0.0,0.0,0.0,0.03073970678795726,True,False
2024-05-26 10:00:00+00:00,69222.92,0.0,1076.229306725924,-0.036165988055125366,0.0,HOLD,closed,0.0,0.0,0.0,0.030740389739104368,True,False
2024-05-26 11:00:00+00:00,69134.91,0.0,1076.229306725924,-0.036165988055125366,0.0,HOLD,closed,0.0,0.0,0.0,0.03073618146460838,True,False
2024-05-26 12:00:00+00:00,68993.22,0.0,1076.229306725924,-0.036165988055125366,0.0,HOLD,closed,0.0,0.0,0.0,0.03073707316241603,True,False
2024-05-26 13:00:00+00:00,69136.14,0.0,1076.229306725924,-0.036165988055125366,0.0,HOLD,closed,0.0,0.0,0.0,0.030737999823266637,True,False
2024-05-26 14:00:00+00:00,69287.12,0.0,1076.229306725924,-0.036165988055125366,0.0,HOLD,closed,0.0,0.0,0.0,0.030735415249675713,True,False
2024-05-26 15:00:00+00:00,68847.99,0.0,1076.229306725924,-0.036165988055125366,0.0,HOLD,closed,0.0,0.0,0.0,0.03074230489779417,True,False
2024-05-26 16:00:00+00:00,68808.62,0.0,1076.229306725924,-0.036165988055125366,0.0,HOLD,closed,0.0,0.0,0.0,0.030741520091503882,True,False
2024-05-26 17:00:00+00:00,68778.14,0.0,1076.229306725924,-0.036165988055125366,0.0,HOLD,closed,0.0,0.0,0.0,0.030740844818065216,True,False
2024-05-26 18:00:00+00:00,68800.16,0.0,1076.229306725924,-0.036165988055125366,0.0,HOLD,closed,0.0,0.0,0.0,0.030740865896178998,True,False
2024-05-26 19:00:00+00:00,68903.54,0.0,1076.229306725924,-0.036165988055125366,0.0,HOLD,closed,0.0,0.0,0.0,0.030740285631850994,True,False
2024-05-26 20:00:00+00:00,68720.84,0.0,1076.229306725924,-0.036165988055125366,0.0,HOLD,closed,0.0,0.0,0.0,0.030739722934062463,True,False
2024-05-26 21:00:00+00:00,68518.02,0.0,1076.229306725924,-0.036165988055125366,0.0,HOLD,closed,0.0,0.0,0.0,0.030741024820860496,True,False
2024-05-26 22:00:00+00:00,68560.0,0.0,1076.229306725924,-0.036165988055125366,0.0,HOLD,closed,0.0,0.0,0.0,0.030736745010713107,True,False
2024-05-26 23:00:00+00:00,68507.67,0.0,1076.229306725924,-0.036165988055125366,0.0,HOLD,closed,0.0,0.0,0.0,0.03073678355771789,True,False
2024-05-27 00:00:00+00:00,68821.71,0.0,1076.229306725924,-0.036165988055125366,0.0,HOLD,closed,0.0,0.0,0.0,0.030736657010922624,True,False
2024-05-27 01:00:00+00:00,69074.01,0.0,1076.229306725924,-0.036165988055125366,0.0,HOLD,closed,0.0,0.0,0.0,0.030738992066711712,True,False
2024-05-27 02:00:00+00:00,69111.35,0.0,1076.229306725924,-0.036165988055125366,0.0,HOLD,closed,0.0,0.0,0.0,0.030738972196287434,True,False
2024-05-27 03:00:00+00:00,68873.43,0.0,1076.229306725924,-0.036165988055125366,0.0,HOLD,closed,0.0,0.0,0.0,0.0307370095412334,True,False
2024-05-27 04:00:00+00:00,68770.01,0.0,1076.229306725924,-0.036165988055125366,0.0,HOLD,closed,0.0,0.0,0.0,0.030722459621993603,True,False
2024-05-27 05:00:00+00:00,68524.61,0.0,1076.229306725924,-0.036165988055125366,0.0,HOLD,closed,0.0,0.0,0.0,0.03072465732625851,True,False
2024-05-27 06:00:00+00:00,68393.23,0.0,1076.229306725924,-0.036165988055125366,0.0,HOLD,closed,0.0,0.0,0.0,0.03066907025481122,True,False
2024-05-27 07:00:00+00:00,68643.36,0.0,1076.229306725924,-0.036165988055125366,0.0,HOLD,closed,0.0,0.0,0.0,0.030669793579950783,True,False
2024-05-27 08:00:00+00:00,68624.0,0.0,1076.229306725924,-0.036165988055125366,0.0,HOLD,closed,0.0,0.0,0.0,0.03065391436850945,True,False
2024-05-27 09:00:00+00:00,68595.37,0.0,1076.229306725924,-0.036165988055125366,0.0,HOLD,closed,0.0,0.0,0.0,0.030650782208994976,True,False
2024-05-27 10:00:00+00:00,68577.79,0.0,1076.229306725924,-0.036165988055125366,0.0,HOLD,closed,0.0,0.0,0.0,0.03063512249108999,True,False
2024-05-27 11:00:00+00:00,68434.26,0.0,1076.229306725924,-0.036165988055125366,0.0,HOLD,closed,0.0,0.0,0.0,0.030630194094667884,True,False
2024-05-27 12:00:00+00:00,68621.42,0.0,1076.229306725924,-0.036165988055125366,0.0,HOLD,closed,0.0,0.0,0.0,0.030623015291608713,True,False
2024-05-27 13:00:00+00:00,68919.24,0.0,1076.229306725924,-0.036165988055125366,0.0,HOLD,closed,0.0,0.0,0.0,0.030626380906347922,True,False
2024-05-27 14:00:00+00:00,69500.0,0.0,1076.229306725924,-0.036165988055125366,0.0,HOLD,closed,0.0,0.0,0.0,0.0306366805640223,True,False
2024-05-27 15:00:00+00:00,70373.85,0.0,1076.229306725924,-0.036165988055125366,0.0,HOLD,closed,0.0,0.0,0.0,0.030663006159159845,True,False
2024-05-27 16:00:00+00:00,70161.22,0.0,1076.229306725924,-0.036165988055125366,0.0,HOLD,closed,0.0,0.0,0.0,0.030664286228738902,True,False
2024-05-27 17:00:00+00:00,70184.01,0.0,1076.229306725924,-0.036165988055125366,0.0,HOLD,closed,0.0,0.0,0.0,0.03066174685679318,True,False
2024-05-27 18:00:00+00:00,69985.5,0.0,1076.229306725924,-0.036165988055125366,0.0,HOLD,closed,0.0,0.0,0.0,0.03066306988259429,True,False
2024-05-27 19:00:00+00:00,69260.01,0.0,1076.229306725924,-0.036165988055125366,0.0,HOLD,closed,0.0,0.0,0.0,0.030677426885796583,True,False
2024-05-27 20:00:00+00:00,69660.01,0.0,1076.229306725924,-0.036165988055125366,0.0,HOLD,closed,0.0,0.0,0.0,0.030676968155747525,True,False
2024-05-27 21:00:00+00:00,69805.0,0.0,1076.229306725924,-0.036165988055125366,0.0,HOLD,closed,0.0,0.0,0.0,0.030672459933648616,True,False
2024-05-27 22:00:00+00:00,69591.58,0.0,1076.229306725924,-0.036165988055125366,0.0,HOLD,closed,0.0,0.0,0.0,0.0306725409620765,True,False
2024-05-27 23:00:00+00:00,69436.43,0.0,1076.229306725924,-0.036165988055125366,0.0,HOLD,closed,0.0,0.0,0.0,0.030664076840193427,True,False
2024-05-28 00:00:00+00:00,69377.41,0.0,1076.229306725924,-0.036165988055125366,0.0,HOLD,closed,0.0,0.0,0.0,0.030662030608803847,True,False
2024-05-28 01:00:00+00:00,68614.11,0.0,1076.229306725924,-0.036165988055125366,0.0,HOLD,closed,0.0,0.0,0.0,0.030683236312971318,True,False
2024-05-28 02:00:00+00:00,68680.0,0.0,1076.229306725924,-0.036165988055125366,0.0,HOLD,closed,0.0,0.0,0.0,0.030683305368631453,True,False
2024-05-28 03:00:00+00:00,68050.3,0.0,1076.229306725924,-0.036165988055125366,0.0,HOLD,closed,0.0,0.0,0.0,0.03069813564164292,True,False
2024-05-28 04:00:00+00:00,67797.29,0.0,1076.229306725924,-0.036165988055125366,0.0,HOLD,closed,0.0,0.0,0.0,0.030687126840192508,True,False
2024-05-28 05:00:00+00:00,68049.67,0.0,1076.229306725924,-0.036165988055125366,0.0,HOLD,closed,0.0,0.0,0.0,0.030689106816666867,True,False
2024-05-28 06:00:00+00:00,67972.8,0.0,1076.229306725924,-0.036165988055125366,0.0,HOLD,closed,0.0,0.0,0.0,0.030689321174638517,True,False
2024-05-28 07:00:00+00:00,67694.0,0.0,1076.229306725924,-0.036165988055125366,0.0,HOLD,closed,0.0,0.0,0.0,0.03067700792114461,True,False
2024-05-28 08:00:00+00:00,68159.99,0.0,1076.229306725924,-0.036165988055125366,0.0,HOLD,closed,0.0,0.0,0.0,0.030684107596280985,True,False
2024-05-28 09:00:00+00:00,68336.24,0.0,1076.229306725924,-0.036165988055125366,0.0,HOLD,closed,0.0,0.0,0.0,0.030676576327482302,True,False
2024-05-28 10:00:00+00:00,68592.01,0.0,1076.229306725924,-0.036165988055125366,0.0,HOLD,closed,0.0,0.0,0.0,0.0306504153806495,True,False
2024-05-28 11:00:00+00:00,68389.87,0.0,1076.229306725924,-0.036165988055125366,0.0,HOLD,closed,0.0,0.0,0.0,0.030648527243100576,True,False
2024-05-28 12:00:00+00:00,68208.63,0.0,1076.229306725924,-0.036165988055125366,0.0,HOLD,closed,0.0,0.0,0.0,0.030649289706493194,True,False
2024-05-28 13:00:00+00:00,67792.0,0.0,1076.229306725924,-0.036165988055125366,0.0,HOLD,closed,0.0,0.0,0.0,0.030653370424730375,True,False
2024-05-28 14:00:00+00:00,67969.0,0.0,1076.229306725924,-0.036165988055125366,0.0,HOLD,closed,0.0,0.0,0.0,0.030652402493523773,True,False
2024-05-28 15:00:00+00:00,68374.08,0.0,1076.229306725924,-0.036165988055125366,0.0,HOLD,closed,0.0,0.0,0.0,0.030658111582076125,True,False
2024-05-28 16:00:00+00:00,67713.22,0.0,1076.229306725924,-0.036165988055125366,0.0,HOLD,closed,0.0,0.0,0.0,0.030674560847454707,True,False
2024-05-28 17:00:00+00:00,67782.67,0.0,1076.229306725924,-0.036165988055125366,0.0,HOLD,closed,0.0,0.0,0.0,0.030674450524230984,True,False
2024-05-28 18:00:00+00:00,67879.43,0.0,1076.229306725924,-0.036165988055125366,0.0,HOLD,closed,0.0,0.0,0.0,0.030672616098508992,True,False
2024-05-28 19:00:00+00:00,68424.29,0.0,1076.229306725924,-0.036165988055125366,0.0,HOLD,closed,0.0,0.0,0.0,0.030670833640883494,True,False
2024-05-28 20:00:00+00:00,68325.86,0.0,1076.229306725924,-0.036165988055125366,0.0,HOLD,closed,0.0,0.0,0.0,0.030667931884603705,True,False
2024-05-28 21:00:00+00:00,68401.47,0.0,1076.229306725924,-0.036165988055125366,0.0,HOLD,closed,0.0,0.0,0.0,0.030668131075584942,True,False
2024-05-28 22:00:00+00:00,68615.4,0.0,1076.229306725924,-0.036165988055125366,0.0,HOLD,closed,0.0,0.0,0.0,0.03066760897213458,True,False
2024-05-28 23:00:00+00:00,68398.39,0.0,1076.229306725924,-0.036165988055125366,0.0,HOLD,closed,0.0,0.0,0.0,0.030668574903192886,True,False
2024-05-29 00:00:00+00:00,68496.0,0.0,1076.229306725924,-0.036165988055125366,0.0,HOLD,closed,0.0,0.0,0.0,0.030662726392442025,True,False
2024-05-29 01:00:00+00:00,68570.0,0.0,1076.229306725924,-0.036165988055125366,0.0,HOLD,closed,0.0,0.0,0.0,0.03066256543826465,True,False
2024-05-29 02:00:00+00:00,68684.6,0.0,1076.229306725924,-0.036165988055125366,0.0,HOLD,closed,0.0,0.0,0.0,0.030662539229775215,True,False
2024-05-29 03:00:00+00:00,68829.42,0.0,1076.229306725924,-0.036165988055125366,0.0,HOLD,closed,0.0,0.0,0.0,0.03065933379093644,True,False
2024-05-29 04:00:00+00:00,68843.53,0.0,1076.229306725924,-0.036165988055125366,0.0,HOLD,closed,0.0,0.0,0.0,0.030658086927870032,True,False
2024-05-29 05:00:00+00:00,68584.73,0.0,1076.229306725924,-0.036165988055125366,0.0,HOLD,closed,0.0,0.0,0.0,0.030660376144602985,True,False
2024-05-29 06:00:00+00:00,68513.33,0.0,1076.229306725924,-0.036165988055125366,0.0,HOLD,closed,0.0,0.0,0.0,0.030659621646738716,True,False
2024-05-29 07:00:00+00:00,67946.9,0.0,1076.229306725924,-0.036165988055125366,0.0,HOLD,closed,0.0,0.0,0.0,0.030669894883929044,True,False
2024-05-29 08:00:00+00:00,67872.41,0.0,1076.229306725924,-0.036165988055125366,0.0,HOLD,closed,0.0,0.0,0.0,0.03067020128672379,True,False
2024-05-29 09:00:00+00:00,67905.72,0.0,1076.229306725924,-0.036165988055125366,0.0,HOLD,closed,0.0,0.0,0.0,0.030668351956673362,True,False
2024-05-29 10:00:00+00:00,67989.89,0.0,1076.229306725924,-0.036165988055125366,0.0,HOLD,closed,0.0,0.0,0.0,0.030668270819171728,True,False
2024-05-29 11:00:00+00:00,67763.59,0.0,1076.229306725924,-0.036165988055125366,0.0,HOLD,closed,0.0,0.0,0.0,0.03066672223169356,True,False
2024-05-29 12:00:00+00:00,67898.15,0.0,1076.229306725924,-0.036165988055125366,0.0,HOLD,closed,0.0,0.0,0.0,0.030666137203521765,True,False
2024-05-29 13:00:00+00:00,67879.99,0.0,1076.229306725924,-0.036165988055125366,0.0,HOLD,closed,0.0,0.0,0.0,0.030665190653824642,True,False
2024-05-29 14:00:00+00:00,67635.01,0.0,1076.229306725924,-0.036165988055125366,0.0,HOLD,closed,0.0,0.0,0.0,0.030667404088048994,True,False
2024-05-29 15:00:00+00:00,67379.13,0.0,1076.229306725924,-0.036165988055125366,0.0,HOLD,closed,0.0,0.0,0.0,0.030664999069739185,True,False
2024-05-29 16:00:00+00:00,67555.18,0.0,1076.229306725924,-0.036165988055125366,0.0,HOLD,closed,0.0,0.0,0.0,0.030649181182826224,True,False
2024-05-29 17:00:00+00:00,67611.12,0.0,1076.229306725924,-0.036165988055125366,0.0,HOLD,closed,0.0,0.0,0.0,0.0306491162333265,True,False
2024-05-29 18:00:00+00:00,67392.83,0.0,1076.229306725924,-0.036165988055125366,0.0,HOLD,closed,0.0,0.0,0.0,0.03064854397455999,True,False
2024-05-29 19:00:00+00:00,67266.78,0.0,1076.229306725924,-0.036165988055125366,0.0,HOLD,closed,0.0,0.0,0.0,0.030649178889666118,True,False
2024-05-29 20:00:00+00:00,67485.76,0.0,1076.229306725924,-0.036165988055125366,0.0,HOLD,closed,0.0,0.0,0.0,0.030649157602218396,True,False
2024-05-29 21:00:00+00:00,67700.42,0.0,1076.229306725924,-0.036165988055125366,0.0,HOLD,closed,0.0,0.0,0.0,0.03065000379326696,True,False
2024-05-29 22:00:00+00:00,67680.01,0.0,1076.229306725924,-0.036165988055125366,8.75651076269652e-27,HOLD,closed,8.75651076269652e-27,0.0,8.75651076269652e-27,0.030649619775275083,True,False
2024-05-29 23:00:00+00:00,67652.42,0.0,1076.229306725924,-0.036165988055125366,8.75651076269652e-27,HOLD,closed,8.75651076269652e-27,0.0,8.75651076269652e-27,0.030649841122853377,True,False
2024-05-30 00:00:00+00:00,67583.0,0.0,1076.229306725924,-0.036165988055125366,8.75651076269652e-27,HOLD,closed,8.75651076269652e-27,0.0,8.75651076269652e-27,0.03064873948492705,True,False
2024-05-30 01:00:00+00:00,67800.0,0.0,1076.229306725924,-0.036165988055125366,8.75651076269652e-27,HOLD,closed,8.75651076269652e-27,0.0,8.75651076269652e-27,0.030650392315159453,True,False
2024-05-30 02:00:00+00:00,67949.1,0.0,1076.229306725924,-0.036165988055125366,8.75651076269652e-27,HOLD,closed,8.75651076269652e-27,0.0,8.75651076269652e-27,0.03065119769027755,True,False
2024-05-30 03:00:00+00:00,68118.2,0.0,1076.229306725924,-0.036165988055125366,8.75651076269652e-27,HOLD,closed,8.75651076269652e-27,0.0,8.75651076269652e-27,0.030646148655692873,True,False
2024-05-30 04:00:00+00:00,68163.0,0.0,1076.229306725924,-0.036165988055125366,8.75651076269652e-27,HOLD,closed,8.75651076269652e-27,0.0,8.75651076269652e-27,0.03064615399716189,True,False
2024-05-30 05:00:00+00:00,68134.14,0.0,1076.229306725924,-0.036165988055125366,8.75651076269652e-27,HOLD,closed,8.75651076269652e-27,0.0,8.75651076269652e-27,0.03064621553196431,True,False
2024-05-30 06:00:00+00:00,67831.25,0.0,1076.229306725924,-0.036165988055125366,8.75651076269652e-27,HOLD,closed,8.75651076269652e-27,0.0,8.75651076269652e-27,0.030638594531922914,True,False
2024-05-30 07:00:00+00:00,67584.56,0.015866277938099378,1074.7947285337127,-0.03745074702406117,1.0,BUY,closed,1.0,1.0,1.0,0.030638036666446655,False,False
2024-05-30 08:00:00+00:00,67688.96,0.015866277938099378,1076.4511679504503,-0.03596729676062728,1.0,HOLD,closed,1.0,0.997696769418459,0.002303230581541027,0.03062851612439721,True,False
2024-05-30 09:00:00+00:00,67745.94,0.015866277938099378,1077.3552284673633,-0.03515765120497146,1.0,HOLD,closed,1.0,0.9976987021698627,0.0023012978301373277,0.03062356873892802,True,False
2024-05-30 10:00:00+00:00,67942.08,0.015866277938099378,1080.467240222142,-0.0323706403364858,1.0,HOLD,closed,1.0,0.9977053304743888,0.0022946695256111926,0.030619010472104857,True,False
2024-05-30 11:00:00+00:00,67817.01,0.0,1078.3118033661597,-0.03430097557212006,8.75651076269652e-27,SELL,closed,8.75651076269652e-27,8.75651076269652e-27,0.9977011083102338,0.03060175473428503,False,False
2024-05-30 12:00:00+00:00,68133.34,0.01590031473469797,1081.1843871635529,-0.031728388160881305,1.0,BUY,closed,1.0,1.0,1.0,0.030601558546997254,False,False
2024-05-30 13:00:00+00:00,68623.99,0.0,1083.6604802482314,-0.02951088421740023,8.75651076269652e-27,SELL,closed,8.75651076269652e-27,8.75651076269652e-27,1.001980891404572,0.03061054066434915,False,False
2024-05-30 14:00:00+00:00,68359.6,0.0,1083.6604802482314,-0.02951088421740023,8.75651076269652e-27,HOLD,closed,8.75651076269652e-27,0.0,8.75651076269652e-27,0.030608757284292243,True,False
2024-05-30 15:00:00+00:00,68530.76,0.0,1083.6604802482314,-0.02951088421740023,8.75651076269652e-27,HOLD,closed,8.75651076269652e-27,0.0,8.75651076269652e-27,0.030608202731259637,True,False
2024-05-30 16:00:00+00:00,68676.0,0.0,1083.6604802482314,-0.02951088421740023,8.75651076269652e-27,HOLD,closed,8.75651076269652e-27,0.0,8.75651076269652e-27,0.030607757253909518,True,False
2024-05-30 17:00:00+00:00,69315.1,0.0,1083.6604802482314,-0.02951088421740023,8.75651076269652e-27,HOLD,closed,8.75651076269652e-27,0.0,8.75651076269652e-27,0.030622934936979207,True,False
2024-05-30 18:00:00+00:00,69360.13,0.0,1083.6604802482314,-0.02951088421740023,8.75651076269652e-27,HOLD,closed,8.75651076269652e-27,0.0,8.75651076269652e-27,0.03059841987418621,True,False
2024-05-30 19:00:00+00:00,68653.02,0.0,1083.6604802482314,-0.02951088421740023,8.75651076269652e-27,HOLD,closed,8.75651076269652e-27,0.0,8.75651076269652e-27,0.03061537742991252,True,False
2024-05-30 20:00:00+00:00,68475.99,0.0157846003023353,1083.3517166361676,-0.029787402306155286,1.0,BUY,closed,1.0,1.0,1.0,0.030614138635019106,False,False
2024-05-30 21:00:00+00:00,68416.76,0.0157846003023353,1082.41679476026,-0.03062468623522086,1.0,HOLD,closed,1.0,0.9977036718281805,0.0022963281718194617,0.030614244678481672,True,False
2024-05-30 22:00:00+00:00,68314.93,0.0157846003023353,1080.8094489114733,-0.03206416998495449,1.0,HOLD,closed,1.0,0.9977002568010838,0.0022997431989162376,0.03061469657720023,True,False
2024-05-30 23:00:00+00:00,68352.17,0.0157846003023353,1081.3972674267322,-0.03153773990698059,1.0,HOLD,closed,1.0,0.9977015068797305,0.002298493120269529,0.03061482136663668,True,False
2024-05-31 00:00:00+00:00,68460.0,0.0157846003023353,1083.0993208773332,-0.03001343928109632,1.0,HOLD,closed,1.0,0.9977051188828693,0.0022948811171307204,0.030615315080661815,True,False
2024-05-31 01:00:00+00:00,68440.0,0.0157846003023353,1082.7836288712863,-0.030296162201598056,1.0,HOLD,closed,1.0,0.9977044497966324,0.00229555020336758,0.0306143194509301,True,False
2024-05-31 02:00:00+00:00,68539.99,0.0157846003023353,1084.361931055517,-0.02888268896055026,1.0,HOLD,closed,1.0,0.9977077909983071,0.002292209001692913,0.030607694772717464,True,False
2024-05-31 03:00:00+00:00,68535.81,0.0,1082.1987192999384,-0.030819987129291442,8.75651076269652e-27,SELL,closed,8.75651076269652e-27,8.75651076269652e-27,0.997707651516923,0.03060753188784479,False,False
2024-05-31 04:00:00+00:00,68516.59,0.015790266713123235,1079.7302918357525,-0.03303062600627853,1.0,BUY,closed,1.0,1.0,1.0,0.030607695384543193,False,False
2024-05-31 05:00:00+00:00,68442.72,0.015790266713123235,1078.5638648336542,-0.034075237977024234,1.0,HOLD,closed,1.0,1.002007241859798,0.002007241859798059,0.030607687159526054,True,False
2024-05-31 06:00:00+00:00,68272.0,0.015790266713123235,1075.86815050039,-0.03648942716946655,1.0,HOLD,closed,1.0,1.002012271240628,0.002012271240628083,0.030608439770873047,True,False
2024-05-31 07:00:00+00:00,68174.99,0.015790266713123235,1074.33633672655,-0.03786126698646997,1.0,HOLD,closed,1.0,1.0020151403838355,0.0020151403838355453,0.030605480579412148,True,False
2024-05-31 08:00:00+00:00,68136.0,0.015790266713123235,1073.720674227405,-0.03841263318031587,1.0,HOLD,closed,1.0,1.0020162958485617,0.0020162958485616667,0.03060175889884581,True,False
2024-05-31 09:00:00+00:00,67950.0,0.01571538580874877,1070.7874115947316,-0.041039562472864465,1.0,SELL,closed,1.0,1.0020218262278906,0.0020218262278905996,0.03060314192904509,True,False
2024-05-31 10:00:00+00:00,68333.33,0.015804041862348003,1076.8335235920517,-0.03562487217719388,1.0,BUY,closed,1.0,0.9972818402808377,0.0027181597191623386,0.0304288014838896,True,False
2024-05-31 11:00:00+00:00,68349.73,0.0,1074.6741779476286,-0.03755870798953727,8.75651076269652e-27,SELL,closed,8.75651076269652e-27,8.75651076269652e-27,1.0028867378760176,0.030428048667144103,False,False
2024-05-31 12:00:00+00:00,68643.59,0.0,1074.6741779476286,-0.03755870798953727,8.75651076269652e-27,HOLD,closed,8.75651076269652e-27,0.0,8.75651076269652e-27,0.030430544694444422,True,False
2024-05-31 13:00:00+00:00,68078.34,0.0,1074.6741779476286,-0.03755870798953727,8.75651076269652e-27,HOLD,closed,8.75651076269652e-27,0.0,8.75651076269652e-27,0.030419315247039697,True,False
2024-05-31 14:00:00+00:00,67501.76,0.01578584580569427,1067.9530916844833,-0.04357788206066725,1.0,BUY,closed,1.0,1.0,1.0,0.030427436892896786,False,False
2024-05-31 15:00:00+00:00,67215.58,0.01578584580569427,1063.4354983318099,-0.047623683543892965,1.0,HOLD,closed,1.0,0.9977612965570204,0.002238703442979606,0.0304310799066303,True,False
2024-05-31 16:00:00+00:00,67200.01,0.01578584580569427,1063.1897127126151,-0.047843800704749244,1.0,HOLD,closed,1.0,0.9977607790189881,0.0022392209810119246,0.030429252088589376,True,False
2024-05-31 17:00:00+00:00,67342.77,0.01578584580569427,1065.4433000598362,-0.045825565259416313,1.0,HOLD,closed,1.0,0.9977655153386685,0.0022344846613314706,0.030428261752648927,True,False
2024-05-31 18:00:00+00:00,67414.88,0.01578584580569427,1066.5816174008849,-0.044806127335887715,1.0,HOLD,closed,1.0,0.9977679001094134,0.002232099890586592,0.030427486926727476,True,False
2024-05-31 19:00:00+00:00,67681.0,0.0,1068.9336057370933,-0.04269976734367402,8.75651076269652e-27,SELL,closed,8.75651076269652e-27,8.75651076269652e-27,0.9977766571570775,0.030430367387804497,False,False
2024-05-31 20:00:00+00:00,67709.04,0.0,1068.9336057370933,-0.04269976734367402,8.75651076269652e-27,HOLD,closed,8.75651076269652e-27,0.0,8.75651076269652e-27,0.030430525388769697,True,False
2024-05-31 21:00:00+00:00,67564.91,0.0,1068.9336057370933,-0.04269976734367402,8.75651076269652e-27,HOLD,closed,8.75651076269652e-27,0.0,8.75651076269652e-27,0.03043117024981562,True,False
2024-05-31 22:00:00+00:00,67509.52,0.0,1068.9336057370933,-0.04269976734367402,8.75651076269652e-27,HOLD,closed,8.75651076269652e-27,0.0,8.75651076269652e-27,0.030431483303486745,True,False
2024-05-31 23:00:00+00:00,67540.01,0.0,1068.9336057370933,-0.04269976734367402,8.75651076269652e-27,HOLD,closed,8.75651076269652e-27,0.0,8.75651076269652e-27,0.030430219456053953,True,False
2024-06-01 00:00:00+00:00,67655.66,0.0,1068.9336057370933,-0.04269976734367402,8.75651076269652e-27,HOLD,closed,8.75651076269652e-27,0.0,8.75651076269652e-27,0.03043072103580452,True,False
2024-06-01 01:00:00+00:00,67560.0,0.0,1068.9336057370933,-0.04269976734367402,8.75651076269652e-27,HOLD,closed,8.75651076269652e-27,0.0,8.75651076269652e-27,0.03042987721543397,True,False
2024-06-01 02:00:00+00:00,67729.05,0.0,1068.9336057370933,-0.04269976734367402,8.75651076269652e-27,HOLD,closed,8.75651076269652e-27,0.0,8.75651076269652e-27,0.030431054533242463,True,False
2024-06-01 03:00:00+00:00,67715.31,0.0,1068.9336057370933,-0.04269976734367402,8.75651076269652e-27,HOLD,closed,8.75651076269652e-27,0.0,8.75651076269652e-27,0.030430924816759575,True,False
2024-06-01 04:00:00+00:00,67680.01,0.0,1068.9336057370933,-0.04269976734367402,8.75651076269652e-27,HOLD,closed,8.75651076269652e-27,0.0,8.75651076269652e-27,0.03042848842255219,True,False
2024-06-01 05:00:00+00:00,67686.35,0.0,1068.9336057370933,-0.04269976734367402,8.75651076269652e-27,HOLD,closed,8.75651076269652e-27,0.0,8.75651076269652e-27,0.030428139286715367,True,False
2024-06-01 06:00:00+00:00,67693.32,0.0,1068.9336057370933,-0.04269976734367402,8.75651076269652e-27,HOLD,closed,8.75651076269652e-27,0.0,8.75651076269652e-27,0.030427310099274296,True,False
2024-06-01 07:00:00+00:00,67632.08,0.0,1068.9336057370933,-0.04269976734367402,8.75651076269652e-27,HOLD,closed,8.75651076269652e-27,0.0,8.75651076269652e-27,0.03042757867219567,True,False
2024-06-01 08:00:00+00:00,67704.0,0.015805097252993488,1067.9320690292366,-0.043596709228838154,0.9999979774554579,BUY,closed,0.9999979774554579,0.9999979774554579,0.9999979774554579,0.03042790900304959,False,False
2024-06-01 09:00:00+00:00,67706.69,0.0,1065.7924674545554,-0.04551286293028504,8.75651076269652e-27,SELL,closed,8.75651076269652e-27,8.75651076269652e-27,1.0020002680007154,0.030424544945981596,False,False
2024-06-01 10:00:00+00:00,67627.33,0.0,1065.7924674545554,-0.04551286293028504,8.75651076269652e-27,HOLD,closed,8.75651076269652e-27,0.0,8.75651076269652e-27,0.030423977997420165,True,False
2024-06-01 11:00:00+00:00,67660.57,0.015759789236904007,1064.1842050176476,-0.04695316754486644,1.0,BUY,closed,1.0,1.0,1.0,0.03041862796218564,False,False
2024-06-01 12:00:00+00:00,67717.76,0.0,1062.052105530112,-0.048862602634669725,8.75651076269652e-27,SELL,closed,8.75651076269652e-27,8.75651076269652e-27,1.0020018278498777,0.03041901279410214,False,False
2024-06-01 13:00:00+00:00,67720.01,0.0,1062.052105530112,-0.048862602634669725,8.75651076269652e-27,HOLD,closed,8.75651076269652e-27,0.0,8.75651076269652e-27,0.030418550140016987,True,False
2024-06-01 14:00:00+00:00,67803.34,0.0,1062.052105530112,-0.048862602634669725,8.75651076269652e-27,HOLD,closed,8.75651076269652e-27,0.0,8.75651076269652e-27,0.030418229928485724,True,False
2024-06-01 15:00:00+00:00,67691.28,0.0,1062.052105530112,-0.048862602634669725,8.75651076269652e-27,HOLD,closed,8.75651076269652e-27,0.0,8.75651076269652e-27,0.03041851641193319,True,False
2024-06-01 16:00:00+00:00,67700.01,0.015689644301749236,1060.064440887753,-0.05064268683668222,1.0,BUY,closed,1.0,1.0,1.0,0.030417724045359307,False,False
2024-06-01 17:00:00+00:00,67791.02,0.015689644301749236,1061.4923554156553,-0.04936389561668728,1.0,HOLD,closed,1.0,1.0020015549111336,0.0020015549111336295,0.030417641559381814,True,False
2024-06-01 18:00:00+00:00,67750.71,0.0,1059.3656532428452,-0.05126849705675334,8.75651076269652e-27,SELL,closed,8.75651076269652e-27,8.75651076269652e-27,1.0020027481719211,0.030417821439343323,False,False
2024-06-01 19:00:00+00:00,67753.76,0.0,1059.3656532428452,-0.05126849705675334,8.75651076269652e-27,HOLD,closed,8.75651076269652e-27,0.0,8.75651076269652e-27,0.03041754919387815,True,False
2024-06-01 20:00:00+00:00,67796.54,0.0,1059.3656532428452,-0.05126849705675334,8.75651076269652e-27,HOLD,closed,8.75651076269652e-27,0.0,8.75651076269652e-27,0.030416512042885285,True,False
2024-06-01 21:00:00+00:00,67760.01,0.0,1059.3656532428452,-0.05126849705675334,8.75651076269652e-27,HOLD,closed,8.75651076269652e-27,0.0,8.75651076269652e-27,0.030416051203630834,True,False
2024-06-01 22:00:00+00:00,67765.4,0.015634083484386222,1057.3306599635137,-0.05309096716088556,1.0,BUY,closed,1.0,1.0,1.0,0.03041592263527504,False,False
2024-06-01 23:00:00+00:00,67766.85,0.015634083484386222,1057.3533293845662,-0.053070665205804966,1.0,HOLD,closed,1.0,1.0020043072929519,0.002004307292951868,0.030416045506952788,True,False
2024-06-02 00:00:00+00:00,67889.0,0.015634083484386222,1059.2630326821838,-0.05136040050713523,1.0,HOLD,closed,1.0,1.00200069380685,0.0020006938068499736,0.030415321110975974,True,False
2024-06-02 01:00:00+00:00,67755.0,0.0,1057.1406427577563,-0.05326114004562223,8.75651076269652e-27,SELL,closed,8.75651076269652e-27,8.75651076269652e-27,1.0020046585386775,0.03041599768953529,False,False
2024-06-02 02:00:00+00:00,67733.26,0.01560240045395552,1054.6866367160503,-0.0554588635918337,1.0,BUY,closed,1.0,1.0,1.0,0.030415549599027814,False,False
2024-06-02 03:00:00+00:00,67789.47,0.01560240045395552,1055.5636476455672,-0.05467344271783117,1.0,HOLD,closed,1.0,1.0020034887148246,0.002003488714824586,0.030415013626286486,True,False
2024-06-02 04:00:00+00:00,67852.62,0.0,1053.4489752818274,-0.05656727067396893,8.75651076269652e-27,SELL,closed,8.75651076269652e-27,8.75651076269652e-27,1.0020016203483861,0.03041259222606668,False,False
2024-06-02 05:00:00+00:00,67728.4,0.0,1053.4489752818274,-0.05656727067396893,8.75651076269652e-27,HOLD,closed,8.75651076269652e-27,0.0,8.75651076269652e-27,0.030413143480640087,True,False
2024-06-02 06:00:00+00:00,67841.09,0.015554018989694685,1053.094177466535,-0.056885015414430286,1.0,BUY,closed,1.0,1.0,1.0,0.03041238948818986,False,False
2024-06-02 07:00:00+00:00,67721.0,0.0,1050.984301863053,-0.0587745475567906,8.75651076269652e-27,SELL,closed,8.75651076269652e-27,8.75651076269652e-27,1.0020047297945467,0.030412997917010687,False,False
2024-06-02 08:00:00+00:00,67750.67,0.015519324089570623,1049.3421109196731,-0.06024523737674395,1.0,BUY,closed,1.0,1.0,1.0,0.030413042390618095,False,False
2024-06-02 09:00:00+00:00,67529.99,0.01543773887552991,1045.924259376742,-0.06330614785768691,1.0,SELL,closed,1.0,1.0020101915159558,0.002010191515955828,0.030415015530625755,True,False
2024-06-02 10:00:00+00:00,67529.99,0.01543773887552991,1045.924259376742,-0.06330614785768691,1.0,HOLD,closed,1.0,0.9967359897631307,0.003264010236869286,0.030414999523323383,True,False
2024-06-02 11:00:00+00:00,68251.52,0.015602682416970342,1057.1597783275975,-0.0532440028863425,1.0,BUY,closed,1.0,0.9967703842395981,0.003229615760401927,0.03043328887064442,True,False
2024-06-02 12:00:00+00:00,67934.99,0.0,1055.0306529137706,-0.05515077449785476,8.75651076269652e-27,SELL,closed,8.75651076269652e-27,8.75651076269652e-27,1.0073625334001675,0.030437228677520217,False,False
2024-06-02 13:00:00+00:00,68165.98,0.0,1055.0306529137706,-0.05515077449785476,8.75651076269652e-27,HOLD,closed,8.75651076269652e-27,0.0,8.75651076269652e-27,0.030435929349940355,True,False
2024-06-02 14:00:00+00:00,68252.5,0.0,1055.0306529137706,-0.05515077449785476,8.75651076269652e-27,HOLD,closed,8.75651076269652e-27,0.0,8.75651076269652e-27,0.030433376438956022,True,False
2024-06-02 15:00:00+00:00,68142.17,0.0,1055.0306529137706,-0.05515077449785476,8.75651076269652e-27,HOLD,closed,8.75651076269652e-27,0.0,8.75651076269652e-27,0.0304338933047249,True,False
2024-06-02 16:00:00+00:00,68103.63,0.0,1055.0306529137706,-0.05515077449785476,8.75651076269652e-27,HOLD,closed,8.75651076269652e-27,0.0,8.75651076269652e-27,0.03043332729855236,True,False
2024-06-02 17:00:00+00:00,67879.28,0.015491547996982989,1053.8958414375293,-0.05616707268924504,1.0,BUY,closed,1.0,1.0,1.0,0.030435359380630855,False,False
2024-06-02 18:00:00+00:00,67697.14,0.015491547996982989,1051.0742108853588,-0.05869402812367582,1.0,HOLD,closed,1.0,0.9977730237383428,0.002226976261657243,0.030436343342029215,True,False
2024-06-02 19:00:00+00:00,67736.95,0.015491547996982989,1051.6909294111188,-0.05814171618865492,1.0,HOLD,closed,1.0,0.9977743296519705,0.0022256703480294515,0.030435382491288132,True,False
2024-06-02 20:00:00+00:00,67831.2,0.015491547996982989,1053.1510078098343,-0.056834120110390546,1.0,HOLD,closed,1.0,0.9977774152998726,0.0022225847001273724,0.03043591299691431,True,False
2024-06-02 21:00:00+00:00,67816.14,0.015491547996982989,1052.9177050969997,-0.05704305800894397,1.0,HOLD,closed,1.0,0.9977769228254489,0.002223077174551058,0.03043549661883735,True,False
2024-06-02 22:00:00+00:00,67927.99,0.015491547996982989,1054.6504347404625,-0.05549128483808025,1.0,HOLD,closed,1.0,0.9977805752126221,0.0022194247873779105,0.030429224627479157,True,False
2024-06-02 23:00:00+00:00,67765.63,0.0,1052.5464960662005,-0.05737550007049112,8.75651076269652e-27,SELL,closed,8.75651076269652e-27,8.75651076269652e-27,0.9977752695121339,0.030429820577215133,False,False
2024-06-03 00:00:00+00:00,67823.99,0.015532160645268214,1051.3474890176847,-0.05844928961208689,1.0,BUY,closed,1.0,1.0,1.0,0.030428791086015372,False,False
2024-06-03 01:00:00+00:00,68476.01,0.01565043006017947,1061.5358342224822,-0.0493249574902521,1.0,BUY,closed,1.0,1.0019836734023841,0.001983673402384145,0.030446106599258532,True,False
2024-06-03 02:00:00+00:00,68416.08,0.0,1063.9021133590675,-0.0472057991479331,8.75651076269652e-27,SELL,closed,8.75651076269652e-27,8.75651076269652e-27,1.0095636348562458,0.030425397640152313,False,False
2024-06-03 03:00:00+00:00,68382.81,0.0,1063.9021133590675,-0.0472057991479331,8.75651076269652e-27,HOLD,closed,8.75651076269652e-27,0.0,8.75651076269652e-27,0.030391201243055832,True,False
2024-06-03 04:00:00+00:00,68510.0,0.0,1063.9021133590675,-0.0472057991479331,8.75651076269652e-27,HOLD,closed,8.75651076269652e-27,0.0,8.75651076269652e-27,0.030382712448586063,True,False
2024-06-03 05:00:00+00:00,68700.0,0.0,1063.9021133590675,-0.0472057991479331,8.75651076269652e-27,HOLD,closed,8.75651076269652e-27,0.0,8.75651076269652e-27,0.030380114763578547,True,False
2024-06-03 06:00:00+00:00,69038.94,0.0,1063.9021133590675,-0.0472057991479331,8.75651076269652e-27,HOLD,closed,8.75651076269652e-27,0.0,8.75651076269652e-27,0.030377783372229322,True,False
2024-06-03 07:00:00+00:00,68906.7,0.0,1063.9021133590675,-0.0472057991479331,8.75651076269652e-27,HOLD,closed,8.75651076269652e-27,0.0,8.75651076269652e-27,0.030378518363721158,True,False
2024-06-03 08:00:00+00:00,69142.55,0.0,1063.9021133590675,-0.0472057991479331,8.75651076269652e-27,HOLD,closed,8.75651076269652e-27,0.0,8.75651076269652e-27,0.030380313414340304,True,False
2024-06-03 09:00:00+00:00,69014.88,0.0,1063.9021133590675,-0.0472057991479331,8.75651076269652e-27,HOLD,closed,8.75651076269652e-27,0.0,8.75651076269652e-27,0.03038094073157574,True,False
2024-06-03 10:00:00+00:00,68907.99,0.015415544578265175,1060.1258554658764,-0.0505876860493458,1.0,BUY,closed,1.0,1.0,1.0,0.030381476306292454,False,False
2024-06-03 11:00:00+00:00,69080.0,0.015415544578265175,1062.7774832887837,-0.048212979221753056,1.0,HOLD,closed,1.0,1.0020026169270997,0.0020026169270996874,0.03037953848466529,True,False
2024-06-03 12:00:00+00:00,69746.23,0.01553340737627622,1073.110017289926,-0.038959516565012856,1.0,BUY,closed,1.0,1.0019834495857156,0.001983449585715613,0.030395798468201313,True,False
2024-06-03 13:00:00+00:00,69795.34,0.0,1075.4857775815487,-0.03683186722580261,8.75651076269652e-27,SELL,closed,8.75651076269652e-27,8.75651076269652e-27,1.0095789609875252,0.03038938476837061,False,False
2024-06-03 14:00:00+00:00,68776.01,0.0,1075.4857775815487,-0.03683186722580261,8.75651076269652e-27,HOLD,closed,8.75651076269652e-27,0.0,8.75651076269652e-27,0.03043075384974367,True,False
2024-06-03 15:00:00+00:00,69615.28,0.015637513394300553,1086.4583641499314,-0.027005195467727207,1.0,BUY,closed,1.0,1.0,1.0,0.030451671423960575,False,False
2024-06-03 16:00:00+00:00,69080.02,0.0,1084.2815326455109,-0.028954691015861306,8.75651076269652e-27,SELL,closed,8.75651076269652e-27,8.75651076269652e-27,1.0019956708928965,0.030462753094801648,False,False
2024-06-03 17:00:00+00:00,69268.97,0.015696022274537716,1089.6652886658635,-0.024133183989431393,1.0,BUY,closed,1.0,1.0,1.0,0.030462503734262486,False,False
2024-06-03 18:00:00+00:00,69288.41,0.015696022274537716,1089.9704193388807,-0.023859919436139982,1.0,HOLD,closed,1.0,0.9977815979510294,0.0022184020489706135,0.030461906044475573,True,False
2024-06-03 19:00:00+00:00,69204.0,0.015696022274537716,1088.6455180986868,-0.02504645549289503,1.0,HOLD,closed,1.0,0.9977788981157046,0.0022211018842953623,0.030461608347815528,True,False
2024-06-03 20:00:00+00:00,69101.28,0.015696022274537716,1087.0332226906462,-0.026490371897940318,1.0,HOLD,closed,1.0,0.997775603761591,0.0022243962384089766,0.030462104054269745,True,False
2024-06-03 21:00:00+00:00,69081.17,0.015696022274537716,1086.7175756827053,-0.026773054519683467,1.0,HOLD,closed,1.0,0.9977749576654636,0.0022250423345363535,0.030461395112344247,True,False
2024-06-03 22:00:00+00:00,69042.51,0.015696022274537716,1086.1107674615716,-0.027316491126177313,1.0,HOLD,closed,1.0,0.9977737145381314,0.002226285461868649,0.030461496854140235,True,False
2024-06-03 23:00:00+00:00,68809.9,0.015696022274537716,1082.4597157202913,-0.030586247697220657,1.0,HOLD,closed,1.0,0.9977662054518401,0.002233794548159862,0.030463895349901127,True,False
2024-06-04 00:00:00+00:00,69001.41,0.015696022274537716,1085.4656609460883,-0.02789422637001828,1.0,HOLD,closed,1.0,0.9977723914274071,0.002227608572592854,0.030465325185457443,True,False
2024-06-04 01:00:00+00:00,69215.4,0.015696022274537716,1088.8244527526165,-0.024886207761026746,1.0,HOLD,closed,1.0,0.997779263125965,0.002220736874035012,0.030466179613173966,True,False
2024-06-04 02:00:00+00:00,69139.57,0.0,1086.6523396819453,-0.02683147764191478,8.75651076269652e-27,SELL,closed,8.75651076269652e-27,8.75651076269652e-27,0.997776832909821,0.03044510791099636,False,False
2024-06-04 03:00:00+00:00,69170.22,0.0,1086.6523396819453,-0.02683147764191478,8.75651076269652e-27,HOLD,closed,8.75651076269652e-27,0.0,8.75651076269652e-27,0.03044573646036136,True,False
2024-06-04 04:00:00+00:00,69061.22,0.0,1086.6523396819453,-0.02683147764191478,8.75651076269652e-27,HOLD,closed,8.75651076269652e-27,0.0,8.75651076269652e-27,0.030445041813198626,True,False
2024-06-04 05:00:00+00:00,68956.01,0.015734624144808695,1082.823051870136,-0.03026085631752047,1.0,BUY,closed,1.0,1.0,1.0,0.030445814062185328,False,False
2024-06-04 06:00:00+00:00,68905.43,0.015734624144808695,1082.0271945808915,-0.030973598777918217,1.0,HOLD,closed,1.0,1.002009051173964,0.002009051173964105,0.030445948723175353,True,False
2024-06-04 07:00:00+00:00,69013.63,0.015734624144808695,1083.72968091336,-0.029448910477897564,1.0,HOLD,closed,1.0,1.0020058950528157,0.002005895052815676,0.0304466397894885,True,False
2024-06-04 08:00:00+00:00,68836.54,0.015734624144808695,1080.9432363235558,-0.03194435457263547,1.0,HOLD,closed,1.0,1.002011065828884,0.0020110658288841066,0.030447317446771788,True,False
2024-06-04 09:00:00+00:00,68717.92,0.015734624144808695,1079.0767952074987,-0.03361587514702019,1.0,HOLD,closed,1.0,1.002014544298597,0.002014544298597043,0.03044926330276454,True,False
2024-06-04 10:00:00+00:00,68890.66,0.015734624144808695,1081.7947941822729,-0.031181728594843246,1.0,HOLD,closed,1.0,1.002009482775499,0.0020094827754990607,0.030450679324709184,True,False
2024-06-04 11:00:00+00:00,68955.85,0.0,1079.6273988822184,-0.033122773402364,8.75651076269652e-27,SELL,closed,8.75651076269652e-27,8.75651076269652e-27,1.0020075792216836,0.030452069646791896,False,False
2024-06-04 12:00:00+00:00,68946.56,0.0,1079.6273988822184,-0.033122773402364,8.75651076269652e-27,HOLD,closed,8.75651076269652e-27,0.0,8.75651076269652e-27,0.030447220044286266,True,False
2024-06-04 13:00:00+00:00,69527.99,0.0,1079.6273988822184,-0.033122773402364,8.75651076269652e-27,HOLD,closed,8.75651076269652e-27,0.0,8.75651076269652e-27,0.030460676368935152,True,False
2024-06-04 14:00:00+00:00,69651.49,0.0,1079.6273988822184,-0.033122773402364,8.75651076269652e-27,HOLD,closed,8.75651076269652e-27,0.0,8.75651076269652e-27,0.0304609568979205,True,False
2024-06-04 15:00:00+00:00,70445.0,0.0,1079.6273988822184,-0.033122773402364,8.75651076269652e-27,HOLD,closed,8.75651076269652e-27,0.0,8.75651076269652e-27,0.03048446048620368,True,False
2024-06-04 16:00:00+00:00,70800.0,0.0,1079.6273988822184,-0.033122773402364,8.75651076269652e-27,HOLD,closed,8.75651076269652e-27,0.0,8.75651076269652e-27,0.03048949415587271,True,False
2024-06-04 17:00:00+00:00,70564.0,0.0,1079.6273988822184,-0.033122773402364,8.75651076269652e-27,HOLD,closed,8.75651076269652e-27,0.0,8.75651076269652e-27,0.030491645410955615,True,False
2024-06-04 18:00:00+00:00,70693.67,0.0,1079.6273988822184,-0.033122773402364,8.75651076269652e-27,HOLD,closed,8.75651076269652e-27,0.0,8.75651076269652e-27,0.03049338809200594,True,False
2024-06-04 19:00:00+00:00,70423.6,0.0,1079.6273988822184,-0.033122773402364,8.75651076269652e-27,HOLD,closed,8.75651076269652e-27,0.0,8.75651076269652e-27,0.030496546914424272,True,False
2024-06-04 20:00:00+00:00,70402.69,0.01533047509041667,1081.7296428854506,-0.031240075859136424,1.0,BUY,closed,1.0,1.0,1.0,0.0304963178753416,False,False
2024-06-04 21:00:00+00:00,70620.0,0.01533047509041667,1085.0611084273492,-0.028256529714428175,1.0,HOLD,closed,1.0,0.9977669851741018,0.0022330148258982163,0.030495576801676832,True,False
2024-06-04 22:00:00+00:00,70561.3,0.01533047509041667,1084.1612095395417,-0.029062448257957566,1.0,HOLD,closed,1.0,0.9977651316789383,0.002234868321061678,0.03049622657554696,True,False
2024-06-04 23:00:00+00:00,70537.84,0.01533047509041667,1083.8015565939204,-0.029384541086427848,1.0,HOLD,closed,1.0,0.9977643900514975,0.0022356099485024705,0.030495211709767128,True,False
2024-06-05 00:00:00+00:00,70776.0,0.01533047509041667,1087.4526625414542,-0.026114735970125202,1.0,HOLD,closed,1.0,0.997771896078252,0.0022281039217479925,0.030497962002343004,True,False
2024-06-05 01:00:00+00:00,70986.3,0.0,1089.8825238022823,-0.02393863566059345,8.75651076269652e-27,SELL,closed,8.75651076269652e-27,8.75651076269652e-27,0.997778482269075,0.030500640215749497,False,False
2024-06-05 02:00:00+00:00,70837.96,0.0,1089.8825238022823,-0.02393863566059345,8.75651076269652e-27,HOLD,closed,8.75651076269652e-27,0.0,8.75651076269652e-27,0.0305022837059844,True,False
2024-06-05 03:00:00+00:00,70947.58,0.015385571857268084,1089.3887802004094,-0.02438081547644793,1.0,BUY,closed,1.0,1.0,1.0,0.030504816359756298,False,False
2024-06-05 04:00:00+00:00,71168.53,0.015385571857268084,1092.7882223022727,-0.021336391858788873,1.0,HOLD,closed,1.0,1.0019951807169674,0.0019951807169673597,0.030512232286876467,True,False
2024-06-05 05:00:00+00:00,70999.99,0.0,1090.5989862700408,-0.023296996476088874,8.75651076269652e-27,SELL,closed,8.75651076269652e-27,8.75651076269652e-27,1.0019999263552244,0.030502227859364822,False,False
2024-06-05 06:00:00+00:00,71119.05,0.015360551265852864,1090.2460702317203,-0.023613055961709938,1.0,BUY,closed,1.0,1.0,1.0,0.030502883031580247,False,False
2024-06-05 07:00:00+00:00,71200.0,0.015360551265852864,1091.489506856691,-0.02249947681704738,1.0,HOLD,closed,1.0,1.0019988678391567,0.001998867839156704,0.03050128134359123,True,False
2024-06-05 08:00:00+00:00,70927.57,0.015271137423970634,1087.316460647977,-0.026236713709073742,1.0,SELL,closed,1.0,1.0020065608172364,0.0020065608172363802,0.030423965336951686,True,False
2024-06-05 09:00:00+00:00,70894.19,0.015271137423970634,1086.8067100807648,-0.026693228813444943,1.0,HOLD,closed,1.0,0.996161422274095,0.0038385777259050124,0.030417139842426527,True,False
2024-06-05 10:00:00+00:00,70800.33,0.015271137423970634,1085.373361122151,-0.027976886922979748,1.0,HOLD,closed,1.0,0.996156353031028,0.003843646968971992,0.030411727554837897,True,False
2024-06-05 11:00:00+00:00,70971.71,0.015271137423970634,1087.990528653871,-0.025633041548889797,1.0,HOLD,closed,1.0,0.9961655989461217,0.0038344010538783335,0.030410717316309344,True,False
2024-06-05 12:00:00+00:00,70940.01,0.015271137423970634,1087.506433597531,-0.026066580458673196,1.0,HOLD,closed,1.0,0.9961638920922247,0.0038361079077753324,0.030413091837286327,True,False
2024-06-05 13:00:00+00:00,70730.7,0.015271137423970634,1084.3100318233198,-0.0289291681308097,1.0,HOLD,closed,1.0,0.9961525837562666,0.0038474162437334147,0.03041468563403768,True,False
2024-06-05 14:00:00+00:00,70867.99,0.015271137423970634,1086.4066062802567,-0.027051548038565524,1.0,HOLD,closed,1.0,0.99616000859571,0.003839991404290033,0.030397123664065773,True,False
2024-06-05 15:00:00+00:00,71580.0,0.015424566391791524,1097.3672999551604,-0.01723552714751614,1.0,BUY,closed,1.0,0.996198059969681,0.003801940030318973,0.030413926480693132,True,False
2024-06-05 16:00:00+00:00,71312.77,0.0,1095.1598250129923,-0.01921246590627409,8.75651076269652e-27,SELL,closed,8.75651076269652e-27,8.75651076269652e-27,1.006149728516437,0.03041646624995828,False,False
2024-06-05 17:00:00+00:00,71628.98,0.0,1095.1598250129923,-0.01921246590627409,8.75651076269652e-27,HOLD,closed,8.75651076269652e-27,0.0,8.75651076269652e-27,0.030420177135752124,True,False
2024-06-05 18:00:00+00:00,71096.81,0.0,1095.1598250129923,-0.01921246590627409,8.75651076269652e-27,HOLD,closed,8.75651076269652e-27,0.0,8.75651076269652e-27,0.03042957997478346,True,False
2024-06-05 19:00:00+00:00,71279.95,0.015403785050986715,1095.7901610151418,-0.018647958626990535,1.0,BUY,closed,1.0,1.0,1.0,0.03043247536330984,False,False
2024-06-05 20:00:00+00:00,71196.02,0.015403785050986715,1094.4973213358128,-0.019805781450752933,1.0,HOLD,closed,1.0,1.002001710910781,0.0020017109107810516,0.030432698629483168,True,False
2024-06-05 21:00:00+00:00,71138.42,0.015403785050986715,1093.6100633168758,-0.02060037926617937,1.0,HOLD,closed,1.0,1.0020033349211268,0.0020033349211268092,0.030432471680058526,True,False
2024-06-05 22:00:00+00:00,71144.86,0.015403785050986715,1093.7092636926043,-0.02051153881598226,1.0,HOLD,closed,1.0,1.0020031532169176,0.0020031532169175748,0.030432325050843062,True,False
2024-06-05 23:00:00+00:00,71108.0,0.015403785050986715,1093.1414801756248,-0.02102002623745133,1.0,HOLD,closed,1.0,1.0020041936653858,0.002004193665385845,0.030432548754956684,True,False
2024-06-06 00:00:00+00:00,71018.06,0.015403785050986715,1091.756063748139,-0.022260757617997177,1.0,HOLD,closed,1.0,1.0020067369467287,0.0020067369467287044,0.030432204523894002,True,False
2024-06-06 01:00:00+00:00,71124.0,0.015403785050986715,1093.3879407364407,-0.020799304622055065,1.0,HOLD,closed,1.0,1.002003741900119,0.0020037419001190937,0.030437871536980743,True,False
2024-06-06 02:00:00+00:00,71160.0,0.015403785050986715,1093.942476998276,-0.02030268098741372,1.0,HOLD,closed,1.0,1.0020027261725408,0.002002726172540825,0.030499062323236042,True,False
2024-06-06 03:00:00+00:00,71050.0,0.015403785050986715,1092.2480606426675,-0.02182014209326257,1.0,HOLD,closed,1.0,1.0020058330235435,0.002005833023543513,0.030558235023642216,True,False
2024-06-06 04:00:00+00:00,71054.52,0.015403785050986715,1092.3176857510982,-0.021757788236912906,1.0,HOLD,closed,1.0,1.002005705170316,0.0020057051703159523,0.03055816478632989,True,False
2024-06-06 05:00:00+00:00,70895.45,0.015403785050986715,1089.8674056630375,-0.023952174946980095,1.0,HOLD,closed,1.0,1.0020102144706362,0.002010214470636207,0.03056521857918537,True,False
2024-06-06 06:00:00+00:00,70887.99,0.015403785050986715,1089.7524934265573,-0.024055086400158444,1.0,HOLD,closed,1.0,1.0020104264437604,0.0020104264437603714,0.030570199499678097,True,False
2024-06-06 07:00:00+00:00,71021.47,0.015403785050986715,1091.808590655163,-0.02221371632371574,1.0,HOLD,closed,1.0,1.002006640402622,0.0020066404026219953,0.03056670712361556,True,False
2024-06-06 08:00:00+00:00,70904.01,0.0,1089.6209850092703,-0.02417286082299392,8.75651076269652e-27,SELL,closed,8.75651076269652e-27,8.75651076269652e-27,1.0020099712964867,0.030563106301419174,False,False
2024-06-06 09:00:00+00:00,70978.88,0.015367550932722568,1088.5917667670924,-0.02509459333977789,1.0,BUY,closed,1.0,1.0,1.0,0.030565880671899165,False,False
2024-06-06 10:00:00+00:00,70988.0,0.0,1086.4109224140088,-0.027047682657382905,8.75651076269652e-27,SELL,closed,8.75651076269652e-27,8.75651076269652e-27,1.0020021336224352,0.03054452799354543,False,False
2024-06-06 11:00:00+00:00,71170.01,0.0,1086.4109224140088,-0.027047682657382905,8.75651076269652e-27,HOLD,closed,8.75651076269652e-27,0.0,8.75651076269652e-27,0.03054797477924892,True,False
2024-06-06 12:00:00+00:00,71187.17,0.0,1086.4109224140088,-0.027047682657382905,8.75651076269652e-27,HOLD,closed,8.75651076269652e-27,0.0,8.75651076269652e-27,0.03052935689864439,True,False
2024-06-06 13:00:00+00:00,71123.09,0.0,1086.4109224140088,-0.027047682657382905,8.75651076269652e-27,HOLD,closed,8.75651076269652e-27,0.0,8.75651076269652e-27,0.03056830866675231,True,False
2024-06-06 14:00:00+00:00,71464.57,0.0,1086.4109224140088,-0.027047682657382905,8.75651076269652e-27,HOLD,closed,8.75651076269652e-27,0.0,8.75651076269652e-27,0.03068752570922953,True,False
2024-06-06 15:00:00+00:00,71300.0,0.0,1086.4109224140088,-0.027047682657382905,8.75651076269652e-27,HOLD,closed,8.75651076269652e-27,0.0,8.75651076269652e-27,0.030771995379985623,True,False
2024-06-06 16:00:00+00:00,70948.95,0.0,1086.4109224140088,-0.027047682657382905,8.75651076269652e-27,HOLD,closed,8.75651076269652e-27,0.0,8.75651076269652e-27,0.030783662472488316,True,False
2024-06-06 17:00:00+00:00,71098.31,0.015312572242633738,1086.5246431538797,-0.026945838267654777,1.0,BUY,closed,1.0,1.0,1.0,0.03078756136102251,False,False
2024-06-06 18:00:00+00:00,71075.0,0.015312572242633738,1086.1677070949038,-0.027265497945736846,1.0,HOLD,closed,1.0,1.0020009479531498,0.0020009479531497565,0.0307920409776804,True,False
2024-06-06 19:00:00+00:00,70479.49,0.015153695634170848,1077.1209511439833,-0.03536746193126356,1.0,SELL,closed,1.0,1.0020178888958375,0.0020178888958375385,0.03081034264934468,True,False
2024-06-06 20:00:00+00:00,70720.01,0.015153695634170848,1080.765718017914,-0.03210333387161117,1.0,HOLD,closed,1.0,0.9915835494402271,0.008416450559772914,0.030810769286875234,True,False
2024-06-06 21:00:00+00:00,70740.51,0.015153695634170848,1081.0763687784145,-0.031825125717516396,1.0,HOLD,closed,1.0,0.9915859679342786,0.008414032065721444,0.030810927049425646,True,False
2024-06-06 22:00:00+00:00,70901.01,0.015153695634170848,1083.5085369276987,-0.029646959437896404,1.0,HOLD,closed,1.0,0.9916048550404709,0.008395144959529088,0.030814013194289086,True,False
2024-06-06 23:00:00+00:00,70799.06,0.0,1081.360249482471,-0.03157089190675257,8.75651076269652e-27,SELL,closed,8.75651076269652e-27,8.75651076269652e-27,0.9915928677416285,0.030815130982674854,False,False
2024-06-07 00:00:00+00:00,70883.05,0.015273652637230933,1080.4798223883827,-0.032359372180442346,1.0,BUY,closed,1.0,1.0,1.0,0.03081585469630979,False,False
2024-06-07 01:00:00+00:00,70840.01,0.0,1078.3150775427896,-0.03429804333195774,8.75651076269652e-27,SELL,closed,8.75651076269652e-27,8.75651076269652e-27,1.0020033489675553,0.03081272354180417,False,False
2024-06-07 02:00:00+00:00,70824.08,0.0,1078.3150775427896,-0.03429804333195774,8.75651076269652e-27,HOLD,closed,8.75651076269652e-27,0.0,8.75651076269652e-27,0.030809305418173172,True,False
2024-06-07 03:00:00+00:00,70989.68,0.0,1078.3150775427896,-0.03429804333195774,8.75651076269652e-27,HOLD,closed,8.75651076269652e-27,0.0,8.75651076269652e-27,0.030800875610999645,True,False
2024-06-07 04:00:00+00:00,71226.52,0.0,1078.3150775427896,-0.03429804333195774,8.75651076269652e-27,HOLD,closed,8.75651076269652e-27,0.0,8.75651076269652e-27,0.030800432469712036,True,False
2024-06-07 05:00:00+00:00,71290.6,0.0,1078.3150775427896,-0.03429804333195774,8.75651076269652e-27,HOLD,closed,8.75651076269652e-27,0.0,8.75651076269652e-27,0.030798663692374967,True,False
2024-06-07 06:00:00+00:00,71265.7,0.0,1078.3150775427896,-0.03429804333195774,8.75651076269652e-27,HOLD,closed,8.75651076269652e-27,0.0,8.75651076269652e-27,0.030797963547237323,True,False
2024-06-07 07:00:00+00:00,71110.0,0.0,1078.3150775427896,-0.03429804333195774,8.75651076269652e-27,HOLD,closed,8.75651076269652e-27,0.0,8.75651076269652e-27,0.030795369989941895,True,False
2024-06-07 08:00:00+00:00,71117.2,0.015164040583636393,1076.2669376819617,-0.036132287063055706,1.0,BUY,closed,1.0,1.0,1.0,0.03079406712715549,False,False
2024-06-07 09:00:00+00:00,71302.07,0.015164040583636393,1079.0703138646588,-0.03362167961511362,1.0,HOLD,closed,1.0,1.0019990998593025,0.0019990998593024667,0.030786045298429404,True,False
2024-06-07 10:00:00+00:00,71377.38,0.0,1076.9082481748449,-0.0355579514067091,8.75651076269652e-27,SELL,closed,8.75651076269652e-27,8.75651076269652e-27,1.0019969864045761,0.030748904475568162,False,False
2024-06-07 11:00:00+00:00,71699.99,0.0,1076.9082481748449,-0.0355579514067091,8.75651076269652e-27,HOLD,closed,8.75651076269652e-27,0.0,8.75651076269652e-27,0.03074786530989948,True,False
2024-06-07 12:00:00+00:00,71234.09,0.0,1076.9082481748449,-0.0355579514067091,8.75651076269652e-27,HOLD,closed,8.75651076269652e-27,0.0,8.75651076269652e-27,0.03075683075219543,True,False
2024-06-07 13:00:00+00:00,71534.6,0.015117877524298337,1079.2969665991984,-0.03341869720877668,1.0,BUY,closed,1.0,1.0,1.0,0.030760255151256605,False,False
2024-06-07 14:00:00+00:00,71430.94,0.0,1077.13460468176,-0.03535523429166082,8.75651076269652e-27,SELL,closed,8.75651076269652e-27,8.75651076269652e-27,1.001998974933877,0.030760934000627488,False,False
2024-06-07 15:00:00+00:00,71111.54,0.015079386544200952,1074.8592837926979,-0.03739293355078838,1.0,BUY,closed,1.0,1.0,1.0,0.030770065173942457,False,False
2024-06-07 16:00:00+00:00,70873.47,0.015079386544200952,1071.26933423812,-0.04060796910152492,1.0,HOLD,closed,1.0,0.997628155405851,0.002371844594148964,0.030777771583276436,True,False
2024-06-07 17:00:00+00:00,69803.59,0.014851751540673891,1055.3474860730369,-0.05486702959971426,1.0,SELL,closed,1.0,0.9975918896736747,0.0024081103263252635,0.030831869045093108,True,False
2024-06-07 18:00:00+00:00,69154.43,0.0147136330996289,1045.7767065046028,-0.06343829114335948,1.0,SELL,closed,1.0,0.9821729004260753,0.0178270995739247,0.03085238726815348,True,False
2024-06-07 19:00:00+00:00,69255.0,0.0147136330996289,1047.2564565854327,-0.06211307778207226,1.0,HOLD,closed,1.0,0.9730115807900702,0.02698841920992978,0.030849821571341224,True,False
2024-06-07 20:00:00+00:00,69307.99,0.0147136330996289,1048.0361320033821,-0.06141482724995925,1.0,HOLD,closed,1.0,0.9730316585396676,0.026968341460332446,0.030849270463083944,True,False
2024-06-07 21:00:00+00:00,69250.01,0.0147136330996289,1047.1830355562654,-0.06217883113469071,1.0,HOLD,closed,1.0,0.9730096885539982,0.026990311446001836,0.03084914217200535,True,False
2024-06-07 22:00:00+00:00,69499.0,0.0147136330996289,1050.8465830617422,-0.05889788378630785,1.0,HOLD,closed,1.0,0.9731037843904065,0.026896215609593543,0.03085200879116784,True,False
2024-06-07 23:00:00+00:00,69355.6,0.0,1048.8019287795535,-0.060729005952863103,8.75651076269652e-27,SELL,closed,8.75651076269652e-27,8.75651076269652e-27,0.9730496723629276,0.03085369872645055,False,False
2024-06-08 00:00:00+00:00,69401.5,0.0,1048.8019287795535,-0.060729005952863103,8.75651076269652e-27,HOLD,closed,8.75651076269652e-27,0.0,8.75651076269652e-27,0.030854325283955486,True,False
2024-06-08 01:00:00+00:00,69465.25,0.0,1048.8019287795535,-0.060729005952863103,8.75651076269652e-27,HOLD,closed,8.75651076269652e-27,0.0,8.75651076269652e-27,0.030866681114945727,True,False
2024-06-08 02:00:00+00:00,69422.11,0.0,1048.8019287795535,-0.060729005952863103,8.75651076269652e-27,HOLD,closed,8.75651076269652e-27,0.0,8.75651076269652e-27,0.03087887387263033,True,False
2024-06-08 03:00:00+00:00,69432.0,0.0,1048.8019287795535,-0.060729005952863103,8.75651076269652e-27,HOLD,closed,8.75651076269652e-27,0.0,8.75651076269652e-27,0.03087906022003173,True,False
2024-06-08 04:00:00+00:00,69316.73,0.0,1048.8019287795535,-0.060729005952863103,8.75651076269652e-27,HOLD,closed,8.75651076269652e-27,0.0,8.75651076269652e-27,0.030881285849716583,True,False
2024-06-08 05:00:00+00:00,69319.99,0.0,1048.8019287795535,-0.060729005952863103,8.75651076269652e-27,HOLD,closed,8.75651076269652e-27,0.0,8.75651076269652e-27,0.030886955307425856,True,False
2024-06-08 06:00:00+00:00,69333.45,0.0,1048.8019287795535,-0.060729005952863103,8.75651076269652e-27,HOLD,closed,8.75651076269652e-27,0.0,8.75651076269652e-27,0.03089256637741472,True,False
2024-06-08 07:00:00+00:00,69582.2,0.0,1048.8019287795535,-0.060729005952863103,8.75651076269652e-27,HOLD,closed,8.75651076269652e-27,0.0,8.75651076269652e-27,0.030903532835188957,True,False
2024-06-08 08:00:00+00:00,69436.42,0.0,1048.8019287795535,-0.060729005952863103,8.75651076269652e-27,HOLD,closed,8.75651076269652e-27,0.0,8.75651076269652e-27,0.030914177013495026,True,False
2024-06-08 09:00:00+00:00,69443.24,0.0,1048.8019287795535,-0.060729005952863103,8.75651076269652e-27,HOLD,closed,8.75651076269652e-27,0.0,8.75651076269652e-27,0.030923340699632346,True,False
2024-06-08 10:00:00+00:00,69453.4,0.0,1048.8019287795535,-0.060729005952863103,8.75651076269652e-27,HOLD,closed,8.75651076269652e-27,0.0,8.75651076269652e-27,0.03093299707181507,True,False
2024-06-08 11:00:00+00:00,69365.93,0.0,1048.8019287795535,-0.060729005952863103,8.75651076269652e-27,HOLD,closed,8.75651076269652e-27,0.0,8.75651076269652e-27,0.030941178422225518,True,False
2024-06-08 12:00:00+00:00,69360.22,0.0,1048.8019287795535,-0.060729005952863103,8.75651076269652e-27,HOLD,closed,8.75651076269652e-27,0.0,8.75651076269652e-27,0.030941481008736588,True,False
2024-06-08 13:00:00+00:00,69430.0,0.0,1048.8019287795535,-0.060729005952863103,8.75651076269652e-27,HOLD,closed,8.75651076269652e-27,0.0,8.75651076269652e-27,0.030941906019647136,True,False
2024-06-08 14:00:00+00:00,69461.69,0.0,1048.8019287795535,-0.060729005952863103,8.75651076269652e-27,HOLD,closed,8.75651076269652e-27,0.0,8.75651076269652e-27,0.030941865581294525,True,False
2024-06-08 15:00:00+00:00,69430.01,0.0,1048.8019287795535,-0.060729005952863103,8.75651076269652e-27,HOLD,closed,8.75651076269652e-27,0.0,8.75651076269652e-27,0.030941610382619306,True,False
2024-06-08 16:00:00+00:00,69387.15,0.0,1048.8019287795535,-0.060729005952863103,8.75651076269652e-27,HOLD,closed,8.75651076269652e-27,0.0,8.75651076269652e-27,0.030942361685877384,True,False
2024-06-08 17:00:00+00:00,69439.99,0.0,1048.8019287795535,-0.060729005952863103,8.75651076269652e-27,HOLD,closed,8.75651076269652e-27,0.0,8.75651076269652e-27,0.030944070924906836,True,False
2024-06-08 18:00:00+00:00,69454.89,0.0,1048.8019287795535,-0.060729005952863103,8.75651076269652e-27,HOLD,closed,8.75651076269652e-27,0.0,8.75651076269652e-27,0.03094693454107128,True,False
2024-06-08 19:00:00+00:00,69460.01,0.0,1048.8019287795535,-0.060729005952863103,8.75651076269652e-27,HOLD,closed,8.75651076269652e-27,0.0,8.75651076269652e-27,0.030949087442779077,True,False
2024-06-08 20:00:00+00:00,69372.73,0.0,1048.8019287795535,-0.060729005952863103,8.75651076269652e-27,HOLD,closed,8.75651076269652e-27,0.0,8.75651076269652e-27,0.030950198663878187,True,False
2024-06-08 21:00:00+00:00,69404.91,0.015118358144417438,1047.1901581025359,-0.062172452426822206,1.0,BUY,closed,1.0,1.0,1.0,0.030952490682281064,False,False
2024-06-08 22:00:00+00:00,69338.15,0.0,1045.091955292667,-0.06405153081603843,8.75651076269652e-27,SELL,closed,8.75651076269652e-27,8.75651076269652e-27,1.0020055119967661,0.03095054145482748,False,False
2024-06-08 23:00:00+00:00,69310.46,0.015072394566233266,1042.5838942305654,-0.06629766418239524,1.0,BUY,closed,1.0,1.0,1.0,0.03095074107535975,False,False
2024-06-09 00:00:00+00:00,69268.7,0.015072394566233266,1041.9544710334794,-0.06686135398480746,1.0,HOLD,closed,1.0,1.002006523811438,0.0020065238114379547,0.03095103716496514,True,False
2024-06-09 01:00:00+00:00,69285.0,0.015072394566233266,1042.200151064909,-0.06664133138472798,1.0,HOLD,closed,1.0,1.0020060508093638,0.0020060508093637797,0.030951338446342763,True,False
2024-06-09 02:00:00+00:00,69174.93,0.00036771943442737154,1040.122705513187,-0.06850182028630301,0.024484803044697204,SELL,closed,0.024484803044697204,0.024484803044697204,0.9775244461729179,0.030952027341025923,False,False
2024-06-09 03:00:00+00:00,69259.38,0.015036573362418405,1039.3627498698634,-0.06918241046539134,1.0,BUY,closed,1.0,1.0,0.975515139168842,0.030948393977544397,False,False
2024-06-09 04:00:00+00:00,69304.44,0.0,1037.280423084926,-0.07104727083182394,8.75651076269652e-27,SELL,closed,8.75651076269652e-27,8.75651076269652e-27,1.0019816525763285,0.03094788598866166,False,False
2024-06-09 05:00:00+00:00,69293.47,0.0,1037.280423084926,-0.07104727083182394,8.75651076269652e-27,HOLD,closed,8.75651076269652e-27,0.0,8.75651076269652e-27,0.030981168423950656,True,False
2024-06-09 06:00:00+00:00,69391.01,0.0,1037.280423084926,-0.07104727083182394,8.75651076269652e-27,HOLD,closed,8.75651076269652e-27,0.0,8.75651076269652e-27,0.031021562173228656,True,False
2024-06-09 07:00:00+00:00,69295.64,0.0,1037.280423084926,-0.07104727083182394,8.75651076269652e-27,HOLD,closed,8.75651076269652e-27,0.0,8.75651076269652e-27,0.031028529727493537,True,False
2024-06-09 08:00:00+00:00,69352.15,0.0,1037.280423084926,-0.07104727083182394,8.75651076269652e-27,HOLD,closed,8.75651076269652e-27,0.0,8.75651076269652e-27,0.031015618343919832,True,False
2024-06-09 09:00:00+00:00,69369.98,0.0,1037.280423084926,-0.07104727083182394,8.75651076269652e-27,HOLD,closed,8.75651076269652e-27,0.0,8.75651076269652e-27,0.031013453044859446,True,False
2024-06-09 10:00:00+00:00,69346.49,0.0,1037.280423084926,-0.07104727083182394,8.75651076269652e-27,HOLD,closed,8.75651076269652e-27,0.0,8.75651076269652e-27,0.031013092275160165,True,False
2024-06-09 11:00:00+00:00,69367.69,0.0,1037.280423084926,-0.07104727083182394,8.75651076269652e-27,HOLD,closed,8.75651076269652e-27,0.0,8.75651076269652e-27,0.03101371825385027,True,False
2024-06-09 12:00:00+00:00,69712.95,0.0,1037.280423084926,-0.07104727083182394,8.75651076269652e-27,HOLD,closed,8.75651076269652e-27,0.0,8.75651076269652e-27,0.03101815543368483,True,False
2024-06-09 13:00:00+00:00,69467.03,0.0,1037.280423084926,-0.07104727083182394,8.75651076269652e-27,HOLD,closed,8.75651076269652e-27,0.0,8.75651076269652e-27,0.031021963361635096,True,False
2024-06-09 14:00:00+00:00,69490.12,0.0,1037.280423084926,-0.07104727083182394,5.474312166605544e-15,HOLD,closed,5.474312166605544e-15,0.0,5.474312166605544e-15,0.03102236884937437,True,False
2024-06-09 15:00:00+00:00,69508.64,0.0,1037.280423084926,-0.07104727083182394,8.75651076269652e-27,HOLD,closed,8.75651076269652e-27,0.0,8.75651076269652e-27,0.031006810358305437,True,False
2024-06-09 16:00:00+00:00,69622.88,0.0,1037.280423084926,-0.07104727083182394,8.75651076269652e-27,HOLD,closed,8.75651076269652e-27,0.0,8.75651076269652e-27,0.03100681365094493,True,False
2024-06-09 17:00:00+00:00,69660.51,0.0,1037.280423084926,-0.07104727083182394,8.75651076269652e-27,HOLD,closed,8.75651076269652e-27,0.0,8.75651076269652e-27,0.03100739066196842,True,False
2024-06-09 18:00:00+00:00,69738.1,0.0,1037.280423084926,-0.07104727083182394,8.75651076269652e-27,HOLD,closed,8.75651076269652e-27,0.0,8.75651076269652e-27,0.03101019309933825,True,False
2024-06-09 19:00:00+00:00,69710.26,0.0,1037.280423084926,-0.07104727083182394,8.75651076269652e-27,HOLD,closed,8.75651076269652e-27,0.0,8.75651076269652e-27,0.031014762540391844,True,False
2024-06-09 20:00:00+00:00,69686.85,0.0,1037.280423084926,-0.07104727083182394,8.75651076269652e-27,HOLD,closed,8.75651076269652e-27,0.0,8.75651076269652e-27,0.031016988519134703,True,False
2024-06-09 21:00:00+00:00,69749.96,0.014884878197768217,1036.1445794128242,-0.07206449342238372,1.0,BUY,closed,1.0,1.0,1.0,0.03101795545016678,False,False
2024-06-09 22:00:00+00:00,69634.35,0.0,1034.0685106536964,-0.07392374931578706,8.75651076269652e-27,SELL,closed,8.75651076269652e-27,8.75651076269652e-27,1.0020060246191764,0.03101764919546629,False,False
2024-06-09 23:00:00+00:00,69648.14,0.014849975079166326,1032.2044892547249,-0.07559310287463729,1.0,BUY,closed,1.0,1.0,1.0,0.03101793303910788,False,False
2024-06-10 00:00:00+00:00,69559.99,0.014849975079166326,1030.8954639514964,-0.07676542098738814,1.0,HOLD,closed,1.0,1.0020066574428732,0.0020066574428732054,0.031007182543350137,True,False
2024-06-10 01:00:00+00:00,69625.52,0.014849975079166326,1031.868582818434,-0.07589392914474989,1.0,HOLD,closed,1.0,1.0020047650350128,0.00200476503501279,0.0310077396208093,True,False
2024-06-10 02:00:00+00:00,69716.0,0.014849975079166326,1033.212208563597,-0.07469062406429966,1.0,HOLD,closed,1.0,1.0020021579675664,0.0020021579675664203,0.03097932058658906,True,False
2024-06-10 03:00:00+00:00,69613.2,0.0,1031.1423126816155,-0.07654435174089266,8.75651076269652e-27,SELL,closed,8.75651076269652e-27,8.75651076269652e-27,1.0020051205455929,0.030970859826985636,False,False
2024-06-10 04:00:00+00:00,69674.33,0.014812453854751908,1029.984997789237,-0.07758080321906152,1.0,BUY,closed,1.0,1.0,1.0,0.030971435247020063,False,False
2024-06-10 05:00:00+00:00,69580.48,0.014812453854751908,1028.5948489949685,-0.07882577274479974,0.9999999883364786,HOLD,closed,0.9999999883364786,1.0020054545271493,0.0020054661906706572,0.030971325759818147,True,False
2024-06-10 06:00:00+00:00,69429.87,0.014812453854751908,1026.3639453199044,-0.08082369347225232,1.0,HOLD,closed,1.0,1.0020098135811624,0.0020098135811623674,0.03097045043368149,True,False
2024-06-10 07:00:00+00:00,69303.99,0.014812453854751908,1024.4993536286684,-0.08249355776527212,1.0,HOLD,closed,1.0,1.0020134714475057,0.0020134714475057436,0.030971141162296212,True,False
2024-06-10 08:00:00+00:00,69387.5,0.014812453854751908,1025.7363416500787,-0.08138575376852845,1.0,HOLD,closed,1.0,1.0020110432991007,0.0020110432991007343,0.03097292146298386,True,False
2024-06-10 09:00:00+00:00,69449.99,0.014812453854751908,1026.6619718914621,-0.08055679110828996,1.0,HOLD,closed,1.0,1.0020092301585097,0.002009230158509734,0.03097345718227415,True,False
2024-06-10 10:00:00+00:00,69439.99,0.0,1024.605184538036,-0.08239877923682465,8.75651076269652e-27,SELL,closed,8.75651076269652e-27,8.75651076269652e-27,1.0020095200876626,0.030973393153460677,False,False
2024-06-10 11:00:00+00:00,69473.89,0.0,1024.605184538036,-0.08239877923682465,8.75651076269652e-27,HOLD,closed,8.75651076269652e-27,0.0,8.75651076269652e-27,0.030964307197007795,True,False
2024-06-10 12:00:00+00:00,69363.99,0.0,1024.605184538036,-0.08239877923682465,8.75651076269652e-27,HOLD,closed,8.75651076269652e-27,0.0,8.75651076269652e-27,0.03093276352151661,True,False
2024-06-10 13:00:00+00:00,69408.21,0.014771425877083732,1023.2085066043937,-0.0836495960355908,1.0,BUY,closed,1.0,1.0,1.0,0.03093190596162848,False,False
2024-06-10 14:00:00+00:00,69662.09,0.0,1025.6870450989638,-0.08142990206698038,8.75651076269652e-27,SELL,closed,8.75651076269652e-27,8.75651076269652e-27,1.001995915433755,0.03092688163593646,False,False
2024-06-10 15:00:00+00:00,70066.12,0.0,1025.6870450989638,-0.08142990206698038,8.75651076269652e-27,HOLD,closed,8.75651076269652e-27,0.0,8.75651076269652e-27,0.03084990729804238,True,False
2024-06-10 16:00:00+00:00,69972.17,0.0,1025.6870450989638,-0.08142990206698038,8.75651076269652e-27,HOLD,closed,8.75651076269652e-27,0.0,8.75651076269652e-27,0.030837688026255528,True,False
2024-06-10 17:00:00+00:00,70043.0,0.0,1025.6870450989638,-0.08142990206698038,8.75651076269652e-27,HOLD,closed,8.75651076269652e-27,0.0,8.75651076269652e-27,0.03083613627872156,True,False
2024-06-10 18:00:00+00:00,69860.01,0.0,1025.6870450989638,-0.08142990206698038,8.75651076269652e-27,HOLD,closed,8.75651076269652e-27,0.0,8.75651076269652e-27,0.030837486679001352,True,False
2024-06-10 19:00:00+00:00,69490.8,0.014682034043495898,1022.6394458953864,-0.08415922726638426,1.0,BUY,closed,1.0,1.0,1.0,0.030661956255873563,False,False
2024-06-10 20:00:00+00:00,69632.51,0.014682034043495898,1024.72003693969,-0.08229592136966195,1.0,HOLD,closed,1.0,0.9976840946794512,0.0023159053205488167,0.030662653326187533,True,False
2024-06-10 21:00:00+00:00,69585.48,0.014682034043495898,1024.0295408786246,-0.08291430593195703,1.0,HOLD,closed,1.0,0.9976825330804563,0.002317466919543709,0.030660397693925562,True,False
2024-06-10 22:00:00+00:00,69495.99,0.014682034043495898,1022.7156456520721,-0.08409098538081526,1.0,HOLD,closed,1.0,0.9976795558025237,0.0023204441974763457,0.03065926640832098,True,False
2024-06-10 23:00:00+00:00,69540.0,0.014682034043495898,1023.3618019703264,-0.08351230996966039,1.0,HOLD,closed,1.0,0.9976810209438612,0.002318979056138759,0.030659747009300742,True,False
2024-06-11 00:00:00+00:00,69410.85,0.014682034043495898,1021.4656172736089,-0.08521046787356058,1.0,HOLD,closed,1.0,0.9976767161366079,0.0023232838633920894,0.03065325100682456,True,False
2024-06-11 01:00:00+00:00,68724.01,0.014536749068165305,1011.4610343284919,-0.09417022882558516,1.0,SELL,closed,1.0,0.9976535513066808,0.0023464486933192363,0.030675307238639732,True,False
2024-06-11 02:00:00+00:00,68268.62,0.014440425443366673,1004.8717718428919,-0.1000713460480611,1.0,SELL,closed,1.0,0.9876225748989629,0.01237742510103712,0.030687859217450375,True,False
2024-06-11 03:00:00+00:00,68464.0,0.014440425443366673,1007.693142166017,-0.09754462366582779,1.0,HOLD,closed,1.0,0.9811015339744927,0.018898466025507266,0.030690292102772104,True,False
2024-06-11 04:00:00+00:00,68024.04,0.014347629089398694,1001.3680560292937,-0.10320915362143826,1.0,SELL,closed,1.0,0.9809816287240813,0.019018371275918655,0.030707941416308976,True,False
2024-06-11 05:00:00+00:00,67903.57,0.014347629089398694,999.639597152894,-0.1047571020399683,1.0,HOLD,closed,1.0,0.9746064871588005,0.025393512841199506,0.030722419773985515,True,False
2024-06-11 06:00:00+00:00,67692.0,0.014347629089398694,996.6040692664499,-0.10747561658224797,1.0,HOLD,closed,1.0,0.9745291417828972,0.02547085821710282,0.030742344102819147,True,False
2024-06-11 07:00:00+00:00,67570.18,0.014347629089398694,994.8562410907792,-0.10904091148010929,1.0,HOLD,closed,1.0,0.9744843929218944,0.02551560707810563,0.030747617178210646,True,False
2024-06-11 08:00:00+00:00,67516.74,0.014347629089398694,994.0895037922419,-0.10972757507674114,1.0,HOLD,closed,1.0,0.9744647128351748,0.025535287164825227,0.03074623589441436,True,False
2024-06-11 09:00:00+00:00,67084.34,0.014255739916792683,987.9129177565524,-0.11525911344100666,1.0,SELL,closed,1.0,0.9743043514044601,0.025695648595539855,0.030729281632027705,True,False
2024-06-11 10:00:00+00:00,66961.99,0.014700433439191134,986.1841205435135,-0.11680736486221305,1.0,BUY,closed,1.0,1.0,0.03201887601081321,0.030723930806903693,False,False
2024-06-11 11:00:00+00:00,66890.01,0.014700433439191134,985.1259833445604,-0.11775499620367659,1.0,HOLD,closed,1.0,0.9981587699203984,0.0018412300796015746,0.03071604381913054,True,False
2024-06-11 12:00:00+00:00,67019.99,0.014700433439191134,987.0367456829866,-0.1160437830644236,1.0,HOLD,closed,1.0,0.9981623342791802,0.001837665720819781,0.030718415666094623,True,False
2024-06-11 13:00:00+00:00,66812.0,0.0,989.3346347145689,-0.11398587255179149,8.75651076269652e-27,SELL,closed,8.75651076269652e-27,8.75651076269652e-27,0.99815662405459,0.030722078772420003,False,False
2024-06-11 14:00:00+00:00,66851.26,0.0,989.3346347145689,-0.11398587255179149,8.75651076269652e-27,HOLD,closed,8.75651076269652e-27,0.0,8.75651076269652e-27,0.030722718477542738,True,False
2024-06-11 15:00:00+00:00,66244.48,0.0,989.3346347145689,-0.11398587255179149,8.75651076269652e-27,HOLD,closed,8.75651076269652e-27,0.0,8.75651076269652e-27,0.030729482185104684,True,False
2024-06-11 16:00:00+00:00,66487.47,0.014934597338745342,990.9844285851643,-0.11250837381129027,1.0,BUY,closed,1.0,1.0,1.0,0.030723593468739513,False,False
2024-06-11 17:00:00+00:00,66770.99,0.0,993.3036148764834,-0.1104313902041352,8.75651076269652e-27,SELL,closed,8.75651076269652e-27,8.75651076269652e-27,1.001988672404707,0.0307299040246424,False,False
2024-06-11 18:00:00+00:00,67117.3,0.0,993.3036148764834,-0.1104313902041352,8.75651076269652e-27,HOLD,closed,8.75651076269652e-27,0.0,8.75651076269652e-27,0.030723927409742224,True,False
2024-06-11 19:00:00+00:00,67407.01,0.0,993.3036148764834,-0.1104313902041352,8.75651076269652e-27,HOLD,closed,8.75651076269652e-27,0.0,8.75651076269652e-27,0.03072907724315152,True,False
2024-06-11 20:00:00+00:00,67290.07,0.0,993.3036148764834,-0.1104313902041352,8.75651076269652e-27,HOLD,closed,8.75651076269652e-27,0.0,8.75651076269652e-27,0.030730502976792307,True,False
2024-06-11 21:00:00+00:00,67396.61,0.0,993.3036148764834,-0.1104313902041352,8.75651076269652e-27,HOLD,closed,8.75651076269652e-27,0.0,8.75651076269652e-27,0.030732017567957015,True,False
2024-06-11 22:00:00+00:00,67360.22,0.0,993.3036148764834,-0.1104313902041352,8.75651076269652e-27,HOLD,closed,8.75651076269652e-27,0.0,8.75651076269652e-27,0.030731364589764443,True,False
2024-06-11 23:00:00+00:00,67314.24,0.0,993.3036148764834,-0.1104313902041352,8.75651076269652e-27,HOLD,closed,8.75651076269652e-27,0.0,8.75651076269652e-27,0.0307319901449587,True,False
2024-06-12 00:00:00+00:00,67199.99,0.0,993.3036148764834,-0.1104313902041352,8.75651076269652e-27,HOLD,closed,8.75651076269652e-27,0.0,8.75651076269652e-27,0.03072659546325543,True,False
2024-06-12 01:00:00+00:00,67180.01,0.0,993.3036148764834,-0.1104313902041352,8.75651076269652e-27,HOLD,closed,8.75651076269652e-27,0.0,8.75651076269652e-27,0.030722392418679384,True,False
2024-06-12 02:00:00+00:00,67415.25,0.0,993.3036148764834,-0.1104313902041352,8.75651076269652e-27,HOLD,closed,8.75651076269652e-27,0.0,8.75651076269652e-27,0.03072626117115468,True,False
2024-06-12 03:00:00+00:00,67407.0,0.0,993.3036148764834,-0.1104313902041352,8.75651076269652e-27,HOLD,closed,8.75651076269652e-27,0.0,8.75651076269652e-27,0.030725821074850307,True,False
2024-06-12 04:00:00+00:00,67481.59,0.0,993.3036148764834,-0.1104313902041352,8.75651076269652e-27,HOLD,closed,8.75651076269652e-27,0.0,8.75651076269652e-27,0.030721414810115366,True,False
2024-06-12 05:00:00+00:00,67243.21,0.0,993.3036148764834,-0.1104313902041352,8.75651076269652e-27,HOLD,closed,8.75651076269652e-27,0.0,8.75651076269652e-27,0.030725088599140526,True,False
2024-06-12 06:00:00+00:00,67281.64,0.014771805433983346,991.8841914777511,-0.1117025770604108,1.0,BUY,closed,1.0,1.0,1.0,0.030723109793091563,False,False
2024-06-12 07:00:00+00:00,67453.63,0.014771805433983346,994.424794294342,-0.10942730041614002,1.0,HOLD,closed,1.0,1.0019982445057298,0.0019982445057298293,0.030713364092159884,True,False
2024-06-12 08:00:00+00:00,67393.46,0.0,992.4326161266314,-0.11121142677647378,8.75651076269652e-27,SELL,closed,8.75651076269652e-27,8.75651076269652e-27,1.00200003213979,0.030713844581178984,False,False
2024-06-12 09:00:00+00:00,67753.32,0.0,992.4326161266314,-0.11121142677647378,8.75651076269652e-27,HOLD,closed,8.75651076269652e-27,0.0,8.75651076269652e-27,0.03072225533043524,True,False
2024-06-12 10:00:00+00:00,67991.98,0.0,992.4326161266314,-0.11121142677647378,8.75651076269652e-27,HOLD,closed,8.75651076269652e-27,0.0,8.75651076269652e-27,0.030710027128328737,True,False
2024-06-12 11:00:00+00:00,67778.43,0.0,992.4326161266314,-0.11121142677647378,8.75651076269652e-27,HOLD,closed,8.75651076269652e-27,0.0,8.75651076269652e-27,0.030706403708127022,True,False
2024-06-12 12:00:00+00:00,69339.29,0.0,992.4326161266314,-0.11121142677647378,8.75651076269652e-27,HOLD,closed,8.75651076269652e-27,0.0,8.75651076269652e-27,0.030846183972629365,True,False
2024-06-12 13:00:00+00:00,69320.0,0.0,992.4326161266314,-0.11121142677647378,8.75651076269652e-27,HOLD,closed,8.75651076269652e-27,0.0,8.75651076269652e-27,0.03083924152330375,True,False
2024-06-12 14:00:00+00:00,69960.57,0.0,992.4326161266314,-0.11121142677647378,8.75651076269652e-27,HOLD,closed,8.75651076269652e-27,0.0,8.75651076269652e-27,0.0308575136054465,True,False
2024-06-12 15:00:00+00:00,69734.0,0.0,992.4326161266314,-0.11121142677647378,8.75651076269652e-27,HOLD,closed,8.75651076269652e-27,0.0,8.75651076269652e-27,0.030860567751411605,True,False
2024-06-12 16:00:00+00:00,69616.0,0.0,992.4326161266314,-0.11121142677647378,8.75651076269652e-27,HOLD,closed,8.75651076269652e-27,0.0,8.75651076269652e-27,0.03085989197273256,True,False
2024-06-12 17:00:00+00:00,69799.99,0.0,992.4326161266314,-0.11121142677647378,8.75651076269652e-27,HOLD,closed,8.75651076269652e-27,0.0,8.75651076269652e-27,0.03086185574959993,True,False
2024-06-12 18:00:00+00:00,68828.01,0.0,992.4326161266314,-0.11121142677647378,8.75651076269652e-27,HOLD,closed,8.75651076269652e-27,0.0,8.75651076269652e-27,0.030907432040782862,True,False
2024-06-12 19:00:00+00:00,67532.92,0.014419024468626597,976.1961236460538,-0.12575227191948118,1.0,BUY,closed,1.0,1.0,1.0,0.03100276356172693,False,False
2024-06-12 20:00:00+00:00,68103.97,0.014540949952121303,984.4832610313752,-0.11833059623780721,1.0,BUY,closed,1.0,0.9975241536097769,0.0024758463902231354,0.031015770855639307,True,False
2024-06-12 21:00:00+00:00,68536.0,0.014540949952121303,990.7653876391901,-0.11270453936115885,1.0,HOLD,closed,1.0,1.005867340898179,0.005867340898179085,0.03102627310447778,True,False
2024-06-12 22:00:00+00:00,68345.82,0.0144157813379435,988.0066415213355,-0.11517517765551841,1.0,SELL,closed,1.0,1.0058837635015623,0.005883763501562278,0.031029544951392457,True,False
2024-06-12 23:00:00+00:00,68263.99,0.0144157813379435,986.8269981344515,-0.11623162576665888,1.0,HOLD,closed,1.0,0.9972150690606507,0.002784930939349284,0.031031437481980784,True,False
2024-06-13 00:00:00+00:00,68330.02,0.0144157813379435,987.7788721761959,-0.11537916005996693,1.0,HOLD,closed,1.0,0.9972177527619769,0.0027822472380231167,0.03103164770262934,True,False
2024-06-13 01:00:00+00:00,67979.63,0.014341858549350698,982.7435285934158,-0.11988864087096271,1.0,SELL,closed,1.0,0.9972034522232023,0.00279654777679772,0.031038508600795406,True,False
2024-06-13 02:00:00+00:00,67734.81,0.014341858549350698,979.2323547833637,-0.12303312756987411,1.0,HOLD,closed,1.0,0.9920455131428517,0.00795448685714828,0.031042221496218575,True,False
2024-06-13 03:00:00+00:00,67474.94,0.014341858549350698,975.5053360021441,-0.12637091761335933,1.0,HOLD,closed,1.0,0.9920151222051321,0.007984877794867895,0.03104579928976081,True,False
2024-06-13 04:00:00+00:00,67328.01,0.014341858549350698,973.3980867254878,-0.12825809770759625,1.0,HOLD,closed,1.0,0.9919978362373592,0.008002163762640846,0.0310490525037187,True,False
2024-06-13 05:00:00+00:00,67604.04,0.014341858549350698,977.3568699408651,-0.12471274739511977,1.0,HOLD,closed,1.0,0.9920302489952417,0.007969751004758274,0.031055123173912846,True,False
2024-06-13 06:00:00+00:00,67518.57,0.014341858549350698,976.1310712906522,-0.12581053057523542,1.0,HOLD,closed,1.0,0.9920202408003266,0.00797975919967342,0.031055462130008538,True,False
2024-06-13 07:00:00+00:00,67724.81,0.014341858549350698,979.0889361978702,-0.12316156833038838,1.0,HOLD,closed,1.0,0.9920443479563081,0.007955652043691863,0.03104839415931865,True,False
2024-06-13 08:00:00+00:00,67565.56,0.0,977.1466794252697,-0.1249009868034438,8.75651076269652e-27,SELL,closed,8.75651076269652e-27,8.75651076269652e-27,0.9920257462499633,0.031035178347924353,False,False
2024-06-13 09:00:00+00:00,67419.86,0.0,977.1466794252697,-0.1249009868034438,8.75651076269652e-27,HOLD,closed,8.75651076269652e-27,0.0,8.75651076269652e-27,0.030929468979537827,True,False
2024-06-13 10:00:00+00:00,67820.4,0.014493454590758119,980.9971057948617,-0.1214526771613358,1.0,BUY,closed,1.0,1.0,1.0,0.03093493253439228,False,False
2024-06-13 11:00:00+00:00,67739.99,0.0,979.0316934953514,-0.12321283292918575,8.75651076269652e-27,SELL,closed,8.75651076269652e-27,8.75651076269652e-27,1.001995018081068,0.030929961278362533,False,False
2024-06-13 12:00:00+00:00,67749.54,0.0,979.0316934953514,-0.12321283292918575,8.75651076269652e-27,HOLD,closed,8.75651076269652e-27,0.0,8.75651076269652e-27,0.030926667373822547,True,False
2024-06-13 13:00:00+00:00,67589.99,0.0,979.0316934953514,-0.12321283292918575,8.75651076269652e-27,HOLD,closed,8.75651076269652e-27,0.0,8.75651076269652e-27,0.030926256999325386,True,False
2024-06-13 14:00:00+00:00,67365.62,0.01448486009018126,978.1546137057959,-0.12399831547187434,1.0,BUY,closed,1.0,1.0,1.0,0.03092577233084931,False,False
2024-06-13 15:00:00+00:00,66470.01,0.014292287297926587,965.3283591942019,-0.13548506858933423,1.0,SELL,closed,1.0,0.997541361587793,0.0024586384122069482,0.03097143217708137,True,False
2024-06-13 16:00:00+00:00,66976.0,0.014401084550249521,972.6006968410056,-0.12897221270766326,1.0,BUY,closed,1.0,0.9842478841531483,0.015752115846851655,0.0309656969971141,True,False
2024-06-13 17:00:00+00:00,66920.0,0.014401084550249521,971.7942361061916,-0.129694451249816,1.0,HOLD,closed,1.0,0.9916920087570765,0.008307991242923474,0.03096382153448629,True,False
2024-06-13 18:00:00+00:00,66862.99,0.014401084550249521,970.973230275982,-0.13042971587996102,1.0,HOLD,closed,1.0,0.9916849839400835,0.008315016059916469,0.030958693689251027,True,False
2024-06-13 19:00:00+00:00,66604.01,0.014401084550249521,967.2436373991583,-0.13376981119508097,1.0,HOLD,closed,1.0,0.9916529220856876,0.00834707791431244,0.030958309381045185,True,False
2024-06-13 20:00:00+00:00,66712.98,0.014401084550249521,968.812923582599,-0.13236441237475274,1.0,HOLD,closed,1.0,0.9916664427084251,0.008333557291574922,0.0309587722025296,True,False
2024-06-13 21:00:00+00:00,66969.99,0.0,971.1500960589501,-0.13027132095788582,8.75651076269652e-27,SELL,closed,8.75651076269652e-27,8.75651076269652e-27,0.9916981588041461,0.030963853897568117,False,False
2024-06-13 22:00:00+00:00,66896.0,0.0,971.1500960589501,-0.13027132095788582,8.75651076269652e-27,HOLD,closed,8.75651076269652e-27,0.0,8.75651076269652e-27,0.03096247545694189,True,False
2024-06-13 23:00:00+00:00,66773.01,0.0,971.1500960589501,-0.13027132095788582,8.75651076269652e-27,HOLD,closed,8.75651076269652e-27,0.0,8.75651076269652e-27,0.030962985411932042,True,False
2024-06-14 00:00:00+00:00,66727.73,0.0,971.1500960589501,-0.13027132095788582,8.75651076269652e-27,HOLD,closed,8.75651076269652e-27,0.0,8.75651076269652e-27,0.030963612877535268,True,False
2024-06-14 01:00:00+00:00,66806.17,0.0,971.1500960589501,-0.13027132095788582,8.75651076269652e-27,HOLD,closed,8.75651076269652e-27,0.0,8.75651076269652e-27,0.030957416154113293,True,False
2024-06-14 02:00:00+00:00,66952.0,0.0,971.1500960589501,-0.13027132095788582,8.75651076269652e-27,HOLD,closed,8.75651076269652e-27,0.0,8.75651076269652e-27,0.030950317063845684,True,False
2024-06-14 03:00:00+00:00,66744.0,0.0,971.1500960589501,-0.13027132095788582,8.75651076269652e-27,HOLD,closed,8.75651076269652e-27,0.0,8.75651076269652e-27,0.03094994285427577,True,False
2024-06-14 04:00:00+00:00,66717.39,0.0,971.1500960589501,-0.13027132095788582,8.75651076269652e-27,HOLD,closed,8.75651076269652e-27,0.0,8.75651076269652e-27,0.030951610841486482,True,False
2024-06-14 05:00:00+00:00,67052.49,0.0,971.1500960589501,-0.13027132095788582,8.75651076269652e-27,HOLD,closed,8.75651076269652e-27,0.0,8.75651076269652e-27,0.03095983209863315,True,False
2024-06-14 06:00:00+00:00,66962.41,0.0,971.1500960589501,-0.13027132095788582,8.75651076269652e-27,HOLD,closed,8.75651076269652e-27,0.0,8.75651076269652e-27,0.03096427579632338,True,False
2024-06-14 07:00:00+00:00,66904.98,0.0,971.1500960589501,-0.13027132095788582,8.75651076269652e-27,HOLD,closed,8.75651076269652e-27,0.0,8.75651076269652e-27,0.030966308111463864,True,False
2024-06-14 08:00:00+00:00,67152.04,0.0,971.1500960589501,-0.13027132095788582,8.75651076269652e-27,HOLD,closed,8.75651076269652e-27,0.0,8.75651076269652e-27,0.03097165894614104,True,False
2024-06-14 09:00:00+00:00,66920.01,0.0,971.1500960589501,-0.13027132095788582,8.75651076269652e-27,HOLD,closed,8.75651076269652e-27,0.0,8.75651076269652e-27,0.030968355831303168,True,False
2024-06-14 10:00:00+00:00,66873.14,0.014512103271636543,968.5271280114425,-0.13262036107473915,1.0,BUY,closed,1.0,1.0,1.0,0.03093377923021834,False,False
2024-06-14 11:00:00+00:00,67036.0,0.014512103271636543,970.8905691502613,-0.13050374434576975,1.0,HOLD,closed,1.0,1.0020010347498445,0.002001034749844477,0.030927321758636217,True,False
2024-06-14 12:00:00+00:00,67083.3,0.0,973.2433889241448,-0.12839663974652385,8.75651076269652e-27,SELL,closed,8.75651076269652e-27,8.75651076269652e-27,1.0019996210119144,0.03092975847979118,False,False
2024-06-14 13:00:00+00:00,67070.5,0.0,973.2433889241448,-0.12839663974652385,8.75651076269652e-27,HOLD,closed,8.75651076269652e-27,0.0,8.75651076269652e-27,0.03091425078513499,True,False
2024-06-14 14:00:00+00:00,66982.98,0.0,973.2433889241448,-0.12839663974652385,8.75651076269652e-27,HOLD,closed,8.75651076269652e-27,0.0,8.75651076269652e-27,0.03091483252249902,True,False
2024-06-14 15:00:00+00:00,66392.0,0.014529711710708375,967.0194799588403,-0.13397055890159554,1.0,BUY,closed,1.0,1.0,1.0,0.0309352929539575,False,False
2024-06-14 16:00:00+00:00,65293.4,0.01428928603765463,951.2893536164728,-0.1480579199186328,1.0,SELL,closed,1.0,0.9975155435300285,0.00248445646997153,0.03100630269012264,True,False
2024-06-14 17:00:00+00:00,65416.01,0.01428928603765463,953.0413629775497,-0.14648888049469355,1.0,HOLD,closed,1.0,0.9808053612821998,0.01919463871780025,0.03100734044526257,True,False
2024-06-14 18:00:00+00:00,65524.86,0.01428928603765463,954.5967517627483,-0.14509592770702726,1.0,HOLD,closed,1.0,0.9808366363999313,0.01916336360006865,0.031009407185476484,True,False
2024-06-14 19:00:00+00:00,65520.02,0.01428928603765463,954.527591618326,-0.14515786515757675,1.0,HOLD,closed,1.0,0.9808352479214779,0.019164752078522085,0.03100886751788859,True,False
2024-06-14 20:00:00+00:00,65766.41,0.01428928603765463,958.0483288051439,-0.1420048138268176,1.0,HOLD,closed,1.0,0.9809056765765783,0.019094323423421655,0.031014052471233372,True,False
2024-06-14 21:00:00+00:00,66196.01,0.0,960.3586951210034,-0.1399357290868271,8.75651076269652e-27,SELL,closed,8.75651076269652e-27,8.75651076269652e-27,0.9810272441653036,0.031025671692625517,False,False
2024-06-14 22:00:00+00:00,66014.01,0.0,960.3586951210034,-0.1399357290868271,8.75651076269652e-27,HOLD,closed,8.75651076269652e-27,0.0,8.75651076269652e-27,0.031026061721516895,True,False
2024-06-14 23:00:00+00:00,66043.99,0.0,960.3586951210034,-0.1399357290868271,8.75651076269652e-27,HOLD,closed,8.75651076269652e-27,0.0,8.75651076269652e-27,0.031026408418402374,True,False
2024-06-15 00:00:00+00:00,66185.62,0.0,960.3586951210034,-0.1399357290868271,8.75651076269652e-27,HOLD,closed,8.75651076269652e-27,0.0,8.75651076269652e-27,0.031027863454013788,True,False
2024-06-15 01:00:00+00:00,66076.01,0.0,960.3586951210034,-0.1399357290868271,8.75651076269652e-27,HOLD,closed,8.75651076269652e-27,0.0,8.75651076269652e-27,0.031028576983587186,True,False
2024-06-15 02:00:00+00:00,66215.35,0.0,960.3586951210034,-0.1399357290868271,8.75651076269652e-27,HOLD,closed,8.75651076269652e-27,0.0,8.75651076269652e-27,0.031029678857280724,True,False
2024-06-15 03:00:00+00:00,66267.87,0.0,960.3586951210034,-0.1399357290868271,8.75651076269652e-27,HOLD,closed,8.75651076269652e-27,0.0,8.75651076269652e-27,0.03103076806538224,True,False
2024-06-15 04:00:00+00:00,66246.85,0.0,960.3586951210034,-0.1399357290868271,8.75651076269652e-27,HOLD,closed,8.75651076269652e-27,0.0,8.75651076269652e-27,0.03103229856418424,True,False
2024-06-15 05:00:00+00:00,66231.82,0.0,960.3586951210034,-0.1399357290868271,8.75651076269652e-27,HOLD,closed,8.75651076269652e-27,0.0,8.75651076269652e-27,0.031030801909891076,True,False
2024-06-15 06:00:00+00:00,66168.57,0.0,960.3586951210034,-0.1399357290868271,8.75651076269652e-27,HOLD,closed,8.75651076269652e-27,0.0,8.75651076269652e-27,0.031026619723233784,True,False
2024-06-15 07:00:00+00:00,66076.99,0.0,960.3586951210034,-0.1399357290868271,8.75651076269652e-27,HOLD,closed,8.75651076269652e-27,0.0,8.75651076269652e-27,0.03102360082771044,True,False
2024-06-15 08:00:00+00:00,66221.31,0.014533935264318234,960.5350350887601,-0.1397778050668,1.0,BUY,closed,1.0,1.0,1.0,0.03102673413533036,False,False
2024-06-15 09:00:00+00:00,66227.0,0.0,958.6106038515597,-0.14150125960243753,8.75651076269652e-27,SELL,closed,8.75651076269652e-27,8.75651076269652e-27,1.001999960549582,0.03110509266834008,False,False
2024-06-15 10:00:00+00:00,66300.01,0.0,958.6106038515597,-0.14150125960243753,8.75651076269652e-27,HOLD,closed,8.75651076269652e-27,0.0,8.75651076269652e-27,0.031186619346928013,True,False
2024-06-15 11:00:00+00:00,66319.95,0.0,958.6106038515597,-0.14150125960243753,8.75651076269652e-27,HOLD,closed,8.75651076269652e-27,0.0,8.75651076269652e-27,0.03118645713421292,True,False
2024-06-15 12:00:00+00:00,66348.01,0.0,958.6106038515597,-0.14150125960243753,8.75651076269652e-27,HOLD,closed,8.75651076269652e-27,0.0,8.75651076269652e-27,0.03118680962626702,True,False
2024-06-15 13:00:00+00:00,66313.47,0.0,958.6106038515597,-0.14150125960243753,8.75651076269652e-27,HOLD,closed,8.75651076269652e-27,0.0,8.75651076269652e-27,0.031186355251839132,True,False
2024-06-15 14:00:00+00:00,66220.52,0.0,958.6106038515597,-0.14150125960243753,8.75651076269652e-27,HOLD,closed,8.75651076269652e-27,0.0,8.75651076269652e-27,0.03118648471524571,True,False
2024-06-15 15:00:00+00:00,66316.02,0.014476037769137686,958.0755097058853,-0.14198047154544116,1.0,BUY,closed,1.0,1.0,1.0,0.03118746684907539,False,False
2024-06-15 16:00:00+00:00,66184.0,0.0,956.1560032820528,-0.1436995155873329,8.75651076269652e-27,SELL,closed,8.75651076269652e-27,8.75651076269652e-27,1.0020056180157932,0.031188531510901507,False,False
2024-06-15 17:00:00+00:00,66250.01,0.014446935864892613,955.1968554339288,-0.14455849546525315,1.0,BUY,closed,1.0,1.0,1.0,0.031189054246625214,False,False
2024-06-15 18:00:00+00:00,66145.19,0.014446935864892613,953.682527616571,-0.1459146754600574,1.0,HOLD,closed,1.0,1.0020056885065787,0.0020056885065786734,0.031190009170490723,True,False
2024-06-15 19:00:00+00:00,66154.7,0.014446935864892613,953.819917976646,-0.1457916333712329,1.0,HOLD,closed,1.0,1.002005399602708,0.002005399602708069,0.031188587752317115,True,False
2024-06-15 20:00:00+00:00,66048.02,0.014446935864892613,952.2787188585793,-0.14717187838025536,1.0,HOLD,closed,1.0,1.0020086452072121,0.002008645207212112,0.031189242709600745,True,False
2024-06-15 21:00:00+00:00,66126.89,0.014446935864892613,953.4181486902434,-0.14615144414833184,1.0,HOLD,closed,1.0,1.0020062446757418,0.0020062446757418417,0.031190656499153285,True,False
2024-06-15 22:00:00+00:00,66200.0,0.014446935864892613,954.4743641713256,-0.14520553383140616,1.0,HOLD,closed,1.0,1.0020040245776805,0.002004024577680452,0.031190103716697615,True,False
2024-06-15 23:00:00+00:00,66228.25,0.0,952.5619238758991,-0.14691824969133158,8.75651076269652e-27,SELL,closed,8.75651076269652e-27,8.75651076269652e-27,1.0020031680383479,0.03119265028962162,False,False
2024-06-16 00:00:00+00:00,66161.96,0.0,952.5619238758991,-0.14691824969133158,8.75651076269652e-27,HOLD,closed,8.75651076269652e-27,0.0,8.75651076269652e-27,0.031193922844548,True,False
2024-06-16 01:00:00+00:00,66175.68,0.014397426011501156,950.8538564320629,-0.14844793624305108,1.0,BUY,closed,1.0,1.0,1.0,0.031193443365213624,False,False
2024-06-16 02:00:00+00:00,66142.86,0.0,948.9488138986698,-0.15015402692132096,8.75651076269652e-27,SELL,closed,8.75651076269652e-27,8.75651076269652e-27,1.0020050900230524,0.031194831183606497,False,False
2024-06-16 03:00:00+00:00,66146.0,0.014346957689744136,947.0954912436114,-0.151813799052492,1.0,BUY,closed,1.0,1.0,1.0,0.03119234186903569,False,False
2024-06-16 04:00:00+00:00,66166.02,0.014346957689744136,947.3827173365601,-0.15155656922630917,1.0,HOLD,closed,1.0,1.0020038069805002,0.002003806980500178,0.03119082309830082,True,False
2024-06-16 05:00:00+00:00,66264.0,0.0,945.4846297982273,-0.153256431249821,8.75651076269652e-27,SELL,closed,8.75651076269652e-27,8.75651076269652e-27,1.0020008381612542,0.031191580600650692,False,False
2024-06-16 06:00:00+00:00,66312.01,0.0,945.4846297982273,-0.153256431249821,8.75651076269652e-27,HOLD,closed,8.75651076269652e-27,0.0,8.75651076269652e-27,0.031190961535322637,True,False
2024-06-16 07:00:00+00:00,66266.3,0.0,945.4846297982273,-0.153256431249821,8.75651076269652e-27,HOLD,closed,8.75651076269652e-27,0.0,8.75651076269652e-27,0.03119136370512618,True,False
2024-06-16 08:00:00+00:00,66272.51,0.0,945.4846297982273,-0.153256431249821,8.75651076269652e-27,HOLD,closed,8.75651076269652e-27,0.0,8.75651076269652e-27,0.03119091858608658,True,False
2024-06-16 09:00:00+00:00,66409.97,0.0,945.4846297982273,-0.153256431249821,8.75651076269652e-27,HOLD,closed,8.75651076269652e-27,0.0,8.75651076269652e-27,0.03119112613632441,True,False
2024-06-16 10:00:00+00:00,66716.31,0.0,945.4846297982273,-0.153256431249821,8.75651076269652e-27,HOLD,closed,8.75651076269652e-27,0.0,8.75651076269652e-27,0.031196699983259968,True,False
2024-06-16 11:00:00+00:00,66492.83,0.0,945.4846297982273,-0.153256431249821,8.75651076269652e-27,HOLD,closed,8.75651076269652e-27,0.0,8.75651076269652e-27,0.03118953830015428,True,False
2024-06-16 12:00:00+00:00,66597.47,0.0,945.4846297982273,-0.153256431249821,8.75651076269652e-27,HOLD,closed,8.75651076269652e-27,0.0,8.75651076269652e-27,0.031194569513905368,True,False
2024-06-16 13:00:00+00:00,66762.49,0.0,945.4846297982273,-0.153256431249821,8.75651076269652e-27,HOLD,closed,8.75651076269652e-27,0.0,8.75651076269652e-27,0.031202764873746652,True,False
2024-06-16 14:00:00+00:00,66519.02,0.0,945.4846297982273,-0.153256431249821,8.75651076269652e-27,HOLD,closed,8.75651076269652e-27,0.0,8.75651076269652e-27,0.03121094336899019,True,False
2024-06-16 15:00:00+00:00,66712.8,0.014213750772872707,946.3476705585912,-0.1524835215796095,1.0,BUY,closed,1.0,1.0,1.0,0.031214758823191163,False,False
2024-06-16 16:00:00+00:00,66592.19,0.0,944.4516664530269,-0.154181517752274,8.75651076269652e-27,SELL,closed,8.75651076269652e-27,8.75651076269652e-27,1.0020023028000813,0.031215397337201634,False,False
2024-06-16 17:00:00+00:00,66578.02,0.014182619109733842,942.3613231815027,-0.15605355740882668,1.0,BUY,closed,1.0,1.0,1.0,0.03121523667506923,False,False
2024-06-16 18:00:00+00:00,66590.01,0.014182619109733842,942.5313727846283,-0.155901266823367,1.0,HOLD,closed,1.0,1.00200457577678,0.0020045757767799266,0.031215803795909075,True,False
2024-06-16 19:00:00+00:00,66562.52,0.014182619109733842,942.1414925853019,-0.15625043014232345,1.0,HOLD,closed,1.0,1.0020054053171512,0.00200540531715121,0.031215943789442036,True,False
2024-06-16 20:00:00+00:00,66517.55,0.014182619109733842,941.5037002039371,-0.1568216150987978,1.0,HOLD,closed,1.0,1.0020067638165735,0.002006763816573498,0.031210356072366968,True,False
2024-06-16 21:00:00+00:00,66525.0,0.014182619109733842,941.6093607163045,-0.15672698917205266,1.0,HOLD,closed,1.0,1.002006538632222,0.00200653863222211,0.031206699944845206,True,False
2024-06-16 22:00:00+00:00,66755.99,0.014182619109733842,944.885403904462,-0.15379307738428286,1.0,HOLD,closed,1.0,1.0019995816962903,0.0019995816962903312,0.031210234506106993,True,False
2024-06-16 23:00:00+00:00,66676.87,0.0,942.9923277329253,-0.15548845139977052,8.75651076269652e-27,SELL,closed,8.75651076269652e-27,8.75651076269652e-27,1.002001959186829,0.031207293068943764,False,False
2024-06-17 00:00:00+00:00,66583.96,0.0,942.9923277329253,-0.15548845139977052,8.75651076269652e-27,HOLD,closed,8.75651076269652e-27,0.0,8.75651076269652e-27,0.031207239625768823,True,False
2024-06-17 01:00:00+00:00,66472.26,0.01416245485749008,943.8052135136012,-0.1547604588071647,1.0,BUY,closed,1.0,1.0,1.0,0.031204645147530824,False,False
2024-06-17 02:00:00+00:00,66344.02,0.01416245485749008,941.9890203026767,-0.1563869790831064,1.0,HOLD,closed,1.0,0.9974576858788776,0.00254231412112238,0.031204905104178282,True,False
2024-06-17 03:00:00+00:00,66222.0,0.01416245485749008,940.2609175609658,-0.15793460855963795,1.0,HOLD,closed,1.0,0.9974530133673216,0.002546986632678383,0.031202107535687057,True,False
2024-06-17 04:00:00+00:00,66447.88,0.01416245485749008,943.4599328641757,-0.15506968030067256,1.0,HOLD,closed,1.0,0.9974616495043013,0.002538350495698727,0.031205462985056942,True,False
2024-06-17 05:00:00+00:00,66351.62,0.0,941.5782731949745,-0.15675483008868418,8.75651076269652e-27,SELL,closed,8.75651076269652e-27,8.75651076269652e-27,0.9974579763385739,0.03120609559498977,False,False
2024-06-17 06:00:00+00:00,66132.4,0.014190735255521636,940.8604421196711,-0.15739769495111125,1.0,BUY,closed,1.0,1.0,1.0,0.031209318686980903,False,False
2024-06-17 07:00:00+00:00,66172.0,0.014190735255521636,941.4223952357898,-0.15689442903645096,1.0,HOLD,closed,1.0,0.9974580359257198,0.0025419640742802008,0.03120825334529087,True,False
2024-06-17 08:00:00+00:00,66194.51,0.014190735255521636,941.7418286863916,-0.1566083554066782,1.0,HOLD,closed,1.0,0.9974588981454183,0.0025411018545816733,0.031206193358295387,True,False
2024-06-17 09:00:00+00:00,65722.08,0.014089458153203263,935.0721403359976,-0.16258149927203047,1.0,SELL,closed,1.0,0.997440678693105,0.002559321306894957,0.031215514618687212,True,False
2024-06-17 10:00:00+00:00,65890.0,0.014089458153203263,937.4380421490835,-0.16046267884768114,1.0,HOLD,closed,1.0,0.9903101388826763,0.009689861117323728,0.031197270621344614,True,False
2024-06-17 11:00:00+00:00,65817.2,0.014089458153203263,936.4123295955303,-0.16138127179010983,1.0,HOLD,closed,1.0,0.9902995249555887,0.009700475044411294,0.03115268442465083,True,False
2024-06-17 12:00:00+00:00,65625.01,0.014089458153203263,933.7044766330661,-0.16380633192205193,1.0,HOLD,closed,1.0,0.9902713924353496,0.009728607564650438,0.031152603279899244,True,False
2024-06-17 13:00:00+00:00,65200.01,0.013998109766242267,927.7433372617203,-0.16914492365165806,1.0,SELL,closed,1.0,0.9902085983634504,0.009791401636549568,0.031164864685224336,True,False
2024-06-17 14:00:00+00:00,65472.98,0.013998109766242267,931.5644012846114,-0.16572290991902208,1.0,HOLD,closed,1.0,0.9838267322142726,0.016173267785727363,0.031167609816325936,True,False
2024-06-17 15:00:00+00:00,65368.0,0.013998109766242267,930.0948797213513,-0.1670389629711968,1.0,HOLD,closed,1.0,0.9838011789440874,0.016198821055912638,0.031137074676228116,True,False
2024-06-17 16:00:00+00:00,65898.0,0.014111605638474986,937.5591890038917,-0.16035418388441022,1.0,BUY,closed,1.0,0.9839293680052866,0.01607063199471337,0.031146561201522704,True,False
2024-06-17 17:00:00+00:00,66607.28,0.0,939.9044217386034,-0.15825387397692567,8.75651076269652e-27,SELL,closed,8.75651076269652e-27,8.75651076269652e-27,0.9919450651819187,0.03117866231209493,False,False
2024-06-17 18:00:00+00:00,67101.48,0.0,939.9044217386034,-0.15825387397692567,8.75651076269652e-27,HOLD,closed,8.75651076269652e-27,0.0,8.75651076269652e-27,0.031191938306425998,True,False
2024-06-17 19:00:00+00:00,66691.99,0.0,939.9044217386034,-0.15825387397692567,8.75651076269652e-27,HOLD,closed,8.75651076269652e-27,0.0,8.75651076269652e-27,0.031201334384790197,True,False
2024-06-17 20:00:00+00:00,66397.94,0.0,939.9044217386034,-0.15825387397692567,8.75651076269652e-27,HOLD,closed,8.75651076269652e-27,0.0,8.75651076269652e-27,0.031206816472895443,True,False
2024-06-17 21:00:00+00:00,66572.0,0.014155626239889422,940.4880712462304,-0.15773117751903312,1.0,BUY,closed,1.0,1.0,1.0,0.031173725444187783,False,False
2024-06-17 22:00:00+00:00,66656.0,0.0,938.6038057303218,-0.1594186610138773,8.75651076269652e-27,SELL,closed,8.75651076269652e-27,8.75651076269652e-27,1.001996734027121,0.031174029894630056,False,False
2024-06-17 23:00:00+00:00,66504.33,0.0,938.6038057303218,-0.1594186610138773,8.75651076269652e-27,HOLD,closed,8.75651076269652e-27,0.0,8.75651076269652e-27,0.031151217230505512,True,False
2024-06-18 00:00:00+00:00,65749.99,0.014113423979014928,930.3335212846603,-0.1668252437814819,1.0,BUY,closed,1.0,1.0,1.0,0.031184952461949744,False,False
2024-06-18 01:00:00+00:00,65133.99,0.013981199938234485,921.7037176912577,-0.1745537995527695,1.0,SELL,closed,1.0,0.997421947077451,0.002578052922548979,0.03120649551336399,True,False
2024-06-18 02:00:00+00:00,65467.43,0.013981199938234485,926.3656089986627,-0.17037876977613536,1.0,HOLD,closed,1.0,0.9880690942982663,0.011930905701733718,0.031213716164257,True,False
2024-06-18 03:00:00+00:00,65500.0,0.013981199938234485,926.8209766806509,-0.1699709581163916,1.0,HOLD,closed,1.0,0.9880749562165979,0.01192504378340209,0.03120907672850426,True,False
2024-06-18 04:00:00+00:00,65574.21,0.013981199938234485,927.8585215280674,-0.1690417685778718,1.0,HOLD,closed,1.0,0.9880882909734016,0.011911709026598438,0.031196049521926505,True,False
2024-06-18 05:00:00+00:00,65596.01,0.013981199938234485,928.1633116867207,-0.1687688089775522,1.0,HOLD,closed,1.0,0.9880922025390046,0.01190779746099535,0.03119457609178722,True,False
2024-06-18 06:00:00+00:00,65500.0,0.0,926.3295483802657,-0.17041106442773565,8.75651076269652e-27,SELL,closed,8.75651076269652e-27,8.75651076269652e-27,0.9880749562165979,0.031191587466623927,False,False
2024-06-18 07:00:00+00:00,65672.51,0.01414243801228467,926.9162795246103,-0.1698856081618149,1.0,BUY,closed,1.0,1.0,1.0,0.031191551525534905,False,False
2024-06-18 08:00:00+00:00,65727.53,0.0,925.0592051057389,-0.17154874024383027,8.75651076269652e-27,SELL,closed,8.75651076269652e-27,8.75651076269652e-27,1.0019975568124568,0.031190864768227522,False,False
2024-06-18 09:00:00+00:00,65469.92,0.0,925.0592051057389,-0.17154874024383027,8.75651076269652e-27,HOLD,closed,8.75651076269652e-27,0.0,8.75651076269652e-27,0.031185300024026558,True,False
2024-06-18 10:00:00+00:00,65435.52,0.014129530097268164,922.722568330579,-0.17364135190510505,1.0,BUY,closed,1.0,1.0,1.0,0.031183532010459453,False,False
2024-06-18 11:00:00+00:00,65366.0,0.014129530097268164,921.7402833982169,-0.1745210525611964,1.0,HOLD,closed,1.0,1.0020077032252417,0.002007703225241686,0.03117485338318443,True,False
2024-06-18 12:00:00+00:00,65231.95,0.014129530097268164,919.8462198886781,-0.17621731080269593,1.0,HOLD,closed,1.0,1.0020118373047593,0.0020118373047592897,0.031150057147097565,True,False
2024-06-18 13:00:00+00:00,64844.0,0.014017129162740696,914.3936140317768,-0.18110047737859894,1.0,SELL,closed,1.0,1.002023898126412,0.002023898126412016,0.031160741707804723,True,False
2024-06-18 14:00:00+00:00,64633.99,0.014017129162740696,911.4498767363095,-0.18373678741947067,1.0,HOLD,closed,1.0,0.9940019843739573,0.005998015626042741,0.031163948147519077,True,False
2024-06-18 15:00:00+00:00,64706.0,0.014017129162740696,912.4592502073185,-0.18283282719832322,1.0,HOLD,closed,1.0,0.9940086194514692,0.005991380548530767,0.03114616184674754,True,False
2024-06-18 16:00:00+00:00,64700.99,0.014017129162740696,912.3890243902132,-0.18289571902873494,1.0,HOLD,closed,1.0,0.9940081582999392,0.00599184170006084,0.031145899276326716,True,False
2024-06-18 17:00:00+00:00,64610.0,0.014017129162740696,911.1136058076954,-0.18403794011639224,1.0,HOLD,closed,1.0,0.9939997706453162,0.006000229354683806,0.031146338718333277,True,False
2024-06-18 18:00:00+00:00,64678.01,0.014017129162740696,912.0669107620535,-0.1831841929334977,1.0,HOLD,closed,1.0,0.9940060421680561,0.005993957831943897,0.031144713834215937,True,False
2024-06-18 19:00:00+00:00,64412.19,0.0,910.2540241307263,-0.18480775195029212,8.75651076269652e-27,SELL,closed,8.75651076269652e-27,8.75651076269652e-27,0.993981454827688,0.03114918112847259,False,False
2024-06-18 20:00:00+00:00,64936.51,0.01413170652088978,919.9624636927299,-0.17611320684332332,1.0,BUY,closed,1.0,1.0,1.0,0.03117034036778102,False,False
2024-06-18 21:00:00+00:00,65220.02,0.0,922.2757007495346,-0.17404155116631673,8.75651076269652e-27,SELL,closed,8.75651076269652e-27,8.75651076269652e-27,0.9975120788449553,0.031176584555188402,False,False
2024-06-18 22:00:00+00:00,65279.99,0.0,922.2757007495346,-0.17404155116631673,8.75651076269652e-27,HOLD,closed,8.75651076269652e-27,0.0,8.75651076269652e-27,0.03117635172101685,True,False
2024-06-18 23:00:00+00:00,65175.32,0.0,922.2757007495346,-0.17404155116631673,8.75651076269652e-27,HOLD,closed,8.75651076269652e-27,0.0,8.75651076269652e-27,0.03117615802898241,True,False
2024-06-19 00:00:00+00:00,65142.54,0.0,922.2757007495346,-0.17404155116631673,8.75651076269652e-27,HOLD,closed,8.75651076269652e-27,0.0,8.75651076269652e-27,0.031176463820740075,True,False
2024-06-19 01:00:00+00:00,65035.59,0.0,922.2757007495346,-0.17404155116631673,8.75651076269652e-27,HOLD,closed,8.75651076269652e-27,0.0,8.75651076269652e-27,0.031173640476169107,True,False
2024-06-19 02:00:00+00:00,65327.94,0.0,922.2757007495346,-0.17404155116631673,8.75651076269652e-27,HOLD,closed,8.75651076269652e-27,0.0,8.75651076269652e-27,0.031179569291572895,True,False
2024-06-19 03:00:00+00:00,65404.0,0.0,922.2757007495346,-0.17404155116631673,8.75651076269652e-27,HOLD,closed,8.75651076269652e-27,0.0,8.75651076269652e-27,0.031159981445710416,True,False
2024-06-19 04:00:00+00:00,65425.56,0.0,922.2757007495346,-0.17404155116631673,8.75651076269652e-27,HOLD,closed,8.75651076269652e-27,0.0,8.75651076269652e-27,0.031159887567816735,True,False
2024-06-19 05:00:00+00:00,65413.09,0.0,922.2757007495346,-0.17404155116631673,8.75651076269652e-27,HOLD,closed,8.75651076269652e-27,0.0,8.75651076269652e-27,0.031160706268745342,True,False
2024-06-19 06:00:00+00:00,65599.99,0.0,922.2757007495346,-0.17404155116631673,8.75651076269652e-27,HOLD,closed,8.75651076269652e-27,0.0,8.75651076269652e-27,0.03116367974473594,True,False
2024-06-19 07:00:00+00:00,65326.89,0.0,922.2757007495346,-0.17404155116631673,8.75651076269652e-27,HOLD,closed,8.75651076269652e-27,0.0,8.75651076269652e-27,0.03116598998079756,True,False
2024-06-19 08:00:00+00:00,65183.89,0.014117857145036824,918.411834638445,-0.17750189697942112,1.0,BUY,closed,1.0,1.0,1.0,0.031166364908383676,False,False
2024-06-19 09:00:00+00:00,65306.65,0.014117857145036824,920.1449427815697,-0.17594978483725698,1.0,HOLD,closed,1.0,1.0020051325107238,0.0020051325107237616,0.031167529976943692,True,False
2024-06-19 10:00:00+00:00,65520.0,0.014117857145036824,923.1569876034633,-0.17325230092123609,1.0,HOLD,closed,1.0,1.0019985902334325,0.001998590233432518,0.031167303063042384,True,False
2024-06-19 11:00:00+00:00,65210.0,0.0,921.307446104178,-0.17490868677913274,8.75651076269652e-27,SELL,closed,8.75651076269652e-27,8.75651076269652e-27,1.0020081103549352,0.03117005877590867,False,False
2024-06-19 12:00:00+00:00,65192.21,0.0141283153826741,919.2130278275889,-0.17678437587029555,1.0,BUY,closed,1.0,1.0,1.0,0.031168525733276414,False,False
2024-06-19 13:00:00+00:00,65090.22,0.0141283153826741,917.77208094171,-0.17807483842259422,1.0,HOLD,closed,1.0,1.0020082061594642,0.0020082061594641765,0.03116956514439259,True,False
2024-06-19 14:00:00+00:00,64952.02,0.0141283153826741,915.8195477558244,-0.1798234600985201,1.0,HOLD,closed,1.0,1.0020124876679557,0.002012487667955698,0.031167993078278944,True,False
2024-06-19 15:00:00+00:00,64922.0,0.0141283153826741,915.3954157280366,-0.1802032981789201,1.0,HOLD,closed,1.0,1.0020134201179776,0.00201342011797756,0.031168159334756446,True,False
2024-06-19 16:00:00+00:00,64922.26,0.0141283153826741,915.3990890900361,-0.18020000844204787,1.0,HOLD,closed,1.0,1.0020134120384188,0.0020134120384187604,0.03116628369976049,True,False
2024-06-19 17:00:00+00:00,65083.99,0.0141283153826741,917.6840615368759,-0.17815366557918627,1.0,HOLD,closed,1.0,1.0020083987759847,0.0020083987759846877,0.031165264735896314,True,False
2024-06-19 18:00:00+00:00,64973.0,0.0,915.8454670262788,-0.1798002476899073,8.75651076269652e-27,SELL,closed,8.75651076269652e-27,8.75651076269652e-27,1.0020118365215562,0.031166310027812838,False,False
2024-06-19 19:00:00+00:00,64882.01,0.014095785434353945,912.7307426528208,-0.18258968788653726,1.0,BUY,closed,1.0,1.0,1.0,0.03116720393267422,False,False
2024-06-19 20:00:00+00:00,64874.76,0.014095785434353945,912.6285482084218,-0.18268120972182653,1.0,HOLD,closed,1.0,1.0020075515502807,0.0020075515502806507,0.03118034184064175,True,False
2024-06-19 21:00:00+00:00,65004.38,0.014095785434353945,914.4556439164227,-0.18104492554386903,1.0,HOLD,closed,1.0,1.0020035404330159,0.0020035404330158713,0.031194065972726726,True,False
2024-06-19 22:00:00+00:00,64836.01,0.0,912.6235264747727,-0.1826857070140482,8.75651076269652e-27,SELL,closed,8.75651076269652e-27,8.75651076269652e-27,1.0020087537971307,0.031198740157331567,False,False
2024-06-19 23:00:00+00:00,64974.37,0.014075874293849554,912.7453610773568,-0.1825765961274848,1.0,BUY,closed,1.0,1.0,1.0,0.031201958844646216,False,False
2024-06-20 00:00:00+00:00,65098.01,0.0,910.9166762340051,-0.18421430348049536,8.75651076269652e-27,SELL,closed,8.75651076269652e-27,8.75651076269652e-27,1.0019964263633323,0.03120644653534574,False,False
2024-06-20 01:00:00+00:00,65158.56,0.0,910.9166762340051,-0.18421430348049536,8.75651076269652e-27,HOLD,closed,8.75651076269652e-27,0.0,8.75651076269652e-27,0.031209817308759852,True,False
2024-06-20 02:00:00+00:00,65197.45,0.0,910.9166762340051,-0.18421430348049536,8.75651076269652e-27,HOLD,closed,8.75651076269652e-27,0.0,8.75651076269652e-27,0.031205600677068374,True,False
2024-06-20 03:00:00+00:00,65189.99,0.0,910.9166762340051,-0.18421430348049536,8.75651076269652e-27,HOLD,closed,8.75651076269652e-27,0.0,8.75651076269652e-27,0.03120193093322285,True,False
2024-06-20 04:00:00+00:00,65306.01,0.0,910.9166762340051,-0.18421430348049536,8.75651076269652e-27,HOLD,closed,8.75651076269652e-27,0.0,8.75651076269652e-27,0.031202338267150215,True,False
2024-06-20 05:00:00+00:00,65513.93,0.0,910.9166762340051,-0.18421430348049536,8.75651076269652e-27,HOLD,closed,8.75651076269652e-27,0.0,8.75651076269652e-27,0.031205249900570775,True,False
2024-06-20 06:00:00+00:00,65465.24,0.0,910.9166762340051,-0.18421430348049536,8.75651076269652e-27,HOLD,closed,8.75651076269652e-27,0.0,8.75651076269652e-27,0.031203177700185963,True,False
2024-06-20 07:00:00+00:00,65858.84,0.0,910.9166762340051,-0.18421430348049536,8.75651076269652e-27,HOLD,closed,8.75651076269652e-27,0.0,8.75651076269652e-27,0.031213014411808543,True,False
2024-06-20 08:00:00+00:00,65690.63,0.0,910.9166762340051,-0.18421430348049536,8.75651076269652e-27,HOLD,closed,8.75651076269652e-27,0.0,8.75651076269652e-27,0.031208702208426226,True,False
2024-06-20 09:00:00+00:00,65719.99,0.0,910.9166762340051,-0.18421430348049536,8.75651076269652e-27,HOLD,closed,8.75651076269652e-27,0.0,8.75651076269652e-27,0.03119363509404574,True,False
2024-06-20 10:00:00+00:00,66209.49,0.0,910.9166762340051,-0.18421430348049536,8.75651076269652e-27,HOLD,closed,8.75651076269652e-27,0.0,8.75651076269652e-27,0.03120567877087807,True,False
2024-06-20 11:00:00+00:00,66169.85,0.0,910.9166762340051,-0.18421430348049536,8.75651076269652e-27,HOLD,closed,8.75651076269652e-27,0.0,8.75651076269652e-27,0.031204321492624254,True,False
2024-06-20 12:00:00+00:00,65979.99,0.0,910.9166762340051,-0.18421430348049536,8.75651076269652e-27,HOLD,closed,8.75651076269652e-27,0.0,8.75651076269652e-27,0.031205856212404764,True,False
2024-06-20 13:00:00+00:00,65142.65,0.013805953535822073,901.6789359149362,-0.1924873065081861,1.0,BUY,closed,1.0,1.0,1.0,0.031228961251138443,False,False
2024-06-20 14:00:00+00:00,64952.02,0.013805953535822073,899.0471069924024,-0.19484428212045152,1.0,HOLD,closed,1.0,0.9974166683852795,0.0025833316147204632,0.031231507358497806,True,False
2024-06-20 15:00:00+00:00,64831.23,0.013805953535822073,897.3794858648106,-0.19633774634017304,1.0,HOLD,closed,1.0,0.9974118677201783,0.0025881322798216866,0.031201731889485718,True,False
2024-06-20 16:00:00+00:00,64888.0,0.013805953535822073,898.1632498470392,-0.1956358342302832,1.0,HOLD,closed,1.0,0.9974141262014317,0.002585873798568339,0.03120056755424455,True,False
2024-06-20 17:00:00+00:00,64970.02,0.013805953535822073,899.2956141560472,-0.1946217276378371,1.0,HOLD,closed,1.0,0.9974173822511121,0.0025826177488879054,0.03120116119459654,True,False
2024-06-20 18:00:00+00:00,65116.01,0.013805953535822073,901.3111453127419,-0.19281668714245537,1.0,HOLD,closed,1.0,0.9974231575558621,0.0025768424441379167,0.031202680847418618,True,False
2024-06-20 19:00:00+00:00,65050.0,0.0,899.51361759005,-0.19442649124806452,8.75651076269652e-27,SELL,closed,8.75651076269652e-27,8.75651076269652e-27,0.997420549429621,0.03120374528951969,False,False
2024-06-20 20:00:00+00:00,65099.99,0.013828036216301494,898.4055424088762,-0.19541884533165324,1.0,BUY,closed,1.0,1.0,1.0,0.031203853438719092,False,False
2024-06-20 21:00:00+00:00,65050.46,0.0,896.6057204764547,-0.19703070405271841,8.75651076269652e-27,SELL,closed,8.75651076269652e-27,8.75651076269652e-27,1.0020044955103626,0.03120506567115286,False,False
2024-06-20 22:00:00+00:00,64989.95,0.0,896.6057204764547,-0.19703070405271841,8.75651076269652e-27,HOLD,closed,8.75651076269652e-27,0.0,8.75651076269652e-27,0.03120623658684804,True,False
2024-06-20 23:00:00+00:00,64869.99,0.013796067245419558,893.1570845058812,-0.20011918400999368,1.0,BUY,closed,1.0,1.0,1.0,0.031209006517341736,False,False
2024-06-21 00:00:00+00:00,64832.0,0.013796067245419558,892.6329719112277,-0.20058856125298336,1.0,HOLD,closed,1.0,1.0020094034169191,0.002009403416919131,0.031209875207399818,True,False
2024-06-21 01:00:00+00:00,64967.98,0.013796067245419558,894.5089611352599,-0.1989084897209555,1.0,HOLD,closed,1.0,1.0020051892398447,0.002005189239844718,0.031210913917218724,True,False
2024-06-21 02:00:00+00:00,64786.0,0.0,892.7169417296325,-0.20051336076694426,8.75651076269652e-27,SELL,closed,8.75651076269652e-27,8.75651076269652e-27,1.002010833022445,0.03121233482046007,False,False
2024-06-21 03:00:00+00:00,64506.14,0.01377947306099516,891.1329233879841,-0.201931953202296,1.0,BUY,closed,1.0,1.0,1.0,0.03121859441865185,False,False
2024-06-21 04:00:00+00:00,64670.0,0.01377947306099516,893.3908278437588,-0.19990985150278176,1.0,HOLD,closed,1.0,0.9974565387080523,0.002543461291947713,0.03122183629785716,True,False
2024-06-21 05:00:00+00:00,64661.47,0.01377947306099516,893.2732889385485,-0.20001511531028118,1.0,HOLD,closed,1.0,0.997456204033704,0.0025437959662959475,0.031222209502114046,True,False
2024-06-21 06:00:00+00:00,64627.64,0.0,891.4917324711419,-0.20161061610807182,8.75651076269652e-27,SELL,closed,8.75651076269652e-27,8.75651076269652e-27,0.9974548758466812,0.03121798627443767,False,False
2024-06-21 07:00:00+00:00,64201.63,0.0,891.4917324711419,-0.20161061610807182,8.75651076269652e-27,HOLD,closed,8.75651076269652e-27,0.0,8.75651076269652e-27,0.031237350543431935,True,False
2024-06-21 08:00:00+00:00,63639.64,0.01388581150464781,885.9730615003422,-0.20655294833146307,1.0,BUY,closed,1.0,1.0,1.0,0.03126153208606586,False,False
2024-06-21 09:00:00+00:00,64100.0,0.013986259467337095,892.3989877681208,-0.20079810941709003,1.0,BUY,closed,1.0,0.9974393719272613,0.002560628072738713,0.031269131466690775,True,False
2024-06-21 10:00:00+00:00,63896.02,0.0,890.6063975640243,-0.20240349165058782,8.75651076269652e-27,SELL,closed,8.75651076269652e-27,8.75651076269652e-27,1.0046318501363105,0.03125980722353022,False,False
2024-06-21 11:00:00+00:00,63770.0,0.013938370458191674,887.0682260205562,-0.20557215659250858,1.0,BUY,closed,1.0,1.0,1.0,0.03125631269901985,False,False
2024-06-21 12:00:00+00:00,63827.39,0.013938370458191674,887.8681491011517,-0.2048557729489863,1.0,HOLD,closed,1.0,1.0020066696841536,0.002006669684153639,0.03125664539529574,True,False
2024-06-21 13:00:00+00:00,63615.21,0.0,886.0892943116564,-0.20644885421680878,8.75651076269652e-27,SELL,closed,8.75651076269652e-27,8.75651076269652e-27,1.002013376137204,0.031258703582764585,False,False
2024-06-21 14:00:00+00:00,64222.84,0.013928890501369978,892.7802844137335,-0.20045663323410073,1.0,BUY,closed,1.0,1.0,1.0,0.031285573794421956,False,False
2024-06-21 15:00:00+00:00,63732.02,0.0,890.9914868676957,-0.202058618893272,8.75651076269652e-27,SELL,closed,8.75651076269652e-27,8.75651076269652e-27,1.0020008287439814,0.03129857127836627,False,False
2024-06-21 16:00:00+00:00,63657.29,0.013980280036121494,888.1643120711177,-0.20459053956261794,1.0,BUY,closed,1.0,1.0,1.0,0.03129916298151156,False,False
2024-06-21 17:00:00+00:00,63671.04,0.013980280036121494,888.3565409216144,-0.20441838600479537,1.0,HOLD,closed,1.0,1.0020064336641565,0.0020064336641565372,0.03129806824828857,True,False
2024-06-21 18:00:00+00:00,64172.01,0.0,890.6518870381534,-0.20236275283955832,8.75651076269652e-27,SELL,closed,8.75651076269652e-27,8.75651076269652e-27,1.001990738907362,0.031316393780980806,False,False
2024-06-21 19:00:00+00:00,64232.01,0.0,890.6518870381534,-0.20236275283955832,8.75651076269652e-27,HOLD,closed,8.75651076269652e-27,0.0,8.75651076269652e-27,0.03131676160181865,True,False
2024-06-21 20:00:00+00:00,64200.52,0.0,890.6518870381534,-0.20236275283955832,8.75651076269652e-27,HOLD,closed,8.75651076269652e-27,0.0,8.75651076269652e-27,0.03131599182405273,True,False
2024-06-21 21:00:00+00:00,64084.43,0.0,890.6518870381534,-0.20236275283955832,8.75651076269652e-27,HOLD,closed,8.75651076269652e-27,0.0,8.75651076269652e-27,0.03131641128176235,True,False
2024-06-21 22:00:00+00:00,64155.02,0.0,890.6518870381534,-0.20236275283955832,8.75651076269652e-27,HOLD,closed,8.75651076269652e-27,0.0,8.75651076269652e-27,0.03131495635416645,True,False
2024-06-21 23:00:00+00:00,64143.56,0.0,890.6518870381534,-0.20236275283955832,8.75651076269652e-27,HOLD,closed,8.75651076269652e-27,0.0,8.75651076269652e-27,0.03131503008294184,True,False
2024-06-22 00:00:00+00:00,64056.47,0.0,890.6518870381534,-0.20236275283955832,8.75651076269652e-27,HOLD,closed,8.75651076269652e-27,0.0,8.75651076269652e-27,0.03131554512237811,True,False
2024-06-22 01:00:00+00:00,64144.33,0.0,890.6518870381534,-0.20236275283955832,8.75651076269652e-27,HOLD,closed,8.75651076269652e-27,0.0,8.75651076269652e-27,0.03131616406064738,True,False
2024-06-22 02:00:00+00:00,64303.4,0.0,890.6518870381534,-0.20236275283955832,8.75651076269652e-27,HOLD,closed,8.75651076269652e-27,0.0,8.75651076269652e-27,0.03131821008945876,True,False
2024-06-22 03:00:00+00:00,64327.45,0.0,890.6518870381534,-0.20236275283955832,8.75651076269652e-27,HOLD,closed,8.75651076269652e-27,0.0,8.75651076269652e-27,0.03131819296707733,True,False
2024-06-22 04:00:00+00:00,64364.11,0.0,890.6518870381534,-0.20236275283955832,8.75651076269652e-27,HOLD,closed,8.75651076269652e-27,0.0,8.75651076269652e-27,0.031317999183640616,True,False
2024-06-22 05:00:00+00:00,64424.21,0.0,890.6518870381534,-0.20236275283955832,8.75651076269652e-27,HOLD,closed,8.75651076269652e-27,0.0,8.75651076269652e-27,0.03131837888310768,True,False
2024-06-22 06:00:00+00:00,64430.0,0.0,890.6518870381534,-0.20236275283955832,8.75651076269652e-27,HOLD,closed,8.75651076269652e-27,0.0,8.75651076269652e-27,0.031318096813515744,True,False
2024-06-22 07:00:00+00:00,64520.0,0.0,890.6518870381534,-0.20236275283955832,8.75651076269652e-27,HOLD,closed,8.75651076269652e-27,0.0,8.75651076269652e-27,0.031318678853624604,True,False
2024-06-22 08:00:00+00:00,64289.15,0.0,890.6518870381534,-0.20236275283955832,8.75651076269652e-27,HOLD,closed,8.75651076269652e-27,0.0,8.75651076269652e-27,0.03132236274768457,True,False
2024-06-22 09:00:00+00:00,64325.99,0.013853842343532772,889.380374951646,-0.20350147540352856,1.0,BUY,closed,1.0,1.0,1.0,0.03132249287793043,False,False
2024-06-22 10:00:00+00:00,64311.71,0.013853842343532772,889.1825420829804,-0.20367864772759453,1.0,HOLD,closed,1.0,1.002003805760565,0.002003805760564914,0.031322462665036716,True,False
2024-06-22 11:00:00+00:00,64265.26,0.013853842343532772,888.5390311061233,-0.20425495406182884,1.0,HOLD,closed,1.0,1.0020052569866307,0.002005256986630677,0.0313226365838809,True,False
2024-06-22 12:00:00+00:00,64297.84,0.013853842343532772,888.9903892896755,-0.20385073317120775,1.0,HOLD,closed,1.0,1.0020042388775916,0.002004238877591602,0.03132328024835146,True,False
2024-06-22 13:00:00+00:00,64284.0,0.013853842343532772,888.7986521116411,-0.20402244640405592,1.0,HOLD,closed,1.0,1.0020046712444788,0.002004671244478784,0.031323219617409664,True,False
2024-06-22 14:00:00+00:00,64287.96,0.013853842343532772,888.8535133273215,-0.20397331458309645,1.0,HOLD,closed,1.0,1.0020045475135153,0.002004547513515309,0.03132405388734957,True,False
2024-06-22 15:00:00+00:00,64307.08,0.013853842343532772,889.1183987929298,-0.20373609225563552,1.0,HOLD,closed,1.0,1.0020039503202707,0.0020039503202706754,0.03132481245700969,True,False
2024-06-22 16:00:00+00:00,64321.28,0.013853842343532772,889.3151233542079,-0.2035599124936092,1.0,HOLD,closed,1.0,1.0020035070283067,0.0020035070283066503,0.031324918311592675,True,False
2024-06-22 17:00:00+00:00,64256.37,0.0,887.5335134191516,-0.2051554611751909,8.75651076269652e-27,SELL,closed,8.75651076269652e-27,8.75651076269652e-27,1.002005534974428,0.03132523400325518,False,False
2024-06-22 18:00:00+00:00,64260.81,0.013812379617699468,885.8191914672631,-0.20669074904955714,1.0,BUY,closed,1.0,1.0,1.0,0.031325271280063155,False,False
2024-06-22 19:00:00+00:00,64295.01,0.013812379617699468,886.2915748501885,-0.20626769871233286,1.0,HOLD,closed,1.0,1.0020033032514104,0.0020033032514104043,0.031325424690123976,True,False
2024-06-22 20:00:00+00:00,64283.99,0.0,884.515884712444,-0.20785794582671394,8.75651076269652e-27,SELL,closed,8.75651076269652e-27,8.75651076269652e-27,1.0020036473594092,0.03132464166250032,False,False
2024-06-22 21:00:00+00:00,64330.0,0.013759502904493248,883.3793478186834,-0.20887578924278766,1.0,BUY,closed,1.0,1.0,1.0,0.03132453846840899,False,False
2024-06-22 22:00:00+00:00,64315.79,0.0,881.6094927494024,-0.2104608106702152,8.75651076269652e-27,SELL,closed,8.75651076269652e-27,8.75651076269652e-27,1.0020035172482935,0.03132553762660836,False,False
2024-06-22 23:00:00+00:00,64262.01,0.0,881.6094927494024,-0.2104608106702152,8.75651076269652e-27,HOLD,closed,8.75651076269652e-27,0.0,8.75651076269652e-27,0.0313263947970738,True,False
2024-06-23 00:00:00+00:00,64476.43,0.01371898408950175,882.7874575276282,-0.20940586586334953,1.0,BUY,closed,1.0,1.0,1.0,0.03133038237511937,False,False
2024-06-23 01:00:00+00:00,64476.19,0.0,881.0189344840811,-0.21098969437426843,8.75651076269652e-27,SELL,closed,8.75651076269652e-27,8.75651076269652e-27,1.0019978380449337,0.03132990721490361,False,False
2024-06-23 02:00:00+00:00,64507.17,0.0,881.0189344840811,-0.21098969437426843,8.75651076269652e-27,HOLD,closed,8.75651076269652e-27,0.0,8.75651076269652e-27,0.03132950651370106,True,False
2024-06-23 03:00:00+00:00,64416.14,0.0,881.0189344840811,-0.21098969437426843,8.75651076269652e-27,HOLD,closed,8.75651076269652e-27,0.0,8.75651076269652e-27,0.03132973579841855,True,False
2024-06-23 04:00:00+00:00,64378.02,0.013676990494681629,878.7350892279886,-0.21303502776380182,1.0,BUY,closed,1.0,1.0,1.0,0.031330345994520975,False,False
2024-06-23 05:00:00+00:00,64380.0,0.013676990494681629,878.7621696691681,-0.21301077545055952,1.0,HOLD,closed,1.0,1.002005637519761,0.0020056375197610166,0.03132732823625836,True,False
2024-06-23 06:00:00+00:00,64386.5,0.013676990494681629,878.8510701073835,-0.21293115927072373,1.0,HOLD,closed,1.0,1.0020054346389085,0.0020054346389084543,0.031327355910583665,True,False
2024-06-23 07:00:00+00:00,64415.27,0.013676990494681629,879.2445571239155,-0.21257876581012752,1.0,HOLD,closed,1.0,1.00200453714971,0.0020045371497099396,0.03129479630563997,True,False
2024-06-23 08:00:00+00:00,64395.43,0.013676990494681629,878.973205632501,-0.2128217788882724,0.9999999999999969,HOLD,closed,0.9999999999999969,1.0020051559787502,0.0020051559787532813,0.03129151594317725,True,False
2024-06-23 09:00:00+00:00,64418.81,0.013676990494681629,879.2929736702666,-0.21253540561372466,1.0,HOLD,closed,1.0,1.0020044267737958,0.0020044267737957533,0.03129163338390725,True,False
2024-06-23 10:00:00+00:00,64305.6,2.9676630458608244e-09,877.5313033401775,-0.2141130970697765,2.1780062392114284e-07,SELL,closed,2.1780062392114284e-07,2.1780062392114284e-07,1.0020077448519173,0.03129385733929499,False,False
2024-06-23 11:00:00+00:00,64341.45,0.013646265697646367,876.2650209746636,-0.21524713607520113,1.0,BUY,closed,1.0,1.0,0.9999997824080545,0.031293665613783384,False,False
2024-06-23 12:00:00+00:00,64375.99,0.013646265697646367,876.7363629918602,-0.21482501834936546,1.0,HOLD,closed,1.0,1.0020023135474554,0.002002313547455392,0.03129402346203605,True,False
2024-06-23 13:00:00+00:00,64297.79,0.0,874.9799546994143,-0.2163979973051899,8.75651076269652e-27,SELL,closed,8.75651076269652e-27,8.75651076269652e-27,1.0020047536752665,0.03129137823139966,False,False
2024-06-23 14:00:00+00:00,64192.01,0.013608243062466288,871.7900773488906,-0.21925474192750516,1.0,BUY,closed,1.0,1.0,1.0,0.03129068663759496,False,False
2024-06-23 15:00:00+00:00,64094.0,0.013608243062466288,870.4563334463381,-0.22044919716903252,1.0,HOLD,closed,1.0,1.0020108962760323,0.002010896276032348,0.03129271417999835,True,False
2024-06-23 16:00:00+00:00,63927.49,0.013608243062466288,868.1904248940069,-0.22247846706258112,1.0,HOLD,closed,1.0,1.0020161445567541,0.0020161445567541403,0.031295204111597585,True,False
2024-06-23 17:00:00+00:00,64120.39,0.013608243062466288,870.8154549807566,-0.22012758025418808,1.0,HOLD,closed,1.0,1.0020100669887797,0.002010066988779702,0.031298769295197176,True,False
2024-06-23 18:00:00+00:00,64111.98,0.0,869.0707595589226,-0.22169006956528461,8.75651076269652e-27,SELL,closed,8.75651076269652e-27,8.75651076269652e-27,1.00201033119287,0.03129897163468573,False,False
2024-06-23 19:00:00+00:00,64149.78,0.0,869.0707595589226,-0.22169006956528461,8.75651076269652e-27,HOLD,closed,8.75651076269652e-27,0.0,8.75651076269652e-27,0.031297884611011045,True,False
2024-06-23 20:00:00+00:00,63740.01,0.0,869.0707595589226,-0.22169006956528461,8.75651076269652e-27,HOLD,closed,8.75651076269652e-27,0.0,8.75651076269652e-27,0.031310356657357596,True,False
2024-06-23 21:00:00+00:00,63844.67,0.013634616988807389,868.7590461723037,-0.22196922937084304,1.0,BUY,closed,1.0,1.0,1.0,0.031283463733928374,False,False
2024-06-23 22:00:00+00:00,63657.99,0.013634616988807389,866.2137358728331,-0.22424872187513709,1.0,HOLD,closed,1.0,1.0020070982281826,0.002007098228182569,0.03128622993529115,True,False
2024-06-23 23:00:00+00:00,63210.01,0.013511352856737366,860.1452316798487,-0.22968346585234972,1.0,SELL,closed,1.0,1.0020213516247898,0.00202135162478978,0.031301703506091766,True,False
2024-06-24 00:00:00+00:00,63080.0,0.013511352856737366,858.3886206949443,-0.23125662633258004,1.0,HOLD,closed,1.0,0.9929024193179322,0.007097580682067783,0.03130263552458698,True,False
2024-06-24 01:00:00+00:00,63315.99,0.013511352856737366,861.5771648556057,-0.22840107566932688,1.0,HOLD,closed,1.0,0.9929286862042446,0.0070713137957554295,0.031305912925172485,True,False
2024-06-24 02:00:00+00:00,62880.94,0.01341851510658415,855.7276865694228,-0.23363966756523769,1.0,SELL,closed,1.0,0.9928801107278441,0.007119889272155899,0.03131371755115675,True,False
2024-06-24 03:00:00+00:00,62862.0,0.01341851510658415,855.4735398933041,-0.2338672726015762,1.0,HOLD,closed,1.0,0.9860207911694117,0.013979208830588341,0.03131335736080823,True,False
2024-06-24 04:00:00+00:00,62840.97,0.01341851510658415,855.1913485206126,-0.23411999350517704,1.0,HOLD,closed,1.0,0.9860161783863942,0.013983821613605785,0.03131159139684739,True,False
2024-06-24 05:00:00+00:00,62314.01,0.01330599476100995,848.1654821585197,-0.2404121181674996,1.0,SELL,closed,1.0,0.9858995912829593,0.014100408717040658,0.031333844156890334,True,False
2024-06-24 06:00:00+00:00,62405.0,0.01330599476100995,849.376194621824,-0.23932784565835544,1.0,HOLD,closed,1.0,0.977612285720505,0.02238771427949504,0.031337061380830616,True,False
2024-06-24 07:00:00+00:00,62456.0,0.01330599476100995,850.0548003546355,-0.2387201096657589,1.0,HOLD,closed,1.0,0.977630158016795,0.02236984198320502,0.03133804828370801,True,False
2024-06-24 08:00:00+00:00,62730.92,0.0,852.1977840565809,-0.2368009270472684,8.75651076269652e-27,SELL,closed,8.75651076269652e-27,8.75651076269652e-27,0.9777260108079571,0.031316494442614556,False,False
2024-06-24 09:00:00+00:00,61402.28,0.0,852.1977840565809,-0.2368009270472684,8.75651076269652e-27,HOLD,closed,8.75651076269652e-27,0.0,8.75651076269652e-27,0.031454022322534136,True,False
2024-06-24 10:00:00+00:00,61167.15,0.013878927363227895,851.1654608204873,-0.23772544028998518,1.0,BUY,closed,1.0,1.0,1.0,0.03139436897942091,False,False
2024-06-24 11:00:00+00:00,61291.95,0.013878927363227895,852.8975509554181,-0.23617423984100352,1.0,HOLD,closed,1.0,0.9973841770886516,0.002615822911348431,0.03135269650795383,True,False
2024-06-24 12:00:00+00:00,61215.21,0.013878927363227895,851.832482069564,-0.23712807896323793,1.0,HOLD,closed,1.0,0.997380906455455,0.002619093544545037,0.03133619343304614,True,False
2024-06-24 13:00:00+00:00,61569.2,0.013878927363227895,856.745483566873,-0.2327281635230534,1.0,HOLD,closed,1.0,0.9973959256306392,0.0026040743693608315,0.031344342463709596,True,False
2024-06-24 14:00:00+00:00,61303.41,0.0,855.0367434031118,-0.2342584525396381,8.75651076269652e-27,SELL,closed,8.75651076269652e-27,8.75651076269652e-27,0.9973846648091519,0.031350324231593674,False,False
2024-06-24 15:00:00+00:00,60843.99,0.0,855.0367434031118,-0.2342584525396381,8.75651076269652e-27,HOLD,closed,8.75651076269652e-27,0.0,8.75651076269652e-27,0.03136717756853091,True,False
2024-06-24 16:00:00+00:00,60168.01,0.014052936755185054,847.7812116526699,-0.240756257637602,1.0,BUY,closed,1.0,1.0,1.0,0.03141000798449739,False,False
2024-06-24 17:00:00+00:00,60244.89,0.014052936755185054,848.8616014304085,-0.2397886976506788,1.0,HOLD,closed,1.0,0.9973564919964023,0.0026435080035976943,0.03141643024823318,True,False
2024-06-24 18:00:00+00:00,60412.01,0.014052936755185054,851.2101282209351,-0.2376854376999166,1.0,HOLD,closed,1.0,0.9973637855531419,0.0026362144468581317,0.03143142841308494,True,False
2024-06-24 19:00:00+00:00,59306.72,0.0,849.5126203924457,-0.23920566742272364,8.75651076269652e-27,SELL,closed,8.75651076269652e-27,8.75651076269652e-27,0.9973147867661339,0.03154335024426519,False,False
2024-06-24 20:00:00+00:00,59514.0,0.014324053334806673,854.7589244742746,-0.23450725763266234,1.0,BUY,closed,1.0,1.0,1.0,0.03154657469639205,False,False
2024-06-24 21:00:00+00:00,60119.24,0.014469724774137896,863.4992373817481,-0.22667973351432028,1.0,BUY,closed,1.0,0.9973625904958544,0.0026374095041455936,0.031575182939995616,True,False
2024-06-24 22:00:00+00:00,60048.98,0.0,861.7598546233156,-0.2282374649864987,8.75651076269652e-27,SELL,closed,8.75651076269652e-27,8.75651076269652e-27,1.0074315923467043,0.03157612242199098,False,False
2024-06-24 23:00:00+00:00,60293.3,0.0,861.7598546233156,-0.2282374649864987,8.75651076269652e-27,HOLD,closed,8.75651076269652e-27,0.0,8.75651076269652e-27,0.03158236525603644,True,False
2024-06-25 00:00:00+00:00,60409.11,0.0,861.7598546233156,-0.2282374649864987,8.75651076269652e-27,HOLD,closed,8.75651076269652e-27,0.0,8.75651076269652e-27,0.03158469784327045,True,False
2024-06-25 01:00:00+00:00,60492.0,0.0,861.7598546233156,-0.2282374649864987,8.75651076269652e-27,HOLD,closed,8.75651076269652e-27,0.0,8.75651076269652e-27,0.0315877656430876,True,False
2024-06-25 02:00:00+00:00,60676.01,0.0,861.7598546233156,-0.2282374649864987,8.75651076269652e-27,HOLD,closed,8.75651076269652e-27,0.0,8.75651076269652e-27,0.03159442460271314,True,False
2024-06-25 03:00:00+00:00,61302.59,0.0,861.7598546233156,-0.2282374649864987,8.75651076269652e-27,HOLD,closed,8.75651076269652e-27,0.0,8.75651076269652e-27,0.03162467879285502,True,False
2024-06-25 04:00:00+00:00,61371.27,0.0,861.7598546233156,-0.2282374649864987,8.75651076269652e-27,HOLD,closed,8.75651076269652e-27,0.0,8.75651076269652e-27,0.03162311386895769,True,False
2024-06-25 05:00:00+00:00,61024.01,0.0,861.7598546233156,-0.2282374649864987,8.75651076269652e-27,HOLD,closed,8.75651076269652e-27,0.0,8.75651076269652e-27,0.031631660152004304,True,False
2024-06-25 06:00:00+00:00,61139.67,0.0,861.7598546233156,-0.2282374649864987,8.75651076269652e-27,HOLD,closed,8.75651076269652e-27,0.0,8.75651076269652e-27,0.0316308660194663,True,False
2024-06-25 07:00:00+00:00,60685.16,0.0,861.7598546233156,-0.2282374649864987,8.75651076269652e-27,HOLD,closed,8.75651076269652e-27,0.0,8.75651076269652e-27,0.031646849915371394,True,False
2024-06-25 08:00:00+00:00,60860.12,0.014200503955552158,862.5204242062052,-0.22755632498421624,1.0,BUY,closed,1.0,1.0,1.0,0.03164925845379635,False,False
2024-06-25 09:00:00+00:00,61468.01,0.0,864.869892277483,-0.22545222205473456,8.75651076269652e-27,SELL,closed,8.75651076269652e-27,8.75651076269652e-27,1.0019789302765252,0.03165747941714231,False,False
2024-06-25 10:00:00+00:00,61317.17,0.0,864.869892277483,-0.22545222205473456,8.75651076269652e-27,HOLD,closed,8.75651076269652e-27,0.0,8.75651076269652e-27,0.031658318634628924,True,False
2024-06-25 11:00:00+00:00,61187.64,0.0,864.869892277483,-0.22545222205473456,8.75651076269652e-27,HOLD,closed,8.75651076269652e-27,0.0,8.75651076269652e-27,0.031622191546867184,True,False
2024-06-25 12:00:00+00:00,61048.51,0.0,864.869892277483,-0.22545222205473456,8.75651076269652e-27,HOLD,closed,8.75651076269652e-27,0.0,8.75651076269652e-27,0.03161630810120358,True,False
2024-06-25 13:00:00+00:00,61200.0,0.014166928763330719,865.285868096339,-0.22507968839498904,1.0,BUY,closed,1.0,1.0,1.0,0.03161484075590584,False,False
2024-06-25 14:00:00+00:00,61763.44,0.0,867.6362511328194,-0.22297476605408958,8.75651076269652e-27,SELL,closed,8.75651076269652e-27,8.75651076269652e-27,1.001981261257905,0.03163841932283959,False,False
2024-06-25 15:00:00+00:00,61810.0,0.0,867.6362511328194,-0.22297476605408958,8.75651076269652e-27,HOLD,closed,8.75651076269652e-27,0.0,8.75651076269652e-27,0.03163430840243747,True,False
2024-06-25 16:00:00+00:00,61390.01,0.0,867.6362511328194,-0.22297476605408958,8.75651076269652e-27,HOLD,closed,8.75651076269652e-27,0.0,8.75651076269652e-27,0.03164783976841254,True,False
2024-06-25 17:00:00+00:00,61381.44,0.014133783987150773,865.8163074598649,-0.2246046451150434,1.0,BUY,closed,1.0,1.0,1.0,0.031645078354493233,False,False
2024-06-25 18:00:00+00:00,62159.09,0.01428456948187388,876.9500610495803,-0.21463363770675523,1.0,BUY,closed,1.0,1.0019795752546643,0.001979575254664301,0.0316908559772541,True,False
2024-06-25 19:00:00+00:00,61975.46,0.0,879.3770539368088,-0.2124601062141262,8.75651076269652e-27,SELL,closed,8.75651076269652e-27,8.75651076269652e-27,1.0125419656108439,0.031693351188147645,False,False
2024-06-25 20:00:00+00:00,61924.01,0.0,879.3770539368088,-0.2124601062141262,8.75651076269652e-27,HOLD,closed,8.75651076269652e-27,0.0,8.75651076269652e-27,0.03169026998977162,True,False
2024-06-25 21:00:00+00:00,61916.53,0.0,879.3770539368088,-0.2124601062141262,8.75651076269652e-27,HOLD,closed,8.75651076269652e-27,0.0,8.75651076269652e-27,0.03168773119311827,True,False
2024-06-25 22:00:00+00:00,61909.99,0.014202621722128304,877.5249749943456,-0.21411876451900316,1.0,BUY,closed,1.0,1.0,1.0,0.03168646977226611,False,False
2024-06-25 23:00:00+00:00,61806.01,0.014202621722128304,876.0481863876788,-0.21544132568571983,1.0,HOLD,closed,1.0,1.0020081016361146,0.0020081016361146453,0.0316865953852874,True,False
2024-06-26 00:00:00+00:00,61767.72,0.014202621722128304,875.5043680019385,-0.21592835075855682,1.0,HOLD,closed,1.0,1.0020093489658026,0.0020093489658026265,0.03168391121277245,True,False
2024-06-26 01:00:00+00:00,62090.01,0.014202621722128304,880.0817309567633,-0.21182902167199055,1.0,HOLD,closed,1.0,1.0019988982097014,0.0019988982097014496,0.03169011382447218,True,False
2024-06-26 02:00:00+00:00,62028.01,0.0,882.4907632614925,-0.20967157506032413,8.75651076269652e-27,SELL,closed,8.75651076269652e-27,8.75651076269652e-27,1.002000900203058,0.03168959125666315,False,False
2024-06-26 03:00:00+00:00,61936.07,0.014227294463605917,879.417283036604,-0.2124240784137214,1.0,BUY,closed,1.0,1.0,1.0,0.03168985300419069,False,False
2024-06-26 04:00:00+00:00,61712.96,0.014227294463605917,876.2430313688288,-0.21526682921111587,1.0,HOLD,closed,1.0,1.0020147638368624,0.0020147638368623877,0.031689369660056116,True,False
2024-06-26 05:00:00+00:00,61562.01,0.014227294463605917,874.0954212695476,-0.21719015507220088,1.0,HOLD,closed,1.0,1.0020197140139924,0.0020197140139923686,0.03169103788846872,True,False
2024-06-26 06:00:00+00:00,61577.21,0.014227294463605917,874.3116761453944,-0.21699648463107146,1.0,HOLD,closed,1.0,1.002019214451862,0.002019214451862039,0.03169054862350951,True,False
2024-06-26 07:00:00+00:00,61720.02,0.014227294463605917,876.3434760677419,-0.21517687438780178,1.0,HOLD,closed,1.0,1.0020145329087475,0.002014532908747535,0.03169041030012279,True,False
2024-06-26 08:00:00+00:00,61472.48,0.014141629435574081,872.8322852663966,-0.21832137630353188,1.0,SELL,closed,1.0,1.0020226615238932,0.0020226615238931878,0.03169501495377819,True,False
2024-06-26 09:00:00+00:00,61376.73,0.014141629435574081,871.4782242479405,-0.2195340268564211,1.0,HOLD,closed,1.0,0.995970923285332,0.004029076714668012,0.03169319637218174,True,False
2024-06-26 10:00:00+00:00,61264.3,0.014141629435574081,869.8882808504989,-0.2209579255682889,1.0,HOLD,closed,1.0,0.9959635591167815,0.004036440883218528,0.031693081308733745,True,False
2024-06-26 11:00:00+00:00,61445.26,0.014141629435574081,872.4473501131603,-0.21866611100901126,1.0,HOLD,closed,1.0,0.9959753988361565,0.004024601163843511,0.031666676280779044,True,False
2024-06-26 12:00:00+00:00,61431.47,0.014141629435574081,872.2523370432438,-0.2188407580181427,1.0,HOLD,closed,1.0,0.995974499039395,0.004025500960605055,0.03166262996857769,True,False
2024-06-26 13:00:00+00:00,61760.0,0.014141629435574081,876.8982865617129,-0.21468000516027633,1.0,HOLD,closed,1.0,0.9959958267971704,0.004004173202829642,0.031665206065543655,True,False
2024-06-26 14:00:00+00:00,61728.13,0.0,875.1519491873478,-0.216243964947679,8.75651076269652e-27,SELL,closed,8.75651076269652e-27,8.75651076269652e-27,0.9959937677399358,0.03164911689838906,False,False
2024-06-26 15:00:00+00:00,61467.86,0.0,875.1519491873478,-0.216243964947679,8.75651076269652e-27,HOLD,closed,8.75651076269652e-27,0.0,8.75651076269652e-27,0.03165238713843163,True,False
2024-06-26 16:00:00+00:00,61274.01,0.014237555879819251,874.7769908796602,-0.21657976473286608,1.0,BUY,closed,1.0,1.0,1.0,0.03165488581362691,False,False
2024-06-26 17:00:00+00:00,61242.0,0.014237555879819251,874.3212467159472,-0.21698791355671504,1.0,HOLD,closed,1.0,0.9972723417931174,0.0027276582068825883,0.03165477470726932,True,False
2024-06-26 18:00:00+00:00,60910.02,0.014237555879819251,869.5946629149647,-0.22122087970921056,1.0,HOLD,closed,1.0,0.997257515914297,0.0027424840857029897,0.031663358112186846,True,False
2024-06-26 19:00:00+00:00,61000.01,0.014237555879819251,870.8759005685897,-0.22007344726128272,1.0,HOLD,closed,1.0,0.9972615506727198,0.002738449327280179,0.03166391294659099,True,False
2024-06-26 20:00:00+00:00,60993.36,0.014237555879819251,870.7812208219889,-0.22015823919126074,1.0,HOLD,closed,1.0,0.9972612529220539,0.00273874707794608,0.0316634513287998,True,False
2024-06-26 21:00:00+00:00,61054.35,0.014237555879819251,871.6495693550991,-0.21938057606203398,1.0,HOLD,closed,1.0,0.9972639812971845,0.002736018702815479,0.03166309620297969,True,False
2024-06-26 22:00:00+00:00,60924.61,0.0,869.9114745477971,-0.22093715408940512,8.75651076269652e-27,SELL,closed,8.75651076269652e-27,8.75651076269652e-27,0.997258170873507,0.03166433567284099,False,False
2024-06-26 23:00:00+00:00,60864.99,0.014278490655053796,867.3199330301101,-0.22325804968526355,1.0,BUY,closed,1.0,1.0,1.0,0.031663919176765004,False,False
2024-06-27 00:00:00+00:00,60982.0,0.014278490655053796,868.9906592216579,-0.22176180467688356,1.0,HOLD,closed,1.0,1.0020026198053629,0.0020026198053628708,0.03166498880344065,True,False
2024-06-27 01:00:00+00:00,61064.01,0.0,867.2496327528636,-0.2233210081996209,8.75651076269652e-27,SELL,closed,8.75651076269652e-27,8.75651076269652e-27,1.0019999248741325,0.031664054976771994,False,False
2024-06-27 02:00:00+00:00,61029.49,0.0,867.2496327528636,-0.2233210081996209,8.75651076269652e-27,HOLD,closed,8.75651076269652e-27,0.0,8.75651076269652e-27,0.03166414459006425,True,False
2024-06-27 03:00:00+00:00,61037.31,0.0,867.2496327528636,-0.2233210081996209,8.75651076269652e-27,HOLD,closed,8.75651076269652e-27,0.0,8.75651076269652e-27,0.03166312187774806,True,False
2024-06-27 04:00:00+00:00,61114.02,0.0,867.2496327528636,-0.2233210081996209,8.75651076269652e-27,HOLD,closed,8.75651076269652e-27,0.0,8.75651076269652e-27,0.03166278437044384,True,False
2024-06-27 05:00:00+00:00,60805.5,0.0,867.2496327528636,-0.2233210081996209,8.75651076269652e-27,HOLD,closed,8.75651076269652e-27,0.0,8.75651076269652e-27,0.03166989396003847,True,False
2024-06-27 06:00:00+00:00,60742.01,0.014262684013006448,864.6091620545559,-0.22568572308953133,1.0,BUY,closed,1.0,1.0,1.0,0.03167020564206785,False,False
2024-06-27 07:00:00+00:00,60794.01,0.014262684013006448,865.3508216232322,-0.2250215182466534,1.0,HOLD,closed,1.0,1.002004889632008,0.0020048896320079557,0.03166851639844648,True,False
2024-06-27 08:00:00+00:00,60866.0,0.014262684013006448,866.3775922453285,-0.22410197773436896,1.0,HOLD,closed,1.0,1.0020025135758943,0.0020025135758943158,0.03166890577400433,True,False
2024-06-27 09:00:00+00:00,61282.78,0.0,868.7464830126082,-0.22198048050527722,8.75651076269652e-27,SELL,closed,8.75651076269652e-27,8.75651076269652e-27,1.0019888675315711,0.03168215989705353,False,False
2024-06-27 10:00:00+00:00,61110.01,0.0,868.7464830126082,-0.22198048050527722,8.75651076269652e-27,HOLD,closed,8.75651076269652e-27,0.0,8.75651076269652e-27,0.031677827171704614,True,False
2024-06-27 11:00:00+00:00,61196.02,0.0,868.7464830126082,-0.22198048050527722,8.75651076269652e-27,HOLD,closed,8.75651076269652e-27,0.0,8.75651076269652e-27,0.0316768609207472,True,False
2024-06-27 12:00:00+00:00,61341.88,0.0,868.7464830126082,-0.22198048050527722,8.75651076269652e-27,HOLD,closed,8.75651076269652e-27,0.0,8.75651076269652e-27,0.03167144466324784,True,False
2024-06-27 13:00:00+00:00,61990.0,0.0,868.7464830126082,-0.22198048050527722,8.75651076269652e-27,HOLD,closed,8.75651076269652e-27,0.0,8.75651076269652e-27,0.03170209288304171,True,False
2024-06-27 14:00:00+00:00,61729.99,0.0,868.7464830126082,-0.22198048050527722,8.75651076269652e-27,HOLD,closed,8.75651076269652e-27,0.0,8.75651076269652e-27,0.031707150089501424,True,False
2024-06-27 15:00:00+00:00,61576.0,0.0,868.7464830126082,-0.22198048050527722,8.75651076269652e-27,HOLD,closed,8.75651076269652e-27,0.0,8.75651076269652e-27,0.031688533068485764,True,False
2024-06-27 16:00:00+00:00,61714.57,0.014108524149223856,868.9635738646997,-0.22178606139252846,1.0,BUY,closed,1.0,1.0,1.0,0.031686639308334874,False,False
2024-06-27 17:00:00+00:00,61842.11,0.0,871.3416956314351,-0.21965629719729482,8.75651076269652e-27,SELL,closed,8.75651076269652e-27,8.75651076269652e-27,1.0019958672900593,0.03168784672249489,False,False
2024-06-27 18:00:00+00:00,61882.39,0.0,871.3416956314351,-0.21965629719729482,8.75651076269652e-27,HOLD,closed,8.75651076269652e-27,0.0,8.75651076269652e-27,0.0316864849618069,True,False
2024-06-27 19:00:00+00:00,61450.0,0.0,871.3416956314351,-0.21965629719729482,8.75651076269652e-27,HOLD,closed,8.75651076269652e-27,0.0,8.75651076269652e-27,0.03170007872490771,True,False
2024-06-27 20:00:00+00:00,61493.11,0.01417968585242368,870.2098628264225,-0.22066992779301312,1.0,BUY,closed,1.0,1.0,1.0,0.031699815289065486,False,False
2024-06-27 21:00:00+00:00,61536.04,0.01417968585242368,870.818596740067,-0.22012476660243022,1.0,HOLD,closed,1.0,1.0020017016961236,0.00200170169612357,0.031699849342656655,True,False
2024-06-27 22:00:00+00:00,61640.01,0.01417968585242368,872.2928586781435,-0.21880446823334324,1.0,HOLD,closed,1.0,1.0019983186205974,0.0019983186205974057,0.031700656240531255,True,False
2024-06-27 23:00:00+00:00,61706.47,0.01417968585242368,873.2352405998956,-0.21796050334337952,1.0,HOLD,closed,1.0,1.0019961620661497,0.0019961620661497204,0.03169941869134443,True,False
2024-06-28 00:00:00+00:00,61560.0,0.0,871.4855798564159,-0.2195274394260446,8.75651076269652e-27,SELL,closed,8.75651076269652e-27,8.75651076269652e-27,1.0020009210473524,0.03169784838708525,False,False
2024-06-28 01:00:00+00:00,62091.99,0.014156688132282283,877.2735310402875,-0.21434394909026927,1.0,BUY,closed,1.0,1.0,1.0,0.03171892404857776,False,False
2024-06-28 02:00:00+00:00,61730.67,0.0,875.515936672871,-0.21591799025411032,8.75651076269652e-27,SELL,closed,8.75651076269652e-27,8.75651076269652e-27,1.0019989566454581,0.031728661877720665,False,False
2024-06-28 03:00:00+00:00,61828.17,0.014182835479881735,875.1472935008455,-0.2162481344206452,1.0,BUY,closed,1.0,1.0,1.0,0.031728004524812364,False,False
2024-06-28 04:00:00+00:00,61750.44,0.014182835479881735,874.0448616989944,-0.21723543448749275,1.0,HOLD,closed,1.0,1.00200386697304,0.0020038669730400027,0.03172845526702131,True,False
2024-06-28 05:00:00+00:00,61604.01,0.014182835479881735,871.9680690996754,-0.21909533862731637,1.0,HOLD,closed,1.0,1.0020086396433328,0.0020086396433327547,0.03172813894119525,True,False
2024-06-28 06:00:00+00:00,61620.96,0.014182835479881735,872.2084681610593,-0.2188800454826739,1.0,HOLD,closed,1.0,1.0020080860198555,0.0020080860198554706,0.0317278411454725,True,False
2024-06-28 07:00:00+00:00,61350.01,0.014092049667642072,868.3790414829571,-0.22230954852216317,1.0,SELL,closed,1.0,1.0020169725436474,0.0020169725436474106,0.031727578199955864,True,False
2024-06-28 08:00:00+00:00,61480.21,0.014092049667642072,870.213826349684,-0.22066637819767806,1.0,HOLD,closed,1.0,0.9955968828159258,0.004403117184074157,0.03171667007460538,True,False
2024-06-28 09:00:00+00:00,61547.55,0.014092049667642072,871.1627849743031,-0.21981652343845506,1.0,HOLD,closed,1.0,0.9956016791365436,0.004398320863456373,0.0317119201754448,True,False
2024-06-28 10:00:00+00:00,61548.14,0.014092049667642072,871.171099283607,-0.2198090774285362,1.0,HOLD,closed,1.0,0.9956017211133724,0.004398278886627582,0.03171131538206656,True,False
2024-06-28 11:00:00+00:00,61690.0,0.014092049667642072,873.1701974494587,-0.21801875375548352,1.0,HOLD,closed,1.0,0.9956117908469488,0.004388209153051159,0.03170706146529892,True,False
2024-06-28 12:00:00+00:00,61395.09,0.0,871.4319550307372,-0.2195754639785733,8.75651076269652e-27,SELL,closed,8.75651076269652e-27,8.75651076269652e-27,0.9955908051182165,0.031710433413328715,False,False
2024-06-28 13:00:00+00:00,61297.99,0.014193837895355105,868.3104337450594,-0.2223709912563975,1.0,BUY,closed,1.0,1.0,1.0,0.031644165407271746,False,False
2024-06-28 14:00:00+00:00,60928.02,0.014079729849851765,863.0873704021423,-0.2270485874387212,1.0,SELL,closed,1.0,1.002019907496687,0.0020199074966869013,0.03162938175463248,True,False
2024-06-28 15:00:00+00:00,61062.01,0.014079729849851765,864.973913404724,-0.225359064305016,1.0,HOLD,closed,1.0,0.9939451254718632,0.0060548745281368,0.03163017498789347,True,False
2024-06-28 16:00:00+00:00,60940.01,0.014079729849851765,863.256186363042,-0.22689740166087857,1.0,HOLD,closed,1.0,0.9939330773430745,0.006066922656925544,0.03163117296604029,True,False
2024-06-28 17:00:00+00:00,60826.63,0.014079729849851765,861.6598265926658,-0.2283270466560236,1.0,HOLD,closed,1.0,0.9939218374187324,0.006078162581267588,0.03163198162690212,True,False
2024-06-28 18:00:00+00:00,60828.02,0.014079729849851765,861.6793974171571,-0.2283095196976248,1.0,HOLD,closed,1.0,0.9939219754685146,0.006078024531485426,0.031628216812658705,True,False
2024-06-28 19:00:00+00:00,60123.73,0.013916709371198144,851.8581707063506,-0.2371050731022186,1.0,SELL,closed,1.0,0.9938512152072327,0.006148784792767259,0.0316664793237314,True,False
2024-06-28 20:00:00+00:00,60229.92,0.013916709371198144,853.3359860744781,-0.23578159240319424,1.0,HOLD,closed,1.0,0.9822652574942002,0.01773474250579976,0.03166725583703195,True,False
2024-06-28 21:00:00+00:00,60366.01,0.013916709371198144,855.2299110528045,-0.23408545822549173,1.0,HOLD,closed,1.0,0.9823045314617987,0.017695468538201253,0.03166848899009023,True,False
2024-06-28 22:00:00+00:00,60367.99,0.013916709371198144,855.2574661373594,-0.23406078083794052,1.0,HOLD,closed,1.0,0.98230510158267,0.017694898417329963,0.03166837736205866,True,False
2024-06-28 23:00:00+00:00,60427.84,0.0,853.5776386549387,-0.23556517664990956,8.75651076269652e-27,SELL,closed,8.75651076269652e-27,8.75651076269652e-27,0.9823223174603714,0.03166865629449683,False,False
2024-06-29 00:00:00+00:00,60770.71,0.0,853.5776386549387,-0.23556517664990956,8.75651076269652e-27,HOLD,closed,8.75651076269652e-27,0.0,8.75651076269652e-27,0.03167713377487327,True,False
2024-06-29 01:00:00+00:00,60901.03,0.0,853.5776386549387,-0.23556517664990956,8.75651076269652e-27,HOLD,closed,8.75651076269652e-27,0.0,8.75651076269652e-27,0.031678461725469925,True,False
2024-06-29 02:00:00+00:00,60766.05,0.0,853.5776386549387,-0.23556517664990956,8.75651076269652e-27,HOLD,closed,8.75651076269652e-27,0.0,8.75651076269652e-27,0.03167987584444526,True,False
2024-06-29 03:00:00+00:00,60762.0,0.0,853.5776386549387,-0.23556517664990956,8.75651076269652e-27,HOLD,closed,8.75651076269652e-27,0.0,8.75651076269652e-27,0.031676163882157965,True,False
2024-06-29 04:00:00+00:00,60773.55,0.0,853.5776386549387,-0.23556517664990956,8.75651076269652e-27,HOLD,closed,8.75651076269652e-27,0.0,8.75651076269652e-27,0.03167490027852618,True,False
2024-06-29 05:00:00+00:00,60762.02,0.0,853.5776386549387,-0.23556517664990956,8.75651076269652e-27,HOLD,closed,8.75651076269652e-27,0.0,8.75651076269652e-27,0.031674907913257166,True,False
2024-06-29 06:00:00+00:00,60847.75,0.0,853.5776386549387,-0.23556517664990956,8.75651076269652e-27,HOLD,closed,8.75651076269652e-27,0.0,8.75651076269652e-27,0.03167547755127015,True,False
2024-06-29 07:00:00+00:00,61052.3,0.0,853.5776386549387,-0.23556517664990956,8.75651076269652e-27,HOLD,closed,8.75651076269652e-27,0.0,8.75651076269652e-27,0.03167827918224303,True,False
2024-06-29 08:00:00+00:00,60982.03,0.0,853.5776386549387,-0.23556517664990956,8.75651076269652e-27,HOLD,closed,8.75651076269652e-27,0.0,8.75651076269652e-27,0.03167866116340587,True,False
2024-06-29 09:00:00+00:00,60970.0,0.0,853.5776386549387,-0.23556517664990956,8.75651076269652e-27,HOLD,closed,8.75651076269652e-27,0.0,8.75651076269652e-27,0.03167837972585419,True,False
2024-06-29 10:00:00+00:00,60994.36,0.0,853.5776386549387,-0.23556517664990956,8.75651076269652e-27,HOLD,closed,8.75651076269652e-27,0.0,8.75651076269652e-27,0.031678365637618555,True,False
2024-06-29 11:00:00+00:00,61102.33,0.0,853.5776386549387,-0.23556517664990956,8.75651076269652e-27,HOLD,closed,8.75651076269652e-27,0.0,8.75651076269652e-27,0.03167921084326383,True,False
2024-06-29 12:00:00+00:00,61045.43,0.0,853.5776386549387,-0.23556517664990956,8.75651076269652e-27,HOLD,closed,8.75651076269652e-27,0.0,8.75651076269652e-27,0.031679351708193526,True,False
2024-06-29 13:00:00+00:00,61102.98,0.0,853.5776386549387,-0.23556517664990956,8.75651076269652e-27,HOLD,closed,8.75651076269652e-27,0.0,8.75651076269652e-27,0.03167944098294345,True,False
2024-06-29 14:00:00+00:00,61018.01,0.0,853.5776386549387,-0.23556517664990956,8.75651076269652e-27,HOLD,closed,8.75651076269652e-27,0.0,8.75651076269652e-27,0.03167998810804468,True,False
2024-06-29 15:00:00+00:00,61106.0,0.013988945864588811,853.1009439354347,-0.23599208807213262,1.0,BUY,closed,1.0,1.0,1.0,0.031680587432370705,False,False
2024-06-29 16:00:00+00:00,61009.91,0.0,851.3917542876945,-0.2375227796311347,8.75651076269652e-27,SELL,closed,8.75651076269652e-27,8.75651076269652e-27,1.002004776685237,0.031680846637369864,False,False
2024-06-29 17:00:00+00:00,61040.77,0.013954974762095116,850.1191956044003,-0.23866243949124957,1.0,BUY,closed,1.0,1.0,1.0,0.0316808583987907,False,False
2024-06-29 18:00:00+00:00,61059.04,0.013954974762095116,850.3741529933038,-0.23843410840837886,1.0,HOLD,closed,1.0,1.0020028939008283,0.0020028939008283064,0.031680616330544586,True,False
2024-06-29 19:00:00+00:00,61057.39,0.013954974762095116,850.3511272849463,-0.23845472944213572,1.0,HOLD,closed,1.0,1.002002948134955,0.0020029481349550515,0.03168057037567809,True,False
2024-06-29 20:00:00+00:00,61050.0,0.013954974762095116,850.2480000214545,-0.23854708667817368,1.0,HOLD,closed,1.0,1.0020031910741447,0.0020031910741447057,0.03168046950608916,True,False
2024-06-29 21:00:00+00:00,61044.99,0.013954974762095116,850.1780855978964,-0.238609699635217,1.0,HOLD,closed,1.0,1.0020033558066304,0.002003355806630358,0.031680455435157684,True,False
2024-06-29 22:00:00+00:00,60970.0,0.013954974762095116,849.1316020404869,-0.23954689437547247,1.0,HOLD,closed,1.0,1.0020058247748165,0.002005824774816478,0.03168016115393005,True,False
2024-06-29 23:00:00+00:00,60986.68,0.013954974762095116,849.3643710195187,-0.23933843447058561,1.0,HOLD,closed,1.0,1.0020052750769473,0.002005275076947255,0.031679752008471035,True,False
2024-06-30 00:00:00+00:00,61024.55,0.013954974762095116,849.8928459137592,-0.23886515050187682,1.0,HOLD,closed,1.0,1.0020040281697173,0.0020040281697173423,0.03167974111021096,True,False
2024-06-30 01:00:00+00:00,60961.99,0.013954974762095116,849.0198226926425,-0.23964700012116452,1.0,HOLD,closed,1.0,1.002006088855559,0.002006088855559085,0.03168003832414734,True,False
2024-06-30 02:00:00+00:00,60834.27,0.013954974762095116,847.2374933160277,-0.24124319310990214,1.0,HOLD,closed,1.0,1.0020103090548862,0.0020103090548861946,0.031680738592519186,True,False
2024-06-30 03:00:00+00:00,60898.32,0.013954974762095116,848.1313094495399,-0.24044272207225223,1.0,HOLD,closed,1.0,1.0020081904599865,0.0020081904599864586,0.031680511676428325,True,False
2024-06-30 04:00:00+00:00,60777.55,0.013954974762095116,846.4459671475217,-0.24195205676728693,1.0,HOLD,closed,1.0,1.002012188929427,0.0020121889294268946,0.03168145962184574,True,False
2024-06-30 05:00:00+00:00,60789.26,0.013954974762095116,846.6093799019858,-0.24180570991559489,1.0,HOLD,closed,1.0,1.0020118005362162,0.0020118005362161906,0.03168145124155977,True,False
2024-06-30 06:00:00+00:00,61040.18,0.013954974762095116,850.1109621692907,-0.23866981307301707,1.0,HOLD,closed,1.0,1.0020035139884635,0.0020035139884635456,0.03168632483075054,True,False
2024-06-30 07:00:00+00:00,61528.01,0.0,852.443046430685,-0.23658127848674834,8.75651076269652e-27,SELL,closed,8.75651076269652e-27,8.75651076269652e-27,1.0019875973863266,0.03170458000190468,False,False
2024-06-30 08:00:00+00:00,61556.01,0.0,852.443046430685,-0.23658127848674834,8.75651076269652e-27,HOLD,closed,8.75651076269652e-27,0.0,8.75651076269652e-27,0.03169753531069153,True,False
2024-06-30 09:00:00+00:00,61529.7,0.0,852.443046430685,-0.23658127848674834,8.75651076269652e-27,HOLD,closed,8.75651076269652e-27,0.0,8.75651076269652e-27,0.03169398516138042,True,False
2024-06-30 10:00:00+00:00,61540.0,0.0,852.443046430685,-0.23658127848674834,8.75651076269652e-27,HOLD,closed,8.75651076269652e-27,0.0,8.75651076269652e-27,0.03169396137228772,True,False
2024-06-30 11:00:00+00:00,61560.0,0.0,852.443046430685,-0.23658127848674834,8.75651076269652e-27,HOLD,closed,8.75651076269652e-27,0.0,8.75651076269652e-27,0.03169397135097249,True,False
2024-06-30 12:00:00+00:00,61496.0,0.0,852.443046430685,-0.23658127848674834,8.75651076269652e-27,HOLD,closed,8.75651076269652e-27,0.0,8.75651076269652e-27,0.03169350528364023,True,False
2024-06-30 13:00:00+00:00,61719.61,0.013861764121742632,853.8373631915632,-0.2353325762732325,1.0,BUY,closed,1.0,1.0,1.0,0.03169722206343123,False,False
2024-06-30 14:00:00+00:00,61587.11,0.0,852.1267056118892,-0.23686458246166928,8.75651076269652e-27,SELL,closed,8.75651076269652e-27,8.75651076269652e-27,1.0020015386789298,0.031698196681325536,False,False
2024-06-30 15:00:00+00:00,61717.9,0.013836120993693147,852.2316524020779,-0.23677059571999984,1.0,BUY,closed,1.0,1.0,1.0,0.03169944831450844,False,False
2024-06-30 16:00:00+00:00,61603.54,0.0,850.5242067064908,-0.23829972545533687,8.75651076269652e-27,SELL,closed,8.75651076269652e-27,8.75651076269652e-27,1.0020039743371951,0.0317004073813619,False,False
2024-06-30 17:00:00+00:00,61707.99,0.013806417727073651,850.2648133625672,-0.2385320292272033,1.0,BUY,closed,1.0,1.0,1.0,0.03170099839195656,False,False
2024-06-30 18:00:00+00:00,62055.31,0.013806417727073651,855.0600583675345,-0.2342375724580817,1.0,HOLD,closed,1.0,1.0019898879135634,0.0019898879135633596,0.031709277750228415,True,False
2024-06-30 19:00:00+00:00,62026.83,0.0,853.3468258960966,-0.2357718846311665,8.75651076269652e-27,SELL,closed,8.75651076269652e-27,8.75651076269652e-27,1.0019908034017577,0.03170932710301841,False,False
2024-06-30 20:00:00+00:00,61990.01,0.0,853.3468258960966,-0.2357718846311665,8.75651076269652e-27,HOLD,closed,8.75651076269652e-27,0.0,8.75651076269652e-27,0.03170896703908785,True,False
2024-06-30 21:00:00+00:00,61940.01,0.0,853.3468258960966,-0.2357718846311665,8.75651076269652e-27,HOLD,closed,8.75651076269652e-27,0.0,8.75651076269652e-27,0.03170889925628473,True,False
2024-06-30 22:00:00+00:00,62901.01,0.013776991054183025,864.879531743872,-0.22544358927963296,1.0,BUY,closed,1.0,1.0,1.0,0.0317761817309547,False,False
2024-06-30 23:00:00+00:00,62772.01,0.0,863.1466542386203,-0.22699549487043763,8.75651076269652e-27,SELL,closed,8.75651076269652e-27,8.75651076269652e-27,1.0019778887455253,0.0317767603005332,False,False
2024-07-01 00:00:00+00:00,62931.99,0.0,863.1466542386203,-0.22699549487043763,8.75651076269652e-27,HOLD,closed,8.75651076269652e-27,0.0,8.75651076269652e-27,0.031778381239963654,True,False
2024-07-01 01:00:00+00:00,63640.82,0.0,863.1466542386203,-0.22699549487043763,8.75651076269652e-27,HOLD,closed,8.75651076269652e-27,0.0,8.75651076269652e-27,0.031813365355651074,True,False
2024-07-01 02:00:00+00:00,63435.86,0.0,863.1466542386203,-0.22699549487043763,8.75651076269652e-27,HOLD,closed,8.75651076269652e-27,0.0,8.75651076269652e-27,0.03181497551352658,True,False
2024-07-01 03:00:00+00:00,63437.69,0.0,863.1466542386203,-0.22699549487043763,8.75651076269652e-27,HOLD,closed,8.75651076269652e-27,0.0,8.75651076269652e-27,0.03181404721294759,True,False
2024-07-01 04:00:00+00:00,63279.79,0.0,863.1466542386203,-0.22699549487043763,8.75651076269652e-27,HOLD,closed,8.75651076269652e-27,0.0,8.75651076269652e-27,0.03181538947297016,True,False
2024-07-01 05:00:00+00:00,63432.94,0.013640163063730462,863.5089203300265,-0.22667106179833157,1.0,BUY,closed,1.0,1.0,1.0,0.03181680812838461,False,False
2024-07-01 06:00:00+00:00,63404.0,0.013640163063730462,863.1141740109621,-0.22702458304703443,1.0,HOLD,closed,1.0,1.0020005752816916,0.002000575281691619,0.0318168609741869,True,False
2024-07-01 07:00:00+00:00,63277.84,0.013640163063730462,861.3933310388419,-0.2285657109232038,1.0,HOLD,closed,1.0,1.0020045719180595,0.0020045719180594723,0.03181791180550139,True,False
2024-07-01 08:00:00+00:00,62923.91,0.013536581971282456,856.5892230833499,-0.23286810504648267,1.0,SELL,closed,1.0,1.0020158698230137,0.002015869823013716,0.031826064176633306,True,False
2024-07-01 09:00:00+00:00,62938.97,0.013536581971282456,856.7930840078375,-0.23268553420261168,1.0,HOLD,closed,1.0,0.9943807232987585,0.005619276701241516,0.031825966018703994,True,False
2024-07-01 10:00:00+00:00,62852.24,0.013536581971282456,855.619056253468,-0.23373695314609966,1.0,HOLD,closed,1.0,0.9943730128734724,0.005626987126527649,0.03182274948681857,True,False
2024-07-01 11:00:00+00:00,62662.09,0.013536581971282456,853.0450751916287,-0.23604212220068524,1.0,HOLD,closed,1.0,0.9943560339837042,0.005643966016295798,0.03181591431865796,True,False
2024-07-01 12:00:00+00:00,62882.0,0.013536581971282456,856.0219049329335,-0.23337617570163746,1.0,HOLD,closed,1.0,0.9943756609649758,0.0056243390350242395,0.03181886564125874,True,False
2024-07-01 13:00:00+00:00,62685.27,0.013536581971282456,853.3588531617229,-0.23576111342505932,1.0,HOLD,closed,1.0,0.9943581092562503,0.005641890743749656,0.031821342842112216,True,False
2024-07-01 14:00:00+00:00,62826.02,0.013536581971282456,855.264127074181,-0.23405481553164384,1.0,HOLD,closed,1.0,0.9943706777095627,0.005629322290437333,0.03182083229742039,True,False
2024-07-01 15:00:00+00:00,63132.9,0.013536581971282456,859.4182333495282,-0.23033454059358835,1.0,HOLD,closed,1.0,0.9943978877478714,0.005602112252128588,0.0318196109723384,True,False
2024-07-01 16:00:00+00:00,63119.33,0.0,857.7094532994968,-0.23186486533094716,8.75651076269652e-27,SELL,closed,8.75651076269652e-27,8.75651076269652e-27,0.9943966901005592,0.03181845482092721,False,False
2024-07-01 17:00:00+00:00,63697.66,0.0,857.7094532994968,-0.23186486533094716,8.75651076269652e-27,HOLD,closed,8.75651076269652e-27,0.0,8.75651076269652e-27,0.03184171312364678,True,False
2024-07-01 18:00:00+00:00,63649.99,0.0,857.7094532994968,-0.23186486533094716,8.75651076269652e-27,HOLD,closed,8.75651076269652e-27,0.0,8.75651076269652e-27,0.03184140580205111,True,False
2024-07-01 19:00:00+00:00,63226.78,0.0,857.7094532994968,-0.23186486533094716,8.75651076269652e-27,HOLD,closed,8.75651076269652e-27,0.0,8.75651076269652e-27,0.03185376383813071,True,False
2024-07-01 20:00:00+00:00,63292.53,0.013565603899162615,856.8855439945411,-0.23260273021337632,1.0,BUY,closed,1.0,1.0,1.0,0.03185309900236857,False,False
2024-07-01 21:00:00+00:00,63130.01,0.013565603899162615,854.6808620488492,-0.234577167660395,1.0,HOLD,closed,1.0,1.0020075888410704,0.00200758884107044,0.03182720471929873,True,False
2024-07-01 22:00:00+00:00,62975.1,0.013565603899162615,852.5794143488299,-0.2364591520618082,1.0,HOLD,closed,1.0,1.002012537169498,0.0020125371694978966,0.03181645854414461,True,False
2024-07-01 23:00:00+00:00,62899.99,0.013565603899162615,851.5605018399638,-0.2373716551177126,1.0,HOLD,closed,1.0,1.0020149452183589,0.0020149452183588767,0.03181455762616195,True,False
2024-07-02 00:00:00+00:00,62926.65,0.013565603899162615,851.9221608399155,-0.23704776573586714,1.0,HOLD,closed,1.0,1.0020140898314396,0.0020140898314395805,0.03180287639310181,True,False
2024-07-02 01:00:00+00:00,62926.0,0.013565603899162615,851.913343197381,-0.23705566251374413,1.0,HOLD,closed,1.0,1.0020141106780718,0.002014110678071779,0.03180198846569923,True,False
2024-07-02 02:00:00+00:00,62999.56,0.013565603899162615,852.9112290202035,-0.236161990235854,1.0,HOLD,closed,1.0,1.0020117542165516,0.002011754216551642,0.03179962135944134,True,False
2024-07-02 03:00:00+00:00,63138.67,0.013565603899162615,854.798340178616,-0.23447195828129597,1.0,HOLD,closed,1.0,1.0020073129306348,0.0020073129306348303,0.03180007956585687,True,False
2024-07-02 04:00:00+00:00,63038.01,0.0,853.085875444625,-0.23600558289508555,8.75651076269652e-27,SELL,closed,8.75651076269652e-27,8.75651076269652e-27,1.0020105246811075,0.031800622327988415,False,False
2024-07-02 05:00:00+00:00,63024.0,0.013532878657112406,851.1895461920254,-0.23770387025827008,1.0,BUY,closed,1.0,1.0,1.0,0.031788953126311525,False,False
2024-07-02 06:00:00+00:00,62866.0,0.013532878657112406,849.0513513642018,-0.23961876412553576,1.0,HOLD,closed,1.0,1.0020100059803034,0.002010005980303431,0.03178979410995428,True,False
2024-07-02 07:00:00+00:00,62629.99,0.013532878657112406,845.8574566723366,-0.24247910654081042,1.0,HOLD,closed,1.0,1.0020175956130253,0.0020175956130252803,0.03179347287147774,True,False
2024-07-02 08:00:00+00:00,62670.01,0.013532878657112406,846.3990424761943,-0.24199408089164604,1.0,HOLD,closed,1.0,1.002016304613051,0.002016304613051023,0.031792521409613334,True,False
2024-07-02 09:00:00+00:00,62650.01,0.013532878657112406,846.128384903052,-0.2422364725204138,1.0,HOLD,closed,1.0,1.0020169495838653,0.002016949583865335,0.03178981404661618,True,False
2024-07-02 10:00:00+00:00,62715.98,0.013532878657112406,847.0211489080617,-0.2414369437329232,1.0,HOLD,closed,1.0,1.0020148237101598,0.0020148237101598188,0.031790030063388514,True,False
2024-07-02 11:00:00+00:00,62832.01,0.013532878657112406,848.5913688186465,-0.24003070869862667,0.9999998422291587,HOLD,closed,0.9999998422291587,1.0020110955125583,0.002011253283399572,0.03176739727124456,True,False
2024-07-02 12:00:00+00:00,62878.45,0.0,846.8911980334051,-0.2415533232740612,8.75651076269652e-27,SELL,closed,8.75651076269652e-27,8.75651076269652e-27,1.0020096071971907,0.03176373717823294,False,False
2024-07-02 13:00:00+00:00,62626.92,0.0,846.8911980334051,-0.2415533232740612,8.75651076269652e-27,HOLD,closed,8.75651076269652e-27,0.0,8.75651076269652e-27,0.0317631562139184,True,False
2024-07-02 14:00:00+00:00,62035.43,0.013522798151871513,841.2442184687344,-0.2466105642683109,1.0,BUY,closed,1.0,1.0,1.0,0.03178114682949951,False,False
2024-07-02 15:00:00+00:00,61948.08,0.013522798151871513,840.0630020501685,-0.24766842113261153,1.0,HOLD,closed,1.0,0.9972006619641137,0.0027993380358862785,0.031776443744661126,True,False
2024-07-02 16:00:00+00:00,61920.89,0.013522798151871513,839.695317168419,-0.2479977070872806,1.0,HOLD,closed,1.0,0.9971994361929873,0.002800563807012657,0.03177564213206582,True,False
2024-07-02 17:00:00+00:00,62147.98,0.013522798151871513,842.7662094007276,-0.24524752145117243,1.0,HOLD,closed,1.0,0.9972096409562362,0.0027903590437637904,0.03177873694397601,True,False
2024-07-02 18:00:00+00:00,62330.01,0.0,841.0859353874422,-0.24675231716085105,8.75651076269652e-27,SELL,closed,8.75651076269652e-27,8.75651076269652e-27,0.9972177673127042,0.03178108201235322,False,False
2024-07-02 19:00:00+00:00,61939.1,0.0,841.0859353874422,-0.24675231716085105,8.75651076269652e-27,HOLD,closed,8.75651076269652e-27,0.0,8.75651076269652e-27,0.03179216983883679,True,False
2024-07-02 20:00:00+00:00,62012.01,0.013579240502161674,840.3934053987125,-0.24737252323892198,1.0,BUY,closed,1.0,1.0,1.0,0.03179174461666831,False,False
2024-07-02 21:00:00+00:00,61958.02,0.0,838.7096744410866,-0.24888041486924872,8.75651076269652e-27,SELL,closed,8.75651076269652e-27,8.75651076269652e-27,1.0020038966823626,0.0317919344192297,False,False
2024-07-02 22:00:00+00:00,62090.01,0.0,838.7096744410866,-0.24888041486924872,8.75651076269652e-27,HOLD,closed,8.75651076269652e-27,0.0,8.75651076269652e-27,0.03178975629690456,True,False
2024-07-02 23:00:00+00:00,62135.47,0.0,838.7096744410866,-0.24888041486924872,8.75651076269652e-27,HOLD,closed,8.75651076269652e-27,0.0,8.75651076269652e-27,0.031789903805522574,True,False
2024-07-03 00:00:00+00:00,62094.02,0.0,838.7096744410866,-0.24888041486924872,8.75651076269652e-27,HOLD,closed,8.75651076269652e-27,0.0,8.75651076269652e-27,0.031789683453532475,True,False
2024-07-03 01:00:00+00:00,61617.91,0.0,838.7096744410866,-0.24888041486924872,8.75651076269652e-27,HOLD,closed,8.75651076269652e-27,0.0,8.75651076269652e-27,0.031802903294856744,True,False
2024-07-03 02:00:00+00:00,61362.0,0.013611461514285404,837.5645092853728,-0.24990598546045378,1.0,BUY,closed,1.0,1.0,1.0,0.03180770345823103,False,False
2024-07-03 03:00:00+00:00,60987.99,0.013528495541763103,832.4945381252659,-0.2544464775406746,1.0,SELL,closed,1.0,0.9971914933966974,0.002808506603302563,0.03181640902338262,True,False
2024-07-03 04:00:00+00:00,60883.9,0.013528495541763103,831.0863570243239,-0.255707596181083,1.0,HOLD,closed,1.0,0.9910733857601322,0.008926614239867847,0.03181700695293288,True,False
2024-07-03 05:00:00+00:00,61121.52,0.013528495541763103,834.3009981349576,-0.252828673985542,1.0,HOLD,closed,1.0,0.9911077808539632,0.008892219146036773,0.031813288939802675,True,False
2024-07-03 06:00:00+00:00,61014.0,0.0,832.6476471544115,-0.2543093583515723,8.75651076269652e-27,SELL,closed,8.75651076269652e-27,8.75651076269652e-27,0.9910922504055452,0.031810675484755135,False,False
2024-07-03 07:00:00+00:00,60870.01,0.013646829369561273,829.016928575356,-0.2575609052407196,1.0,BUY,closed,1.0,1.0,1.0,0.03180945828978185,False,False
2024-07-03 08:00:00+00:00,60497.59,0.013535969131293783,823.9623701978875,-0.2620875941620479,1.0,SELL,closed,1.0,1.0020216551967605,0.0020216551967604524,0.031671981846944336,True,False
2024-07-03 09:00:00+00:00,60606.01,0.013535969131293783,825.4299399711025,-0.26077328906601777,1.0,HOLD,closed,1.0,0.9938591282012408,0.006140871798759218,0.03167288861649609,True,False
2024-07-03 10:00:00+00:00,60383.99,0.013535969131293783,822.4246841045725,-0.2634646930267316,1.0,HOLD,closed,1.0,0.9938366885890118,0.006163311410988248,0.03165222962972736,True,False
2024-07-03 11:00:00+00:00,60386.01,0.013535969131293783,822.4520267622178,-0.26344020588142647,1.0,HOLD,closed,1.0,0.9938368934900983,0.006163106509901706,0.03164916712891594,True,False
2024-07-03 12:00:00+00:00,60028.01,0.0,820.8176691191577,-0.2649038804665904,8.75651076269652e-27,SELL,closed,8.75651076269652e-27,8.75651076269652e-27,0.993800365320909,0.031658618031764924,False,False
2024-07-03 13:00:00+00:00,60589.99,0.013673911047845126,830.7479653562982,-0.25601064813940044,1.0,BUY,closed,1.0,1.0,1.0,0.03168177609744646,False,False
2024-07-03 14:00:00+00:00,60281.15,0.0,829.0915118057662,-0.25749411106057524,8.75651076269652e-27,SELL,closed,8.75651076269652e-27,8.75651076269652e-27,0.9972828021677073,0.03163219898600683,False,False
2024-07-03 15:00:00+00:00,60186.25,0.0,829.0915118057662,-0.25749411106057524,8.75651076269652e-27,HOLD,closed,8.75651076269652e-27,0.0,8.75651076269652e-27,0.0315285318104504,True,False
2024-07-03 16:00:00+00:00,60495.98,0.0,829.0915118057662,-0.25749411106057524,8.75651076269652e-27,HOLD,closed,8.75651076269652e-27,0.0,8.75651076269652e-27,0.03151552623513723,True,False
2024-07-03 17:00:00+00:00,60371.34,0.0,829.0915118057662,-0.25749411106057524,8.75651076269652e-27,HOLD,closed,8.75651076269652e-27,0.0,8.75651076269652e-27,0.03150578462341516,True,False
2024-07-03 18:00:00+00:00,60248.01,0.0,829.0915118057662,-0.25749411106057524,8.75651076269652e-27,HOLD,closed,8.75651076269652e-27,0.0,8.75651076269652e-27,0.031505495640365255,True,False
2024-07-03 19:00:00+00:00,59671.1,0.0,829.0915118057662,-0.25749411106057524,8.75651076269652e-27,HOLD,closed,8.75651076269652e-27,0.0,8.75651076269652e-27,0.03153293885544675,True,False
2024-07-03 20:00:00+00:00,59609.26,0.013894353763584525,826.5735484561212,-0.2597491125756349,1.0,BUY,closed,1.0,1.0,1.0,0.031533624072713706,False,False
2024-07-03 21:00:00+00:00,60247.59,0.014015320294988278,835.5055240159,-0.2517499419671285,1.0,BUY,closed,1.0,1.001985291758776,0.001985291758775931,0.0315604363786651,True,False
2024-07-03 22:00:00+00:00,60316.01,0.0,833.8170277958667,-0.25326210120283954,8.75651076269652e-27,SELL,closed,8.75651076269652e-27,8.75651076269652e-27,1.0106205910024553,0.031558267801609585,False,False
2024-07-03 23:00:00+00:00,60208.58,0.0,833.8170277958667,-0.25326210120283954,8.75651076269652e-27,HOLD,closed,8.75651076269652e-27,0.0,8.75651076269652e-27,0.03155705346286722,True,False
2024-07-04 00:00:00+00:00,60430.01,0.0,833.8170277958667,-0.25326210120283954,8.75651076269652e-27,HOLD,closed,8.75651076269652e-27,0.0,8.75651076269652e-27,0.03156092027404622,True,False
2024-07-04 01:00:00+00:00,58561.1,0.0,833.8170277958667,-0.25326210120283954,8.75651076269652e-27,HOLD,closed,8.75651076269652e-27,0.0,8.75651076269652e-27,0.03184187416575407,True,False
2024-07-04 02:00:00+00:00,58972.13,0.014238411296848363,842.0099875400814,-0.2459247677827041,1.0,BUY,closed,1.0,1.0,1.0,0.031855194860404085,False,False
2024-07-04 03:00:00+00:00,59102.0,0.014238411296848363,843.8591300152032,-0.24426873927714682,1.0,HOLD,closed,1.0,0.9972263788283845,0.0027736211716155035,0.03185393999283381,True,False
2024-07-04 04:00:00+00:00,58968.36,0.014238411296848363,841.9563087294923,-0.2459728406822648,1.0,HOLD,closed,1.0,0.9972201104444445,0.002779889555555526,0.03185382251573168,True,False
2024-07-04 05:00:00+00:00,58902.0,0.014238411296848363,841.0114477558335,-0.24681902572599138,1.0,HOLD,closed,1.0,0.9972169872893921,0.0027830127106078795,0.0318528684181657,True,False
2024-07-04 06:00:00+00:00,58795.99,0.014238411296848363,839.5020337742545,-0.24817080505820152,1.0,HOLD,closed,1.0,0.9972119834679274,0.0027880165320726125,0.03184390464100856,True,False
2024-07-04 07:00:00+00:00,58219.99,0.014098921071474228,831.3646577981392,-0.2554583595642418,1.0,SELL,closed,1.0,0.9971844778623364,0.002815522137663562,0.031870747729737886,True,False
2024-07-04 08:00:00+00:00,57688.46,0.013970202404275545,823.9601742399794,-0.2620895607865464,1.0,SELL,closed,1.0,0.9872241912000098,0.012775808799990185,0.031894271091292586,True,False
2024-07-04 09:00:00+00:00,57748.0,0.013970202404275545,824.79196009113,-0.26134464193980694,1.0,HOLD,closed,1.0,0.9781269550117431,0.02187304498825693,0.03189301640650541,True,False
2024-07-04 10:00:00+00:00,57946.43,0.013970202404275545,827.5640673542105,-0.2588620378625731,1.0,HOLD,closed,1.0,0.9782002235709635,0.02179977642903652,0.0318932146988217,True,False
2024-07-04 11:00:00+00:00,57761.94,0.0,825.9454254044779,-0.26031163801243257,8.75651076269652e-27,SELL,closed,8.75651076269652e-27,8.75651076269652e-27,0.9781321183166101,0.031845839278399096,False,False
2024-07-04 12:00:00+00:00,57247.98,0.0,825.9454254044779,-0.26031163801243257,8.75651076269652e-27,HOLD,closed,8.75651076269652e-27,0.0,8.75651076269652e-27,0.03185213702030232,True,False
2024-07-04 13:00:00+00:00,57420.02,0.014427503387970681,830.7457392726207,-0.25601264174350363,1.0,BUY,closed,1.0,1.0,1.0,0.0318544726057228,False,False
2024-07-04 14:00:00+00:00,57450.25,0.0,829.0892984202126,-0.2574960932926747,8.75651076269652e-27,SELL,closed,8.75651076269652e-27,8.75651076269652e-27,0.9972109519787103,0.03185434625304334,False,False
2024-07-04 15:00:00+00:00,58140.0,0.0,829.0892984202126,-0.2574960932926747,8.75651076269652e-27,HOLD,closed,8.75651076269652e-27,0.0,8.75651076269652e-27,0.031890042756260506,True,False
2024-07-04 16:00:00+00:00,58304.59,0.0,829.0892984202126,-0.2574960932926747,8.75651076269652e-27,HOLD,closed,8.75651076269652e-27,0.0,8.75651076269652e-27,0.031891528270175606,True,False
2024-07-04 17:00:00+00:00,58240.0,0.0,829.0892984202126,-0.2574960932926747,8.75651076269652e-27,HOLD,closed,8.75651076269652e-27,0.0,8.75651076269652e-27,0.031887741550567616,True,False
2024-07-04 18:00:00+00:00,58168.0,0.0,829.0892984202126,-0.2574960932926747,8.75651076269652e-27,HOLD,closed,8.75651076269652e-27,0.0,8.75651076269652e-27,0.031887827688136694,True,False
2024-07-04 19:00:00+00:00,58283.62,0.0,829.0892984202126,-0.2574960932926747,8.75651076269652e-27,HOLD,closed,8.75651076269652e-27,0.0,8.75651076269652e-27,0.031887983239537926,True,False
2024-07-04 20:00:00+00:00,58358.99,0.0,829.0892984202126,-0.2574960932926747,8.75651076269652e-27,HOLD,closed,8.75651076269652e-27,0.0,8.75651076269652e-27,0.03188832131807845,True,False
2024-07-04 21:00:00+00:00,58494.01,0.0,829.0892984202126,-0.2574960932926747,8.75651076269652e-27,HOLD,closed,8.75651076269652e-27,0.0,8.75651076269652e-27,0.031889427715901864,True,False
2024-07-04 22:00:00+00:00,58038.84,0.0,829.0892984202126,-0.2574960932926747,8.75651076269652e-27,HOLD,closed,8.75651076269652e-27,0.0,8.75651076269652e-27,0.031905124132945106,True,False
2024-07-04 23:00:00+00:00,57050.01,0.014285077000508843,817.3346400754234,-0.26802316167921203,1.0,BUY,closed,1.0,1.0,1.0,0.03198409817451628,False,False
2024-07-05 00:00:00+00:00,57375.99,0.014285077000508843,821.9912894760492,-0.26385282637429464,1.0,HOLD,closed,1.0,0.9971157184072654,0.002884281592734572,0.0319929588973894,True,False
2024-07-05 01:00:00+00:00,57172.01,0.014285077000508843,819.0774194694856,-0.2664623882967961,1.0,HOLD,closed,1.0,0.9971054575681508,0.0028945424318491675,0.03198955474763357,True,False
2024-07-05 02:00:00+00:00,55766.32,0.013933846927833166,799.4506026685875,-0.2840394914853957,1.0,SELL,closed,1.0,0.9970327119402831,0.0029672880597169105,0.03215648077371966,True,False
2024-07-05 03:00:00+00:00,55227.99,0.013799339077635045,792.0439963326022,-0.29067259379462973,1.0,SELL,closed,1.0,0.971701183754988,0.02829881624501196,0.03218127696637174,True,False
2024-07-05 04:00:00+00:00,53941.1,0.014019804535144934,774.0385417647649,-0.3067976606410293,1.0,BUY,closed,1.0,1.0,0.03866044954540415,0.032323252417051807,False,False
2024-07-05 05:00:00+00:00,54806.02,0.01424460546316712,786.3347278402856,-0.29578561861362523,1.0,BUY,closed,1.0,0.9773649634429774,0.022635036557022592,0.03238528292303877,True,False
2024-07-05 06:00:00+00:00,54283.99,0.014108924904901128,778.9545772674559,-0.3023950280498052,1.0,SELL,closed,1.0,0.9927531057128293,0.007246894287170735,0.032408560872493164,True,False
2024-07-05 07:00:00+00:00,54415.05,0.014108924904901128,780.8036929654924,-0.300739023524886,1.0,HOLD,closed,1.0,0.9832661667244066,0.016733833275593413,0.032408534973942416,True,False
2024-07-05 08:00:00+00:00,54088.0,0.014108924904901128,776.1893690753444,-0.30487145355597695,0.9999914690440916,HOLD,closed,0.9999914690440916,0.9831666867138142,0.0168247823302774,0.03241766872930474,True,False
2024-07-05 09:00:00+00:00,54528.0,0.014223699475196878,782.4353778865512,-0.29927774253777145,1.0,BUY,closed,1.0,0.9833002505436922,0.01669974945630781,0.03243435065974626,True,False
2024-07-05 10:00:00+00:00,54987.99,0.0,784.7940022349027,-0.2971654395609474,8.75651076269652e-27,SELL,closed,8.75651076269652e-27,8.75651076269652e-27,0.9913235962082501,0.03245181177393028,False,False
2024-07-05 11:00:00+00:00,55486.5,0.0,784.7940022349027,-0.2971654395609474,8.75651076269652e-27,HOLD,closed,8.75651076269652e-27,0.0,8.75651076269652e-27,0.032452549775259604,True,False
2024-07-05 12:00:00+00:00,55052.81,0.0,784.7940022349027,-0.2971654395609474,8.75651076269652e-27,HOLD,closed,8.75651076269652e-27,0.0,8.75651076269652e-27,0.032397404067932484,True,False
2024-07-05 13:00:00+00:00,55829.99,0.0,784.7940022349027,-0.2971654395609474,8.75651076269652e-27,HOLD,closed,8.75651076269652e-27,0.0,8.75651076269652e-27,0.03244651013085567,True,False
2024-07-05 14:00:00+00:00,55753.98,0.0,784.7940022349027,-0.2971654395609474,8.75651076269652e-27,HOLD,closed,8.75651076269652e-27,0.0,8.75651076269652e-27,0.0324462799957321,True,False
2024-07-05 15:00:00+00:00,56662.0,0.0,784.7940022349027,-0.2971654395609474,8.75651076269652e-27,HOLD,closed,8.75651076269652e-27,0.0,8.75651076269652e-27,0.03251206584840416,True,False
2024-07-05 16:00:00+00:00,56448.15,0.0,784.7940022349027,-0.2971654395609474,8.75651076269652e-27,HOLD,closed,8.75651076269652e-27,0.0,8.75651076269652e-27,0.03251211836358475,True,False
2024-07-05 17:00:00+00:00,56453.18,0.0,784.7940022349027,-0.2971654395609474,8.75651076269652e-27,HOLD,closed,8.75651076269652e-27,0.0,8.75651076269652e-27,0.03250148204157008,True,False
2024-07-05 18:00:00+00:00,56546.16,0.0,784.7940022349027,-0.2971654395609474,8.75651076269652e-27,HOLD,closed,8.75651076269652e-27,0.0,8.75651076269652e-27,0.03250025829246303,True,False
2024-07-05 19:00:00+00:00,56465.42,0.0,784.7940022349027,-0.2971654395609474,8.75651076269652e-27,HOLD,closed,8.75651076269652e-27,0.0,8.75651076269652e-27,0.03250071938697585,True,False
2024-07-05 20:00:00+00:00,56351.1,0.0,784.7940022349027,-0.2971654395609474,8.75651076269652e-27,HOLD,closed,8.75651076269652e-27,0.0,8.75651076269652e-27,0.03250059840498154,True,False
2024-07-05 21:00:00+00:00,56517.61,0.0,784.7940022349027,-0.2971654395609474,8.75651076269652e-27,HOLD,closed,8.75651076269652e-27,0.0,8.75651076269652e-27,0.03250209493916975,True,False
2024-07-05 22:00:00+00:00,56621.09,0.0,784.7940022349027,-0.2971654395609474,8.75651076269652e-27,HOLD,closed,8.75651076269652e-27,0.0,8.75651076269652e-27,0.03250182083682035,True,False
2024-07-05 23:00:00+00:00,56628.79,0.0,784.7940022349027,-0.2971654395609474,8.75651076269652e-27,HOLD,closed,8.75651076269652e-27,0.0,8.75651076269652e-27,0.03250166760184672,True,False
2024-07-06 00:00:00+00:00,56601.1,0.0,784.7940022349027,-0.2971654395609474,8.75651076269652e-27,HOLD,closed,8.75651076269652e-27,0.0,8.75651076269652e-27,0.0325017024033985,True,False
2024-07-06 01:00:00+00:00,56219.64,0.013755988517323176,781.9399917031006,-0.2997213933932846,0.9921126810992255,BUY,closed,0.9921126810992255,0.9921126810992255,0.9921126810992255,0.032513163640878695,False,False
2024-07-06 02:00:00+00:00,56440.0,0.013755988517323176,784.971261332778,-0.2970066923995468,1.0,HOLD,closed,1.0,0.989065498524768,0.010934501475232006,0.03251677015989343,True,False
2024-07-06 03:00:00+00:00,56410.0,0.013755988517323176,784.5585816772583,-0.29737627412859075,1.0,HOLD,closed,1.0,0.9890597469513259,0.010940253048674076,0.03251636037278091,True,False
2024-07-06 04:00:00+00:00,56059.49,0.013755988517323176,779.7369701420514,-0.30169434385683097,1.0,HOLD,closed,1.0,0.9889920963815602,0.01100790361843984,0.0325248961554708,True,False
2024-07-06 05:00:00+00:00,56362.54,0.013755988517323176,783.9057224622262,-0.2979609524239383,1.0,HOLD,closed,1.0,0.9890506355941654,0.010949364405834605,0.032532162859088026,True,False
2024-07-06 06:00:00+00:00,56417.35,0.013755988517323176,784.6596881928607,-0.29728572660497493,0.9999999307525432,HOLD,closed,0.9999999307525432,0.9890611566463596,0.010938774106183602,0.03253209556854686,True,False
2024-07-06 07:00:00+00:00,56606.0,0.0,787.0458569254495,-0.2951487558234367,8.75651076269652e-27,SELL,closed,8.75651076269652e-27,8.75651076269652e-27,0.9890972149029367,0.032534857507988124,False,False
2024-07-06 08:00:00+00:00,56557.81,0.0,787.0458569254495,-0.2951487558234367,8.75651076269652e-27,HOLD,closed,8.75651076269652e-27,0.0,8.75651076269652e-27,0.03253499401287027,True,False
2024-07-06 09:00:00+00:00,56766.0,0.0,787.0458569254495,-0.2951487558234367,8.75651076269652e-27,HOLD,closed,8.75651076269652e-27,0.0,8.75651076269652e-27,0.0325382978607211,True,False
2024-07-06 10:00:00+00:00,56780.0,0.0,787.0458569254495,-0.2951487558234367,8.75651076269652e-27,HOLD,closed,8.75651076269652e-27,0.0,8.75651076269652e-27,0.032537821797917504,True,False
2024-07-06 11:00:00+00:00,56731.42,0.0,787.0458569254495,-0.2951487558234367,8.75651076269652e-27,HOLD,closed,8.75651076269652e-27,0.0,8.75651076269652e-27,0.032537486158772555,True,False
2024-07-06 12:00:00+00:00,56755.47,0.0,787.0458569254495,-0.2951487558234367,8.75651076269652e-27,HOLD,closed,8.75651076269652e-27,0.0,8.75651076269652e-27,0.032536539330213776,True,False
2024-07-06 13:00:00+00:00,56991.1,0.0,787.0458569254495,-0.2951487558234367,8.75651076269652e-27,HOLD,closed,8.75651076269652e-27,0.0,8.75651076269652e-27,0.0325405767650227,True,False
2024-07-06 14:00:00+00:00,57058.91,0.0,787.0458569254495,-0.2951487558234367,8.75651076269652e-27,HOLD,closed,8.75651076269652e-27,0.0,8.75651076269652e-27,0.032540303896648304,True,False
2024-07-06 15:00:00+00:00,57317.98,0.0,787.0458569254495,-0.2951487558234367,8.75651076269652e-27,HOLD,closed,8.75651076269652e-27,0.0,8.75651076269652e-27,0.03254541885073009,True,False
2024-07-06 16:00:00+00:00,57852.62,0.0,787.0458569254495,-0.2951487558234367,8.75651076269652e-27,HOLD,closed,8.75651076269652e-27,0.0,8.75651076269652e-27,0.03256623207855605,True,False
2024-07-06 17:00:00+00:00,57965.19,0.0,787.0458569254495,-0.2951487558234367,8.75651076269652e-27,HOLD,closed,8.75651076269652e-27,0.0,8.75651076269652e-27,0.032566817308039286,True,False
2024-07-06 18:00:00+00:00,57786.98,0.0,787.0458569254495,-0.2951487558234367,8.75651076269652e-27,HOLD,closed,8.75651076269652e-27,0.0,8.75651076269652e-27,0.03256886997748892,True,False
2024-07-06 19:00:00+00:00,57857.99,0.0,787.0458569254495,-0.2951487558234367,8.75651076269652e-27,HOLD,closed,8.75651076269652e-27,0.0,8.75651076269652e-27,0.03256919945638087,True,False
2024-07-06 20:00:00+00:00,57971.99,0.0,787.0458569254495,-0.2951487558234367,8.75651076269652e-27,HOLD,closed,8.75651076269652e-27,0.0,8.75651076269652e-27,0.03256991288684974,True,False
2024-07-06 21:00:00+00:00,57868.01,0.0,787.0458569254495,-0.2951487558234367,0.0,HOLD,closed,0.0,0.0,0.0,0.03257070277320365,True,False
2024-07-06 22:00:00+00:00,58106.46,0.0,787.0458569254495,-0.2951487558234367,0.0,HOLD,closed,0.0,0.0,0.0,0.032574840368697816,True,False
2024-07-06 23:00:00+00:00,58230.13,0.0,787.0458569254495,-0.2951487558234367,0.0,HOLD,closed,0.0,0.0,0.0,0.03257596172022892,True,False
2024-07-07 00:00:00+00:00,57931.79,0.0,787.0458569254495,-0.2951487558234367,0.0,HOLD,closed,0.0,0.0,0.0,0.032582483785549704,True,False
2024-07-07 01:00:00+00:00,58114.0,0.0,787.0458569254495,-0.2951487558234367,0.0,HOLD,closed,0.0,0.0,0.0,0.03258438554218862,True,False
2024-07-07 02:00:00+00:00,58359.99,0.0,787.0458569254495,-0.2951487558234367,0.0,HOLD,closed,0.0,0.0,0.0,0.032588676078700834,True,False
2024-07-07 03:00:00+00:00,57963.45,0.0,787.0458569254495,-0.2951487558234367,0.0,HOLD,closed,0.0,0.0,0.0,0.032600061016908405,True,False
2024-07-07 04:00:00+00:00,57598.0,0.0,787.0458569254495,-0.2951487558234367,0.0,HOLD,closed,0.0,0.0,0.0,0.03260994106867934,True,False
2024-07-07 05:00:00+00:00,57648.0,0.0,787.0458569254495,-0.2951487558234367,0.0,HOLD,closed,0.0,0.0,0.0,0.03260906709998615,True,False
2024-07-07 06:00:00+00:00,57646.15,0.0,787.0458569254495,-0.2951487558234367,0.0,HOLD,closed,0.0,0.0,0.0,0.032603836129363795,True,False
2024-07-07 07:00:00+00:00,57369.99,0.0,787.0458569254495,-0.2951487558234367,0.0,HOLD,closed,0.0,0.0,0.0,0.032606751549335566,True,False
2024-07-07 08:00:00+00:00,57650.45,0.0,787.0458569254495,-0.2951487558234367,0.0,HOLD,closed,0.0,0.0,0.0,0.03261201216750126,True,False
2024-07-07 09:00:00+00:00,57733.4,0.0,787.0458569254495,-0.2951487558234367,0.0,HOLD,closed,0.0,0.0,0.0,0.0326110108780808,True,False
2024-07-07 10:00:00+00:00,57510.2,0.0,787.0458569254495,-0.2951487558234367,0.0,HOLD,closed,0.0,0.0,0.0,0.0326114196755071,True,False
2024-07-07 11:00:00+00:00,57460.0,0.0,787.0458569254495,-0.2951487558234367,0.0,HOLD,closed,0.0,0.0,0.0,0.03260951933421974,True,False
2024-07-07 12:00:00+00:00,57341.09,0.0,787.0458569254495,-0.2951487558234367,0.0,HOLD,closed,0.0,0.0,0.0,0.0326097703966749,True,False
2024-07-07 13:00:00+00:00,56872.0,0.0,787.0458569254495,-0.2951487558234367,0.0,HOLD,closed,0.0,0.0,0.0,0.032626393731189945,True,False
2024-07-07 14:00:00+00:00,56771.51,0.0,787.0458569254495,-0.2951487558234367,0.0,HOLD,closed,0.0,0.0,0.0,0.03262715573955957,True,False
2024-07-07 15:00:00+00:00,56825.42,0.0,787.0458569254495,-0.2951487558234367,0.0,HOLD,closed,0.0,0.0,0.0,0.03262733553860331,True,False
2024-07-07 16:00:00+00:00,57122.0,0.0,787.0458569254495,-0.2951487558234367,0.0,HOLD,closed,0.0,0.0,0.0,0.03263389036061892,True,False
2024-07-07 17:00:00+00:00,57231.1,0.0,787.0458569254495,-0.2951487558234367,0.0,HOLD,closed,0.0,0.0,0.0,0.03263478257200761,True,False
2024-07-07 18:00:00+00:00,57172.01,0.0,787.0458569254495,-0.2951487558234367,0.0,HOLD,closed,0.0,0.0,0.0,0.03263209023199792,True,False
2024-07-07 19:00:00+00:00,57151.1,0.0,787.0458569254495,-0.2951487558234367,0.0,HOLD,closed,0.0,0.0,0.0,0.03263177719045535,True,False
2024-07-07 20:00:00+00:00,57274.18,0.0,787.0458569254495,-0.2951487558234367,0.0,HOLD,closed,0.0,0.0,0.0,0.03263243731086132,True,False
2024-07-07 21:00:00+00:00,56596.0,0.0,787.0458569254495,-0.2951487558234367,0.0,HOLD,closed,0.0,0.0,0.0,0.03266655223005327,True,False
2024-07-07 22:00:00+00:00,56395.54,0.0,787.0458569254495,-0.2951487558234367,0.0,HOLD,closed,0.0,0.0,0.0,0.03266871975051913,True,False
2024-07-07 23:00:00+00:00,55857.81,0.0,787.0458569254495,-0.2951487558234367,0.0,HOLD,closed,0.0,0.0,0.0,0.03269030427324582,True,False
2024-07-08 00:00:00+00:00,55094.0,0.0,787.0458569254495,-0.2951487558234367,0.0,HOLD,closed,0.0,0.0,0.0,0.03273354225712091,True,False
2024-07-08 01:00:00+00:00,54958.19,0.0,787.0458569254495,-0.2951487558234367,0.0,HOLD,closed,0.0,0.0,0.0,0.03273450826396421,True,False
2024-07-08 02:00:00+00:00,55384.79,0.0,787.0458569254495,-0.2951487558234367,0.0,HOLD,closed,0.0,0.0,0.0,0.03274632060078522,True,False
2024-07-08 03:00:00+00:00,55160.01,0.0,787.0458569254495,-0.2951487558234367,0.0,HOLD,closed,0.0,0.0,0.0,0.03275022950576195,True,False
2024-07-08 04:00:00+00:00,55496.0,0.0,787.0458569254495,-0.2951487558234367,0.0,HOLD,closed,0.0,0.0,0.0,0.03275910196564699,True,False
2024-07-08 05:00:00+00:00,55478.7,0.0,787.0458569254495,-0.2951487558234367,0.0,HOLD,closed,0.0,0.0,0.0,0.03274674034635794,True,False
2024-07-08 06:00:00+00:00,55633.98,0.0,787.0458569254495,-0.2951487558234367,0.0,HOLD,closed,0.0,0.0,0.0,0.03274705462850441,True,False
2024-07-08 07:00:00+00:00,55852.01,0.0,787.0458569254495,-0.2951487558234367,0.0,HOLD,closed,0.0,0.0,0.0,0.0327504550520569,True,False
2024-07-08 08:00:00+00:00,57792.0,0.0,787.0458569254495,-0.2951487558234367,0.0,HOLD,closed,0.0,0.0,0.0,0.03302423581406913,True,False
2024-07-08 09:00:00+00:00,57512.14,0.0,787.0458569254495,-0.2951487558234367,0.0,HOLD,closed,0.0,0.0,0.0,0.03301991047388639,True,False
2024-07-08 10:00:00+00:00,56815.98,0.0,787.0458569254495,-0.2951487558234367,0.0,HOLD,closed,0.0,0.0,0.0,0.033050202567627085,True,False
2024-07-08 11:00:00+00:00,57154.01,0.0,787.0458569254495,-0.2951487558234367,0.0,HOLD,closed,0.0,0.0,0.0,0.03305773139629925,True,False
2024-07-08 12:00:00+00:00,57151.11,0.0,787.0458569254495,-0.2951487558234367,0.0,HOLD,closed,0.0,0.0,0.0,0.03304266981610143,True,False
2024-07-08 13:00:00+00:00,57236.01,0.0,787.0458569254495,-0.2951487558234367,0.0,HOLD,closed,0.0,0.0,0.0,0.033016628019213595,True,False
2024-07-08 14:00:00+00:00,56185.24,0.0,787.0458569254495,-0.2951487558234367,0.0,HOLD,closed,0.0,0.0,0.0,0.033083310949573286,True,False
2024-07-08 15:00:00+00:00,55761.52,0.0,787.0458569254495,-0.2951487558234367,0.0,HOLD,closed,0.0,0.0,0.0,0.033087869512604645,True,False
2024-07-08 16:00:00+00:00,55812.0,0.0,787.0458569254495,-0.2951487558234367,0.0,HOLD,closed,0.0,0.0,0.0,0.03308357048822594,True,False
2024-07-08 17:00:00+00:00,56287.38,0.0,787.0458569254495,-0.2951487558234367,0.0,HOLD,closed,0.0,0.0,0.0,0.033098515087692126,True,False
2024-07-08 18:00:00+00:00,56280.32,0.0,787.0458569254495,-0.2951487558234367,0.0,HOLD,closed,0.0,0.0,0.0,0.03309815393808688,True,False
2024-07-08 19:00:00+00:00,56477.31,0.0,787.0458569254495,-0.2951487558234367,0.0,HOLD,closed,0.0,0.0,0.0,0.033099763907450785,True,False
2024-07-08 20:00:00+00:00,56259.9,0.0,787.0458569254495,-0.2951487558234367,0.0,HOLD,closed,0.0,0.0,0.0,0.03307328045005542,True,False
2024-07-08 21:00:00+00:00,56642.47,0.0,787.0458569254495,-0.2951487558234367,0.0,HOLD,closed,0.0,0.0,0.0,0.03306344880021639,True,False
2024-07-08 22:00:00+00:00,56684.48,0.0,787.0458569254495,-0.2951487558234367,0.0,HOLD,closed,0.0,0.0,0.0,0.03305756199544446,True,False
2024-07-08 23:00:00+00:00,56714.62,0.0,787.0458569254495,-0.2951487558234367,0.0,HOLD,closed,0.0,0.0,0.0,0.03305757011465729,True,False
2024-07-09 00:00:00+00:00,56531.05,0.0,787.0458569254495,-0.2951487558234367,0.0,HOLD,closed,0.0,0.0,0.0,0.03305969907742978,True,False
2024-07-09 01:00:00+00:00,56560.39,0.0,787.0458569254495,-0.2951487558234367,0.0,HOLD,closed,0.0,0.0,0.0,0.033059735693928366,True,False
2024-07-09 02:00:00+00:00,57261.9,0.0,787.0458569254495,-0.2951487558234367,0.0,HOLD,closed,0.0,0.0,0.0,0.03309420348781311,True,False
2024-07-09 03:00:00+00:00,57168.36,0.0,787.0458569254495,-0.2951487558234367,0.0,HOLD,closed,0.0,0.0,0.0,0.033093228956723314,True,False
2024-07-09 04:00:00+00:00,57286.0,0.0,787.0458569254495,-0.2951487558234367,0.0,HOLD,closed,0.0,0.0,0.0,0.03309403798180066,True,False
2024-07-09 05:00:00+00:00,57291.49,0.0,787.0458569254495,-0.2951487558234367,0.0,HOLD,closed,0.0,0.0,0.0,0.03309049938222758,True,False
2024-07-09 06:00:00+00:00,57475.99,0.0,787.0458569254495,-0.2951487558234367,0.0,HOLD,closed,0.0,0.0,0.0,0.033092809562145525,True,False
2024-07-09 07:00:00+00:00,57116.84,0.0,787.0458569254495,-0.2951487558234367,0.0,HOLD,closed,0.0,0.0,0.0,0.033101564974404196,True,False
2024-07-09 08:00:00+00:00,57615.54,0.0,787.0458569254495,-0.2951487558234367,0.0,HOLD,closed,0.0,0.0,0.0,0.033117907737912095,True,False
2024-07-09 09:00:00+00:00,57588.01,0.0,787.0458569254495,-0.2951487558234367,0.0,HOLD,closed,0.0,0.0,0.0,0.03310981602528193,True,False
2024-07-09 10:00:00+00:00,57426.46,0.0,787.0458569254495,-0.2951487558234367,0.0,HOLD,closed,0.0,0.0,0.0,0.033109213331713766,True,False
2024-07-09 11:00:00+00:00,57428.01,0.0,787.0458569254495,-0.2951487558234367,0.0,HOLD,closed,0.0,0.0,0.0,0.03310892951475208,True,False
2024-07-09 12:00:00+00:00,57338.01,0.0,787.0458569254495,-0.2951487558234367,0.0,HOLD,closed,0.0,0.0,0.0,0.03310949155019097,True,False
2024-07-09 13:00:00+00:00,57325.27,0.0,787.0458569254495,-0.2951487558234367,0.0,HOLD,closed,0.0,0.0,0.0,0.03310904925490879,True,False
2024-07-09 14:00:00+00:00,57060.0,0.0,787.0458569254495,-0.2951487558234367,0.0,HOLD,closed,0.0,0.0,0.0,0.033113721525591694,True,False
2024-07-09 15:00:00+00:00,57477.01,0.0,787.0458569254495,-0.2951487558234367,0.0,HOLD,closed,0.0,0.0,0.0,0.03312197093885014,True,False
2024-07-09 16:00:00+00:00,57690.01,0.0,787.0458569254495,-0.2951487558234367,0.0,HOLD,closed,0.0,0.0,0.0,0.03311006272761774,True,False
2024-07-09 17:00:00+00:00,57523.01,0.0,787.0458569254495,-0.2951487558234367,0.0,HOLD,closed,0.0,0.0,0.0,0.03310764063221883,True,False
2024-07-09 18:00:00+00:00,57907.5,0.0,787.0458569254495,-0.2951487558234367,0.0,HOLD,closed,0.0,0.0,0.0,0.033117607077124495,True,False
2024-07-09 19:00:00+00:00,57862.01,0.0,787.0458569254495,-0.2951487558234367,0.0,HOLD,closed,0.0,0.0,0.0,0.033117159275321856,True,False
2024-07-09 20:00:00+00:00,57929.25,0.0,787.0458569254495,-0.2951487558234367,0.0,HOLD,closed,0.0,0.0,0.0,0.03311740995723092,True,False
2024-07-09 21:00:00+00:00,57800.01,0.0,787.0458569254495,-0.2951487558234367,0.0,HOLD,closed,0.0,0.0,0.0,0.033117933497208735,True,False
2024-07-09 22:00:00+00:00,57936.0,0.0,787.0458569254495,-0.2951487558234367,0.0,HOLD,closed,0.0,0.0,0.0,0.033114594262450336,True,False
2024-07-09 23:00:00+00:00,58050.0,0.0,787.0458569254495,-0.2951487558234367,0.0,HOLD,closed,0.0,0.0,0.0,0.03311516873151135,True,False
2024-07-10 00:00:00+00:00,57486.37,0.0,787.0458569254495,-0.2951487558234367,0.0,HOLD,closed,0.0,0.0,0.0,0.03313689516048626,True,False
2024-07-10 01:00:00+00:00,57798.89,0.0,787.0458569254495,-0.2951487558234367,0.0,HOLD,closed,0.0,0.0,0.0,0.033143589765899845,True,False
2024-07-10 02:00:00+00:00,57882.55,0.0,787.0458569254495,-0.2951487558234367,0.0,HOLD,closed,0.0,0.0,0.0,0.03314221105771195,True,False
2024-07-10 03:00:00+00:00,58180.01,0.0,787.0458569254495,-0.2951487558234367,0.0,HOLD,closed,0.0,0.0,0.0,0.03314423296809105,True,False
2024-07-10 04:00:00+00:00,59347.44,0.0,787.0458569254495,-0.2951487558234367,0.0,HOLD,closed,0.0,0.0,0.0,0.03323254174742579,True,False
2024-07-10 05:00:00+00:00,58975.01,0.0,787.0458569254495,-0.2951487558234367,0.0,HOLD,closed,0.0,0.0,0.0,0.0332406608017021,True,False
2024-07-10 06:00:00+00:00,59238.47,0.0,787.0458569254495,-0.2951487558234367,0.0,HOLD,closed,0.0,0.0,0.0,0.033242735878627805,True,False
2024-07-10 07:00:00+00:00,58977.99,0.0,787.0458569254495,-0.2951487558234367,0.0,HOLD,closed,0.0,0.0,0.0,0.033242045298526285,True,False
2024-07-10 08:00:00+00:00,58756.01,0.0,787.0458569254495,-0.2951487558234367,0.0,HOLD,closed,0.0,0.0,0.0,0.03324522442671332,True,False
2024-07-10 09:00:00+00:00,58490.0,0.0,787.0458569254495,-0.2951487558234367,0.0,HOLD,closed,0.0,0.0,0.0,0.03324929912368349,True,False
2024-07-10 10:00:00+00:00,58656.01,0.0,787.0458569254495,-0.2951487558234367,0.0,HOLD,closed,0.0,0.0,0.0,0.03325008853778619,True,False
2024-07-10 11:00:00+00:00,58492.0,0.0,787.0458569254495,-0.2951487558234367,0.0,HOLD,closed,0.0,0.0,0.0,0.03324999989030794,True,False
2024-07-10 12:00:00+00:00,58150.44,0.0,787.0458569254495,-0.2951487558234367,0.0,HOLD,closed,0.0,0.0,0.0,0.033241638613422914,True,False
2024-07-10 13:00:00+00:00,57760.0,0.0,787.0458569254495,-0.2951487558234367,0.0,HOLD,closed,0.0,0.0,0.0,0.03323507278192983,True,False
2024-07-10 14:00:00+00:00,57713.03,0.0,787.0458569254495,-0.2951487558234367,0.0,HOLD,closed,0.0,0.0,0.0,0.03322944390334076,True,False
2024-07-10 15:00:00+00:00,57699.69,0.0,787.0458569254495,-0.2951487558234367,0.0,HOLD,closed,0.0,0.0,0.0,0.03322427979728257,True,False
2024-07-10 16:00:00+00:00,57696.73,0.0,787.0458569254495,-0.2951487558234367,0.0,HOLD,closed,0.0,0.0,0.0,0.03322254768931268,True,False
2024-07-10 17:00:00+00:00,57627.81,0.0,787.0458569254495,-0.2951487558234367,0.0,HOLD,closed,0.0,0.0,0.0,0.03321843422735682,True,False
2024-07-10 18:00:00+00:00,57630.16,0.0,787.0458569254495,-0.2951487558234367,0.0,HOLD,closed,0.0,0.0,0.0,0.03321367751585766,True,False
2024-07-10 19:00:00+00:00,57392.03,0.0,787.0458569254495,-0.2951487558234367,0.0,HOLD,closed,0.0,0.0,0.0,0.03321511658555848,True,False
2024-07-10 20:00:00+00:00,57409.23,0.0,787.0458569254495,-0.2951487558234367,0.0,HOLD,closed,0.0,0.0,0.0,0.033213305626400985,True,False
2024-07-10 21:00:00+00:00,57434.41,0.0,787.0458569254495,-0.2951487558234367,0.0,HOLD,closed,0.0,0.0,0.0,0.03321246495440289,True,False
2024-07-10 22:00:00+00:00,57710.73,0.0,787.0458569254495,-0.2951487558234367,0.0,HOLD,closed,0.0,0.0,0.0,0.03321694413024989,True,False
2024-07-10 23:00:00+00:00,57725.85,0.0,787.0458569254495,-0.2951487558234367,0.0,HOLD,closed,0.0,0.0,0.0,0.03321639580450034,True,False
2024-07-11 00:00:00+00:00,57628.89,0.0,787.0458569254495,-0.2951487558234367,0.0,HOLD,closed,0.0,0.0,0.0,0.03321594787775789,True,False
2024-07-11 01:00:00+00:00,58280.35,0.0,787.0458569254495,-0.2951487558234367,0.0,HOLD,closed,0.0,0.0,0.0,0.03324004973689976,True,False
2024-07-11 02:00:00+00:00,57869.99,0.0,787.0458569254495,-0.2951487558234367,0.0,HOLD,closed,0.0,0.0,0.0,0.033246609592624154,True,False
2024-07-11 03:00:00+00:00,57568.0,0.0,787.0458569254495,-0.2951487558234367,0.0,HOLD,closed,0.0,0.0,0.0,0.03323787244780177,True,False
2024-07-11 04:00:00+00:00,57779.99,0.0,787.0458569254495,-0.2951487558234367,0.0,HOLD,closed,0.0,0.0,0.0,0.03323478539919114,True,False
2024-07-11 05:00:00+00:00,57994.01,0.0,787.0458569254495,-0.2951487558234367,0.0,HOLD,closed,0.0,0.0,0.0,0.033235884449177466,True,False
2024-07-11 06:00:00+00:00,57996.0,0.0,787.0458569254495,-0.2951487558234367,0.0,HOLD,closed,0.0,0.0,0.0,0.03322186741904423,True,False
2024-07-11 07:00:00+00:00,58191.5,0.0,787.0458569254495,-0.2951487558234367,0.0,HOLD,closed,0.0,0.0,0.0,0.03322271199113938,True,False
2024-07-11 08:00:00+00:00,58159.09,0.0,787.0458569254495,-0.2951487558234367,0.0,HOLD,closed,0.0,0.0,0.0,0.033220047753398124,True,False
2024-07-11 09:00:00+00:00,58290.13,0.0,787.0458569254495,-0.2951487558234367,0.0,HOLD,closed,0.0,0.0,0.0,0.033185113915200876,True,False
2024-07-11 10:00:00+00:00,58462.29,0.0,787.0458569254495,-0.2951487558234367,0.0,HOLD,closed,0.0,0.0,0.0,0.03318303640706061,True,False
2024-07-11 11:00:00+00:00,58777.99,0.0,787.0458569254495,-0.2951487558234367,0.0,HOLD,closed,0.0,0.0,0.0,0.03318652696227009,True,False
2024-07-11 12:00:00+00:00,58816.35,0.0,787.0458569254495,-0.2951487558234367,0.0,HOLD,closed,0.0,0.0,0.0,0.03318470613852592,True,False
2024-07-11 13:00:00+00:00,58566.16,0.0,787.0458569254495,-0.2951487558234367,0.0,HOLD,closed,0.0,0.0,0.0,0.03318664662442447,True,False
2024-07-11 14:00:00+00:00,57790.01,0.0,787.0458569254495,-0.2951487558234367,0.0,HOLD,closed,0.0,0.0,0.0,0.03322278705556769,True,False
2024-07-11 15:00:00+00:00,57402.01,0.0,787.0458569254495,-0.2951487558234367,0.0,HOLD,closed,0.0,0.0,0.0,0.033230126903017854,True,False
2024-07-11 16:00:00+00:00,57640.84,0.0,787.0458569254495,-0.2951487558234367,0.0,HOLD,closed,0.0,0.0,0.0,0.03323298076053105,True,False
2024-07-11 17:00:00+00:00,57797.32,0.0,787.0458569254495,-0.2951487558234367,0.0,HOLD,closed,0.0,0.0,0.0,0.03323148290662384,True,False
2024-07-11 18:00:00+00:00,57841.27,0.0,787.0458569254495,-0.2951487558234367,0.0,HOLD,closed,0.0,0.0,0.0,0.03322854535939007,True,False
2024-07-11 19:00:00+00:00,57378.01,0.0,787.0458569254495,-0.2951487558234367,0.0,HOLD,closed,0.0,0.0,0.0,0.03324158219914233,True,False
2024-07-11 20:00:00+00:00,57554.0,0.0,787.0458569254495,-0.2951487558234367,0.0,HOLD,closed,0.0,0.0,0.0,0.03324331739962719,True,False
2024-07-11 21:00:00+00:00,57460.02,0.0,787.0458569254495,-0.2951487558234367,0.0,HOLD,closed,0.0,0.0,0.0,0.033242761853059244,True,False
2024-07-11 22:00:00+00:00,57338.58,0.0,787.0458569254495,-0.2951487558234367,0.0,HOLD,closed,0.0,0.0,0.0,0.03324179529397797,True,False
2024-07-11 23:00:00+00:00,57339.89,0.0,787.0458569254495,-0.2951487558234367,0.0,HOLD,closed,0.0,0.0,0.0,0.03323732852228148,True,False
2024-07-12 00:00:00+00:00,57178.0,0.0,787.0458569254495,-0.2951487558234367,0.0,HOLD,closed,0.0,0.0,0.0,0.033237344898978144,True,False
2024-07-12 01:00:00+00:00,56950.01,0.0,787.0458569254495,-0.2951487558234367,0.0,HOLD,closed,0.0,0.0,0.0,0.033240720835667203,True,False
2024-07-12 02:00:00+00:00,57332.88,0.0,787.0458569254495,-0.2951487558234367,0.0,HOLD,closed,0.0,0.0,0.0,0.033250277643308984,True,False
2024-07-12 03:00:00+00:00,56914.01,0.0,787.0458569254495,-0.2951487558234367,0.0,HOLD,closed,0.0,0.0,0.0,0.03325226463735503,True,False
2024-07-12 04:00:00+00:00,57018.0,0.0,787.0458569254495,-0.2951487558234367,0.0,HOLD,closed,0.0,0.0,0.0,0.03323558012097444,True,False
2024-07-12 05:00:00+00:00,57026.0,0.0,787.0458569254495,-0.2951487558234367,0.0,HOLD,closed,0.0,0.0,0.0,0.033223655206318314,True,False
2024-07-12 06:00:00+00:00,57210.0,0.0,787.0458569254495,-0.2951487558234367,0.0,HOLD,closed,0.0,0.0,0.0,0.033222676728711986,True,False
2024-07-12 07:00:00+00:00,57106.94,0.0,787.0458569254495,-0.2951487558234367,0.0,HOLD,closed,0.0,0.0,0.0,0.03322152383618224,True,False
2024-07-12 08:00:00+00:00,57323.02,0.0,787.0458569254495,-0.2951487558234367,0.0,HOLD,closed,0.0,0.0,0.0,0.03322392366281615,True,False
2024-07-12 09:00:00+00:00,56949.99,0.0,787.0458569254495,-0.2951487558234367,0.0,HOLD,closed,0.0,0.0,0.0,0.033229624721020534,True,False
2024-07-12 10:00:00+00:00,57172.84,0.0,787.0458569254495,-0.2951487558234367,0.0,HOLD,closed,0.0,0.0,0.0,0.03321239945916549,True,False
2024-07-12 11:00:00+00:00,57203.54,0.0,787.0458569254495,-0.2951487558234367,0.0,HOLD,closed,0.0,0.0,0.0,0.03319951009287775,True,False
2024-07-12 12:00:00+00:00,57382.3,0.0,787.0458569254495,-0.2951487558234367,0.0,HOLD,closed,0.0,0.0,0.0,0.03320122271219916,True,False
2024-07-12 13:00:00+00:00,57850.2,0.0,787.0458569254495,-0.2951487558234367,0.0,HOLD,closed,0.0,0.0,0.0,0.0332153460019976,True,False
2024-07-12 14:00:00+00:00,57820.01,0.0,787.0458569254495,-0.2951487558234367,0.0,HOLD,closed,0.0,0.0,0.0,0.033201146663949105,True,False
2024-07-12 15:00:00+00:00,58214.0,0.0,787.0458569254495,-0.2951487558234367,0.0,HOLD,closed,0.0,0.0,0.0,0.03321013375136317,True,False
2024-07-12 16:00:00+00:00,58116.01,0.0,787.0458569254495,-0.2951487558234367,0.0,HOLD,closed,0.0,0.0,0.0,0.03320963657719375,True,False
2024-07-12 17:00:00+00:00,58161.82,0.0,787.0458569254495,-0.2951487558234367,0.0,HOLD,closed,0.0,0.0,0.0,0.03320783952430956,True,False
2024-07-12 18:00:00+00:00,58296.9,0.0,787.0458569254495,-0.2951487558234367,0.0,HOLD,closed,0.0,0.0,0.0,0.03320775880497348,True,False
2024-07-12 19:00:00+00:00,57576.01,0.0,787.0458569254495,-0.2951487558234367,0.0,HOLD,closed,0.0,0.0,0.0,0.03323941520735313,True,False
2024-07-12 20:00:00+00:00,57542.01,0.0,787.0458569254495,-0.2951487558234367,0.0,HOLD,closed,0.0,0.0,0.0,0.03323769941564292,True,False
2024-07-12 21:00:00+00:00,57597.03,0.0,787.0458569254495,-0.2951487558234367,0.0,HOLD,closed,0.0,0.0,0.0,0.033237092532424045,True,False
2024-07-12 22:00:00+00:00,57792.01,0.0,787.0458569254495,-0.2951487558234367,0.0,HOLD,closed,0.0,0.0,0.0,0.03323737403503446,True,False
2024-07-12 23:00:00+00:00,57889.1,0.0,787.0458569254495,-0.2951487558234367,0.0,HOLD,closed,0.0,0.0,0.0,0.033237002137866595,True,False
2024-07-13 00:00:00+00:00,57835.58,0.0,787.0458569254495,-0.2951487558234367,0.0,HOLD,closed,0.0,0.0,0.0,0.03323644964555053,True,False
2024-07-13 01:00:00+00:00,57880.0,0.0,787.0458569254495,-0.2951487558234367,0.0,HOLD,closed,0.0,0.0,0.0,0.033235723712623566,True,False
2024-07-13 02:00:00+00:00,57946.43,0.0,787.0458569254495,-0.2951487558234367,0.0,HOLD,closed,0.0,0.0,0.0,0.03323521904575369,True,False
2024-07-13 03:00:00+00:00,57814.0,0.0,787.0458569254495,-0.2951487558234367,0.0,HOLD,closed,0.0,0.0,0.0,0.033235560592261876,True,False
2024-07-13 04:00:00+00:00,57775.86,0.0,787.0458569254495,-0.2951487558234367,0.0,HOLD,closed,0.0,0.0,0.0,0.03323280228779041,True,False
2024-07-13 05:00:00+00:00,58076.02,0.0,787.0458569254495,-0.2951487558234367,0.0,HOLD,closed,0.0,0.0,0.0,0.03323848117567643,True,False
2024-07-13 06:00:00+00:00,58038.55,0.0,787.0458569254495,-0.2951487558234367,0.0,HOLD,closed,0.0,0.0,0.0,0.03323836700197058,True,False
2024-07-13 07:00:00+00:00,58170.32,0.0,787.0458569254495,-0.2951487558234367,0.0,HOLD,closed,0.0,0.0,0.0,0.03323885182306502,True,False
2024-07-13 08:00:00+00:00,57949.93,0.0,787.0458569254495,-0.2951487558234367,8.75651076269652e-27,HOLD,closed,8.75651076269652e-27,0.0,8.75651076269652e-27,0.03324143902839899,True,False
2024-07-13 09:00:00+00:00,58678.02,0.013581417439895799,795.3561989297752,-0.28770629888177385,1.0,BUY,closed,1.0,1.0,1.0,0.03327491898380963,False,False
2024-07-13 10:00:00+00:00,58436.67,0.0,793.7627360267843,-0.2891333495419602,8.75651076269652e-27,SELL,closed,8.75651076269652e-27,8.75651076269652e-27,1.0019877898301328,0.033278305496315774,False,False
2024-07-13 11:00:00+00:00,58534.0,0.0,793.7627360267843,-0.2891333495419602,8.75651076269652e-27,HOLD,closed,8.75651076269652e-27,0.0,8.75651076269652e-27,0.0332786669661051,True,False
2024-07-13 12:00:00+00:00,58768.01,0.0,793.7627360267843,-0.2891333495419602,8.75651076269652e-27,HOLD,closed,8.75651076269652e-27,0.0,8.75651076269652e-27,0.033281987953331066,True,False
2024-07-13 13:00:00+00:00,58617.72,0.0,793.7627360267843,-0.2891333495419602,8.75651076269652e-27,HOLD,closed,8.75651076269652e-27,0.0,8.75651076269652e-27,0.03328301515991955,True,False
2024-07-13 14:00:00+00:00,58800.0,0.013541346736793101,794.6432657700128,-0.28834477733922526,1.0,BUY,closed,1.0,1.0,1.0,0.03328497416522622,False,False
2024-07-13 15:00:00+00:00,58830.63,0.0,793.0512015093602,-0.2897705754233594,8.75651076269652e-27,SELL,closed,8.75651076269652e-27,8.75651076269652e-27,1.0019972408039202,0.03328485158247302,False,False
2024-07-13 16:00:00+00:00,58621.99,0.0,793.0512015093602,-0.2897705754233594,8.75651076269652e-27,HOLD,closed,8.75651076269652e-27,0.0,8.75651076269652e-27,0.033287268788378704,True,False
2024-07-13 17:00:00+00:00,58708.0,0.013528220408576376,792.6282648180825,-0.29014934300142603,1.0,BUY,closed,1.0,1.0,1.0,0.03328740671736655,False,False
2024-07-13 18:00:00+00:00,58643.8,0.013528220408576376,791.7597530678519,-0.2909271523023014,1.0,HOLD,closed,1.0,1.0020037630385634,0.002003763038563422,0.03328761443212311,True,False
2024-07-13 19:00:00+00:00,58624.38,0.013528220408576376,791.4970350275173,-0.29116243355811133,1.0,HOLD,closed,1.0,1.0020044281385896,0.002004428138589587,0.03328741765402468,True,False
2024-07-13 20:00:00+00:00,58596.01,0.013528220408576376,791.113239414526,-0.29150614773047634,1.0,HOLD,closed,1.0,1.0020054005540264,0.0020054005540264264,0.03328503094154267,True,False
2024-07-13 21:00:00+00:00,58686.0,0.013528220408576376,792.3306439690938,-0.29041588201418705,1.0,HOLD,closed,1.0,1.0020023192851308,0.002002319285130838,0.03328550519438053,True,False
2024-07-13 22:00:00+00:00,59464.53,0.013680652445281374,803.011834597705,-0.2808501744539263,1.0,BUY,closed,1.0,1.0019760524327186,0.001976052432718589,0.033322581070906826,True,False
2024-07-13 23:00:00+00:00,59204.02,0.0,805.7696928550002,-0.2783803312969967,8.75651076269652e-27,SELL,closed,8.75651076269652e-27,8.75651076269652e-27,1.0131362322850321,0.033326114582097804,False,False
2024-07-14 00:00:00+00:00,59753.99,0.0,805.7696928550002,-0.2783803312969967,8.75651076269652e-27,HOLD,closed,8.75651076269652e-27,0.0,8.75651076269652e-27,0.033344204318602216,True,False
2024-07-14 01:00:00+00:00,59705.99,0.0,805.7696928550002,-0.2783803312969967,8.75651076269652e-27,HOLD,closed,8.75651076269652e-27,0.0,8.75651076269652e-27,0.03334391813203694,True,False
2024-07-14 02:00:00+00:00,59356.0,0.0,805.7696928550002,-0.2783803312969967,8.75651076269652e-27,HOLD,closed,8.75651076269652e-27,0.0,8.75651076269652e-27,0.03335085790751585,True,False
2024-07-14 03:00:00+00:00,59466.15,0.013575202049582185,805.6530590902054,-0.2784847844918204,1.0,BUY,closed,1.0,1.0,1.0,0.0333513193976345,False,False
2024-07-14 04:00:00+00:00,59950.0,0.013575202049582185,812.2214206018956,-0.27260238546388826,1.0,HOLD,closed,1.0,1.0019846094053537,0.001984609405353721,0.03336477409939603,True,False
2024-07-14 05:00:00+00:00,60265.38,0.0,814.9941994418657,-0.27011917994545237,8.75651076269652e-27,SELL,closed,8.75651076269652e-27,8.75651076269652e-27,1.0019742030695764,0.033369090990563954,False,False
2024-07-14 06:00:00+00:00,59875.99,0.0,814.9941994418657,-0.27011917994545237,8.75651076269652e-27,HOLD,closed,8.75651076269652e-27,0.0,8.75651076269652e-27,0.03337441586806403,True,False
2024-07-14 07:00:00+00:00,60062.01,0.013611366815449692,815.8956538872242,-0.26931186829799447,1.0,BUY,closed,1.0,1.0,1.0,0.03337458814967553,False,False
2024-07-14 08:00:00+00:00,60202.0,0.013611366815449692,817.801109127719,-0.2676054080134157,1.0,HOLD,closed,1.0,1.0019936337549387,0.001993633754938662,0.03337556221634319,True,False
2024-07-14 09:00:00+00:00,60186.01,0.0,816.1625199919154,-0.2690728721781814,8.75651076269652e-27,SELL,closed,8.75651076269652e-27,8.75651076269652e-27,1.0019941644725279,0.033375175940011687,False,False
2024-07-14 10:00:00+00:00,59920.51,0.013560670587710022,815.3532978679148,-0.2697975837256701,1.0,BUY,closed,1.0,1.0,1.0,0.033378631278267956,False,False
2024-07-14 11:00:00+00:00,60099.1,0.013560670587710022,817.7750980281739,-0.26762870266100885,1.0,HOLD,closed,1.0,0.9965870808281394,0.0034129191718605956,0.03337921182429601,True,False
2024-07-14 12:00:00+00:00,59583.86,0.013444412608578692,810.8340283694026,-0.2738448863075541,1.0,SELL,closed,1.0,0.9965576698562536,0.003442330143746397,0.033392599739900025,True,False
2024-07-14 13:00:00+00:00,59701.93,0.013444412608578692,812.4214101660975,-0.27242328167735574,1.0,HOLD,closed,1.0,0.9879815701612064,0.012018429838793643,0.03339094484447391,True,False
2024-07-14 14:00:00+00:00,60012.0,0.013444412608578692,816.5901191836394,-0.2686899290248142,1.0,HOLD,closed,1.0,0.9880429244877758,0.011957075512224247,0.03339553031458861,True,False
2024-07-14 15:00:00+00:00,60084.0,0.0,814.9768704177523,-0.27013469922441086,8.75651076269652e-27,SELL,closed,8.75651076269652e-27,8.75651076269652e-27,0.98805708179531,0.03339501365281461,False,False
2024-07-14 16:00:00+00:00,60107.33,0.0,814.9768704177523,-0.27013469922441086,8.75651076269652e-27,HOLD,closed,8.75651076269652e-27,0.0,8.75651076269652e-27,0.033386038617717106,True,False
2024-07-14 17:00:00+00:00,60005.56,0.0,814.9768704177523,-0.27013469922441086,8.75651076269652e-27,HOLD,closed,8.75651076269652e-27,0.0,8.75651076269652e-27,0.03338570854155992,True,False
2024-07-14 18:00:00+00:00,60020.11,0.013581689270423478,813.5441227673664,-0.2714178188229442,1.0,BUY,closed,1.0,1.0,1.0,0.033383616738898086,False,False
2024-07-14 19:00:00+00:00,59915.99,0.013581689270423478,812.1299972805299,-0.2726842610512436,1.0,HOLD,closed,1.0,1.0020075126331127,0.002007512633112718,0.03337350609691636,True,False
2024-07-14 20:00:00+00:00,60084.0,0.013581689270423478,814.4118568948537,-0.270640705934296,1.0,HOLD,closed,1.0,1.0020018878844503,0.0020018878844503263,0.03337407184383537,True,False
2024-07-14 21:00:00+00:00,61276.36,0.013824081617624258,830.8660037669149,-0.2559049369920109,1.0,BUY,closed,1.0,1.0019628572318255,0.0019628572318255433,0.033452032425697276,True,False
2024-07-14 22:00:00+00:00,60861.4,0.0,829.1722485078741,-0.2574218060424741,8.75651076269652e-27,SELL,closed,8.75651076269652e-27,8.75651076269652e-27,1.0196616371952563,0.03345139806367797,False,False
2024-07-14 23:00:00+00:00,60797.91,0.0,829.1722485078741,-0.2574218060424741,8.75651076269652e-27,HOLD,closed,8.75651076269652e-27,0.0,8.75651076269652e-27,0.03345002259743826,True,False
2024-07-15 00:00:00+00:00,61211.99,0.0,829.1722485078741,-0.2574218060424741,8.75651076269652e-27,HOLD,closed,8.75651076269652e-27,0.0,8.75651076269652e-27,0.033458089903852545,True,False
2024-07-15 01:00:00+00:00,61390.0,0.0,829.1722485078741,-0.2574218060424741,8.75651076269652e-27,HOLD,closed,8.75651076269652e-27,0.0,8.75651076269652e-27,0.0334448399734307,True,False
2024-07-15 02:00:00+00:00,62482.0,0.0,829.1722485078741,-0.2574218060424741,8.75651076269652e-27,HOLD,closed,8.75651076269652e-27,0.0,8.75651076269652e-27,0.03350892229902622,True,False
2024-07-15 03:00:00+00:00,62647.87,0.0,829.1722485078741,-0.2574218060424741,8.75651076269652e-27,HOLD,closed,8.75651076269652e-27,0.0,8.75651076269652e-27,0.033509802809696926,True,False
2024-07-15 04:00:00+00:00,62610.0,0.0,829.1722485078741,-0.2574218060424741,8.75651076269652e-27,HOLD,closed,8.75651076269652e-27,0.0,8.75651076269652e-27,0.033505543108468705,True,False
2024-07-15 05:00:00+00:00,62799.99,0.0,829.1722485078741,-0.2574218060424741,8.75651076269652e-27,HOLD,closed,8.75651076269652e-27,0.0,8.75651076269652e-27,0.03341178874983733,True,False
2024-07-15 06:00:00+00:00,62870.02,0.0,829.1722485078741,-0.2574218060424741,8.75651076269652e-27,HOLD,closed,8.75651076269652e-27,0.0,8.75651076269652e-27,0.033408220225239926,True,False
2024-07-15 07:00:00+00:00,62840.12,0.0,829.1722485078741,-0.2574218060424741,8.75651076269652e-27,HOLD,closed,8.75651076269652e-27,0.0,8.75651076269652e-27,0.03340511002658511,True,False
2024-07-15 08:00:00+00:00,62879.54,0.013194950113205928,828.0336343581968,-0.25844150977761887,1.0,BUY,closed,1.0,1.0,1.0,0.033403085138514005,False,False
2024-07-15 09:00:00+00:00,62637.64,0.013194950113205928,824.8417759258123,-0.261300028588823,1.0,HOLD,closed,1.0,1.0020110027541682,0.002011002754168212,0.033398781361836494,True,False
2024-07-15 10:00:00+00:00,62535.96,0.013194950113205928,823.5001133983014,-0.2625015754789563,1.0,HOLD,closed,1.0,1.0020142791192763,0.0020142791192763188,0.03339493769670074,True,False
2024-07-15 11:00:00+00:00,62454.0,0.013194950113205928,822.4186552870231,-0.26347009222871365,1.0,HOLD,closed,1.0,1.0020169278414057,0.0020169278414057246,0.03338229582853436,True,False
2024-07-15 12:00:00+00:00,62616.0,0.013194950113205928,824.5562372053624,-0.2615557472621362,1.0,HOLD,closed,1.0,1.0020116991519727,0.0020116991519727456,0.03335652573517739,True,False
2024-07-15 13:00:00+00:00,62908.01,0.013194950113205928,828.4092945879198,-0.2581050813751592,1.0,HOLD,closed,1.0,1.002002342433839,0.0020023424338388995,0.0333604726662689,True,False
2024-07-15 14:00:00+00:00,63218.06,0.013194950113205928,832.5003888705191,-0.2544412378141265,1.0,HOLD,closed,1.0,1.0019925024724499,0.001992502472449864,0.033363671833269826,True,False
2024-07-15 15:00:00+00:00,63026.0,0.0,830.8324876541858,-0.25593495287170737,8.75651076269652e-27,SELL,closed,8.75651076269652e-27,8.75651076269652e-27,1.0019985863877219,0.033293209311848065,False,False
2024-07-15 16:00:00+00:00,63411.77,0.013182374826745114,834.2556401757988,-0.25286929501627997,1.0,BUY,closed,1.0,1.0,1.0,0.03329815689954274,False,False
2024-07-15 17:00:00+00:00,63081.97,0.0,837.0747653786752,-0.2503445832866492,8.75651076269652e-27,SELL,closed,8.75651076269652e-27,8.75651076269652e-27,1.0020027282607018,0.03328174669977618,False,False
2024-07-15 18:00:00+00:00,63499.0,0.013269635767219623,840.9340335145388,-0.2468883552622737,1.0,BUY,closed,1.0,1.0,1.0,0.03329029659633964,False,False
2024-07-15 19:00:00+00:00,63342.0,0.0,843.7773768106938,-0.2443419546398945,8.75651076269652e-27,SELL,closed,8.75651076269652e-27,8.75651076269652e-27,1.0019962647307137,0.03328709899390611,False,False
2024-07-15 20:00:00+00:00,63731.36,0.013320977815836157,847.2760560907581,-0.24120865761300772,1.0,BUY,closed,1.0,1.0,1.0,0.03329183273303196,False,False
2024-07-15 21:00:00+00:00,63532.44,0.0,845.5785525073084,-0.242728883534103,8.75651076269652e-27,SELL,closed,8.75651076269652e-27,8.75651076269652e-27,1.0019984894477745,0.033290080104758174,False,False
2024-07-15 22:00:00+00:00,64343.6,0.013309398356293389,854.6830241837084,-0.2345752313266577,1.0,BUY,closed,1.0,1.0,1.0,0.03332045976346623,False,False
2024-07-15 23:00:00+00:00,64724.14,0.0,857.5787577616339,-0.23198191176688268,8.75651076269652e-27,SELL,closed,8.75651076269652e-27,8.75651076269652e-27,1.0019675303949118,0.03330420847867541,False,False
2024-07-16 00:00:00+00:00,64611.44,0.0,857.5787577616339,-0.23198191176688268,8.75651076269652e-27,HOLD,closed,8.75651076269652e-27,0.0,8.75651076269652e-27,0.033303330224887906,True,False
2024-07-16 01:00:00+00:00,64848.08,0.0,857.5787577616339,-0.23198191176688268,8.75651076269652e-27,HOLD,closed,8.75651076269652e-27,0.0,8.75651076269652e-27,0.03329907929391507,True,False
2024-07-16 02:00:00+00:00,64819.91,0.0,857.5787577616339,-0.23198191176688268,8.75651076269652e-27,HOLD,closed,8.75651076269652e-27,0.0,8.75651076269652e-27,0.03329811098342822,True,False
2024-07-16 03:00:00+00:00,64752.14,0.013230224062566718,854.9697344257867,-0.2343184634788013,1.0,BUY,closed,1.0,1.0,1.0,0.03328574018958255,False,False
2024-07-16 04:00:00+00:00,64487.01,0.0131495577616443,851.4729481568786,-0.2374500651898981,1.0,SELL,closed,1.0,1.0020148712386294,0.002014871238629423,0.03328618364279992,True,False
2024-07-16 05:00:00+00:00,63654.92,0.012979886140679292,840.6506369378526,-0.24714215550518834,1.0,SELL,closed,1.0,0.9958391970051079,0.004160802994892077,0.03329996465580479,True,False
2024-07-16 06:00:00+00:00,62899.64,0.012825876860574436,830.9439066675135,-0.25583516982923543,1.0,SELL,closed,1.0,0.9826478042619965,0.017352195738003506,0.03332506790326101,True,False
2024-07-16 07:00:00+00:00,62895.01,0.012825876860574436,830.884522857649,-0.255888351930251,1.0,HOLD,closed,1.0,0.9708733659283753,0.029126634071624746,0.03331927890497477,True,False
2024-07-16 08:00:00+00:00,62820.67,0.012825876860574436,829.9310471718339,-0.256742252014376,1.0,HOLD,closed,1.0,0.970839903464847,0.029160096535152946,0.03331094944547028,True,False
2024-07-16 09:00:00+00:00,63187.54,0.012825876860574436,834.6364766156729,-0.2525282309777478,1.0,HOLD,closed,1.0,0.9710042993194088,0.028995700680591208,0.03331063425031949,True,False
2024-07-16 10:00:00+00:00,63443.54,0.012825876860574436,837.9199010919799,-0.24958770876176717,1.0,HOLD,closed,1.0,0.9711179201955789,0.028882079804421146,0.033296133427647034,True,False
2024-07-16 11:00:00+00:00,63746.11,0.0,840.6703551591903,-0.2471244965432352,8.75651076269652e-27,SELL,closed,8.75651076269652e-27,8.75651076269652e-27,0.9712510674299991,0.03330056707828327,False,False
2024-07-16 12:00:00+00:00,63743.31,0.0,840.6703551591903,-0.2471244965432352,8.75651076269652e-27,HOLD,closed,8.75651076269652e-27,0.0,8.75651076269652e-27,0.033290484501059425,True,False
2024-07-16 13:00:00+00:00,63419.99,0.0,840.6703551591903,-0.2471244965432352,8.75651076269652e-27,HOLD,closed,8.75651076269652e-27,0.0,8.75651076269652e-27,0.033295559169224415,True,False
2024-07-16 14:00:00+00:00,63836.09,0.01325560529352323,849.0171130245532,-0.23964942680686174,1.0,BUY,closed,1.0,1.0,1.0,0.0332475558230205,False,False
2024-07-16 15:00:00+00:00,64878.24,0.0,851.8691684164727,-0.23709522393066854,8.75651076269652e-27,SELL,closed,8.75651076269652e-27,8.75651076269652e-27,0.9967188255264562,0.033276676415679135,False,False
2024-07-16 16:00:00+00:00,64500.0,0.0,851.8691684164727,-0.23709522393066854,8.75651076269652e-27,HOLD,closed,8.75651076269652e-27,0.0,8.75651076269652e-27,0.03328074604628489,True,False
2024-07-16 17:00:00+00:00,64547.52,0.0,851.8691684164727,-0.23709522393066854,8.75651076269652e-27,HOLD,closed,8.75651076269652e-27,0.0,8.75651076269652e-27,0.03327278014677271,True,False
2024-07-16 18:00:00+00:00,64795.44,0.0,851.8691684164727,-0.23709522393066854,8.75651076269652e-27,HOLD,closed,8.75651076269652e-27,0.0,8.75651076269652e-27,0.03326987199442677,True,False
2024-07-16 19:00:00+00:00,65165.43,0.0,851.8691684164727,-0.23709522393066854,8.75651076269652e-27,HOLD,closed,8.75651076269652e-27,0.0,8.75651076269652e-27,0.033275444609877386,True,False
2024-07-16 20:00:00+00:00,64651.82,0.0,851.8691684164727,-0.23709522393066854,8.75651076269652e-27,HOLD,closed,8.75651076269652e-27,0.0,8.75651076269652e-27,0.03328789284615019,True,False
2024-07-16 21:00:00+00:00,64500.01,0.013176259669356141,848.1647161646507,-0.24041280416530625,1.0,BUY,closed,1.0,1.0,1.0,0.03328213446847947,False,False
2024-07-16 22:00:00+00:00,64616.92,0.013176259669356141,849.7051526825951,-0.2390332421147675,1.0,HOLD,closed,1.0,1.0020055948419717,0.002005594841971714,0.03328126586378871,True,False
2024-07-16 23:00:00+00:00,65043.99,0.013176259669356141,855.3323378995871,-0.23399372825860798,1.0,HOLD,closed,1.0,1.0019924001419167,0.001992400141916706,0.033287922610127946,True,False
2024-07-17 00:00:00+00:00,65505.41,0.0,858.2269397976843,-0.23140142219242799,8.75651076269652e-27,SELL,closed,8.75651076269652e-27,8.75651076269652e-27,1.0019783379136924,0.033293889100228985,False,False
2024-07-17 01:00:00+00:00,65670.19,0.0,858.2269397976843,-0.23140142219242799,8.75651076269652e-27,HOLD,closed,8.75651076269652e-27,0.0,8.75651076269652e-27,0.0332886192010958,True,False
2024-07-17 02:00:00+00:00,65612.86,0.0,858.2269397976843,-0.23140142219242799,8.75651076269652e-27,HOLD,closed,8.75651076269652e-27,0.0,8.75651076269652e-27,0.03328298837195154,True,False
2024-07-17 03:00:00+00:00,65701.66,0.0,858.2269397976843,-0.23140142219242799,8.75651076269652e-27,HOLD,closed,8.75651076269652e-27,0.0,8.75651076269652e-27,0.03328171995561777,True,False
2024-07-17 04:00:00+00:00,65830.0,0.0,858.2269397976843,-0.23140142219242799,8.75651076269652e-27,HOLD,closed,8.75651076269652e-27,0.0,8.75651076269652e-27,0.033279112445340236,True,False
2024-07-17 05:00:00+00:00,65624.01,0.0,858.2269397976843,-0.23140142219242799,8.75651076269652e-27,HOLD,closed,8.75651076269652e-27,0.0,8.75651076269652e-27,0.033280590508457414,True,False
2024-07-17 06:00:00+00:00,65575.87,0.013077943127479036,855.8806154018937,-0.23350270975408968,1.0,BUY,closed,1.0,1.0,1.0,0.033279937087724004,False,False
2024-07-17 07:00:00+00:00,65258.0,0.012988367971632891,851.7402578741852,-0.23721067178585928,1.0,SELL,closed,1.0,1.0020157749943002,0.002015774994300168,0.033282850742332976,True,False
2024-07-17 08:00:00+00:00,65179.63,0.012988367971632891,850.7223594762484,-0.23812226663883754,1.0,HOLD,closed,1.0,0.995127269507859,0.004872730492140986,0.033281893026031656,True,False
2024-07-17 09:00:00+00:00,65331.98,0.012988367971632891,852.7011373367267,-0.23635014113352626,1.0,HOLD,closed,1.0,0.99513857716396,0.004861422836039964,0.03327589051065344,True,False
2024-07-17 10:00:00+00:00,65120.02,0.012988367971632891,849.9481228614593,-0.2388156463655957,1.0,HOLD,closed,1.0,0.9951228308294744,0.004877169170525608,0.033277715109961664,True,False
2024-07-17 11:00:00+00:00,64723.73,0.012909326835842725,844.8219939825765,-0.24340643137042958,1.0,SELL,closed,1.0,0.9950931154611725,0.004906884538827483,0.033281297889244194,True,False
2024-07-17 12:00:00+00:00,64730.72,0.012909326835842725,844.912230177159,-0.24332561893305812,1.0,HOLD,closed,1.0,0.9890139957190686,0.010986004280931438,0.03327837581231638,True,False
2024-07-17 13:00:00+00:00,65141.95,0.012991336931842495,850.24403704249,-0.2385506357860549,1.0,BUY,closed,1.0,0.9890825913344828,0.010917408665517159,0.03328174341977633,True,False
2024-07-17 14:00:00+00:00,65032.09,0.0,848.5518981413062,-0.24006605728192332,8.75651076269652e-27,SELL,closed,8.75651076269652e-27,8.75651076269652e-27,0.9953311289852885,0.0332718310932813,False,False
2024-07-17 15:00:00+00:00,64724.01,0.013048200783018021,847.3988763271986,-0.24109866402660682,1.0,BUY,closed,1.0,1.0,1.0,0.03327532322281784,False,False
2024-07-17 16:00:00+00:00,64242.0,0.012951028755830235,841.1437753747638,-0.24670051765429366,1.0,SELL,closed,1.0,0.996591408941892,0.0034085910581079792,0.033285447663595646,True,False
2024-07-17 17:00:00+00:00,64278.83,0.012951028755830235,841.620761763841,-0.24627334502281611,1.0,HOLD,closed,1.0,0.989135503235977,0.010864496764023013,0.033283791588399364,True,False
2024-07-17 18:00:00+00:00,64504.0,0.012951028755830235,844.5369449087913,-0.24366171153300328,1.0,HOLD,closed,1.0,0.9891730183056642,0.010826981694335824,0.03328474644686327,True,False
2024-07-17 19:00:00+00:00,64585.78,0.012951028755830235,845.5960800404431,-0.24271318647728138,1.0,HOLD,closed,1.0,0.9891865794336695,0.0108134205663305,0.03328162737517698,True,False
2024-07-17 20:00:00+00:00,64510.31,0.0,843.9235936785947,-0.24421100783374253,8.75651076269652e-27,SELL,closed,8.75651076269652e-27,8.75651076269652e-27,0.9891740658691555,0.03327674547587803,False,False
2024-07-17 21:00:00+00:00,64318.0,0.0,843.9235936785947,-0.24421100783374253,8.75651076269652e-27,HOLD,closed,8.75651076269652e-27,0.0,8.75651076269652e-27,0.03327619585483413,True,False
2024-07-17 22:00:00+00:00,64269.2,0.013121110632771459,841.5950143305614,-0.24629640353995555,1.0,BUY,closed,1.0,1.0,1.0,0.03327367598886696,False,False
2024-07-17 23:00:00+00:00,64087.99,0.013121110632771459,839.217337872797,-0.24842576893176568,1.0,HOLD,closed,1.0,1.0020117186251576,0.002011718625157588,0.033273489420031416,True,False
2024-07-18 00:00:00+00:00,64443.54,0.013121110632771459,843.8825487582789,-0.24424776625499225,1.0,HOLD,closed,1.0,1.0020005973007002,0.0020005973007002353,0.03327888188837308,True,False
2024-07-18 01:00:00+00:00,64678.99,0.0,842.1916989591233,-0.24576203327534885,8.75651076269652e-27,SELL,closed,8.75651076269652e-27,8.75651076269652e-27,1.0019933000383319,0.03327557923487362,False,False
2024-07-18 02:00:00+00:00,64701.35,0.0,842.1916989591233,-0.24576203327534885,8.75651076269652e-27,HOLD,closed,8.75651076269652e-27,0.0,8.75651076269652e-27,0.03327475890233056,True,False
2024-07-18 03:00:00+00:00,64865.08,0.0,842.1916989591233,-0.24576203327534885,8.75651076269652e-27,HOLD,closed,8.75651076269652e-27,0.0,8.75651076269652e-27,0.033275349933699155,True,False
2024-07-18 04:00:00+00:00,64574.0,0.0,842.1916989591233,-0.24576203327534885,8.75651076269652e-27,HOLD,closed,8.75651076269652e-27,0.0,8.75651076269652e-27,0.033278543770711405,True,False
2024-07-18 05:00:00+00:00,64756.77,0.013042272415509698,842.8906305947384,-0.24513609410214474,1.0,BUY,closed,1.0,1.0,1.0,0.03327002325938794,False,False
2024-07-18 06:00:00+00:00,65000.01,0.0,845.735192355472,-0.24258860226472806,8.75651076269652e-27,SELL,closed,8.75651076269652e-27,8.75651076269652e-27,1.0019913463042096,0.03327089521631821,False,False
2024-07-18 07:00:00+00:00,64668.0,0.0,845.735192355472,-0.24258860226472806,8.75651076269652e-27,HOLD,closed,8.75651076269652e-27,0.0,8.75651076269652e-27,0.03327555207007052,True,False
2024-07-18 08:00:00+00:00,64936.9,0.013078109611484381,847.5600027776932,-0.24095436471024362,1.0,BUY,closed,1.0,1.0,1.0,0.03327762693745079,False,False
2024-07-18 09:00:00+00:00,64865.99,0.0,845.8617930919819,-0.24247522299227847,8.75651076269652e-27,SELL,closed,8.75651076269652e-27,8.75651076269652e-27,1.0019983794438247,0.033255282822652554,False,False
2024-07-18 10:00:00+00:00,64609.99,0.0,845.8617930919819,-0.24247522299227847,8.75651076269652e-27,HOLD,closed,8.75651076269652e-27,0.0,8.75651076269652e-27,0.03325416760977107,True,False
2024-07-18 11:00:00+00:00,64758.0,0.013091811236806907,846.1073655560613,-0.2422552967258243,1.0,BUY,closed,1.0,1.0,1.0,0.03325299656048761,False,False
2024-07-18 12:00:00+00:00,64850.66,0.013091811236806907,847.3204527852638,-0.24116889745788544,1.0,HOLD,closed,1.0,1.0019970561450726,0.0019970561450726176,0.03325174745661055,True,False
2024-07-18 13:00:00+00:00,64594.2,0.0,845.6228520929587,-0.2426892103463371,8.75651076269652e-27,SELL,closed,8.75651076269652e-27,8.75651076269652e-27,1.0020050010056072,0.03325330324584394,False,False
2024-07-18 14:00:00+00:00,63995.4,0.013091312410293165,840.6389296931652,-0.2471526401115314,1.0,BUY,closed,1.0,1.0,1.0,0.033269524547824336,False,False
2024-07-18 15:00:00+00:00,63538.12,0.012997768259635792,834.6833404259187,-0.2524862613584836,1.0,SELL,closed,1.0,0.9965792286562706,0.003420771343729423,0.03326882395278377,True,False
2024-07-18 16:00:00+00:00,63904.0,0.012997768259635792,839.4389638767542,-0.2482272882927323,1.0,HOLD,closed,1.0,0.989481568770395,0.010518431229605052,0.03327412456285522,True,False
2024-07-18 17:00:00+00:00,63555.52,0.012997768259635792,834.9095015936363,-0.25228371918251324,1.0,HOLD,closed,1.0,0.9894245052953223,0.010575494704677668,0.03327698402237117,True,False
2024-07-18 18:00:00+00:00,63520.01,0.012997768259635792,834.4479508427366,-0.2526970681864621,1.0,HOLD,closed,1.0,0.9894186557662809,0.010581344233719148,0.033274252035643936,True,False
2024-07-18 19:00:00+00:00,63555.0,0.012997768259635792,834.9027427541413,-0.2522897721670824,1.0,HOLD,closed,1.0,0.98942441968287,0.010575580317130018,0.033273249902575075,True,False
2024-07-18 20:00:00+00:00,63826.01,0.012997768259635792,838.4252679301852,-0.24913511957456771,1.0,HOLD,closed,1.0,0.9894688514877586,0.01053114851224135,0.03327288076265825,True,False
2024-07-18 21:00:00+00:00,63850.0,0.0,836.7664913541945,-0.2506206629175762,8.75651076269652e-27,SELL,closed,8.75651076269652e-27,8.75651076269652e-27,0.9894727666424784,0.033254465769475605,False,False
2024-07-18 22:00:00+00:00,64032.0,0.0,836.7664913541945,-0.2506206629175762,8.75651076269652e-27,HOLD,closed,8.75651076269652e-27,0.0,8.75651076269652e-27,0.03324658127421007,True,False
2024-07-18 23:00:00+00:00,63987.92,0.0,836.7664913541945,-0.2506206629175762,8.75651076269652e-27,HOLD,closed,8.75651076269652e-27,0.0,8.75651076269652e-27,0.03324072167457434,True,False
2024-07-19 00:00:00+00:00,63600.0,0.0,836.7664913541945,-0.2506206629175762,8.75651076269652e-27,HOLD,closed,8.75651076269652e-27,0.0,8.75651076269652e-27,0.0332432233341986,True,False
2024-07-19 01:00:00+00:00,63816.0,0.013156707907567195,842.4252050716542,-0.2455529132190116,1.0,BUY,closed,1.0,1.0,1.0,0.033243883906724,False,False
2024-07-19 02:00:00+00:00,63828.0,0.0,840.7462766282209,-0.24705650388253433,8.75651076269652e-27,SELL,closed,8.75651076269652e-27,8.75651076269652e-27,0.9966570261252607,0.03324363375239531,False,False
2024-07-19 03:00:00+00:00,64325.0,0.0,840.7462766282209,-0.24705650388253433,8.75651076269652e-27,HOLD,closed,8.75651076269652e-27,0.0,8.75651076269652e-27,0.033251257465757605,True,False
2024-07-19 04:00:00+00:00,64141.92,0.0,840.7462766282209,-0.24705650388253433,8.75651076269652e-27,HOLD,closed,8.75651076269652e-27,0.0,8.75651076269652e-27,0.03325152171397919,True,False
2024-07-19 05:00:00+00:00,64164.0,0.0,840.7462766282209,-0.24705650388253433,8.75651076269652e-27,HOLD,closed,8.75651076269652e-27,0.0,8.75651076269652e-27,0.03325095735641723,True,False
2024-07-19 06:00:00+00:00,64210.01,0.0,840.7462766282209,-0.24705650388253433,8.75651076269652e-27,HOLD,closed,8.75651076269652e-27,0.0,8.75651076269652e-27,0.033250708304813165,True,False
2024-07-19 07:00:00+00:00,63694.01,0.0,840.7462766282209,-0.24705650388253433,8.75651076269652e-27,HOLD,closed,8.75651076269652e-27,0.0,8.75651076269652e-27,0.033262185109555725,True,False
2024-07-19 08:00:00+00:00,63809.0,0.013199769909732813,845.0967855235225,-0.24316033750204735,1.0,BUY,closed,1.0,1.0,1.0,0.03325148267758121,False,False
2024-07-19 09:00:00+00:00,63700.0,0.013199769909732813,843.6580106033616,-0.24444885491642906,1.0,HOLD,closed,1.0,0.9966423985574965,0.0033576014425035217,0.0332448815276615,True,False
2024-07-19 10:00:00+00:00,63994.01,0.013199769909732813,847.5388749545223,-0.2409732860631962,1.0,HOLD,closed,1.0,0.9966577729504933,0.0033422270495067075,0.033237763267775305,True,False
2024-07-19 11:00:00+00:00,64116.0,0.0,845.8497531586542,-0.2424860055431441,8.75651076269652e-27,SELL,closed,8.75651076269652e-27,8.75651076269652e-27,0.9966641108096045,0.033222799165590705,False,False
2024-07-19 12:00:00+00:00,64414.0,0.0,845.8497531586542,-0.2424860055431441,8.75651076269652e-27,HOLD,closed,8.75651076269652e-27,0.0,8.75651076269652e-27,0.033215130213024635,True,False
2024-07-19 13:00:00+00:00,65135.9,0.0,845.8497531586542,-0.2424860055431441,8.75651076269652e-27,HOLD,closed,8.75651076269652e-27,0.0,8.75651076269652e-27,0.03323904295251659,True,False
2024-07-19 14:00:00+00:00,65747.04,0.0,845.8497531586542,-0.2424860055431441,8.75651076269652e-27,HOLD,closed,8.75651076269652e-27,0.0,8.75651076269652e-27,0.033256055052983985,True,False
2024-07-19 15:00:00+00:00,65836.77,0.0,845.8497531586542,-0.2424860055431441,8.75651076269652e-27,HOLD,closed,8.75651076269652e-27,0.0,8.75651076269652e-27,0.03322850325314894,True,False
2024-07-19 16:00:00+00:00,66419.43,0.0,845.8497531586542,-0.2424860055431441,8.75651076269652e-27,HOLD,closed,8.75651076269652e-27,0.0,8.75651076269652e-27,0.033242206707461336,True,False
2024-07-19 17:00:00+00:00,66755.42,0.0,845.8497531586542,-0.2424860055431441,8.75651076269652e-27,HOLD,closed,8.75651076269652e-27,0.0,8.75651076269652e-27,0.03324487643153326,True,False
2024-07-19 18:00:00+00:00,66787.99,0.0,845.8497531586542,-0.2424860055431441,8.75651076269652e-27,HOLD,closed,8.75651076269652e-27,0.0,8.75651076269652e-27,0.03324297410344909,True,False
2024-07-19 19:00:00+00:00,67157.26,0.0,845.8497531586542,-0.2424860055431441,8.75651076269652e-27,HOLD,closed,8.75651076269652e-27,0.0,8.75651076269652e-27,0.03324770711846681,True,False
2024-07-19 20:00:00+00:00,66931.8,0.0,845.8497531586542,-0.2424860055431441,8.75651076269652e-27,HOLD,closed,8.75651076269652e-27,0.0,8.75651076269652e-27,0.033242777055167455,True,False
2024-07-19 21:00:00+00:00,66892.28,0.012637485123421197,843.6580709405317,-0.24444880088053136,1.0,BUY,closed,1.0,1.0,1.0,0.033234146161985306,False,False
2024-07-19 22:00:00+00:00,66721.19,0.012637485123421197,841.4959236107657,-0.2463851457860646,1.0,HOLD,closed,1.0,1.0020108504197296,0.002010850419729593,0.03317641100025226,True,False
2024-07-19 23:00:00+00:00,66660.0,0.012637485123421197,840.7226358960635,-0.24707767571048794,1.0,HOLD,closed,1.0,1.0020126999785013,0.0020126999785012867,0.03312303395106389,True,False
2024-07-20 00:00:00+00:00,66419.88,0.012637485123421197,837.6881229682276,-0.2497952812906893,1.0,HOLD,closed,1.0,1.0020199909546261,0.0020199909546261274,0.03311999558922779,True,False
2024-07-20 01:00:00+00:00,66361.99,0.012637485123421197,836.9565389544327,-0.25045046281258615,1.0,HOLD,closed,1.0,1.0020217566294511,0.0020217566294511435,0.03301749418794017,True,False
2024-07-20 02:00:00+00:00,66570.57,0.012637485123421197,839.592465601476,-0.24808981741895622,1.0,HOLD,closed,1.0,1.0020154092616604,0.002015409261660439,0.03290744274822552,True,False
2024-07-20 03:00:00+00:00,66602.01,0.012637485123421197,839.9897881337562,-0.24773398900215837,1.0,HOLD,closed,1.0,1.0020144559554147,0.002014455955414718,0.03281048446814919,True,False
2024-07-20 04:00:00+00:00,66660.84,0.012637485123421197,840.7332513835671,-0.24706816884439034,1.0,HOLD,closed,1.0,1.002012674565219,0.0020126745652189193,0.03269866261616061,True,False
2024-07-20 05:00:00+00:00,66537.32,0.012637485123421197,839.1722692211223,-0.24846613086865504,1.0,HOLD,closed,1.0,1.002016418431896,0.0020164184318960388,0.03265983098625794,True,False
2024-07-20 06:00:00+00:00,66625.77,0.012637485123421197,840.2900547802889,-0.24746508050396734,1.0,HOLD,closed,1.0,1.0020137361159605,0.0020137361159604517,0.03264787506432981,True,False
2024-07-20 07:00:00+00:00,66562.28,0.012637485123421197,839.4877008498028,-0.24818364113318195,1.0,HOLD,closed,1.0,1.0020156607767816,0.0020156607767816137,0.03264162851591554,True,False
2024-07-20 08:00:00+00:00,66510.71,0.012637485123421197,838.835985741988,-0.24876729480539156,1.0,HOLD,closed,1.0,1.0020172267999408,0.0020172267999407634,0.03263680015981346,True,False
2024-07-20 09:00:00+00:00,66582.79,0.012637485123421197,839.746895669684,-0.24795151515263092,1.0,HOLD,closed,1.0,1.0020150386264233,0.002015038626423271,0.03262339931003316,True,False
2024-07-20 10:00:00+00:00,66524.99,0.012637485123421197,839.0164490295505,-0.24860567808173137,1.0,HOLD,closed,1.0,1.0020167929164567,0.0020167929164567333,0.03260835011298985,True,False
2024-07-20 11:00:00+00:00,66483.69,0.012637485123421197,838.4945208939531,-0.24907309899819952,1.0,HOLD,closed,1.0,1.0020180482865761,0.002018048286576146,0.032601771715539435,True,False
2024-07-20 12:00:00+00:00,66476.28,0.012637485123421197,838.4008771291885,-0.24915696313841817,1.0,HOLD,closed,1.0,1.0020182736890586,0.002018273689058603,0.032598486586626924,True,False
2024-07-20 13:00:00+00:00,66539.89,0.012637485123421197,839.2047475578894,-0.2484370443854754,1.0,HOLD,closed,1.0,1.0020163403938285,0.002016340393828475,0.03259549245847593,True,False
2024-07-20 14:00:00+00:00,66590.0,0.012637485123421197,839.838011937424,-0.2478699145519593,1.0,HOLD,closed,1.0,1.002014820009504,0.002014820009504037,0.03257077346457171,True,False
2024-07-20 15:00:00+00:00,66825.0,0.012637485123421197,842.807820941428,-0.24521025558416265,1.0,HOLD,closed,1.0,1.0020077203712983,0.0020077203712982605,0.03254856118073493,True,False
2024-07-20 16:00:00+00:00,66804.91,0.0,841.1191171824898,-0.24672260068459043,8.75651076269652e-27,SELL,closed,8.75651076269652e-27,8.75651076269652e-27,1.0020083253583907,0.03254834158085965,False,False
2024-07-20 17:00:00+00:00,67403.01,0.0,841.1191171824898,-0.24672260068459043,8.75651076269652e-27,HOLD,closed,8.75651076269652e-27,0.0,8.75651076269652e-27,0.03256169487352617,True,False
2024-07-20 18:00:00+00:00,67467.99,0.0,841.1191171824898,-0.24672260068459043,8.75651076269652e-27,HOLD,closed,8.75651076269652e-27,0.0,8.75651076269652e-27,0.03256111395965905,True,False
2024-07-20 19:00:00+00:00,67224.0,0.0,841.1191171824898,-0.24672260068459043,8.75651076269652e-27,HOLD,closed,8.75651076269652e-27,0.0,8.75651076269652e-27,0.0325632664471488,True,False
2024-07-20 20:00:00+00:00,67339.28,0.012512184892039894,840.8788630629207,-0.24693776402432058,1.0,BUY,closed,1.0,1.0,1.0,0.03256363120191491,False,False
2024-07-20 21:00:00+00:00,67092.41,0.0,839.1941612999681,-0.24844652507456275,8.75651076269652e-27,SELL,closed,8.75651076269652e-27,8.75651076269652e-27,1.002008449413499,0.03256558903522547,False,False
2024-07-20 22:00:00+00:00,67114.0,0.012508036100958799,837.7855269600683,-0.2497080496202186,1.0,BUY,closed,1.0,1.0,1.0,0.03255966250162892,False,False
2024-07-20 23:00:00+00:00,67139.96,0.012508036100958799,838.1102355772493,-0.24941725173239415,1.0,HOLD,closed,1.0,1.0020030872412913,0.0020030872412912792,0.03255443680951958,True,False
2024-07-21 00:00:00+00:00,67066.02,0.012508036100958799,837.1853913879444,-0.25024551043138227,1.0,HOLD,closed,1.0,1.0020053000648963,0.002005300064896298,0.03255341155608535,True,False
2024-07-21 01:00:00+00:00,67276.33,0.012508036100958799,839.815956460337,-0.24788966667990567,1.0,HOLD,closed,1.0,1.0019990188406949,0.001999018840694866,0.03255296287201423,True,False
2024-07-21 02:00:00+00:00,67287.01,0.0,838.1332628486964,-0.24939662929878798,8.75651076269652e-27,SELL,closed,8.75651076269652e-27,8.75651076269652e-27,1.0019987009161426,0.03254821726553794,False,False
2024-07-21 03:00:00+00:00,67171.33,0.012456093127762646,835.0156564033482,-0.2521886505800393,1.0,BUY,closed,1.0,1.0,1.0,0.03253348096425179,False,False
2024-07-21 04:00:00+00:00,67040.01,0.012456093127762646,833.3799222538103,-0.2536535579171389,1.0,HOLD,closed,1.0,1.0020119102315235,0.0020119102315234727,0.03252643649788614,True,False
2024-07-21 05:00:00+00:00,67046.0,0.012456093127762646,833.4545342516457,-0.2535867379738763,1.0,HOLD,closed,1.0,1.0020117301225486,0.0020117301225486273,0.03252277698785602,True,False
2024-07-21 06:00:00+00:00,66721.99,0.012370889173363353,829.434820138223,-0.2571866559064199,1.0,SELL,closed,1.0,1.0020215190743609,0.002021519074360878,0.03252544364261983,True,False
2024-07-21 07:00:00+00:00,66701.99,0.012370889173363353,829.1874023547558,-0.2574082347775539,1.0,HOLD,closed,1.0,0.9951464814702488,0.004853518529751244,0.03252402802908283,True,False
2024-07-21 08:00:00+00:00,66796.01,0.012370889173363353,830.3505133548352,-0.25636659250435273,1.0,HOLD,closed,1.0,0.9951532800218246,0.004846719978175429,0.032523344635229406,True,False
2024-07-21 09:00:00+00:00,66976.0,0.012370889173363353,832.577149697149,-0.2543724934535813,1.0,HOLD,closed,1.0,0.99516624204324,0.004833757956759999,0.032521079313329926,True,False
2024-07-21 10:00:00+00:00,66798.87,0.0,830.9204586269353,-0.2558561690892272,8.75651076269652e-27,SELL,closed,8.75651076269652e-27,8.75651076269652e-27,0.9951534865288899,0.03252085289772233,False,False
2024-07-21 11:00:00+00:00,66879.99,0.012439141306108148,830.2673897836171,-0.2564410351204696,1.0,BUY,closed,1.0,1.0,1.0,0.03251992664097847,False,False
2024-07-21 12:00:00+00:00,66928.02,0.0,828.6039464561181,-0.2579307578458837,8.75651076269652e-27,SELL,closed,8.75651076269652e-27,8.75651076269652e-27,1.0020006339105656,0.03251818644671667,False,False
2024-07-21 13:00:00+00:00,66760.01,0.0,828.6039464561181,-0.2579307578458837,8.75651076269652e-27,HOLD,closed,8.75651076269652e-27,0.0,8.75651076269652e-27,0.03251764604940438,True,False
2024-07-21 14:00:00+00:00,67290.76,0.012411680981715224,833.533823942278,-0.25351572884956575,1.0,BUY,closed,1.0,1.0,1.0,0.03252047235988745,False,False
2024-07-21 15:00:00+00:00,67164.0,0.0,831.8637347770888,-0.2550114033590129,8.75651076269652e-27,SELL,closed,8.75651076269652e-27,8.75651076269652e-27,1.001992428915206,0.03250831013668229,False,False
2024-07-21 16:00:00+00:00,67554.0,0.0,831.8637347770888,-0.2550114033590129,8.75651076269652e-27,HOLD,closed,8.75651076269652e-27,0.0,8.75651076269652e-27,0.03250341081626823,True,False
2024-07-21 17:00:00+00:00,66648.01,0.0,831.8637347770888,-0.2550114033590129,8.75651076269652e-27,HOLD,closed,8.75651076269652e-27,0.0,8.75651076269652e-27,0.03253309814626115,True,False
2024-07-21 18:00:00+00:00,66864.42,0.01248144895514643,837.1152351190584,-0.25030833997679686,1.0,BUY,closed,1.0,1.0,1.0,0.032493257110895596,False,False
2024-07-21 19:00:00+00:00,67422.02,0.012585533161396304,844.1190048269996,-0.24403600431918593,1.0,BUY,closed,1.0,0.9969784790418369,0.003021520958163104,0.03250381783603187,True,False
2024-07-21 20:00:00+00:00,67723.91,0.0,846.7178987432703,-0.2417085241676198,8.75651076269652e-27,SELL,closed,8.75651076269652e-27,8.75651076269652e-27,1.0052163786315178,0.03250537881916832,False,False
2024-07-21 21:00:00+00:00,68193.99,0.0,846.7178987432703,-0.2417085241676198,8.75651076269652e-27,HOLD,closed,8.75651076269652e-27,0.0,8.75651076269652e-27,0.032489687245635696,True,False
2024-07-21 22:00:00+00:00,68012.0,0.0,846.7178987432703,-0.2417085241676198,8.75651076269652e-27,HOLD,closed,8.75651076269652e-27,0.0,8.75651076269652e-27,0.03248654436353762,True,False
2024-07-21 23:00:00+00:00,68165.34,0.0,846.7178987432703,-0.2417085241676198,8.75651076269652e-27,HOLD,closed,8.75651076269652e-27,0.0,8.75651076269652e-27,0.032483659481377686,True,False
2024-07-22 00:00:00+00:00,68188.01,0.0,846.7178987432703,-0.2417085241676198,8.75651076269652e-27,HOLD,closed,8.75651076269652e-27,0.0,8.75651076269652e-27,0.032478489522310444,True,False
2024-07-22 01:00:00+00:00,67850.01,0.0,846.7178987432703,-0.2417085241676198,8.75651076269652e-27,HOLD,closed,8.75651076269652e-27,0.0,8.75651076269652e-27,0.032478675032769716,True,False
2024-07-22 02:00:00+00:00,68070.62,0.012479259748720307,847.7770890799997,-0.24075994967212608,1.0,BUY,closed,1.0,1.0,1.0,0.0324727756224967,False,False
2024-07-22 03:00:00+00:00,67880.01,0.012479259748720307,845.3984173792961,-0.24289020636933817,1.0,HOLD,closed,1.0,1.0020036223413886,0.0020036223413886223,0.03246605107374617,True,False
2024-07-22 04:00:00+00:00,67923.98,0.012479259748720307,845.9471304304474,-0.24239879780223036,1.0,HOLD,closed,1.0,1.0020023227167565,0.0020023227167564883,0.03245752386624018,True,False
2024-07-22 05:00:00+00:00,67626.01,0.012399576135075708,842.2416073745767,-0.24571733701220524,1.0,SELL,closed,1.0,1.0020111629843445,0.00201116298434445,0.032458259217751084,True,False
2024-07-22 06:00:00+00:00,67412.0,0.012399576135075708,839.5879740859092,-0.24809383986606984,1.0,HOLD,closed,1.0,0.9955838485273418,0.00441615147265817,0.0324582990613895,True,False
2024-07-22 07:00:00+00:00,67236.0,0.012399576135075708,837.4056486861359,-0.2500482555582345,1.0,HOLD,closed,1.0,0.9955723397925451,0.0044276602074548865,0.03245755973417461,True,False
2024-07-22 08:00:00+00:00,67080.48,0.012399576135075708,835.4772666056089,-0.2517752483334929,1.0,HOLD,closed,1.0,0.99556212021992,0.004437879780080034,0.032456182328536504,True,False
2024-07-22 09:00:00+00:00,67427.22,0.012399576135075708,839.7766956346851,-0.247924827327236,1.0,HOLD,closed,1.0,0.9955848409613424,0.0044151590386576345,0.03245842522771636,True,False
2024-07-22 10:00:00+00:00,67422.01,0.012399576135075708,839.7120938430212,-0.24798268247357808,1.0,HOLD,closed,1.0,0.9955845012887492,0.004415498711250798,0.032456855974388216,True,False
2024-07-22 11:00:00+00:00,67516.01,0.012399576135075708,840.8776539997184,-0.24693884681980818,1.0,HOLD,closed,1.0,0.9955906217146463,0.0044093782853537045,0.03245267142740621,True,False
2024-07-22 12:00:00+00:00,67697.11,0.0,839.2037327720085,-0.248437953192865,8.75651076269652e-27,SELL,closed,8.75651076269652e-27,8.75651076269652e-27,0.995602365594518,0.03244663875231102,False,False
2024-07-22 13:00:00+00:00,67098.0,0.0,839.2037327720085,-0.248437953192865,8.75651076269652e-27,HOLD,closed,8.75651076269652e-27,0.0,8.75651076269652e-27,0.03243862942698256,True,False
2024-07-22 14:00:00+00:00,66712.0,0.012507132965225176,836.931979372083,-0.2504724575312208,1.0,BUY,closed,1.0,1.0,1.0,0.03244371031663365,False,False
2024-07-22 15:00:00+00:00,67063.87,0.012507132965225176,841.3328642485567,-0.24653117615178766,1.0,HOLD,closed,1.0,0.9969618148718533,0.0030381851281466865,0.0324386396250764,True,False
2024-07-22 16:00:00+00:00,67052.0,0.012507132965225176,841.1844045802595,-0.2466641315329621,1.0,HOLD,closed,1.0,0.9969612786660537,0.003038721333946337,0.03243617534214838,True,False
2024-07-22 17:00:00+00:00,67468.0,0.012584727093159657,846.4092419891672,-0.24198494655805453,1.0,BUY,closed,1.0,0.9969799584908011,0.0030200415091988786,0.03244120197713396,True,False
2024-07-22 18:00:00+00:00,67445.49,0.0,844.7114081916691,-0.2435054682075128,8.75651076269652e-27,SELL,closed,8.75651076269652e-27,8.75651076269652e-27,1.0031403427603287,0.03243933584505462,False,False
2024-07-22 19:00:00+00:00,68232.07,0.0,844.7114081916691,-0.2435054682075128,8.75651076269652e-27,HOLD,closed,8.75651076269652e-27,0.0,8.75651076269652e-27,0.03246061598694025,True,False
2024-07-22 20:00:00+00:00,68124.0,0.0,844.7114081916691,-0.2435054682075128,8.75651076269652e-27,HOLD,closed,8.75651076269652e-27,0.0,8.75651076269652e-27,0.03244528656189585,True,False
2024-07-22 21:00:00+00:00,67841.6,0.0,844.7114081916691,-0.2435054682075128,8.75651076269652e-27,HOLD,closed,8.75651076269652e-27,0.0,8.75651076269652e-27,0.03243193413274692,True,False
2024-07-22 22:00:00+00:00,67635.01,0.0,844.7114081916691,-0.2435054682075128,8.75651076269652e-27,HOLD,closed,8.75651076269652e-27,0.0,8.75651076269652e-27,0.032421953952495586,True,False
2024-07-22 23:00:00+00:00,67532.01,0.012489262708642597,845.9799215000068,-0.24236943124630045,1.0,BUY,closed,1.0,1.0,1.0,0.03239094473179627,False,False
2024-07-23 00:00:00+00:00,67490.01,0.012489262708642597,845.4553724662438,-0.24283919934917025,1.0,HOLD,closed,1.0,0.9969780695107832,0.0030219304892168397,0.03236994444682356,True,False
2024-07-23 01:00:00+00:00,67410.01,0.012489262708642597,844.4562314495524,-0.24373399573558904,1.0,HOLD,closed,1.0,0.996974494032755,0.0030255059672450457,0.03236423477681166,True,False
2024-07-23 02:00:00+00:00,67647.65,0.012489262708642597,847.4241798396342,-0.24107600306973204,1.0,HOLD,closed,1.0,0.996985090314733,0.0030149096852669643,0.032359568194263055,True,False
2024-07-23 03:00:00+00:00,67473.99,0.0,845.7348637293259,-0.2425888965710203,8.75651076269652e-27,SELL,closed,8.75651076269652e-27,8.75651076269652e-27,0.9969773541981695,0.032357988997602505,False,False
2024-07-23 04:00:00+00:00,66936.0,0.012534237104871032,841.5414588519207,-0.24634436598765824,1.0,BUY,closed,1.0,1.0,1.0,0.032366831985635725,False,False
2024-07-23 05:00:00+00:00,66428.0,0.012439108671137896,835.2096607464425,-0.2520149069520125,1.0,SELL,closed,1.0,0.9969470268500363,0.003052973149963667,0.032374752154392616,True,False
2024-07-23 06:00:00+00:00,66519.34,0.012439108671137896,836.3458489324643,-0.25099737582661585,1.0,HOLD,closed,1.0,0.9893530290710949,0.010646970928905097,0.032370767552595686,True,False
2024-07-23 07:00:00+00:00,66576.0,0.012439108671137896,837.0506488297709,-0.2503661812397429,1.0,HOLD,closed,1.0,0.9893619938619684,0.010638006138031564,0.03225028125125001,True,False
2024-07-23 08:00:00+00:00,66888.0,0.012439108671137896,840.931650735166,-0.24689048919766096,1.0,HOLD,closed,1.0,0.9894110895548885,0.010588910445111455,0.032141362731692213,True,False
2024-07-23 09:00:00+00:00,66938.2,0.0,843.3556956789942,-0.24471959778191593,8.75651076269652e-27,SELL,closed,8.75651076269652e-27,8.75651076269652e-27,0.9894189466350708,0.032135758142412346,False,False
2024-07-23 10:00:00+00:00,66870.01,0.0,843.3556956789942,-0.24471959778191593,8.75651076269652e-27,HOLD,closed,8.75651076269652e-27,0.0,8.75651076269652e-27,0.03211239770608826,True,False
2024-07-23 11:00:00+00:00,66676.01,0.0,843.3556956789942,-0.24471959778191593,8.75651076269652e-27,HOLD,closed,8.75651076269652e-27,0.0,8.75651076269652e-27,0.03210262162178515,True,False
2024-07-23 12:00:00+00:00,66504.68,0.012648564636135853,843.6392823756339,-0.24446562727409912,1.0,BUY,closed,1.0,1.0,1.0,0.032097458569980586,False,False
2024-07-23 13:00:00+00:00,66092.01,0.01257007679333799,838.4415525608024,-0.2491205356185625,1.0,SELL,closed,1.0,0.9970771928609258,0.002922807139074224,0.03209834285993318,True,False
2024-07-23 14:00:00+00:00,67227.8,0.012786095270943047,852.9353125437813,-0.23614042185910872,1.0,BUY,closed,1.0,0.9910170692270126,0.008982930772987396,0.03214174405132969,True,False
2024-07-23 15:00:00+00:00,66584.01,0.0,851.2167078282922,-0.23767954522949564,8.75651076269652e-27,SELL,closed,8.75651076269652e-27,8.75651076269652e-27,1.0078675430223554,0.03214899618586156,False,False
2024-07-23 16:00:00+00:00,65857.99,0.012784100985030675,844.4323879377715,-0.24375534916601044,1.0,BUY,closed,1.0,1.0,1.0,0.03216635867107473,False,False
2024-07-23 17:00:00+00:00,65940.29,0.012784100985030675,845.4845194488394,-0.24281309631239587,1.0,HOLD,closed,1.0,0.9970464354471457,0.0029535645528543375,0.03216491082830669,True,False
2024-07-23 18:00:00+00:00,65860.0,0.012784100985030675,844.4580839807513,-0.24373233667225883,1.0,HOLD,closed,1.0,0.9970428454010891,0.0029571545989108827,0.03215878260116081,True,False
2024-07-23 19:00:00+00:00,65536.01,0.012784100985030675,840.3161631026112,-0.24744169878699326,1.0,HOLD,closed,1.0,0.9970282695772374,0.002971730422762553,0.03215412746489946,True,False
2024-07-23 20:00:00+00:00,65836.01,0.012784100985030675,844.1513933981204,-0.24400699822703675,1.0,HOLD,closed,1.0,0.9970417710304561,0.002958228969543897,0.032152952197917806,True,False
2024-07-23 21:00:00+00:00,65872.0,0.0,842.4683782392461,-0.24551424881258033,8.75651076269652e-27,SELL,closed,8.75651076269652e-27,8.75651076269652e-27,0.997043382517574,0.032142087757488,False,False
2024-07-23 22:00:00+00:00,65917.99,0.0,842.4683782392461,-0.24551424881258033,8.75651076269652e-27,HOLD,closed,8.75651076269652e-27,0.0,8.75651076269652e-27,0.03213665325082379,True,False
2024-07-23 23:00:00+00:00,65936.01,0.0,842.4683782392461,-0.24551424881258033,8.75651076269652e-27,HOLD,closed,8.75651076269652e-27,0.0,8.75651076269652e-27,0.032128928955957814,True,False
2024-07-24 00:00:00+00:00,65784.7,0.0,842.4683782392461,-0.24551424881258033,8.75651076269652e-27,HOLD,closed,8.75651076269652e-27,0.0,8.75651076269652e-27,0.03212816098564905,True,False
2024-07-24 01:00:00+00:00,65666.01,0.0,842.4683782392461,-0.24551424881258033,8.75651076269652e-27,HOLD,closed,8.75651076269652e-27,0.0,8.75651076269652e-27,0.032125839588755145,True,False
2024-07-24 02:00:00+00:00,65878.16,0.01282959598488238,843.5048190367716,-0.2445860480232325,1.0,BUY,closed,1.0,1.0,1.0,0.03212654979614091,False,False
2024-07-24 03:00:00+00:00,66052.71,0.0,841.8148612778052,-0.24609951616302614,8.75651076269652e-27,SELL,closed,8.75651076269652e-27,8.75651076269652e-27,1.001992751402631,0.03212506765481471,False,False
2024-07-24 04:00:00+00:00,65860.0,0.0,841.8148612778052,-0.24609951616302614,8.75651076269652e-27,HOLD,closed,8.75651076269652e-27,0.0,8.75651076269652e-27,0.03211885630322142,True,False
2024-07-24 05:00:00+00:00,65814.01,0.0,841.8148612778052,-0.24609951616302614,8.75651076269652e-27,HOLD,closed,8.75651076269652e-27,0.0,8.75651076269652e-27,0.03211777965687446,True,False
2024-07-24 06:00:00+00:00,65898.0,0.0,841.8148612778052,-0.24609951616302614,8.75651076269652e-27,HOLD,closed,8.75651076269652e-27,0.0,8.75651076269652e-27,0.032114721649859235,True,False
2024-07-24 07:00:00+00:00,66078.0,0.0,841.8148612778052,-0.24609951616302614,8.75651076269652e-27,HOLD,closed,8.75651076269652e-27,0.0,8.75651076269652e-27,0.03211261707952229,True,False
2024-07-24 08:00:00+00:00,66437.01,0.0,841.8148612778052,-0.24609951616302614,8.75651076269652e-27,HOLD,closed,8.75651076269652e-27,0.0,8.75651076269652e-27,0.03210868234057204,True,False
2024-07-24 09:00:00+00:00,66398.1,0.0,841.8148612778052,-0.24609951616302614,8.75651076269652e-27,HOLD,closed,8.75651076269652e-27,0.0,8.75651076269652e-27,0.03209493930462606,True,False
2024-07-24 10:00:00+00:00,66491.53,0.0,841.8148612778052,-0.24609951616302614,8.75651076269652e-27,HOLD,closed,8.75651076269652e-27,0.0,8.75651076269652e-27,0.03209114367551161,True,False
2024-07-24 11:00:00+00:00,66367.99,0.0,841.8148612778052,-0.24609951616302614,8.75651076269652e-27,HOLD,closed,8.75651076269652e-27,0.0,8.75651076269652e-27,0.03209111188169145,True,False
2024-07-24 12:00:00+00:00,66215.1,0.0,841.8148612778052,-0.24609951616302614,8.75651076269652e-27,HOLD,closed,8.75651076269652e-27,0.0,8.75651076269652e-27,0.032087658481671194,True,False
2024-07-24 13:00:00+00:00,66344.0,0.012713338625346658,841.7696871300126,-0.24613997257861625,1.0,BUY,closed,1.0,1.0,1.0,0.03208735347580299,False,False
2024-07-24 14:00:00+00:00,66760.01,0.0,844.211746809222,-0.243952947784447,8.75651076269652e-27,SELL,closed,8.75651076269652e-27,8.75651076269652e-27,1.0019881159382418,0.032091079036962566,False,False
2024-07-24 15:00:00+00:00,66176.0,0.0,844.211746809222,-0.243952947784447,8.75651076269652e-27,HOLD,closed,8.75651076269652e-27,0.0,8.75651076269652e-27,0.03208688738169008,True,False
2024-07-24 16:00:00+00:00,66394.0,0.012757068224268949,845.3039420826207,-0.24297481520098335,1.0,BUY,closed,1.0,1.0,1.0,0.032087781222868594,False,False
2024-07-24 17:00:00+00:00,66586.01,0.012757068224268949,847.7534267523624,-0.24078114084024985,1.0,HOLD,closed,1.0,1.0019921424628877,0.0019921424628877027,0.032070706760063794,True,False
2024-07-24 18:00:00+00:00,65754.0,0.0,846.0549669287949,-0.24230222313715963,8.75651076269652e-27,SELL,closed,8.75651076269652e-27,8.75651076269652e-27,1.0020174006411995,0.03209368733594986,False,False
2024-07-24 19:00:00+00:00,65652.0,0.01286697336935844,843.0500026837794,-0.24499336593165863,1.0,BUY,closed,1.0,1.0,1.0,0.03209338785494775,False,False
2024-07-24 20:00:00+00:00,66044.01,0.01286697336935844,848.0939849143016,-0.24047614864437575,1.0,HOLD,closed,1.0,1.001995690326128,0.001995690326128008,0.03209652281004957,True,False
2024-07-24 21:00:00+00:00,65647.05,0.0,846.3948367718095,-0.24199784737607907,8.75651076269652e-27,SELL,closed,8.75651076269652e-27,8.75651076269652e-27,1.0020077822604267,0.031950072812527375,False,False
2024-07-24 22:00:00+00:00,65288.01,0.012893113045777525,844.1727348875256,-0.24398788552194148,1.0,BUY,closed,1.0,1.0,1.0,0.03194552826734015,False,False
2024-07-24 23:00:00+00:00,65376.0,0.012893113045777525,845.3071999044236,-0.24297189760764257,1.0,HOLD,closed,1.0,0.9971524654895354,0.0028475345104646,0.031937585643630556,True,False
2024-07-25 00:00:00+00:00,65514.8,0.012893113045777525,847.0967639951774,-0.24136922545734493,1.0,HOLD,closed,1.0,0.9971584811488128,0.002841518851187219,0.031929541062114125,True,False
2024-07-25 01:00:00+00:00,64478.0,0.0,845.4079355682284,-0.24288168220616246,8.75651076269652e-27,SELL,closed,8.75651076269652e-27,8.75651076269652e-27,0.9971129217151788,0.031966124503500615,False,False
2024-07-25 02:00:00+00:00,64208.01,0.013111573973820033,844.279890542303,-0.24389192059699366,1.0,BUY,closed,1.0,1.0,1.0,0.03196754122313408,False,False
2024-07-25 03:00:00+00:00,64093.59,0.013111573973820033,842.7796642482183,-0.24523547175176724,1.0,HOLD,closed,1.0,0.9971382582923641,0.0028617417076358675,0.03191833968806915,True,False
2024-07-25 04:00:00+00:00,64220.0,0.013111573973820033,844.4370983142489,-0.2437511307145804,1.0,HOLD,closed,1.0,0.9971438752272476,0.002856124772752433,0.03186905671313853,True,False
2024-07-25 05:00:00+00:00,64263.01,0.013111573973820033,845.001027110863,-0.2432460954483087,1.0,HOLD,closed,1.0,0.9971457813207959,0.0028542186792041013,0.0318653553362466,True,False
2024-07-25 06:00:00+00:00,64324.01,0.0,843.3162699866771,-0.24475490607817044,8.75651076269652e-27,SELL,closed,8.75651076269652e-27,8.75651076269652e-27,0.9971484803264848,0.03186291313806905,False,False
2024-07-25 07:00:00+00:00,64134.0,0.0,843.3162699866771,-0.24475490607817044,8.75651076269652e-27,HOLD,closed,8.75651076269652e-27,0.0,8.75651076269652e-27,0.031861492770102445,True,False
2024-07-25 08:00:00+00:00,64352.01,0.0,843.3162699866771,-0.24475490607817044,8.75651076269652e-27,HOLD,closed,8.75651076269652e-27,0.0,8.75651076269652e-27,0.031848590231657925,True,False
2024-07-25 09:00:00+00:00,64306.71,0.0,843.3162699866771,-0.24475490607817044,8.75651076269652e-27,HOLD,closed,8.75651076269652e-27,0.0,8.75651076269652e-27,0.031845457801695065,True,False
2024-07-25 10:00:00+00:00,64165.68,0.0,843.3162699866771,-0.24475490607817044,8.75651076269652e-27,HOLD,closed,8.75651076269652e-27,0.0,8.75651076269652e-27,0.03184520757524223,True,False
2024-07-25 11:00:00+00:00,64096.0,0.0,843.3162699866771,-0.24475490607817044,8.75651076269652e-27,HOLD,closed,8.75651076269652e-27,0.0,8.75651076269652e-27,0.03182010363886062,True,False
2024-07-25 12:00:00+00:00,64124.0,0.0,843.3162699866771,-0.24475490607817044,8.75651076269652e-27,HOLD,closed,8.75651076269652e-27,0.0,8.75651076269652e-27,0.03181402523532853,True,False
2024-07-25 13:00:00+00:00,64050.01,0.0,843.3162699866771,-0.24475490607817044,8.75651076269652e-27,HOLD,closed,8.75651076269652e-27,0.0,8.75651076269652e-27,0.03181202741402181,True,False
2024-07-25 14:00:00+00:00,64835.0,0.0,843.3162699866771,-0.24475490607817044,8.75651076269652e-27,HOLD,closed,8.75651076269652e-27,0.0,8.75651076269652e-27,0.03183426118435764,True,False
2024-07-25 15:00:00+00:00,64790.88,0.0,843.3162699866771,-0.24475490607817044,8.75651076269652e-27,HOLD,closed,8.75651076269652e-27,0.0,8.75651076269652e-27,0.031833026092267847,True,False
2024-07-25 16:00:00+00:00,64868.0,0.0,843.3162699866771,-0.24475490607817044,8.75651076269652e-27,HOLD,closed,8.75651076269652e-27,0.0,8.75651076269652e-27,0.03183228168669244,True,False
2024-07-25 17:00:00+00:00,65051.98,0.0,843.3162699866771,-0.24475490607817044,8.75651076269652e-27,HOLD,closed,8.75651076269652e-27,0.0,8.75651076269652e-27,0.031832491950395225,True,False
2024-07-25 18:00:00+00:00,64568.0,0.0,843.3162699866771,-0.24475490607817044,8.75651076269652e-27,HOLD,closed,8.75651076269652e-27,0.0,8.75651076269652e-27,0.031831618733490025,True,False
2024-07-25 19:00:00+00:00,64692.01,0.013060901220212444,843.2488981488873,-0.24481524198270604,1.0,BUY,closed,1.0,1.0,1.0,0.03178706958108585,False,False
2024-07-25 20:00:00+00:00,65298.01,0.0,845.5935780638758,-0.2427154271615831,8.75651076269652e-27,SELL,closed,8.75651076269652e-27,8.75651076269652e-27,1.0019820558505996,0.03179525658123036,False,False
2024-07-25 21:00:00+00:00,65838.0,0.0,845.5935780638758,-0.2427154271615831,8.75651076269652e-27,HOLD,closed,8.75651076269652e-27,0.0,8.75651076269652e-27,0.03180341626365732,True,False
2024-07-25 22:00:00+00:00,65644.0,0.0,845.5935780638758,-0.2427154271615831,8.75651076269652e-27,HOLD,closed,8.75651076269652e-27,0.0,8.75651076269652e-27,0.031708989267626136,True,False
2024-07-25 23:00:00+00:00,65799.95,0.0,845.5935780638758,-0.2427154271615831,8.75651076269652e-27,HOLD,closed,8.75651076269652e-27,0.0,8.75651076269652e-27,0.031694314216970776,True,False
2024-07-26 00:00:00+00:00,66384.0,0.0,845.5935780638758,-0.2427154271615831,8.75651076269652e-27,HOLD,closed,8.75651076269652e-27,0.0,8.75651076269652e-27,0.03161837572966786,True,False
2024-07-26 01:00:00+00:00,66430.01,0.0,845.5935780638758,-0.2427154271615831,8.75651076269652e-27,HOLD,closed,8.75651076269652e-27,0.0,8.75651076269652e-27,0.03157822162340057,True,False
2024-07-26 02:00:00+00:00,67014.01,0.0,845.5935780638758,-0.2427154271615831,8.75651076269652e-27,HOLD,closed,8.75651076269652e-27,0.0,8.75651076269652e-27,0.03157582864533806,True,False
2024-07-26 03:00:00+00:00,67042.01,0.0,845.5935780638758,-0.2427154271615831,8.75651076269652e-27,HOLD,closed,8.75651076269652e-27,0.0,8.75651076269652e-27,0.03157492772677334,True,False
2024-07-26 04:00:00+00:00,67075.83,0.0,845.5935780638758,-0.2427154271615831,8.75651076269652e-27,HOLD,closed,8.75651076269652e-27,0.0,8.75651076269652e-27,0.03156915981435715,True,False
2024-07-26 05:00:00+00:00,66924.0,0.0,845.5935780638758,-0.2427154271615831,8.75651076269652e-27,HOLD,closed,8.75651076269652e-27,0.0,8.75651076269652e-27,0.0315594737666397,True,False
2024-07-26 06:00:00+00:00,67062.01,0.012635130173219983,845.6456160748636,-0.24266882370580417,1.0,BUY,closed,1.0,1.0,1.0,0.03154883453498836,False,False
2024-07-26 07:00:00+00:00,66890.56,0.012635130173219983,843.479323006665,-0.24460888139232276,1.0,HOLD,closed,1.0,1.0020055144290754,0.0020055144290753724,0.031536792291876975,True,False
2024-07-26 08:00:00+00:00,67106.01,0.012635130173219983,846.2015618024853,-0.24217093780200233,1.0,HOLD,closed,1.0,1.0019990626693165,0.001999062669316487,0.031528537901977016,True,False
2024-07-26 09:00:00+00:00,67296.01,0.012635130173219983,848.6022365353971,-0.24002097594467645,1.0,HOLD,closed,1.0,1.0019934073704813,0.0019934073704812594,0.03149804310816076,True,False
2024-07-26 10:00:00+00:00,67304.01,0.012635130173219983,848.7033175767829,-0.2399304512348943,1.0,HOLD,closed,1.0,1.0019931699545448,0.0019931699545447934,0.03149774420505855,True,False
2024-07-26 11:00:00+00:00,67322.0,0.012635130173219983,848.9306235685991,-0.23972688379377166,1.0,HOLD,closed,1.0,1.001992636271979,0.001992636271979098,0.03145521630512163,True,False
2024-07-26 12:00:00+00:00,67314.01,0.012635130173219983,848.829668878515,-0.23981729534766666,1.0,HOLD,closed,1.0,1.0019928732641397,0.0019928732641396607,0.03145287715388806,True,False
2024-07-26 13:00:00+00:00,67887.88,0.012717717916835158,856.1168642553941,-0.23329113339311933,1.0,BUY,closed,1.0,1.0019759938148805,0.00197599381488045,0.03146466569635592,True,False
2024-07-26 14:00:00+00:00,67328.01,0.0,854.3905381292242,-0.23483717179377717,8.75651076269652e-27,SELL,closed,8.75651076269652e-27,8.75651076269652e-27,1.0085536780651847,0.0314754166175254,False,False
2024-07-26 15:00:00+00:00,67560.01,0.012689973534476357,855.6255306174307,-0.2337311549280489,1.0,BUY,closed,1.0,1.0,1.0,0.03147701263392544,False,False
2024-07-26 16:00:00+00:00,67396.0,0.012689973534476357,853.5442480580414,-0.23559508012193697,1.0,HOLD,closed,1.0,1.0020024834979744,0.0020024834979743833,0.031477306043255576,True,False
2024-07-26 17:00:00+00:00,67372.0,0.012689973534476357,853.2396886932139,-0.23586783303123107,1.0,HOLD,closed,1.0,1.0020031982737991,0.002003198273799134,0.031475907788030166,True,False
2024-07-26 18:00:00+00:00,67573.75,0.012689973534476357,855.7998908537945,-0.233575003887478,1.0,HOLD,closed,1.0,1.0019972055264252,0.0019972055264252386,0.03147681968913313,True,False
2024-07-26 19:00:00+00:00,67990.0,0.012689973534476357,861.0820923375203,-0.22884444561690945,1.0,HOLD,closed,1.0,1.0019849539164,0.0019849539164000785,0.031482959319788784,True,False
2024-07-26 20:00:00+00:00,67435.17,0.0,859.3569411319526,-0.2303894317990199,8.75651076269652e-27,SELL,closed,8.75651076269652e-27,8.75651076269652e-27,1.0020013180192404,0.031493837106748745,False,False
2024-07-26 21:00:00+00:00,67946.01,0.012743455211375676,864.1477916659493,-0.22609891056720383,1.0,BUY,closed,1.0,1.0,1.0,0.031495659821719035,False,False
2024-07-26 22:00:00+00:00,67926.0,0.0,862.416363549217,-0.22764951813541906,8.75651076269652e-27,SELL,closed,8.75651076269652e-27,8.75651076269652e-27,1.001989996409776,0.031493188758945884,False,False
2024-07-26 23:00:00+00:00,67907.99,0.0,862.416363549217,-0.22764951813541906,8.75651076269652e-27,HOLD,closed,8.75651076269652e-27,0.0,8.75651076269652e-27,0.03149315426390517,True,False
2024-07-27 00:00:00+00:00,67872.27,0.012699775630989235,860.2373366306417,-0.22960097982108482,1.0,BUY,closed,1.0,1.0,1.0,0.03148688455516857,False,False
2024-07-27 01:00:00+00:00,67657.99,0.012699775630989235,857.5160287084334,-0.23203808975296233,1.0,HOLD,closed,1.0,1.0020119319960452,0.002011931996045213,0.031483782357246276,True,False
2024-07-27 02:00:00+00:00,68028.0,0.012699775630989235,862.2150726896556,-0.2278297873173921,1.0,HOLD,closed,1.0,1.002000967032388,0.002000967032387946,0.03148846737040892,True,False
2024-07-27 03:00:00+00:00,67798.0,0.0,860.4876239865741,-0.22937683105938522,8.75651076269652e-27,SELL,closed,8.75651076269652e-27,8.75651076269652e-27,1.0020077688029072,0.03148852033295932,False,False
2024-07-27 04:00:00+00:00,67866.01,0.012691934141212358,859.6295238550742,-0.23014531607203562,1.0,BUY,closed,1.0,1.0,1.0,0.03148856583947962,False,False
2024-07-27 05:00:00+00:00,67895.21,0.012691934141212358,860.0001283319978,-0.22981341542818062,1.0,HOLD,closed,1.0,1.002001633994083,0.0020016339940829297,0.0314864004729343,True,False
2024-07-27 06:00:00+00:00,68092.89,0.012691934141212358,862.5090698730326,-0.22756649353512484,1.0,HOLD,closed,1.0,1.0019958114666996,0.001995811466699582,0.03148776528095257,True,False
2024-07-27 07:00:00+00:00,68036.68,0.0,860.7810410375406,-0.22911405682378447,8.75651076269652e-27,SELL,closed,8.75651076269652e-27,8.75651076269652e-27,1.001997463643836,0.03148775704410306,False,False
2024-07-27 08:00:00+00:00,67986.0,0.0126517202344021,858.4178593834657,-0.23123044116712735,1.0,BUY,closed,1.0,1.0,1.0,0.031487818128650286,False,False
2024-07-27 09:00:00+00:00,68217.21,0.0126517202344021,861.3430636188618,-0.2286107286984741,1.0,HOLD,closed,1.0,1.0019991946825004,0.001999194682500427,0.031486901140303336,True,False
2024-07-27 10:00:00+00:00,68155.41,0.0,859.6172387749758,-0.23015631816793128,8.75651076269652e-27,SELL,closed,8.75651076269652e-27,8.75651076269652e-27,1.0020010110820607,0.03148680476081747,False,False
2024-07-27 11:00:00+00:00,68209.88,0.012612602765487702,858.584456835415,-0.23108124220972245,1.0,BUY,closed,1.0,1.0,1.0,0.03148356962706528,False,False
2024-07-27 12:00:00+00:00,68400.0,0.012612602765487702,860.9823648731895,-0.22893375810955982,1.0,HOLD,closed,1.0,1.0019973281176584,0.0019973281176584035,0.03147078399653411,True,False
2024-07-27 13:00:00+00:00,69226.01,0.0,863.2698484285712,-0.22688516638411355,8.75651076269652e-27,SELL,closed,8.75651076269652e-27,8.75651076269652e-27,1.0019734488153562,0.03149362741478648,False,False
2024-07-27 14:00:00+00:00,68981.69,0.0,863.2698484285712,-0.22688516638411355,8.75651076269652e-27,HOLD,closed,8.75651076269652e-27,0.0,8.75651076269652e-27,0.03149411770705876,True,False
2024-07-27 15:00:00+00:00,68844.0,0.0,863.2698484285712,-0.22688516638411355,8.75651076269652e-27,HOLD,closed,8.75651076269652e-27,0.0,8.75651076269652e-27,0.031494521092127165,True,False
2024-07-27 16:00:00+00:00,68684.01,0.01253950741427824,859.5366813055796,-0.23022846267137032,1.0,BUY,closed,1.0,1.0,1.0,0.03149477095391234,False,False
2024-07-27 17:00:00+00:00,68540.01,0.01253950741427824,857.7309922379236,-0.2318455757972881,1.0,HOLD,closed,1.0,1.0020134183647431,0.0020134183647431136,0.03149496286964837,True,False
2024-07-27 18:00:00+00:00,68542.76,0.01253950741427824,857.7654758833128,-0.23181469342856403,1.0,HOLD,closed,1.0,1.0020133374218667,0.002013337421866712,0.0314922166986,True,False
2024-07-27 19:00:00+00:00,68246.0,0.012460021330670836,854.0569462862168,-0.23513592519362284,1.0,SELL,closed,1.0,1.0020221098946784,0.0020221098946784366,0.031494540434425705,True,False
2024-07-27 20:00:00+00:00,67791.22,0.012376989819655355,848.4168085523166,-0.24018703887916665,1.0,SELL,closed,1.0,0.9956266234855942,0.004373376514405836,0.03149751436115497,True,False
2024-07-27 21:00:00+00:00,68860.0,0.01257212430610794,861.8271820994433,-0.22817716881074435,1.0,BUY,closed,1.0,0.9891305957828247,0.010869404217175305,0.03153547631418216,True,False
2024-07-27 22:00:00+00:00,68619.97,0.0,860.0963074681094,-0.22972728069644216,8.75651076269652e-27,SELL,closed,8.75651076269652e-27,8.75651076269652e-27,1.004528708219145,0.031534566641347905,False,False
2024-07-27 23:00:00+00:00,67896.5,0.0,860.0963074681094,-0.22972728069644216,8.75651076269652e-27,HOLD,closed,8.75651076269652e-27,0.0,8.75651076269652e-27,0.031545161844968805,True,False
2024-07-28 00:00:00+00:00,67958.0,0.012667758045638432,863.1783598344302,-0.2269671004275251,1.0,BUY,closed,1.0,1.0,1.0,0.031538860747006625,False,False
2024-07-28 01:00:00+00:00,68090.01,0.012667758045638432,864.850630574035,-0.22546947217494145,1.0,HOLD,closed,1.0,0.9973372759554963,0.0026627240445037392,0.031539345583640216,True,False
2024-07-28 02:00:00+00:00,68149.45,0.012667758045638432,865.6036021122677,-0.2247951367205549,1.0,HOLD,closed,1.0,0.9973395922067396,0.0026604077932603776,0.03153946792411175,True,False
2024-07-28 03:00:00+00:00,67940.95,0.012667758045638432,862.9623745597521,-0.22716052942310538,1.0,HOLD,closed,1.0,0.9973314496241987,0.0026685503758012707,0.0315372677836917,True,False
2024-07-28 04:00:00+00:00,67338.0,0.012555338375907086,855.3768601846792,-0.23395385562886897,1.0,SELL,closed,1.0,0.9973076195371405,0.002692380462859467,0.03154622241516766,True,False
2024-07-28 05:00:00+00:00,67422.0,0.012555338375907086,856.4315086082554,-0.23300934871483675,1.0,HOLD,closed,1.0,0.9884106498557285,0.011589350144271537,0.03154613996797628,True,False
2024-07-28 06:00:00+00:00,67486.01,0.012555338375907086,857.2351758176972,-0.23228961195808434,1.0,HOLD,closed,1.0,0.9884215149963018,0.01157848500369818,0.0315438733102264,True,False
2024-07-28 07:00:00+00:00,67560.86,0.012555338375907086,858.1749428951339,-0.23144798883290196,1.0,HOLD,closed,1.0,0.9884341943213079,0.011565805678692143,0.031543948248112436,True,False
2024-07-28 08:00:00+00:00,67380.0,0.0,856.4788681033284,-0.23296693517726194,8.75651076269652e-27,SELL,closed,8.75651076269652e-27,8.75651076269652e-27,0.9884035096348469,0.03154441343910491,False,False
2024-07-28 09:00:00+00:00,67433.65,0.012711173465469404,855.44743658411,-0.2338906498289647,1.0,BUY,closed,1.0,1.0,1.0,0.03153365800245714,False,False
2024-07-28 10:00:00+00:00,67560.01,0.0,853.733543519402,-0.23542555360669906,8.75651076269652e-27,SELL,closed,8.75651076269652e-27,8.75651076269652e-27,1.0019991584362185,0.03153371874362734,False,False
2024-07-28 11:00:00+00:00,67836.0,0.0,853.733543519402,-0.23542555360669906,8.75651076269652e-27,HOLD,closed,8.75651076269652e-27,0.0,8.75651076269652e-27,0.03153625021286671,True,False
2024-07-28 12:00:00+00:00,68000.01,0.0,853.733543519402,-0.23542555360669906,8.75651076269652e-27,HOLD,closed,8.75651076269652e-27,0.0,8.75651076269652e-27,0.03153282508794808,True,False
2024-07-28 13:00:00+00:00,67988.01,0.0,853.733543519402,-0.23542555360669906,8.75651076269652e-27,HOLD,closed,8.75651076269652e-27,0.0,8.75651076269652e-27,0.0315322434679558,True,False
2024-07-28 14:00:00+00:00,67746.0,0.0,853.733543519402,-0.23542555360669906,8.75651076269652e-27,HOLD,closed,8.75651076269652e-27,0.0,8.75651076269652e-27,0.03153412011682874,True,False
2024-07-28 15:00:00+00:00,67645.0,0.012601977142848317,850.7528498741639,-0.23809496048543227,1.0,BUY,closed,1.0,1.0,1.0,0.0315344570929888,False,False
2024-07-28 16:00:00+00:00,67680.01,0.012601977142848317,851.194045093935,-0.23769984119620152,1.0,HOLD,closed,1.0,1.002006468400072,0.0020064684000720145,0.03153375478309872,True,False
2024-07-28 17:00:00+00:00,67988.47,0.012601977142848317,855.081250963418,-0.2342185930969118,1.0,HOLD,closed,1.0,1.001997346979467,0.001997346979466963,0.03151419102588973,True,False
2024-07-28 18:00:00+00:00,68236.01,0.0,857.3603230892243,-0.2321775343589648,8.75651076269652e-27,SELL,closed,8.75651076269652e-27,8.75651076269652e-27,1.0019900867774634,0.031514291001422945,False,False
2024-07-28 19:00:00+00:00,68112.0,0.0,857.3603230892243,-0.2321775343589648,8.75651076269652e-27,HOLD,closed,8.75651076269652e-27,0.0,8.75651076269652e-27,0.03149996002188457,True,False
2024-07-28 20:00:00+00:00,68007.99,0.0,857.3603230892243,-0.2321775343589648,8.75651076269652e-27,HOLD,closed,8.75651076269652e-27,0.0,8.75651076269652e-27,0.03146949317290845,True,False
2024-07-28 21:00:00+00:00,68021.93,0.0,857.3603230892243,-0.2321775343589648,8.75651076269652e-27,HOLD,closed,8.75651076269652e-27,0.0,8.75651076269652e-27,0.03146850558423439,True,False
2024-07-28 22:00:00+00:00,68010.24,0.0,857.3603230892243,-0.2321775343589648,8.75651076269652e-27,HOLD,closed,8.75651076269652e-27,0.0,8.75651076269652e-27,0.03145873898202278,True,False
2024-07-28 23:00:00+00:00,68249.88,0.012606343532277782,858.6662839903948,-0.23100796061947276,1.0,BUY,closed,1.0,1.0,1.0,0.031458057278903745,False,False
2024-07-29 00:00:00+00:00,68714.01,0.0,860.9355693230756,-0.22897566659739374,8.75651076269652e-27,SELL,closed,8.75651076269652e-27,8.75651076269652e-27,1.0019839387752787,0.031459538786711566,False,False
2024-07-29 01:00:00+00:00,68547.99,0.0,860.9355693230756,-0.22897566659739374,8.75651076269652e-27,HOLD,closed,8.75651076269652e-27,0.0,8.75651076269652e-27,0.03146047997041446,True,False
2024-07-29 02:00:00+00:00,69559.0,0.0,860.9355693230756,-0.22897566659739374,8.75651076269652e-27,HOLD,closed,8.75651076269652e-27,0.0,8.75651076269652e-27,0.03149414172589027,True,False
2024-07-29 03:00:00+00:00,69347.67,0.0,860.9355693230756,-0.22897566659739374,8.75651076269652e-27,HOLD,closed,8.75651076269652e-27,0.0,8.75651076269652e-27,0.031493160688067956,True,False
2024-07-29 04:00:00+00:00,69368.0,0.0,860.9355693230756,-0.22897566659739374,8.75651076269652e-27,HOLD,closed,8.75651076269652e-27,0.0,8.75651076269652e-27,0.0312999188127038,True,False
2024-07-29 05:00:00+00:00,69662.07,0.0,860.9355693230756,-0.22897566659739374,8.75651076269652e-27,HOLD,closed,8.75651076269652e-27,0.0,8.75651076269652e-27,0.03129895933131313,True,False
2024-07-29 06:00:00+00:00,69588.01,0.0,860.9355693230756,-0.22897566659739374,8.75651076269652e-27,HOLD,closed,8.75651076269652e-27,0.0,8.75651076269652e-27,0.0312739764378481,True,False
2024-07-29 07:00:00+00:00,69528.01,0.0,860.9355693230756,-0.22897566659739374,8.75651076269652e-27,HOLD,closed,8.75651076269652e-27,0.0,8.75651076269652e-27,0.031268110108922303,True,False
2024-07-29 08:00:00+00:00,69457.5,0.012382571704886644,858.3401725857336,-0.23130001479559606,1.0,BUY,closed,1.0,1.0,1.0,0.031268285119039285,False,False
2024-07-29 09:00:00+00:00,69520.0,0.012382571704886644,859.114083317289,-0.23060692691867193,1.0,HOLD,closed,1.0,1.002004741442231,0.0020047414422310617,0.03126804744987827,True,False
2024-07-29 10:00:00+00:00,69620.0,0.012382571704886644,860.3523404877776,-0.2294979863155933,1.0,HOLD,closed,1.0,1.002001856129611,0.0020018561296109016,0.031209508640392042,True,False
2024-07-29 11:00:00+00:00,69580.01,0.012382571704886644,859.8571614452992,-0.22994145166276445,1.0,HOLD,closed,1.0,1.0020030089689962,0.0020030089689961894,0.03119966045341016,True,False
2024-07-29 12:00:00+00:00,69799.38,0.012382571704886644,862.5735262002003,-0.22750876866179068,1.0,HOLD,closed,1.0,1.001996701213423,0.001996701213422991,0.031201233096825404,True,False
2024-07-29 13:00:00+00:00,69273.6,0.0,864.7601332757181,-0.22555051844785173,8.75651076269652e-27,SELL,closed,8.75651076269652e-27,8.75651076269652e-27,1.002011886474386,0.031198678745054137,False,False
2024-07-29 14:00:00+00:00,68228.01,0.012483258530064894,853.9161636332967,-0.23526200530343602,1.0,BUY,closed,1.0,1.0,1.0,0.03123853153955955,False,False
2024-07-29 15:00:00+00:00,68104.0,0.012483258530064894,852.3681147429835,-0.23664838473327754,1.0,HOLD,closed,1.0,0.9974092463417524,0.0025907536582475688,0.031237004750095138,True,False
2024-07-29 16:00:00+00:00,66940.01,0.012269904462794752,838.0570132523983,-0.2494649158190025,1.0,SELL,closed,1.0,0.9973643156171988,0.002635684382801151,0.03128519238976507,True,False
2024-07-29 17:00:00+00:00,67015.08,0.012269904462794752,838.9781149804204,-0.24864000873983205,1.0,HOLD,closed,1.0,0.9800835259996467,0.019916474000353346,0.03127760132003035,True,False
2024-07-29 18:00:00+00:00,67419.99,0.012269904462794752,843.9463219964506,-0.2441906531327072,1.0,HOLD,closed,1.0,0.9802007718046039,0.019799228195396146,0.031283675201560446,True,False
2024-07-29 19:00:00+00:00,67303.05,0.012269904462794752,842.5114793685714,-0.24547564892114707,1.0,HOLD,closed,1.0,0.9801670526478807,0.019832947352119268,0.03128413904829819,True,False
2024-07-29 20:00:00+00:00,67369.99,0.012269904462794752,843.3328267733109,-0.24474007838858192,1.0,HOLD,closed,1.0,0.9801863685565219,0.01981363144347814,0.031282521635610655,True,False
2024-07-29 21:00:00+00:00,67500.0,0.0,841.6801158567704,-0.24622018953526714,8.75651076269652e-27,SELL,closed,8.75651076269652e-27,8.75651076269652e-27,0.9802237763677921,0.03128310731740985,False,False
2024-07-29 22:00:00+00:00,67227.36,0.0,841.6801158567704,-0.24622018953526714,8.75651076269652e-27,HOLD,closed,8.75651076269652e-27,0.0,8.75651076269652e-27,0.031260021261310805,True,False
2024-07-29 23:00:00+00:00,66784.69,0.012519906196760251,838.2973024913381,-0.2492497210275699,1.0,BUY,closed,1.0,1.0,1.0,0.03126701108504801,False,False
2024-07-30 00:00:00+00:00,66610.0,0.012519906196760251,836.110200077826,-0.25120841484920775,1.0,HOLD,closed,1.0,0.9974175075110617,0.0025824924889382705,0.03126746010144907,True,False
2024-07-30 01:00:00+00:00,66211.33,0.012519906196760251,831.1188890743637,-0.25567846159414076,1.0,HOLD,closed,1.0,0.9974019982700303,0.0025980017299697122,0.03127359699773097,True,False
2024-07-30 02:00:00+00:00,66418.01,0.012519906196760251,833.70650328711,-0.25336108315773287,1.0,HOLD,closed,1.0,0.9974100618105866,0.0025899381894134432,0.03127349078775654,True,False
2024-07-30 03:00:00+00:00,66610.0,0.012519906196760251,836.110200077826,-0.25120841484920775,1.0,HOLD,closed,1.0,0.9974175075110617,0.0025824924889382705,0.031268217586569336,True,False
2024-07-30 04:00:00+00:00,66808.04,0.0,834.4427151497697,-0.25270175709330206,8.75651076269652e-27,SELL,closed,8.75651076269652e-27,8.75651076269652e-27,0.9974251431180323,0.03125682579003333,False,False
2024-07-30 05:00:00+00:00,66484.01,0.0,834.4427151497697,-0.25270175709330206,8.75651076269652e-27,HOLD,closed,8.75651076269652e-27,0.0,8.75651076269652e-27,0.031260823693140816,True,False
2024-07-30 06:00:00+00:00,66766.01,0.0,834.4427151497697,-0.25270175709330206,8.75651076269652e-27,HOLD,closed,8.75651076269652e-27,0.0,8.75651076269652e-27,0.031262534410187615,True,False
2024-07-30 07:00:00+00:00,66952.0,0.0,834.4427151497697,-0.25270175709330206,8.75651076269652e-27,HOLD,closed,8.75651076269652e-27,0.0,8.75651076269652e-27,0.03126385456847211,True,False
2024-07-30 08:00:00+00:00,66772.01,0.0,834.4427151497697,-0.25270175709330206,8.75651076269652e-27,HOLD,closed,8.75651076269652e-27,0.0,8.75651076269652e-27,0.031264671050590276,True,False
2024-07-30 09:00:00+00:00,66608.01,0.0,834.4427151497697,-0.25270175709330206,8.75651076269652e-27,HOLD,closed,8.75651076269652e-27,0.0,8.75651076269652e-27,0.03126569392525308,True,False
2024-07-30 10:00:00+00:00,66581.87,0.0,834.4427151497697,-0.25270175709330206,8.75651076269652e-27,HOLD,closed,8.75651076269652e-27,0.0,8.75651076269652e-27,0.03126205043082253,True,False
2024-07-30 11:00:00+00:00,66574.01,0.0,834.4427151497697,-0.25270175709330206,8.75651076269652e-27,HOLD,closed,8.75651076269652e-27,0.0,8.75651076269652e-27,0.03125299516011737,True,False
2024-07-30 12:00:00+00:00,66668.0,0.0,834.4427151497697,-0.25270175709330206,8.75651076269652e-27,HOLD,closed,8.75651076269652e-27,0.0,8.75651076269652e-27,0.03125099542862966,True,False
2024-07-30 13:00:00+00:00,66381.99,0.0,834.4427151497697,-0.25270175709330206,8.75651076269652e-27,HOLD,closed,8.75651076269652e-27,0.0,8.75651076269652e-27,0.0312527194702171,True,False
2024-07-30 14:00:00+00:00,65810.0,0.012570315976466056,829.3900450449403,-0.25722675494249353,1.0,BUY,closed,1.0,1.0,1.0,0.031257934016515054,False,False
2024-07-30 15:00:00+00:00,66216.01,0.01264786570311775,834.5382911299478,-0.2526161625273068,1.0,BUY,closed,1.0,0.9974385060247283,0.0025614939752717225,0.031264285496519106,True,False
2024-07-30 16:00:00+00:00,66180.01,0.0,836.6798235251351,-0.2506982796493143,8.75651076269652e-27,SELL,closed,8.75651076269652e-27,8.75651076269652e-27,1.0035403081704928,0.031264105864491354,False,False
2024-07-30 17:00:00+00:00,65868.01,0.0,836.6798235251351,-0.2506982796493143,8.75651076269652e-27,HOLD,closed,8.75651076269652e-27,0.0,8.75651076269652e-27,0.03126706312090369,True,False
2024-07-30 18:00:00+00:00,65824.01,0.012702369838182985,838.2670585427769,-0.2492768064693959,1.0,BUY,closed,1.0,1.0,1.0,0.031266197756035424,False,False
2024-07-30 19:00:00+00:00,65931.02,0.012702369838182985,839.6263391391609,-0.24805948144174245,1.0,HOLD,closed,1.0,0.997443935247765,0.002556064752235021,0.03126598879091477,True,False
2024-07-30 20:00:00+00:00,66186.01,0.0,841.7638838061363,-0.24614516983620752,8.75651076269652e-27,SELL,closed,8.75651076269652e-27,8.75651076269652e-27,0.9974537577372069,0.03125227719000864,False,False
2024-07-30 21:00:00+00:00,66304.0,0.0,841.7638838061363,-0.24614516983620752,8.75651076269652e-27,HOLD,closed,8.75651076269652e-27,0.0,8.75651076269652e-27,0.0312477903346923,True,False
2024-07-30 22:00:00+00:00,66222.0,0.0,841.7638838061363,-0.24614516983620752,8.75651076269652e-27,HOLD,closed,8.75651076269652e-27,0.0,8.75651076269652e-27,0.031247694355605315,True,False
2024-07-30 23:00:00+00:00,66188.0,0.0,841.7638838061363,-0.24614516983620752,8.75651076269652e-27,HOLD,closed,8.75651076269652e-27,0.0,8.75651076269652e-27,0.031243239207614126,True,False
2024-07-31 00:00:00+00:00,66344.0,0.0,841.7638838061363,-0.24614516983620752,8.75651076269652e-27,HOLD,closed,8.75651076269652e-27,0.0,8.75651076269652e-27,0.031176049037166198,True,False
2024-07-31 01:00:00+00:00,66296.0,0.0,841.7638838061363,-0.24614516983620752,8.75651076269652e-27,HOLD,closed,8.75651076269652e-27,0.0,8.75651076269652e-27,0.03116924087763223,True,False
2024-07-31 02:00:00+00:00,66122.16,0.0,841.7638838061363,-0.24614516983620752,8.75651076269652e-27,HOLD,closed,8.75651076269652e-27,0.0,8.75651076269652e-27,0.031166979786505594,True,False
2024-07-31 03:00:00+00:00,66058.0,0.012730433435656094,839.2630232430163,-0.2483848546829244,1.0,BUY,closed,1.0,1.0,1.0,0.031163757557778476,False,False
2024-07-31 04:00:00+00:00,65804.0,0.012730433435656094,836.0294931503597,-0.25128069320216234,1.0,HOLD,closed,1.0,1.0020142215835095,0.002014221583509501,0.031163866127420725,True,False
2024-07-31 05:00:00+00:00,66175.52,0.012730433435656094,840.7591037803746,-0.24704501632551942,1.0,HOLD,closed,1.0,1.00200289077095,0.00200289077094995,0.03116580314603612,True,False
2024-07-31 06:00:00+00:00,66459.99,0.0,842.8798584142127,-0.24514574129713243,8.75651076269652e-27,SELL,closed,8.75651076269652e-27,8.75651076269652e-27,1.0019943006610956,0.031167610424807035,False,False
2024-07-31 07:00:00+00:00,66224.0,0.0,842.8798584142127,-0.24514574129713243,8.75651076269652e-27,HOLD,closed,8.75651076269652e-27,0.0,8.75651076269652e-27,0.031168449269678683,True,False
2024-07-31 08:00:00+00:00,66312.01,0.0,842.8798584142127,-0.24514574129713243,8.75651076269652e-27,HOLD,closed,8.75651076269652e-27,0.0,8.75651076269652e-27,0.031162775945584142,True,False
2024-07-31 09:00:00+00:00,66262.0,0.0,842.8798584142127,-0.24514574129713243,8.75651076269652e-27,HOLD,closed,8.75651076269652e-27,0.0,8.75651076269652e-27,0.031154948973156543,True,False
2024-07-31 10:00:00+00:00,65992.0,0.0,842.8798584142127,-0.24514574129713243,8.75651076269652e-27,HOLD,closed,8.75651076269652e-27,0.0,8.75651076269652e-27,0.03115774650501002,True,False
2024-07-31 11:00:00+00:00,66094.01,0.01277245512204832,842.4965954044551,-0.24548897848832962,1.0,BUY,closed,1.0,1.0,1.0,0.031158153914841086,False,False
2024-07-31 12:00:00+00:00,66153.82,0.01277245512204832,843.260515945305,-0.2448048374831619,1.0,HOLD,closed,1.0,1.0019995969512072,0.0019995969512072165,0.031158296358147264,True,False
2024-07-31 13:00:00+00:00,66508.0,0.0,845.3858433784777,-0.2429014672127098,8.75651076269652e-27,SELL,closed,8.75651076269652e-27,8.75651076269652e-27,1.0019889271695162,0.031163024211391555,False,False
2024-07-31 14:00:00+00:00,66440.0,0.0,845.3858433784777,-0.2429014672127098,8.75651076269652e-27,HOLD,closed,8.75651076269652e-27,0.0,8.75651076269652e-27,0.031163206496908097,True,False
2024-07-31 15:00:00+00:00,66379.99,0.0,845.3858433784777,-0.2429014672127098,8.75651076269652e-27,HOLD,closed,8.75651076269652e-27,0.0,8.75651076269652e-27,0.031160356835721825,True,False
2024-07-31 16:00:00+00:00,66362.0,0.0,845.3858433784777,-0.2429014672127098,0.0,HOLD,closed,0.0,0.0,0.0,0.031160353986565387,True,False
2024-07-31 17:00:00+00:00,66686.0,0.0,845.3858433784777,-0.2429014672127098,0.0,HOLD,closed,0.0,0.0,0.0,0.03116445979367974,True,False
2024-07-31 18:00:00+00:00,66527.99,0.0,845.3858433784777,-0.2429014672127098,0.0,HOLD,closed,0.0,0.0,0.0,0.03116142250158757,True,False
2024-07-31 19:00:00+00:00,65256.83,0.0,845.3858433784777,-0.2429014672127098,0.0,HOLD,closed,0.0,0.0,0.0,0.03122590015869381,True,False
2024-07-31 20:00:00+00:00,64595.81,0.012954748849713933,838.9829327611116,-0.2486356941008762,1.0,BUY,closed,1.0,1.0,1.0,0.031243212306398094,False,False
2024-07-31 21:00:00+00:00,64978.0,0.012954748849713933,843.9341082239837,-0.24420159136793665,1.0,HOLD,closed,1.0,0.9974400401095077,0.0025599598904922916,0.03122749475004552,True,False
2024-07-31 22:00:00+00:00,64980.01,0.012954748849713933,843.9601472691717,-0.24417827169318526,1.0,HOLD,closed,1.0,0.9974401190929899,0.0025598809070100925,0.031218900595000043,True,False
2024-07-31 23:00:00+00:00,64628.0,0.012954748849713933,839.3999461265838,-0.24826223125000801,1.0,HOLD,closed,1.0,0.9974262120491655,0.0025737879508345163,0.031219267769952902,True,False
2024-08-01 00:00:00+00:00,64645.9,0.012954748849713933,839.6318361309937,-0.24805455852461059,1.0,HOLD,closed,1.0,0.997426922879405,0.0025730771205949576,0.031216952768254702,True,False
2024-08-01 01:00:00+00:00,64202.0,0.012865793277676294,833.9092121443109,-0.25317954406576454,1.0,SELL,closed,1.0,0.9974091784208821,0.002590821579117941,0.031222776360055493,True,False
2024-08-01 02:00:00+00:00,64110.01,0.012865793277676294,832.7256878206975,-0.2542394678105777,1.0,HOLD,closed,1.0,0.9905136202155463,0.009486379784453658,0.0312231300644574,True,False
2024-08-01 03:00:00+00:00,63936.01,0.012865793277676294,830.4870397903819,-0.25624432411667075,1.0,HOLD,closed,1.0,0.9904880488767995,0.009511951123200468,0.03122245204285659,True,False
2024-08-01 04:00:00+00:00,63740.41,0.012865793277676294,827.9704906252684,-0.25849805913662366,1.0,HOLD,closed,1.0,0.9904591380726964,0.009540861927303634,0.031224014585320703,True,False
2024-08-01 05:00:00+00:00,64303.99,0.012979550057330405,835.2710000135759,-0.2519599736106127,1.0,BUY,closed,1.0,0.9905419662572152,0.009458033742784755,0.03123646189936169,True,False
2024-08-01 06:00:00+00:00,64226.0,0.0,833.6022731537969,-0.2534544280861128,8.75651076269652e-27,SELL,closed,8.75651076269652e-27,8.75651076269652e-27,0.9992398725915937,0.03123522179595728,False,False
2024-08-01 07:00:00+00:00,64328.59,0.0,833.6022731537969,-0.2534544280861128,8.75651076269652e-27,HOLD,closed,8.75651076269652e-27,0.0,8.75651076269652e-27,0.03123067767934251,True,False
2024-08-01 08:00:00+00:00,64507.17,0.0,833.6022731537969,-0.2534544280861128,8.75651076269652e-27,HOLD,closed,8.75651076269652e-27,0.0,8.75651076269652e-27,0.031231925014279682,True,False
2024-08-01 09:00:00+00:00,64466.0,0.0,833.6022731537969,-0.2534544280861128,8.75651076269652e-27,HOLD,closed,8.75651076269652e-27,0.0,8.75651076269652e-27,0.031228872171836675,True,False
2024-08-01 10:00:00+00:00,64584.55,0.0,833.6022731537969,-0.2534544280861128,8.75651076269652e-27,HOLD,closed,8.75651076269652e-27,0.0,8.75651076269652e-27,0.031198753279514546,True,False
2024-08-01 11:00:00+00:00,64674.25,0.0,833.6022731537969,-0.2534544280861128,8.75651076269652e-27,HOLD,closed,8.75651076269652e-27,0.0,8.75651076269652e-27,0.031191225846180698,True,False
2024-08-01 12:00:00+00:00,64883.98,0.0,833.6022731537969,-0.2534544280861128,8.75651076269652e-27,HOLD,closed,8.75651076269652e-27,0.0,8.75651076269652e-27,0.031190054221672536,True,False
2024-08-01 13:00:00+00:00,64754.03,0.0,833.6022731537969,-0.2534544280861128,8.75651076269652e-27,HOLD,closed,8.75651076269652e-27,0.0,8.75651076269652e-27,0.03118947661366725,True,False
2024-08-01 14:00:00+00:00,63935.83,0.0,833.6022731537969,-0.2534544280861128,8.75651076269652e-27,HOLD,closed,8.75651076269652e-27,0.0,8.75651076269652e-27,0.031217333258402924,True,False
2024-08-01 15:00:00+00:00,62906.6,0.0130381082587619,822.3162249830417,-0.26356182529174593,1.0,BUY,closed,1.0,1.0,1.0,0.0312514524204163,False,False
2024-08-01 16:00:00+00:00,62908.0,0.0130381082587619,822.334478334604,-0.26354547821686347,1.0,HOLD,closed,1.0,0.9974059655181545,0.0025940344818454752,0.031249847911894252,True,False
2024-08-01 17:00:00+00:00,63220.0,0.0130381082587619,826.4023681113376,-0.25990241581449647,1.0,HOLD,closed,1.0,0.9974187344147071,0.0025812655852929245,0.031253577648383574,True,False
2024-08-01 18:00:00+00:00,62954.0,0.0130381082587619,822.934231314507,-0.26300836004215555,1.0,HOLD,closed,1.0,0.9974078560457948,0.0025921439542051505,0.031255851345083935,True,False
2024-08-01 19:00:00+00:00,63422.01,0.013135037705604995,829.0693540384995,-0.2575139547960943,1.0,BUY,closed,1.0,0.9974269350339895,0.0025730649660105076,0.031265216235001,True,False
2024-08-01 20:00:00+00:00,64760.0,0.0,831.2247691833322,-0.25558363900422004,8.75651076269652e-27,SELL,closed,8.75651076269652e-27,8.75651076269652e-27,1.00470225872058,0.03133760521391055,False,False
2024-08-01 21:00:00+00:00,64889.03,0.0,831.2247691833322,-0.25558363900422004,8.75651076269652e-27,HOLD,closed,8.75651076269652e-27,0.0,8.75651076269652e-27,0.03133559026937871,True,False
2024-08-01 22:00:00+00:00,65184.37,0.0,831.2247691833322,-0.25558363900422004,8.75651076269652e-27,HOLD,closed,8.75651076269652e-27,0.0,8.75651076269652e-27,0.031331512043506704,True,False
2024-08-01 23:00:00+00:00,65354.02,0.0,831.2247691833322,-0.25558363900422004,8.75651076269652e-27,HOLD,closed,8.75651076269652e-27,0.0,8.75651076269652e-27,0.031323603092439894,True,False
2024-08-02 00:00:00+00:00,64897.99,0.0,831.2247691833322,-0.25558363900422004,8.75651076269652e-27,HOLD,closed,8.75651076269652e-27,0.0,8.75651076269652e-27,0.03133129128951778,True,False
2024-08-02 01:00:00+00:00,64647.99,0.0,831.2247691833322,-0.25558363900422004,8.75651076269652e-27,HOLD,closed,8.75651076269652e-27,0.0,8.75651076269652e-27,0.03133379134675443,True,False
2024-08-02 02:00:00+00:00,64359.91,0.012857702777863696,829.6764977118173,-0.25697021777014284,1.0,BUY,closed,1.0,1.0,1.0,0.03133539859488926,False,False
2024-08-02 03:00:00+00:00,64609.18,0.012857702777863696,832.8815372832554,-0.25409989438341135,1.0,HOLD,closed,1.0,0.997411511691336,0.002588488308663983,0.031337361722906826,True,False
2024-08-02 04:00:00+00:00,64531.99,0.012857702777863696,831.8890512058321,-0.2549887308347365,1.0,HOLD,closed,1.0,0.9974084234927304,0.0025915765072695995,0.031335206763130924,True,False
2024-08-02 05:00:00+00:00,64170.01,0.012857702777863696,827.234819954301,-0.2591569005283581,1.0,HOLD,closed,1.0,0.9973938426311904,0.0026061573688096473,0.03133336177825968,True,False
2024-08-02 06:00:00+00:00,64477.21,0.012857702777863696,831.1847062476606,-0.25561951799374144,1.0,HOLD,closed,1.0,0.9974062273937973,0.002593772606202749,0.03133463119855545,True,False
2024-08-02 07:00:00+00:00,64164.07,0.012857702777863696,827.1584451998004,-0.2592252991359611,1.0,HOLD,closed,1.0,0.9973936019945501,0.002606398005449928,0.03133856231243998,True,False
2024-08-02 08:00:00+00:00,64598.01,0.012944659100045662,832.7644888368517,-0.2542047189528448,1.0,BUY,closed,1.0,0.9974110652602545,0.00258893473974553,0.031344549142667405,True,False
2024-08-02 09:00:00+00:00,64511.99,0.0,831.0925085004782,-0.2557020871302663,8.75651076269652e-27,SELL,closed,8.75651076269652e-27,8.75651076269652e-27,1.0041300127082646,0.031333780082317964,False,False
2024-08-02 10:00:00+00:00,64764.93,0.0,831.0925085004782,-0.2557020871302663,8.75651076269652e-27,HOLD,closed,8.75651076269652e-27,0.0,8.75651076269652e-27,0.031336306193935515,True,False
2024-08-02 11:00:00+00:00,64660.01,0.0,831.0925085004782,-0.2557020871302663,8.75651076269652e-27,HOLD,closed,8.75651076269652e-27,0.0,8.75651076269652e-27,0.03132899825005683,True,False
2024-08-02 12:00:00+00:00,64846.0,0.0,831.0925085004782,-0.2557020871302663,8.75651076269652e-27,HOLD,closed,8.75651076269652e-27,0.0,8.75651076269652e-27,0.031329908317148825,True,False
2024-08-02 13:00:00+00:00,65229.99,0.0,831.0925085004782,-0.2557020871302663,8.75651076269652e-27,HOLD,closed,8.75651076269652e-27,0.0,8.75651076269652e-27,0.03133566154259623,True,False
2024-08-02 14:00:00+00:00,63157.95,0.0,831.0925085004782,-0.2557020871302663,8.75651076269652e-27,HOLD,closed,8.75651076269652e-27,0.0,8.75651076269652e-27,0.031506605669470666,True,False
2024-08-02 15:00:00+00:00,63416.01,0.013158953203840185,836.6948190128298,-0.25068485020544434,1.0,BUY,closed,1.0,1.0,1.0,0.03148416772283816,False,False
2024-08-02 16:00:00+00:00,63307.38,0.013158953203840185,835.2653619262966,-0.2519650228879815,1.0,HOLD,closed,1.0,0.997358311323386,0.0026416886766139624,0.03148458925615841,True,False
2024-08-02 17:00:00+00:00,63098.01,0.013158953203840185,832.5102718940086,-0.2544323869176489,1.0,HOLD,closed,1.0,0.9973495689806341,0.0026504310193659064,0.03148622603940021,True,False
2024-08-02 18:00:00+00:00,62898.25,0.013158953203840185,829.8816394020096,-0.2567864999164852,1.0,HOLD,closed,1.0,0.9973411737965928,0.002658826203407183,0.03148600372401997,True,False
2024-08-02 19:00:00+00:00,62633.57,0.013158953203840185,826.398727668017,-0.2599056760705302,1.0,HOLD,closed,1.0,0.9973299679988678,0.00267003200113225,0.031488437536810576,True,False
2024-08-02 20:00:00+00:00,62622.01,0.013158953203840185,826.2466101689807,-0.2600419072793134,1.0,HOLD,closed,1.0,0.9973294764282091,0.0026705235717908726,0.03148830397004079,True,False
2024-08-02 21:00:00+00:00,61987.01,0.013025518724741886,817.9586980861684,-0.2674642767534591,1.0,SELL,closed,1.0,0.9973021931704014,0.002697806829598637,0.03150506900310818,True,False
2024-08-02 22:00:00+00:00,61386.01,0.012899226687977463,810.2271069744094,-0.2743884242686705,1.0,SELL,closed,1.0,0.9869826645886238,0.013017335411376174,0.03152021311921713,True,False
2024-08-02 23:00:00+00:00,61498.33,0.012899226687977463,811.675948116003,-0.2730908918920237,1.0,HOLD,closed,1.0,0.9773369550290913,0.022663044970908652,0.031519907308883904,True,False
2024-08-03 00:00:00+00:00,61132.01,0.012899226687977463,806.9507033956631,-0.2773226588098766,1.0,HOLD,closed,1.0,0.9772042475004343,0.02279575249956567,0.03152559956151524,True,False
2024-08-03 01:00:00+00:00,61342.01,0.012899226687977463,809.6595410001383,-0.27489671686635975,1.0,HOLD,closed,1.0,0.977280514114321,0.02271948588567896,0.031523164001259624,True,False
2024-08-03 02:00:00+00:00,61450.01,0.0,811.7673377455606,-0.27300904647789487,8.75651076269652e-27,SELL,closed,8.75651076269652e-27,8.75651076269652e-27,0.9773195385721842,0.03152359626578699,False,False
2024-08-03 03:00:00+00:00,61895.99,0.0,811.7673377455606,-0.27300904647789487,8.75651076269652e-27,HOLD,closed,8.75651076269652e-27,0.0,8.75651076269652e-27,0.031531201218503446,True,False
2024-08-03 04:00:00+00:00,61566.25,0.0,811.7673377455606,-0.27300904647789487,8.75651076269652e-27,HOLD,closed,8.75651076269652e-27,0.0,8.75651076269652e-27,0.03153347692266997,True,False
2024-08-03 05:00:00+00:00,61693.99,0.0,811.7673377455606,-0.27300904647789487,8.75651076269652e-27,HOLD,closed,8.75651076269652e-27,0.0,8.75651076269652e-27,0.031508993994112916,True,False
2024-08-03 06:00:00+00:00,61827.89,0.0,811.7673377455606,-0.27300904647789487,8.75651076269652e-27,HOLD,closed,8.75651076269652e-27,0.0,8.75651076269652e-27,0.031507004235377056,True,False
2024-08-03 07:00:00+00:00,61662.01,0.0,811.7673377455606,-0.27300904647789487,8.75651076269652e-27,HOLD,closed,8.75651076269652e-27,0.0,8.75651076269652e-27,0.03150772462335805,True,False
2024-08-03 08:00:00+00:00,61629.68,0.0,811.7673377455606,-0.27300904647789487,8.75651076269652e-27,HOLD,closed,8.75651076269652e-27,0.0,8.75651076269652e-27,0.03150519046634506,True,False
2024-08-03 09:00:00+00:00,61735.99,0.0,811.7673377455606,-0.27300904647789487,8.75651076269652e-27,HOLD,closed,8.75651076269652e-27,0.0,8.75651076269652e-27,0.03150460933496438,True,False
2024-08-03 10:00:00+00:00,61822.01,0.0,811.7673377455606,-0.27300904647789487,8.75651076269652e-27,HOLD,closed,8.75651076269652e-27,0.0,8.75651076269652e-27,0.0315033612031963,True,False
2024-08-03 11:00:00+00:00,61919.38,0.0,811.7673377455606,-0.27300904647789487,8.75651076269652e-27,HOLD,closed,8.75651076269652e-27,0.0,8.75651076269652e-27,0.03150371868764468,True,False
2024-08-03 12:00:00+00:00,62002.71,0.0,811.7673377455606,-0.27300904647789487,8.75651076269652e-27,HOLD,closed,8.75651076269652e-27,0.0,8.75651076269652e-27,0.03150196574051431,True,False
2024-08-03 13:00:00+00:00,62007.99,0.0,811.7673377455606,-0.27300904647789487,8.75651076269652e-27,HOLD,closed,8.75651076269652e-27,0.0,8.75651076269652e-27,0.03150161838508436,True,False
2024-08-03 14:00:00+00:00,61990.0,0.0,811.7673377455606,-0.27300904647789487,8.75651076269652e-27,HOLD,closed,8.75651076269652e-27,0.0,8.75651076269652e-27,0.03150143791525173,True,False
2024-08-03 15:00:00+00:00,60879.0,0.0,811.7673377455606,-0.27300904647789487,8.75651076269652e-27,HOLD,closed,8.75651076269652e-27,0.0,8.75651076269652e-27,0.03155416815942205,True,False
2024-08-03 16:00:00+00:00,60912.01,0.013334108714079952,814.3859330481461,-0.27066392244124404,1.0,BUY,closed,1.0,1.0,1.0,0.03155417771142496,False,False
2024-08-03 17:00:00+00:00,60576.0,0.013334108714079952,809.9055391791279,-0.27467640934425,1.0,HOLD,closed,1.0,0.9973100940669836,0.0026899059330164343,0.031558706229483646,True,False
2024-08-03 18:00:00+00:00,60243.97,0.013334108714079952,805.4782150627921,-0.27864136879904305,1.0,HOLD,closed,1.0,0.997295308955251,0.002704691044749019,0.03153565878004261,True,False
2024-08-03 19:00:00+00:00,60246.0,0.013334108714079952,805.5052833034816,-0.27861712741214056,1.0,HOLD,closed,1.0,0.997295399843827,0.0027046001561730204,0.03153255400394095,True,False
2024-08-03 20:00:00+00:00,60395.97,0.013334108714079952,807.5049995873321,-0.2768262501738329,1.0,HOLD,closed,1.0,0.997302097552171,0.0026979024478289704,0.031519757522955244,True,False
2024-08-03 21:00:00+00:00,60648.0,0.0,809.6498775147393,-0.27490537115206204,8.75651076269652e-27,SELL,closed,8.75651076269652e-27,8.75651076269652e-27,0.9973132788856294,0.031522453844242376,False,False
2024-08-03 22:00:00+00:00,60629.84,0.0,809.6498775147393,-0.27490537115206204,8.75651076269652e-27,HOLD,closed,8.75651076269652e-27,0.0,8.75651076269652e-27,0.03151688452890242,True,False
2024-08-03 23:00:00+00:00,60697.99,0.0,809.6498775147393,-0.27490537115206204,8.75651076269652e-27,HOLD,closed,8.75651076269652e-27,0.0,8.75651076269652e-27,0.03151653288246076,True,False
2024-08-04 00:00:00+00:00,60747.0,0.0,809.6498775147393,-0.27490537115206204,8.75651076269652e-27,HOLD,closed,8.75651076269652e-27,0.0,8.75651076269652e-27,0.03150601124790395,True,False
2024-08-04 01:00:00+00:00,60743.58,0.0,809.6498775147393,-0.27490537115206204,8.75651076269652e-27,HOLD,closed,8.75651076269652e-27,0.0,8.75651076269652e-27,0.031501549719800265,True,False
2024-08-04 02:00:00+00:00,60886.95,0.0,809.6498775147393,-0.27490537115206204,8.75651076269652e-27,HOLD,closed,8.75651076269652e-27,0.0,8.75651076269652e-27,0.031495633784943106,True,False
2024-08-04 03:00:00+00:00,60735.0,0.0,809.6498775147393,-0.27490537115206204,8.75651076269652e-27,HOLD,closed,8.75651076269652e-27,0.0,8.75651076269652e-27,0.03149508527116862,True,False
2024-08-04 04:00:00+00:00,60564.12,0.0,809.6498775147393,-0.27490537115206204,8.75651076269652e-27,HOLD,closed,8.75651076269652e-27,0.0,8.75651076269652e-27,0.03149549418167544,True,False
2024-08-04 05:00:00+00:00,60792.0,0.01336847423053021,811.0765808424244,-0.27362766464139177,1.0,BUY,closed,1.0,1.0,1.0,0.03149777209028015,False,False
2024-08-04 06:00:00+00:00,60819.61,0.0,809.4515946197224,-0.27508294650427534,8.75651076269652e-27,SELL,closed,8.75651076269652e-27,8.75651076269652e-27,1.0019960727021846,0.0314946326296528,False,False
2024-08-04 07:00:00+00:00,60373.99,0.0,809.4515946197224,-0.27508294650427534,8.75651076269652e-27,HOLD,closed,8.75651076269652e-27,0.0,8.75651076269652e-27,0.03150197056595702,True,False
2024-08-04 08:00:00+00:00,60565.41,0.013407287816273932,814.1694021566389,-0.2708578400725213,1.0,BUY,closed,1.0,1.0,1.0,0.03149156410270895,False,False
2024-08-04 09:00:00+00:00,60708.0,0.0,812.5536668815867,-0.2723048371043453,8.75651076269652e-27,SELL,closed,8.75651076269652e-27,8.75651076269652e-27,0.9973635972561647,0.03149182584564919,False,False
2024-08-04 10:00:00+00:00,60812.01,0.0,812.5536668815867,-0.2723048371043453,8.75651076269652e-27,HOLD,closed,8.75651076269652e-27,0.0,8.75651076269652e-27,0.031487940377647905,True,False
2024-08-04 11:00:00+00:00,60896.0,0.0,812.5536668815867,-0.2723048371043453,8.75651076269652e-27,HOLD,closed,8.75651076269652e-27,0.0,8.75651076269652e-27,0.03148801635175949,True,False
2024-08-04 12:00:00+00:00,61062.0,0.0,812.5536668815867,-0.2723048371043453,8.75651076269652e-27,HOLD,closed,8.75651076269652e-27,0.0,8.75651076269652e-27,0.03148919672333264,True,False
2024-08-04 13:00:00+00:00,60822.01,0.0,812.5536668815867,-0.2723048371043453,8.75651076269652e-27,HOLD,closed,8.75651076269652e-27,0.0,8.75651076269652e-27,0.03149125054307317,True,False
2024-08-04 14:00:00+00:00,59586.7,0.0,812.5536668815867,-0.2723048371043453,8.75651076269652e-27,HOLD,closed,8.75651076269652e-27,0.0,8.75651076269652e-27,0.03155918264638219,True,False
2024-08-04 15:00:00+00:00,59086.01,0.013636496118203355,807.9121398008509,-0.2764616293788336,1.0,BUY,closed,1.0,1.0,1.0,0.03157009774435701,False,False
2024-08-04 16:00:00+00:00,58663.9,0.013539077095046185,802.2126194513138,-0.28156592409588393,1.0,SELL,closed,1.0,0.997274852159662,0.002725147840337949,0.031577058262758056,True,False
2024-08-04 17:00:00+00:00,57864.43,0.013354566928398951,791.5144010691794,-0.2911468811275074,1.0,SELL,closed,1.0,0.9899448193668157,0.010055180633184335,0.031545364581099605,True,False
2024-08-04 18:00:00+00:00,58770.6,0.013563702452822285,803.7812122542722,-0.28016114624330657,1.0,BUY,closed,1.0,0.9766555170811988,0.0233444829188012,0.0315766471994198,True,False
2024-08-04 19:00:00+00:00,59257.66,0.0,805.9255125610864,-0.2782407845187046,8.75651076269652e-27,SELL,closed,8.75651076269652e-27,8.75651076269652e-27,0.991813446680885,0.031587338824782485,False,False
2024-08-04 20:00:00+00:00,59158.0,0.0,805.9255125610864,-0.2782407845187046,8.75651076269652e-27,HOLD,closed,8.75651076269652e-27,0.0,8.75651076269652e-27,0.031580444382808215,True,False
2024-08-04 21:00:00+00:00,58459.98,0.0,805.9255125610864,-0.2782407845187046,8.75651076269652e-27,HOLD,closed,8.75651076269652e-27,0.0,8.75651076269652e-27,0.03160153322420853,True,False
2024-08-04 22:00:00+00:00,58715.83,0.013785935482035511,807.8403901662866,-0.27652588588783733,1.0,BUY,closed,1.0,1.0,1.0,0.0315549526246002,False,False
2024-08-04 23:00:00+00:00,58161.0,0.0,806.2218896043006,-0.2779753594156859,8.75651076269652e-27,SELL,closed,8.75651076269652e-27,8.75651076269652e-27,1.0020148350840088,0.03156826496834714,False,False
2024-08-05 00:00:00+00:00,56174.02,0.013861898688198288,780.9093843427155,-0.3006443699566359,1.0,BUY,closed,1.0,1.0,1.0,0.03175724858156412,False,False
2024-08-05 01:00:00+00:00,54432.65,0.01343218829544404,757.4707052710529,-0.3216352461046333,1.0,SELL,closed,1.0,0.9970521979459724,0.0029478020540275596,0.031905830254418704,True,False
2024-08-05 02:00:00+00:00,54697.98,0.013981216563799173,761.2648876705158,-0.31823730663088856,1.0,BUY,closed,1.0,1.0,0.03458594222446465,0.03190915491297411,False,False
2024-08-05 03:00:00+00:00,53890.87,0.013711301733075111,750.1688387186061,-0.3281745470602456,1.0,SELL,closed,1.0,1.0046393423227218,0.0046393423227217845,0.03194131346987872,True,False
2024-08-05 04:00:00+00:00,53528.01,0.013711301733075111,745.1935557717425,-0.33263023962805427,1.0,HOLD,closed,1.0,0.984896729979066,0.015103270020934034,0.03194025173075937,True,False
2024-08-05 05:00:00+00:00,52718.0,0.013504320698745409,734.2860085658327,-0.34239866436639615,1.0,SELL,closed,1.0,0.9846682267371799,0.015331773262820092,0.03196322452887915,True,False
2024-08-05 06:00:00+00:00,51588.0,0.013214860737423378,719.3970086986129,-0.35573274139457706,1.0,SELL,closed,1.0,0.9688951080424439,0.031104891957556058,0.032028739293932934,True,False
2024-08-05 07:00:00+00:00,52674.19,0.014223285614542044,734.9972113059355,-0.3417617356133735,1.0,BUY,closed,1.0,1.0,0.05133727961090517,0.03209035597104526,False,False
2024-08-05 08:00:00+00:00,52752.0,0.0,737.1658094906744,-0.3398196135436336,8.75651076269652e-27,SELL,closed,8.75651076269652e-27,8.75651076269652e-27,1.0192946092165442,0.03208874052889635,False,False
2024-08-05 09:00:00+00:00,52667.8,0.0,737.1658094906744,-0.3398196135436336,8.75651076269652e-27,HOLD,closed,8.75651076269652e-27,0.0,8.75651076269652e-27,0.032083555464039126,True,False
2024-08-05 10:00:00+00:00,51386.0,0.0,737.1658094906744,-0.3398196135436336,8.75651076269652e-27,HOLD,closed,8.75651076269652e-27,0.0,8.75651076269652e-27,0.03216448084347562,True,False
2024-08-05 11:00:00+00:00,51340.0,0.01434621301359712,738.6960386699892,-0.3384491928350757,1.0,BUY,closed,1.0,1.0,1.0,0.032162539647696,False,False
2024-08-05 12:00:00+00:00,49804.0,0.0,737.223337785041,-0.33976809317858386,8.75651076269652e-27,SELL,closed,8.75651076269652e-27,8.75651076269652e-27,0.9969839787606724,0.03228573230808032,False,False
2024-08-05 13:00:00+00:00,51951.0,0.014802489554255591,767.5293195458934,-0.31262709654901594,1.0,BUY,closed,1.0,1.0,1.0,0.03252327420104745,False,False
2024-08-05 14:00:00+00:00,54061.68,0.0,769.9524038314544,-0.31045706546582824,8.75651076269652e-27,SELL,closed,8.75651076269652e-27,8.75651076269652e-27,1.0018463517861171,0.03272495648128426,False,False
2024-08-05 15:00:00+00:00,54321.09,0.0,769.9524038314544,-0.31045706546582824,8.75651076269652e-27,HOLD,closed,8.75651076269652e-27,0.0,8.75651076269652e-27,0.03272593070509719,True,False
2024-08-05 16:00:00+00:00,54039.11,0.0,769.9524038314544,-0.31045706546582824,8.75651076269652e-27,HOLD,closed,8.75651076269652e-27,0.0,8.75651076269652e-27,0.032723000257956575,True,False
2024-08-05 17:00:00+00:00,54707.99,0.0,769.9524038314544,-0.31045706546582824,8.75651076269652e-27,HOLD,closed,8.75651076269652e-27,0.0,8.75651076269652e-27,0.03273779079873748,True,False
2024-08-05 18:00:00+00:00,53096.84,0.0,769.9524038314544,-0.31045706546582824,8.75651076269652e-27,HOLD,closed,8.75651076269652e-27,0.0,8.75651076269652e-27,0.032828132226504936,True,False
2024-08-05 19:00:00+00:00,53470.09,0.01450090549310278,777.8294343286206,-0.3034026674310893,1.0,BUY,closed,1.0,1.0,1.0,0.03282991232642743,False,False
2024-08-05 20:00:00+00:00,54393.85,0.0,780.3160720522264,-0.3011757200710627,0.0,SELL,closed,0.0,0.0,0.9968849402096347,0.032866245309312564,False,False
2024-08-05 21:00:00+00:00,54372.01,0.0,780.3160720522264,-0.3011757200710627,0.0,HOLD,closed,0.0,0.0,0.0,0.03286418624263046,True,False
2024-08-05 22:00:00+00:00,54695.87,0.0,780.3160720522264,-0.3011757200710627,0.0,HOLD,closed,0.0,0.0,0.0,0.03286733045518017,True,False
2024-08-05 23:00:00+00:00,54018.81,0.0,780.3160720522264,-0.3011757200710627,0.0,HOLD,closed,0.0,0.0,0.0,0.032885441359005285,True,False
2024-08-06 00:00:00+00:00,56038.0,0.0,780.3160720522264,-0.3011757200710627,0.0,HOLD,closed,0.0,0.0,0.0,0.03304832619026071,True,False
2024-08-06 01:00:00+00:00,55723.98,0.0,780.3160720522264,-0.3011757200710627,0.0,HOLD,closed,0.0,0.0,0.0,0.0330299875456411,True,False
2024-08-06 02:00:00+00:00,55845.44,0.0,780.3160720522264,-0.3011757200710627,0.0,HOLD,closed,0.0,0.0,0.0,0.03301303261142352,True,False
2024-08-06 03:00:00+00:00,55665.73,0.0,780.3160720522264,-0.3011757200710627,0.0,HOLD,closed,0.0,0.0,0.0,0.033014219997053035,True,False
2024-08-06 04:00:00+00:00,55493.98,0.0,780.3160720522264,-0.3011757200710627,0.0,HOLD,closed,0.0,0.0,0.0,0.03301447513568109,True,False
2024-08-06 05:00:00+00:00,55925.97,0.0,780.3160720522264,-0.3011757200710627,0.0,HOLD,closed,0.0,0.0,0.0,0.03301698034674813,True,False
2024-08-06 06:00:00+00:00,55782.0,0.0,780.3160720522264,-0.3011757200710627,0.0,HOLD,closed,0.0,0.0,0.0,0.03301519027892619,True,False
2024-08-06 07:00:00+00:00,55999.99,0.0,780.3160720522264,-0.3011757200710627,0.0,HOLD,closed,0.0,0.0,0.0,0.03301040404846295,True,False
2024-08-06 08:00:00+00:00,54992.0,0.0,780.3160720522264,-0.3011757200710627,0.0,HOLD,closed,0.0,0.0,0.0,0.033046618161980484,True,False
2024-08-06 09:00:00+00:00,55211.99,0.0,780.3160720522264,-0.3011757200710627,0.0,HOLD,closed,0.0,0.0,0.0,0.03304444345927915,True,False
2024-08-06 10:00:00+00:00,55062.0,0.0,780.3160720522264,-0.3011757200710627,0.0,HOLD,closed,0.0,0.0,0.0,0.033039781576961164,True,False
2024-08-06 11:00:00+00:00,55210.01,0.0,780.3160720522264,-0.3011757200710627,0.0,HOLD,closed,0.0,0.0,0.0,0.03300709509847938,True,False
2024-08-06 12:00:00+00:00,54772.01,0.0,780.3160720522264,-0.3011757200710627,0.0,HOLD,closed,0.0,0.0,0.0,0.03300900659766076,True,False
2024-08-06 13:00:00+00:00,55204.0,0.0,780.3160720522264,-0.3011757200710627,0.0,HOLD,closed,0.0,0.0,0.0,0.033016070151461685,True,False
2024-08-06 14:00:00+00:00,56132.01,0.0,780.3160720522264,-0.3011757200710627,0.0,HOLD,closed,0.0,0.0,0.0,0.03304764696859877,True,False
2024-08-06 15:00:00+00:00,56405.99,0.0,780.3160720522264,-0.3011757200710627,0.0,HOLD,closed,0.0,0.0,0.0,0.03304605088138507,True,False
2024-08-06 16:00:00+00:00,56775.52,0.0,780.3160720522264,-0.3011757200710627,0.0,HOLD,closed,0.0,0.0,0.0,0.033039427101780566,True,False
2024-08-06 17:00:00+00:00,56494.0,0.0,780.3160720522264,-0.3011757200710627,0.0,HOLD,closed,0.0,0.0,0.0,0.03303671933332847,True,False
2024-08-06 18:00:00+00:00,56729.99,0.0,780.3160720522264,-0.3011757200710627,0.0,HOLD,closed,0.0,0.0,0.0,0.03303738006738491,True,False
2024-08-06 19:00:00+00:00,56765.48,0.0,780.3160720522264,-0.3011757200710627,0.0,HOLD,closed,0.0,0.0,0.0,0.033032121637339096,True,False
2024-08-06 20:00:00+00:00,56541.99,0.0,780.3160720522264,-0.3011757200710627,0.0,HOLD,closed,0.0,0.0,0.0,0.03302786713140837,True,False
2024-08-06 21:00:00+00:00,56458.01,0.0,780.3160720522264,-0.3011757200710627,0.0,HOLD,closed,0.0,0.0,0.0,0.033027153169714746,True,False
2024-08-06 22:00:00+00:00,56200.26,0.0,780.3160720522264,-0.3011757200710627,0.0,HOLD,closed,0.0,0.0,0.0,0.03302915149659999,True,False
2024-08-06 23:00:00+00:00,56022.01,0.0,780.3160720522264,-0.3011757200710627,0.0,HOLD,closed,0.0,0.0,0.0,0.033029579861351605,True,False
2024-08-07 00:00:00+00:00,56269.99,0.0,780.3160720522264,-0.3011757200710627,0.0,HOLD,closed,0.0,0.0,0.0,0.033031179054449855,True,False
2024-08-07 01:00:00+00:00,56965.99,0.0,780.3160720522264,-0.3011757200710627,0.0,HOLD,closed,0.0,0.0,0.0,0.033048243392130805,True,False
2024-08-07 02:00:00+00:00,56762.01,0.0,780.3160720522264,-0.3011757200710627,0.0,HOLD,closed,0.0,0.0,0.0,0.03304959820802464,True,False
2024-08-07 03:00:00+00:00,56862.0,0.0,780.3160720522264,-0.3011757200710627,0.0,HOLD,closed,0.0,0.0,0.0,0.03304666444070714,True,False
2024-08-07 04:00:00+00:00,57048.02,0.0,780.3160720522264,-0.3011757200710627,0.0,HOLD,closed,0.0,0.0,0.0,0.03304595984266223,True,False
2024-08-07 05:00:00+00:00,56796.01,0.0,780.3160720522264,-0.3011757200710627,0.0,HOLD,closed,0.0,0.0,0.0,0.0330461565150075,True,False
2024-08-07 06:00:00+00:00,56838.57,0.0,780.3160720522264,-0.3011757200710627,0.0,HOLD,closed,0.0,0.0,0.0,0.033044426206311706,True,False
2024-08-07 07:00:00+00:00,56920.91,0.0,780.3160720522264,-0.3011757200710627,0.0,HOLD,closed,0.0,0.0,0.0,0.033038213989959236,True,False
2024-08-07 08:00:00+00:00,57348.0,0.0,780.3160720522264,-0.3011757200710627,0.0,HOLD,closed,0.0,0.0,0.0,0.03302741996247954,True,False
2024-08-07 09:00:00+00:00,57350.01,0.0,780.3160720522264,-0.3011757200710627,0.0,HOLD,closed,0.0,0.0,0.0,0.033006513827849665,True,False
2024-08-07 10:00:00+00:00,57323.0,0.0,780.3160720522264,-0.3011757200710627,0.0,HOLD,closed,0.0,0.0,0.0,0.033004347663458444,True,False
2024-08-07 11:00:00+00:00,56963.38,0.0,780.3160720522264,-0.3011757200710627,0.0,HOLD,closed,0.0,0.0,0.0,0.033004380966820984,True,False
2024-08-07 12:00:00+00:00,57292.0,0.0,780.3160720522264,-0.3011757200710627,0.0,HOLD,closed,0.0,0.0,0.0,0.03299974739151379,True,False
2024-08-07 13:00:00+00:00,56834.0,0.0,780.3160720522264,-0.3011757200710627,0.0,HOLD,closed,0.0,0.0,0.0,0.03300524578223596,True,False
2024-08-07 14:00:00+00:00,56085.83,0.0,780.3160720522264,-0.3011757200710627,0.0,HOLD,closed,0.0,0.0,0.0,0.03302324475119972,True,False
2024-08-07 15:00:00+00:00,56094.5,0.0,780.3160720522264,-0.3011757200710627,0.0,HOLD,closed,0.0,0.0,0.0,0.033022067629122576,True,False
2024-08-07 16:00:00+00:00,56125.47,0.0,780.3160720522264,-0.3011757200710627,0.0,HOLD,closed,0.0,0.0,0.0,0.03302153819586881,True,False
2024-08-07 17:00:00+00:00,55570.59,0.0,780.3160720522264,-0.3011757200710627,0.0,HOLD,closed,0.0,0.0,0.0,0.03303161421800557,True,False
2024-08-07 18:00:00+00:00,54805.01,0.0,780.3160720522264,-0.3011757200710627,0.0,HOLD,closed,0.0,0.0,0.0,0.03305356640233209,True,False
2024-08-07 19:00:00+00:00,54759.22,0.0,780.3160720522264,-0.3011757200710627,0.0,HOLD,closed,0.0,0.0,0.0,0.033051882999476784,True,False
2024-08-07 20:00:00+00:00,55141.31,0.0,780.3160720522264,-0.3011757200710627,0.0,HOLD,closed,0.0,0.0,0.0,0.03305376496801751,True,False
2024-08-07 21:00:00+00:00,55416.0,0.0,780.3160720522264,-0.3011757200710627,0.0,HOLD,closed,0.0,0.0,0.0,0.03305500006633777,True,False
2024-08-07 22:00:00+00:00,55284.01,0.0,780.3160720522264,-0.3011757200710627,0.0,HOLD,closed,0.0,0.0,0.0,0.03305340489584002,True,False
2024-08-07 23:00:00+00:00,55134.16,0.0,780.3160720522264,-0.3011757200710627,0.0,HOLD,closed,0.0,0.0,0.0,0.033043038184650514,True,False
2024-08-08 00:00:00+00:00,55300.0,0.0,780.3160720522264,-0.3011757200710627,0.0,HOLD,closed,0.0,0.0,0.0,0.033030220067229527,True,False
2024-08-08 01:00:00+00:00,56868.0,0.0,780.3160720522264,-0.3011757200710627,0.0,HOLD,closed,0.0,0.0,0.0,0.033116786373567686,True,False
2024-08-08 02:00:00+00:00,57364.0,0.0,780.3160720522264,-0.3011757200710627,0.0,HOLD,closed,0.0,0.0,0.0,0.03312203486291329,True,False
2024-08-08 03:00:00+00:00,57049.74,0.0,780.3160720522264,-0.3011757200710627,0.0,HOLD,closed,0.0,0.0,0.0,0.03312041654252629,True,False
2024-08-08 04:00:00+00:00,56765.34,0.0,780.3160720522264,-0.3011757200710627,0.0,HOLD,closed,0.0,0.0,0.0,0.03311972736943983,True,False
2024-08-08 05:00:00+00:00,56955.62,0.0,780.3160720522264,-0.3011757200710627,0.0,HOLD,closed,0.0,0.0,0.0,0.03311973025838824,True,False
2024-08-08 06:00:00+00:00,57216.0,0.0,780.3160720522264,-0.3011757200710627,0.0,HOLD,closed,0.0,0.0,0.0,0.033119339243056156,True,False
2024-08-08 07:00:00+00:00,57193.49,0.0,780.3160720522264,-0.3011757200710627,0.0,HOLD,closed,0.0,0.0,0.0,0.03311813816941478,True,False
2024-08-08 08:00:00+00:00,57230.0,0.0,780.3160720522264,-0.3011757200710627,0.0,HOLD,closed,0.0,0.0,0.0,0.03311750681398609,True,False
2024-08-08 09:00:00+00:00,57339.19,0.0,780.3160720522264,-0.3011757200710627,0.0,HOLD,closed,0.0,0.0,0.0,0.03311522379491,True,False
2024-08-08 10:00:00+00:00,57377.09,0.0,780.3160720522264,-0.3011757200710627,0.0,HOLD,closed,0.0,0.0,0.0,0.03309981228019965,True,False
2024-08-08 11:00:00+00:00,57320.51,0.0,780.3160720522264,-0.3011757200710627,0.0,HOLD,closed,0.0,0.0,0.0,0.033089233187604594,True,False
2024-08-08 12:00:00+00:00,57924.62,0.0,780.3160720522264,-0.3011757200710627,0.0,HOLD,closed,0.0,0.0,0.0,0.0330976140516544,True,False
2024-08-08 13:00:00+00:00,57266.73,0.0,780.3160720522264,-0.3011757200710627,0.0,HOLD,closed,0.0,0.0,0.0,0.033107198066057275,True,False
2024-08-08 14:00:00+00:00,58922.25,0.0,780.3160720522264,-0.3011757200710627,0.0,HOLD,closed,0.0,0.0,0.0,0.03319876092423063,True,False
2024-08-08 15:00:00+00:00,59428.03,0.0,780.3160720522264,-0.3011757200710627,0.0,HOLD,closed,0.0,0.0,0.0,0.03320672441406916,True,False
2024-08-08 16:00:00+00:00,59568.56,0.0,780.3160720522264,-0.3011757200710627,0.0,HOLD,closed,0.0,0.0,0.0,0.033204416204928866,True,False
2024-08-08 17:00:00+00:00,59469.88,0.0,780.3160720522264,-0.3011757200710627,0.0,HOLD,closed,0.0,0.0,0.0,0.03320393908603722,True,False
2024-08-08 18:00:00+00:00,59328.09,0.0,780.3160720522264,-0.3011757200710627,0.0,HOLD,closed,0.0,0.0,0.0,0.033200009111908096,True,False
2024-08-08 19:00:00+00:00,59414.51,0.0,780.3160720522264,-0.3011757200710627,0.0,HOLD,closed,0.0,0.0,0.0,0.03319627735679814,True,False
2024-08-08 20:00:00+00:00,59506.29,0.0,780.3160720522264,-0.3011757200710627,0.0,HOLD,closed,0.0,0.0,0.0,0.03319006514067424,True,False
2024-08-08 21:00:00+00:00,61173.69,0.0,780.3160720522264,-0.3011757200710627,0.0,HOLD,closed,0.0,0.0,0.0,0.03327306510114467,True,False
2024-08-08 22:00:00+00:00,62332.0,0.0,780.3160720522264,-0.3011757200710627,0.0,HOLD,closed,0.0,0.0,0.0,0.033310052929392625,True,False
2024-08-08 23:00:00+00:00,61685.99,0.0,780.3160720522264,-0.3011757200710627,0.0,HOLD,closed,0.0,0.0,0.0,0.03331326221971273,True,False
2024-08-09 00:00:00+00:00,61214.0,0.0,780.3160720522264,-0.3011757200710627,0.0,HOLD,closed,0.0,0.0,0.0,0.03331878732266583,True,False
2024-08-09 01:00:00+00:00,61400.0,0.0,780.3160720522264,-0.3011757200710627,0.0,HOLD,closed,0.0,0.0,0.0,0.03331747560619497,True,False
2024-08-09 02:00:00+00:00,61235.51,0.0,780.3160720522264,-0.3011757200710627,0.0,HOLD,closed,0.0,0.0,0.0,0.033316000132429996,True,False
2024-08-09 03:00:00+00:00,61358.39,0.0,780.3160720522264,-0.3011757200710627,0.0,HOLD,closed,0.0,0.0,0.0,0.03330730040088928,True,False
2024-08-09 04:00:00+00:00,60720.01,0.0,780.3160720522264,-0.3011757200710627,0.0,HOLD,closed,0.0,0.0,0.0,0.03331692792997157,True,False
2024-08-09 05:00:00+00:00,60989.0,0.0,780.3160720522264,-0.3011757200710627,0.0,HOLD,closed,0.0,0.0,0.0,0.033317913232910445,True,False
2024-08-09 06:00:00+00:00,60890.01,0.0,780.3160720522264,-0.3011757200710627,0.0,HOLD,closed,0.0,0.0,0.0,0.0333151854193354,True,False
2024-08-09 07:00:00+00:00,60863.57,0.0,780.3160720522264,-0.3011757200710627,0.0,HOLD,closed,0.0,0.0,0.0,0.03331275161103467,True,False
2024-08-09 08:00:00+00:00,61095.73,0.0,780.3160720522264,-0.3011757200710627,0.0,HOLD,closed,0.0,0.0,0.0,0.03330788678238719,True,False
2024-08-09 09:00:00+00:00,60759.99,0.0,780.3160720522264,-0.3011757200710627,0.0,HOLD,closed,0.0,0.0,0.0,0.03329423312465915,True,False
2024-08-09 10:00:00+00:00,60600.01,0.0,780.3160720522264,-0.3011757200710627,0.0,HOLD,closed,0.0,0.0,0.0,0.03328419488531861,True,False
2024-08-09 11:00:00+00:00,60655.24,0.0,780.3160720522264,-0.3011757200710627,0.0,HOLD,closed,0.0,0.0,0.0,0.03328369167153847,True,False
2024-08-09 12:00:00+00:00,60551.99,0.0,780.3160720522264,-0.3011757200710627,0.0,HOLD,closed,0.0,0.0,0.0,0.0332749192515184,True,False
2024-08-09 13:00:00+00:00,60450.01,0.0,780.3160720522264,-0.3011757200710627,0.0,HOLD,closed,0.0,0.0,0.0,0.03327064117287329,True,False
2024-08-09 14:00:00+00:00,60341.07,0.0,780.3160720522264,-0.3011757200710627,0.0,HOLD,closed,0.0,0.0,0.0,0.03326932249221226,True,False
2024-08-09 15:00:00+00:00,59810.23,0.0,780.3160720522264,-0.3011757200710627,0.0,HOLD,closed,0.0,0.0,0.0,0.033274592672193765,True,False
2024-08-09 16:00:00+00:00,60432.65,0.0,780.3160720522264,-0.3011757200710627,0.0,HOLD,closed,0.0,0.0,0.0,0.03328491195650468,True,False
2024-08-09 17:00:00+00:00,60197.5,0.0,780.3160720522264,-0.3011757200710627,0.0,HOLD,closed,0.0,0.0,0.0,0.033285943326731265,True,False
2024-08-09 18:00:00+00:00,60314.23,0.0,780.3160720522264,-0.3011757200710627,0.0,HOLD,closed,0.0,0.0,0.0,0.03328429060035756,True,False
2024-08-09 19:00:00+00:00,60681.42,0.0,780.3160720522264,-0.3011757200710627,0.0,HOLD,closed,0.0,0.0,0.0,0.033286848719112194,True,False
2024-08-09 20:00:00+00:00,60745.96,0.0,780.3160720522264,-0.3011757200710627,0.0,HOLD,closed,0.0,0.0,0.0,0.03328236880386842,True,False
2024-08-09 21:00:00+00:00,60732.01,0.0,780.3160720522264,-0.3011757200710627,0.0,HOLD,closed,0.0,0.0,0.0,0.03327881445726891,True,False
2024-08-09 22:00:00+00:00,60763.58,0.0,780.3160720522264,-0.3011757200710627,0.0,HOLD,closed,0.0,0.0,0.0,0.033277012599401246,True,False
2024-08-09 23:00:00+00:00,60837.99,0.0,780.3160720522264,-0.3011757200710627,0.0,HOLD,closed,0.0,0.0,0.0,0.03327697255640899,True,False
2024-08-10 00:00:00+00:00,60541.92,0.0,780.3160720522264,-0.3011757200710627,0.0,HOLD,closed,0.0,0.0,0.0,0.03327940327842502,True,False
2024-08-10 01:00:00+00:00,60464.0,0.0,780.3160720522264,-0.3011757200710627,0.0,HOLD,closed,0.0,0.0,0.0,0.03327918661249005,True,False
2024-08-10 02:00:00+00:00,60536.25,0.0,780.3160720522264,-0.3011757200710627,0.0,HOLD,closed,0.0,0.0,0.0,0.033277803472941375,True,False
2024-08-10 03:00:00+00:00,60437.84,0.0,780.3160720522264,-0.3011757200710627,0.0,HOLD,closed,0.0,0.0,0.0,0.03327662202043899,True,False
2024-08-10 04:00:00+00:00,60413.49,0.0,780.3160720522264,-0.3011757200710627,0.0,HOLD,closed,0.0,0.0,0.0,0.033276039531243196,True,False
2024-08-10 05:00:00+00:00,60355.46,0.0,780.3160720522264,-0.3011757200710627,0.0,HOLD,closed,0.0,0.0,0.0,0.03327328616763306,True,False
2024-08-10 06:00:00+00:00,60458.0,0.0,780.3160720522264,-0.3011757200710627,0.0,HOLD,closed,0.0,0.0,0.0,0.03327117290969098,True,False
2024-08-10 07:00:00+00:00,60842.0,0.0,780.3160720522264,-0.3011757200710627,0.0,HOLD,closed,0.0,0.0,0.0,0.033275263154532886,True,False
2024-08-10 08:00:00+00:00,60733.58,0.0,780.3160720522264,-0.3011757200710627,0.0,HOLD,closed,0.0,0.0,0.0,0.03327539388943185,True,False
2024-08-10 09:00:00+00:00,60896.5,0.0,780.3160720522264,-0.3011757200710627,0.0,HOLD,closed,0.0,0.0,0.0,0.03327489007978862,True,False
2024-08-10 10:00:00+00:00,60788.01,0.0,780.3160720522264,-0.3011757200710627,0.0,HOLD,closed,0.0,0.0,0.0,0.03327098651727933,True,False
2024-08-10 11:00:00+00:00,60920.88,0.0,780.3160720522264,-0.3011757200710627,0.0,HOLD,closed,0.0,0.0,0.0,0.03326689528475238,True,False
2024-08-10 12:00:00+00:00,60722.81,0.0,780.3160720522264,-0.3011757200710627,0.0,HOLD,closed,0.0,0.0,0.0,0.03326661818887294,True,False
2024-08-10 13:00:00+00:00,60431.56,0.0,780.3160720522264,-0.3011757200710627,0.0,HOLD,closed,0.0,0.0,0.0,0.03325840168618863,True,False
2024-08-10 14:00:00+00:00,60585.38,0.0,780.3160720522264,-0.3011757200710627,0.0,HOLD,closed,0.0,0.0,0.0,0.03325779609556506,True,False
2024-08-10 15:00:00+00:00,60515.89,0.0,780.3160720522264,-0.3011757200710627,0.0,HOLD,closed,0.0,0.0,0.0,0.03325561312720407,True,False
2024-08-10 16:00:00+00:00,60672.59,0.0,780.3160720522264,-0.3011757200710627,0.0,HOLD,closed,0.0,0.0,0.0,0.03325422918151813,True,False
2024-08-10 17:00:00+00:00,60767.8,0.0,780.3160720522264,-0.3011757200710627,0.0,HOLD,closed,0.0,0.0,0.0,0.03325112670151306,True,False
2024-08-10 18:00:00+00:00,60953.38,0.0,780.3160720522264,-0.3011757200710627,0.0,HOLD,closed,0.0,0.0,0.0,0.033251511307181264,True,False
2024-08-10 19:00:00+00:00,61016.45,0.0,780.3160720522264,-0.3011757200710627,0.0,HOLD,closed,0.0,0.0,0.0,0.03325109132937873,True,False
2024-08-10 20:00:00+00:00,60986.19,0.0,780.3160720522264,-0.3011757200710627,0.0,HOLD,closed,0.0,0.0,0.0,0.03324957724403299,True,False
2024-08-10 21:00:00+00:00,61075.99,0.0,780.3160720522264,-0.3011757200710627,0.0,HOLD,closed,0.0,0.0,0.0,0.033247510731492014,True,False
2024-08-10 22:00:00+00:00,60930.27,0.0,780.3160720522264,-0.3011757200710627,0.0,HOLD,closed,0.0,0.0,0.0,0.03324776802451257,True,False
2024-08-10 23:00:00+00:00,60923.51,0.0,780.3160720522264,-0.3011757200710627,0.0,HOLD,closed,0.0,0.0,0.0,0.03324726856036905,True,False
2024-08-11 00:00:00+00:00,61095.15,0.0,780.3160720522264,-0.3011757200710627,0.0,HOLD,closed,0.0,0.0,0.0,0.03324769056345053,True,False
2024-08-11 01:00:00+00:00,61112.1,0.0,780.3160720522264,-0.3011757200710627,0.0,HOLD,closed,0.0,0.0,0.0,0.03324740539502899,True,False
2024-08-11 02:00:00+00:00,61026.78,0.0,780.3160720522264,-0.3011757200710627,0.0,HOLD,closed,0.0,0.0,0.0,0.0332444561781538,True,False
2024-08-11 03:00:00+00:00,61085.01,0.0,780.3160720522264,-0.3011757200710627,0.0,HOLD,closed,0.0,0.0,0.0,0.0332441795744646,True,False
2024-08-11 04:00:00+00:00,60895.99,0.0,780.3160720522264,-0.3011757200710627,0.0,HOLD,closed,0.0,0.0,0.0,0.0332448073516069,True,False
2024-08-11 05:00:00+00:00,61114.29,0.0,780.3160720522264,-0.3011757200710627,0.0,HOLD,closed,0.0,0.0,0.0,0.033244997261193954,True,False
2024-08-11 06:00:00+00:00,61120.01,0.0,780.3160720522264,-0.3011757200710627,0.0,HOLD,closed,0.0,0.0,0.0,0.03324367641579515,True,False
2024-08-11 07:00:00+00:00,61257.0,0.0,780.3160720522264,-0.3011757200710627,0.0,HOLD,closed,0.0,0.0,0.0,0.03324377878912335,True,False
2024-08-11 08:00:00+00:00,61260.42,0.0,780.3160720522264,-0.3011757200710627,0.0,HOLD,closed,0.0,0.0,0.0,0.033243618632285366,True,False
2024-08-11 09:00:00+00:00,61110.0,0.0,780.3160720522264,-0.3011757200710627,0.0,HOLD,closed,0.0,0.0,0.0,0.033243340273444305,True,False
2024-08-11 10:00:00+00:00,61037.63,0.0,780.3160720522264,-0.3011757200710627,0.0,HOLD,closed,0.0,0.0,0.0,0.03323619478072115,True,False
2024-08-11 11:00:00+00:00,60669.15,0.0,780.3160720522264,-0.3011757200710627,0.0,HOLD,closed,0.0,0.0,0.0,0.03323952484376455,True,False
2024-08-11 12:00:00+00:00,60492.09,0.0,780.3160720522264,-0.3011757200710627,0.0,HOLD,closed,0.0,0.0,0.0,0.033235938813936244,True,False
2024-08-11 13:00:00+00:00,60457.54,0.0,780.3160720522264,-0.3011757200710627,0.0,HOLD,closed,0.0,0.0,0.0,0.033214784611810655,True,False
2024-08-11 14:00:00+00:00,60350.0,0.0,780.3160720522264,-0.3011757200710627,0.0,HOLD,closed,0.0,0.0,0.0,0.03321158890773712,True,False
2024-08-11 15:00:00+00:00,60127.29,0.0,780.3160720522264,-0.3011757200710627,0.0,HOLD,closed,0.0,0.0,0.0,0.03320291908679679,True,False
2024-08-11 16:00:00+00:00,60182.2,0.0,780.3160720522264,-0.3011757200710627,0.0,HOLD,closed,0.0,0.0,0.0,0.033200159770427284,True,False
2024-08-11 17:00:00+00:00,60265.07,0.0,780.3160720522264,-0.3011757200710627,0.0,HOLD,closed,0.0,0.0,0.0,0.03319475800780017,True,False
2024-08-11 18:00:00+00:00,60263.11,0.0,780.3160720522264,-0.3011757200710627,0.0,HOLD,closed,0.0,0.0,0.0,0.03319371946548927,True,False
2024-08-11 19:00:00+00:00,59621.11,0.0,780.3160720522264,-0.3011757200710627,0.0,HOLD,closed,0.0,0.0,0.0,0.033205572861997046,True,False
2024-08-11 20:00:00+00:00,58504.92,0.0,780.3160720522264,-0.3011757200710627,0.0,HOLD,closed,0.0,0.0,0.0,0.03324427170171812,True,False
2024-08-11 21:00:00+00:00,59009.8,0.0,780.3160720522264,-0.3011757200710627,0.0,HOLD,closed,0.0,0.0,0.0,0.033245176734565535,True,False
2024-08-11 22:00:00+00:00,58996.0,0.0,780.3160720522264,-0.3011757200710627,0.0,HOLD,closed,0.0,0.0,0.0,0.03324000315258416,True,False
2024-08-11 23:00:00+00:00,58712.59,0.0,780.3160720522264,-0.3011757200710627,0.0,HOLD,closed,0.0,0.0,0.0,0.0332410777351983,True,False
2024-08-12 00:00:00+00:00,58450.0,0.0,780.3160720522264,-0.3011757200710627,0.0,HOLD,closed,0.0,0.0,0.0,0.033242527709124864,True,False
2024-08-12 01:00:00+00:00,58584.01,0.0,780.3160720522264,-0.3011757200710627,0.0,HOLD,closed,0.0,0.0,0.0,0.03324074525354967,True,False
2024-08-12 02:00:00+00:00,58717.25,0.0,780.3160720522264,-0.3011757200710627,0.0,HOLD,closed,0.0,0.0,0.0,0.03323965886224245,True,False
2024-08-12 03:00:00+00:00,58509.5,0.0,780.3160720522264,-0.3011757200710627,0.0,HOLD,closed,0.0,0.0,0.0,0.03323977832051042,True,False
2024-08-12 04:00:00+00:00,58523.83,0.0,780.3160720522264,-0.3011757200710627,0.0,HOLD,closed,0.0,0.0,0.0,0.03323863725026771,True,False
2024-08-12 05:00:00+00:00,58571.57,0.0,780.3160720522264,-0.3011757200710627,0.0,HOLD,closed,0.0,0.0,0.0,0.03323505365654436,True,False
2024-08-12 06:00:00+00:00,58403.76,0.0,780.3160720522264,-0.3011757200710627,0.0,HOLD,closed,0.0,0.0,0.0,0.033235685981177265,True,False
2024-08-12 07:00:00+00:00,58674.61,0.0,780.3160720522264,-0.3011757200710627,0.0,HOLD,closed,0.0,0.0,0.0,0.03323759009666319,True,False
2024-08-12 08:00:00+00:00,58317.43,0.0,780.3160720522264,-0.3011757200710627,0.0,HOLD,closed,0.0,0.0,0.0,0.03324011461100557,True,False
2024-08-12 09:00:00+00:00,58296.67,0.0,780.3160720522264,-0.3011757200710627,0.0,HOLD,closed,0.0,0.0,0.0,0.033230134446702,True,False
2024-08-12 10:00:00+00:00,58969.6,0.0,780.3160720522264,-0.3011757200710627,0.0,HOLD,closed,0.0,0.0,0.0,0.033240233974378613,True,False
2024-08-12 11:00:00+00:00,59851.7,0.0,780.3160720522264,-0.3011757200710627,0.0,HOLD,closed,0.0,0.0,0.0,0.03326128114546906,True,False
2024-08-12 12:00:00+00:00,59728.23,0.0,780.3160720522264,-0.3011757200710627,0.0,HOLD,closed,0.0,0.0,0.0,0.033261642317568424,True,False
2024-08-12 13:00:00+00:00,58157.55,0.0,780.3160720522264,-0.3011757200710627,0.0,HOLD,closed,0.0,0.0,0.0,0.03333461820975531,True,False
2024-08-12 14:00:00+00:00,60299.98,0.0,780.3160720522264,-0.3011757200710627,0.0,HOLD,closed,0.0,0.0,0.0,0.03347480143962531,True,False
2024-08-12 15:00:00+00:00,60207.37,0.0,780.3160720522264,-0.3011757200710627,0.0,HOLD,closed,0.0,0.0,0.0,0.033460671255105046,True,False
2024-08-12 16:00:00+00:00,59608.06,0.0,780.3160720522264,-0.3011757200710627,0.0,HOLD,closed,0.0,0.0,0.0,0.033470930690935013,True,False
2024-08-12 17:00:00+00:00,59296.11,0.0,780.3160720522264,-0.3011757200710627,0.0,HOLD,closed,0.0,0.0,0.0,0.03347191467259228,True,False
2024-08-12 18:00:00+00:00,58526.78,0.0,780.3160720522264,-0.3011757200710627,0.0,HOLD,closed,0.0,0.0,0.0,0.03348886746371338,True,False
2024-08-12 19:00:00+00:00,59043.98,0.0,780.3160720522264,-0.3011757200710627,0.0,HOLD,closed,0.0,0.0,0.0,0.03349656594493189,True,False
2024-08-12 20:00:00+00:00,58841.96,0.0,780.3160720522264,-0.3011757200710627,0.0,HOLD,closed,0.0,0.0,0.0,0.03349761553773045,True,False
2024-08-12 21:00:00+00:00,58969.44,0.0,780.3160720522264,-0.3011757200710627,0.0,HOLD,closed,0.0,0.0,0.0,0.03349774157096641,True,False
2024-08-12 22:00:00+00:00,59051.68,0.0,780.3160720522264,-0.3011757200710627,0.0,HOLD,closed,0.0,0.0,0.0,0.033496225726197454,True,False
2024-08-12 23:00:00+00:00,59346.64,0.0,780.3160720522264,-0.3011757200710627,0.0,HOLD,closed,0.0,0.0,0.0,0.03349785081655135,True,False
2024-08-13 00:00:00+00:00,59798.17,0.0,780.3160720522264,-0.3011757200710627,0.0,HOLD,closed,0.0,0.0,0.0,0.033496991429825734,True,False
2024-08-13 01:00:00+00:00,59740.0,0.0,780.3160720522264,-0.3011757200710627,0.0,HOLD,closed,0.0,0.0,0.0,0.03349083036876885,True,False
2024-08-13 02:00:00+00:00,59481.99,0.0,780.3160720522264,-0.3011757200710627,0.0,HOLD,closed,0.0,0.0,0.0,0.03349246126796182,True,False
2024-08-13 03:00:00+00:00,59040.0,0.0,780.3160720522264,-0.3011757200710627,0.0,HOLD,closed,0.0,0.0,0.0,0.033498066306778956,True,False
2024-08-13 04:00:00+00:00,59219.99,0.0,780.3160720522264,-0.3011757200710627,0.0,HOLD,closed,0.0,0.0,0.0,0.03349633802789967,True,False
2024-08-13 05:00:00+00:00,59211.99,0.0,780.3160720522264,-0.3011757200710627,0.0,HOLD,closed,0.0,0.0,0.0,0.033495892788036497,True,False
2024-08-13 06:00:00+00:00,59368.0,0.0,780.3160720522264,-0.3011757200710627,0.0,HOLD,closed,0.0,0.0,0.0,0.03349596125353094,True,False
2024-08-13 07:00:00+00:00,59238.05,0.0,780.3160720522264,-0.3011757200710627,0.0,HOLD,closed,0.0,0.0,0.0,0.03349496266964255,True,False
2024-08-13 08:00:00+00:00,59099.98,0.0,780.3160720522264,-0.3011757200710627,0.0,HOLD,closed,0.0,0.0,0.0,0.03349469829621993,True,False
2024-08-13 09:00:00+00:00,58946.01,0.0,780.3160720522264,-0.3011757200710627,0.0,HOLD,closed,0.0,0.0,0.0,0.0334911383684372,True,False
2024-08-13 10:00:00+00:00,58672.1,0.01323780985434343,779.3843509314105,-0.3020101375137746,1.0,BUY,closed,1.0,1.0,1.0,0.033462255330558605,False,False
2024-08-13 11:00:00+00:00,58830.0,0.01323780985434343,781.4746011074113,-0.30013818123037594,1.0,HOLD,closed,1.0,0.9965523545198149,0.0034476454801850576,0.033452858233107535,True,False
2024-08-13 12:00:00+00:00,59124.0,0.01323780985434343,785.3665172045884,-0.2966527148129015,1.0,HOLD,closed,1.0,0.9965694394688773,0.003430560531122673,0.03344257897434655,True,False
2024-08-13 13:00:00+00:00,59395.25,0.0,788.0564831904248,-0.29424367364303095,8.75651076269652e-27,SELL,closed,8.75651076269652e-27,8.75651076269652e-27,0.9965850528689509,0.033444605905556396,False,False
2024-08-13 14:00:00+00:00,59643.63,0.0,788.0564831904248,-0.29424367364303095,8.75651076269652e-27,HOLD,closed,8.75651076269652e-27,0.0,8.75651076269652e-27,0.033444507862162215,True,False
2024-08-13 15:00:00+00:00,59472.26,0.0,788.0564831904248,-0.29424367364303095,8.75651076269652e-27,HOLD,closed,8.75651076269652e-27,0.0,8.75651076269652e-27,0.03343908738725618,True,False
2024-08-13 16:00:00+00:00,61157.59,0.0,788.0564831904248,-0.29424367364303095,8.75651076269652e-27,HOLD,closed,8.75651076269652e-27,0.0,8.75651076269652e-27,0.03351728468750409,True,False
2024-08-13 17:00:00+00:00,61167.58,0.0,788.0564831904248,-0.29424367364303095,8.75651076269652e-27,HOLD,closed,8.75651076269652e-27,0.0,8.75651076269652e-27,0.033516932845292474,True,False
2024-08-13 18:00:00+00:00,60795.41,0.0,788.0564831904248,-0.29424367364303095,8.75651076269652e-27,HOLD,closed,8.75651076269652e-27,0.0,8.75651076269652e-27,0.03352068560156973,True,False
2024-08-13 19:00:00+00:00,60820.15,0.0,788.0564831904248,-0.29424367364303095,8.75651076269652e-27,HOLD,closed,8.75651076269652e-27,0.0,8.75651076269652e-27,0.033520230942002543,True,False
2024-08-13 20:00:00+00:00,60569.14,0.0,788.0564831904248,-0.29424367364303095,8.75651076269652e-27,HOLD,closed,8.75651076269652e-27,0.0,8.75651076269652e-27,0.03352097926972261,True,False
2024-08-13 21:00:00+00:00,61030.03,0.013010855909162088,792.4764194672169,-0.29028533048365246,1.0,BUY,closed,1.0,1.0,1.0,0.033526408390519236,False,False
2024-08-13 22:00:00+00:00,60585.14,0.0,790.8888404891635,-0.29170711170270475,8.75651076269652e-27,SELL,closed,8.75651076269652e-27,8.75651076269652e-27,1.0020039799195872,0.033530668868252955,False,False
2024-08-13 23:00:00+00:00,60587.15,0.013054172037716897,789.3329062495608,-0.2931005529806057,1.0,BUY,closed,1.0,1.0,1.0,0.03352928191801041,False,False
2024-08-14 00:00:00+00:00,60786.85,0.013054172037716897,791.9398244054928,-0.2907658865955323,1.0,HOLD,closed,1.0,1.0019978451349965,0.0019978451349964566,0.033528812613018155,True,False
2024-08-14 01:00:00+00:00,60520.4,0.012970922827322737,788.4736036338516,-0.2938701148968235,1.0,SELL,closed,1.0,1.002006658593474,0.002006658593473931,0.033530389327665805,True,False
2024-08-14 02:00:00+00:00,60805.49,0.012970922827322737,792.171484022693,-0.290558420197009,1.0,HOLD,closed,1.0,0.9956219507706374,0.0043780492293625795,0.03353253574207707,True,False
2024-08-14 03:00:00+00:00,60952.83,0.012970922827322737,794.0826197920708,-0.28884687262581854,1.0,HOLD,closed,1.0,0.9956324875161521,0.004367512483847924,0.03353236965542794,True,False
2024-08-14 04:00:00+00:00,60943.51,0.0,792.501786191224,-0.2902626129166648,8.75651076269652e-27,SELL,closed,8.75651076269652e-27,8.75651076269652e-27,0.995631822516569,0.03352929176773897,False,False
2024-08-14 05:00:00+00:00,60834.64,0.013003872867717915,789.5005246901117,-0.2929504396608676,1.0,BUY,closed,1.0,1.0,1.0,0.03352860337341387,False,False
2024-08-14 06:00:00+00:00,60861.5,0.013003872867717915,789.8498087153386,-0.29263763288145844,1.0,HOLD,closed,1.0,1.0020072168224665,0.0020072168224665177,0.033527549749487545,True,False
2024-08-14 07:00:00+00:00,60914.02,0.013003872867717915,790.532772118351,-0.29202599430906206,1.0,HOLD,closed,1.0,1.0020054827316356,0.0020054827316355883,0.03352710546858034,True,False
2024-08-14 08:00:00+00:00,60896.0,0.013003872867717915,790.2984423292747,-0.2922358520218302,1.0,HOLD,closed,1.0,1.0020060773732549,0.0020060773732548665,0.03352645862424977,True,False
2024-08-14 09:00:00+00:00,60857.21,0.013003872867717915,789.794022100736,-0.2926875934579166,1.0,HOLD,closed,1.0,1.0020073586009912,0.002007358600991216,0.03352455288325348,True,False
2024-08-14 10:00:00+00:00,61100.0,0.013003872867717915,792.9512323942893,-0.28986010433011494,1.0,HOLD,closed,1.0,1.0019993661129554,0.0019993661129553697,0.0335205876138904,True,False
2024-08-14 11:00:00+00:00,61296.87,0.0,795.703555664875,-0.28739521811722396,8.75651076269652e-27,SELL,closed,8.75651076269652e-27,8.75651076269652e-27,1.0019929318585645,0.0335134375237327,False,False
2024-08-14 12:00:00+00:00,61064.53,0.0,795.703555664875,-0.28739521811722396,8.75651076269652e-27,HOLD,closed,8.75651076269652e-27,0.0,8.75651076269652e-27,0.03351178823982673,True,False
2024-08-14 13:00:00+00:00,59611.92,0.013030538120415505,779.554963101174,-0.3018573431129511,1.0,BUY,closed,1.0,1.0,1.0,0.03356463873208121,False,False
2024-08-14 14:00:00+00:00,59502.67,0.013030538120415505,778.1313768115186,-0.30313225811139366,1.0,HOLD,closed,1.0,0.996427894835183,0.0035721051648169855,0.03354265070597551,True,False
2024-08-14 15:00:00+00:00,59435.69,0.013030538120415505,777.2585913682133,-0.3039138947850383,1.0,HOLD,closed,1.0,0.9964238837101541,0.0035761162898458876,0.03353666195129784,True,False
2024-08-14 16:00:00+00:00,59131.99,0.013030538120415505,773.301216941043,-0.307457983435171,1.0,HOLD,closed,1.0,0.9964055829098398,0.0035944170901601735,0.03352836646967938,True,False
2024-08-14 17:00:00+00:00,59168.36,0.013030538120415505,773.7751376124826,-0.30703355635514024,1.0,HOLD,closed,1.0,0.9964077844131939,0.0035922155868061134,0.033521707592455735,True,False
2024-08-14 18:00:00+00:00,58990.05,0.013030538120415505,771.4516623602312,-0.3091143810084335,1.0,HOLD,closed,1.0,0.996396965298499,0.003603034701501029,0.033518031044593055,True,False
2024-08-14 19:00:00+00:00,58891.13,0.013030538120415505,770.1626815293597,-0.3102687479800211,1.0,HOLD,closed,1.0,0.9963909350885517,0.003609064911448301,0.0335160133732407,True,False
2024-08-14 20:00:00+00:00,59149.16,0.013030538120415505,773.5249512805706,-0.30725761464319606,1.0,HOLD,closed,1.0,0.9964066225589582,0.003593377441041823,0.03351641618504292,True,False
2024-08-14 21:00:00+00:00,58913.56,0.0,771.983715840086,-0.3086378921813287,8.75651076269652e-27,SELL,closed,8.75651076269652e-27,8.75651076269652e-27,0.9963923042008275,0.03349111937690366,False,False
2024-08-14 22:00:00+00:00,58986.0,0.013103665519507408,775.6063979146959,-0.30539354250960843,1.0,BUY,closed,1.0,1.0,1.0,0.03348880938480306,False,False
2024-08-14 23:00:00+00:00,58683.39,0.0,774.0607879777886,-0.3067777376965275,8.75651076269652e-27,SELL,closed,8.75651076269652e-27,8.75651076269652e-27,0.9965351980486404,0.033490977300997815,False,False
2024-08-15 00:00:00+00:00,58993.99,0.013190457946921412,776.6092356097529,-0.30449543550498054,1.0,BUY,closed,1.0,1.0,1.0,0.03349320457104232,False,False
2024-08-15 01:00:00+00:00,58204.93,0.0,775.0534408410292,-0.3058887518775514,8.75651076269652e-27,SELL,closed,8.75651076269652e-27,8.75651076269652e-27,1.0020210209292226,0.03351123513503887,False,False
2024-08-15 02:00:00+00:00,58412.25,0.013315941464769896,776.2636074171029,-0.30480496824626646,1.0,BUY,closed,1.0,1.0,1.0,0.03351179479216368,False,False
2024-08-15 03:00:00+00:00,58442.98,0.013315941464769896,776.6728062983153,-0.30443850377917053,1.0,HOLD,closed,1.0,1.0019963289506584,0.001996328950658377,0.033510796984098395,True,False
2024-08-15 04:00:00+00:00,58388.71,0.0,775.1168817017146,-0.30583193642113005,8.75651076269652e-27,SELL,closed,8.75651076269652e-27,8.75651076269652e-27,1.001998188167233,0.03350950351015114,False,False
2024-08-15 05:00:00+00:00,58315.01,0.0,775.1168817017146,-0.30583193642113005,8.75651076269652e-27,HOLD,closed,8.75651076269652e-27,0.0,8.75651076269652e-27,0.0335094726382891,True,False
2024-08-15 06:00:00+00:00,58101.44,0.0,775.1168817017146,-0.30583193642113005,8.75651076269652e-27,HOLD,closed,8.75651076269652e-27,0.0,8.75651076269652e-27,0.03351030590913254,True,False
2024-08-15 07:00:00+00:00,58060.37,0.013340751652656364,777.2599239298814,-0.30391270138856524,1.0,BUY,closed,1.0,1.0,1.0,0.033510066684262735,False,False
2024-08-15 08:00:00+00:00,58378.3,0.0,779.942791189213,-0.30151001759439905,8.75651076269652e-27,SELL,closed,8.75651076269652e-27,8.75651076269652e-27,0.996556695773295,0.03351293672557101,False,False
2024-08-15 09:00:00+00:00,58412.64,0.0,779.942791189213,-0.30151001759439905,8.75651076269652e-27,HOLD,closed,8.75651076269652e-27,0.0,8.75651076269652e-27,0.03351271333029873,True,False
2024-08-15 10:00:00+00:00,58361.9,0.0,779.942791189213,-0.30151001759439905,8.75651076269652e-27,HOLD,closed,8.75651076269652e-27,0.0,8.75651076269652e-27,0.03349735083693789,True,False
2024-08-15 11:00:00+00:00,58745.36,0.0,779.942791189213,-0.30151001759439905,8.75651076269652e-27,HOLD,closed,8.75651076269652e-27,0.0,8.75651076269652e-27,0.03350173786388813,True,False
2024-08-15 12:00:00+00:00,58800.26,0.0,779.942791189213,-0.30151001759439905,8.75651076269652e-27,HOLD,closed,8.75651076269652e-27,0.0,8.75651076269652e-27,0.03350161970260504,True,False
2024-08-15 13:00:00+00:00,59451.34,0.0,779.942791189213,-0.30151001759439905,8.75651076269652e-27,HOLD,closed,8.75651076269652e-27,0.0,8.75651076269652e-27,0.03351330132456368,True,False
2024-08-15 14:00:00+00:00,59416.35,0.0,779.942791189213,-0.30151001759439905,8.75651076269652e-27,HOLD,closed,8.75651076269652e-27,0.0,8.75651076269652e-27,0.033507383185659406,True,False
2024-08-15 15:00:00+00:00,59682.84,0.0,779.942791189213,-0.30151001759439905,8.75651076269652e-27,HOLD,closed,8.75651076269652e-27,0.0,8.75651076269652e-27,0.03350832338546372,True,False
2024-08-15 16:00:00+00:00,59538.01,0.0,779.942791189213,-0.30151001759439905,8.75651076269652e-27,HOLD,closed,8.75651076269652e-27,0.0,8.75651076269652e-27,0.03349927882039655,True,False
2024-08-15 17:00:00+00:00,58875.1,0.0,779.942791189213,-0.30151001759439905,8.75651076269652e-27,HOLD,closed,8.75651076269652e-27,0.0,8.75651076269652e-27,0.03350519454477488,True,False
2024-08-15 18:00:00+00:00,57872.82,0.013247413442851274,769.3804616461076,-0.3109692772478882,1.0,BUY,closed,1.0,1.0,1.0,0.03353468994316705,False,False
2024-08-15 19:00:00+00:00,57047.46,0.013058483904612223,758.5806490672211,-0.32064121855361943,1.0,SELL,closed,1.0,0.9964199350533395,0.0035800649466605217,0.03355435484244906,True,False
2024-08-15 20:00:00+00:00,56671.06,0.013058483904612223,753.665435725525,-0.3250431148456876,1.0,HOLD,closed,1.0,0.9819186203688737,0.018081379631126326,0.033547695729158555,True,False
2024-08-15 21:00:00+00:00,57622.21,0.013277653564856304,766.2696285495178,-0.31375523255057225,1.0,BUY,closed,1.0,0.9822117743537226,0.017788225646277356,0.03357362120689883,True,False
2024-08-15 22:00:00+00:00,57617.36,0.0,764.7398356093462,-0.31512526257833295,8.75651076269652e-27,SELL,closed,8.75651076269652e-27,8.75651076269652e-27,0.9984574804779882,0.033565373875514504,False,False
2024-08-15 23:00:00+00:00,57541.06,0.0,764.7398356093462,-0.31512526257833295,8.75651076269652e-27,HOLD,closed,8.75651076269652e-27,0.0,8.75651076269652e-27,0.033563985870049357,True,False
2024-08-16 00:00:00+00:00,57469.99,0.0,764.7398356093462,-0.31512526257833295,8.75651076269652e-27,HOLD,closed,8.75651076269652e-27,0.0,8.75651076269652e-27,0.03356227981118787,True,False
2024-08-16 01:00:00+00:00,57540.96,0.0,764.7398356093462,-0.31512526257833295,8.75651076269652e-27,HOLD,closed,8.75651076269652e-27,0.0,8.75651076269652e-27,0.03356154896176686,True,False
2024-08-16 02:00:00+00:00,58199.99,0.0,764.7398356093462,-0.31512526257833295,8.75651076269652e-27,HOLD,closed,8.75651076269652e-27,0.0,8.75651076269652e-27,0.033574355082509416,True,False
2024-08-16 03:00:00+00:00,57890.0,0.0,764.7398356093462,-0.31512526257833295,8.75651076269652e-27,HOLD,closed,8.75651076269652e-27,0.0,8.75651076269652e-27,0.033576345060808394,True,False
2024-08-16 04:00:00+00:00,58309.99,0.0,764.7398356093462,-0.31512526257833295,8.75651076269652e-27,HOLD,closed,8.75651076269652e-27,0.0,8.75651076269652e-27,0.03358011309677514,True,False
2024-08-16 05:00:00+00:00,58196.01,0.0,764.7398356093462,-0.31512526257833295,8.75651076269652e-27,HOLD,closed,8.75651076269652e-27,0.0,8.75651076269652e-27,0.033579408905769575,True,False
2024-08-16 06:00:00+00:00,58527.59,0.0,764.7398356093462,-0.31512526257833295,8.75651076269652e-27,HOLD,closed,8.75651076269652e-27,0.0,8.75651076269652e-27,0.03358261851071215,True,False
2024-08-16 07:00:00+00:00,58456.99,0.0,764.7398356093462,-0.31512526257833295,8.75651076269652e-27,HOLD,closed,8.75651076269652e-27,0.0,8.75651076269652e-27,0.033581291946576136,True,False
2024-08-16 08:00:00+00:00,58360.0,0.0,764.7398356093462,-0.31512526257833295,8.75651076269652e-27,HOLD,closed,8.75651076269652e-27,0.0,8.75651076269652e-27,0.03358009003344836,True,False
2024-08-16 09:00:00+00:00,58672.51,0.0,764.7398356093462,-0.31512526257833295,8.75651076269652e-27,HOLD,closed,8.75651076269652e-27,0.0,8.75651076269652e-27,0.0335754206966698,True,False
2024-08-16 10:00:00+00:00,58433.95,0.0,764.7398356093462,-0.31512526257833295,8.75651076269652e-27,HOLD,closed,8.75651076269652e-27,0.0,8.75651076269652e-27,0.03356982239422951,True,False
2024-08-16 11:00:00+00:00,58400.0,0.0,764.7398356093462,-0.31512526257833295,8.75651076269652e-27,HOLD,closed,8.75651076269652e-27,0.0,8.75651076269652e-27,0.033568408851121084,True,False
2024-08-16 12:00:00+00:00,57868.13,0.013094860198790175,760.4499422766012,-0.31896714374238877,1.0,BUY,closed,1.0,1.0,1.0,0.033576121122818936,False,False
2024-08-16 13:00:00+00:00,58343.66,0.013202314048083707,766.7155271220669,-0.3133559011000955,1.0,BUY,closed,1.0,0.9965110859377302,0.00348891406226981,0.03358271833269319,True,False
2024-08-16 14:00:00+00:00,58018.86,0.0,765.1752378544984,-0.3147353312782538,8.75651076269652e-27,SELL,closed,8.75651076269652e-27,8.75651076269652e-27,1.0046637815484782,0.03358487689946302,False,False
2024-08-16 15:00:00+00:00,58071.06,0.013188390287889167,768.5415898958784,-0.3117205419825296,1.0,BUY,closed,1.0,1.0,1.0,0.03358073510915771,False,False
2024-08-16 16:00:00+00:00,58563.18,0.013300152284776311,775.0738761980841,-0.3058704506734746,1.0,BUY,closed,1.0,0.9965449340590493,0.0034550659409506856,0.03358064649154108,True,False
2024-08-16 17:00:00+00:00,59215.85,0.0,777.7946312362377,-0.3034338358855718,8.75651076269652e-27,SELL,closed,8.75651076269652e-27,8.75651076269652e-27,1.0048807836486229,0.03358707019382917,False,False
2024-08-16 18:00:00+00:00,59467.0,0.0,777.7946312362377,-0.3034338358855718,8.75651076269652e-27,HOLD,closed,8.75651076269652e-27,0.0,8.75651076269652e-27,0.033588540984864856,True,False
2024-08-16 19:00:00+00:00,59683.39,0.0,777.7946312362377,-0.3034338358855718,8.75651076269652e-27,HOLD,closed,8.75651076269652e-27,0.0,8.75651076269652e-27,0.03358944471550204,True,False
2024-08-16 20:00:00+00:00,59257.06,0.0,777.7946312362377,-0.3034338358855718,8.75651076269652e-27,HOLD,closed,8.75651076269652e-27,0.0,8.75651076269652e-27,0.03359429654582613,True,False
2024-08-16 21:00:00+00:00,59023.98,0.013125809188370124,777.4637113552169,-0.30373019636801113,1.0,BUY,closed,1.0,1.0,1.0,0.033594627909062424,False,False
2024-08-16 22:00:00+00:00,58966.56,0.013125809188370124,776.7100273916205,-0.30440516984609034,1.0,HOLD,closed,1.0,0.9964900513178674,0.003509948682132613,0.033591605391845886,True,False
2024-08-16 23:00:00+00:00,58874.6,0.013125809188370124,775.5029779786581,-0.3054861618531288,1.0,HOLD,closed,1.0,0.9964845881776647,0.0035154118223352793,0.03359060942176431,True,False
2024-08-17 00:00:00+00:00,59187.25,0.013125809188370124,779.606762221402,-0.3018109535995337,1.0,HOLD,closed,1.0,0.9965030930090006,0.00349690699099936,0.03359319649787951,True,False
2024-08-17 01:00:00+00:00,59248.49,0.0,778.0535205575497,-0.3032019834990493,8.75651076269652e-27,SELL,closed,8.75651076269652e-27,8.75651076269652e-27,0.9965066948305962,0.03359307621992985,False,False
2024-08-17 02:00:00+00:00,59146.36,0.0,778.0535205575497,-0.3032019834990493,8.75651076269652e-27,HOLD,closed,8.75651076269652e-27,0.0,8.75651076269652e-27,0.03359195700227666,True,False
2024-08-17 03:00:00+00:00,59158.37,0.013154715193928244,776.6550126191536,-0.3044544391872351,1.0,BUY,closed,1.0,1.0,1.0,0.03359137911570817,False,False
2024-08-17 04:00:00+00:00,59216.74,0.013154715193928244,777.4228533450231,-0.3037667873989736,1.0,HOLD,closed,1.0,1.0020021228616809,0.0020021228616808884,0.033591288659826996,True,False
2024-08-17 05:00:00+00:00,59163.17,0.013154715193928244,776.7181552520843,-0.3043978908133504,1.0,HOLD,closed,1.0,1.0020039393406095,0.002003939340609495,0.03358999985766645,True,False
2024-08-17 06:00:00+00:00,59158.18,0.013154715193928244,776.6525132232667,-0.30445667756036804,1.0,HOLD,closed,1.0,1.0020041087119071,0.002004108711907149,0.033589786674260935,True,False
2024-08-17 07:00:00+00:00,59248.0,0.013154715193928244,777.8340697419853,-0.3033985161140489,1.0,HOLD,closed,1.0,1.0020010644023238,0.0020010644023238378,0.03358991395413877,True,False
2024-08-17 08:00:00+00:00,59279.08,0.013154715193928244,778.2429182902126,-0.3030323653931448,1.0,HOLD,closed,1.0,1.0020000131466598,0.0020000131466597626,0.033589123296675405,True,False
2024-08-17 09:00:00+00:00,59326.34,0.013154715193928244,778.8646101302776,-0.30247559952860426,1.0,HOLD,closed,1.0,1.0019984167307523,0.001998416730752295,0.03357437401953145,True,False
2024-08-17 10:00:00+00:00,59106.4,0.0,777.304289412558,-0.30387296918568546,8.75651076269652e-27,SELL,closed,8.75651076269652e-27,8.75651076269652e-27,1.002005867927551,0.033574247644595295,False,False
2024-08-17 11:00:00+00:00,59137.12,0.013150930489815875,776.1531572569304,-0.30490388361712073,1.0,BUY,closed,1.0,1.0,1.0,0.033573582825630555,False,False
2024-08-17 12:00:00+00:00,59230.07,0.013150930489815875,777.3755362459588,-0.3038091629681388,1.0,HOLD,closed,1.0,1.0020003166532343,0.002000316653234302,0.03357299913821951,True,False
2024-08-17 13:00:00+00:00,59324.28,0.013150930489815875,778.6144854074043,-0.30269960264172047,1.0,HOLD,closed,1.0,1.0019971337036662,0.001997133703666165,0.033572457605979655,True,False
2024-08-17 14:00:00+00:00,59535.37,0.0,777.0546677732211,-0.3040965217544612,8.75651076269652e-27,SELL,closed,8.75651076269652e-27,8.75651076269652e-27,1.001990038528077,0.03357350556476854,False,False
2024-08-17 15:00:00+00:00,59388.11,0.0,777.0546677732211,-0.3040965217544612,8.75651076269652e-27,HOLD,closed,8.75651076269652e-27,0.0,8.75651076269652e-27,0.0335712307411179,True,False
2024-08-17 16:00:00+00:00,59610.1,0.013084347485939882,778.4047642087446,-0.30288742174591216,1.0,BUY,closed,1.0,1.0,1.0,0.03356687985674772,False,False
2024-08-17 17:00:00+00:00,59428.57,0.0,776.8451050823792,-0.30428419890449404,8.75651076269652e-27,SELL,closed,8.75651076269652e-27,8.75651076269652e-27,1.0020031425834512,0.03354197214561902,False,False
2024-08-17 18:00:00+00:00,59417.67,0.0130719131401341,775.1485425964345,-0.3058035820109789,1.0,BUY,closed,1.0,1.0,1.0,0.03353958207258523,False,False
2024-08-17 19:00:00+00:00,59473.19,0.0130719131401341,775.8742952139748,-0.3051536228873313,1.0,HOLD,closed,1.0,1.0020030031182932,0.0020030031182931562,0.033526622770619796,True,False
2024-08-17 20:00:00+00:00,59397.12,0.0130719131401341,774.8799147814049,-0.3060441558580781,1.0,HOLD,closed,1.0,1.00200557351284,0.00200557351283992,0.033524404292043675,True,False
2024-08-17 21:00:00+00:00,59303.8,0.0130719131401341,773.6600438471675,-0.3071366303793098,1.0,HOLD,closed,1.0,1.0020087358072536,0.002008735807253581,0.033517147872084346,True,False
2024-08-17 22:00:00+00:00,59314.19,0.0130719131401341,773.7958610246935,-0.3070149971787569,1.0,HOLD,closed,1.0,1.002008383232574,0.002008383232573907,0.03350905526609371,True,False
2024-08-17 23:00:00+00:00,59491.99,0.0130719131401341,776.1200471810092,-0.3049335358641943,1.0,HOLD,closed,1.0,1.0020023688839914,0.0020023688839914122,0.03350399836328255,True,False
2024-08-18 00:00:00+00:00,59678.93,0.0,774.5650877664448,-0.30632610412226424,8.75651076269652e-27,SELL,closed,8.75651076269652e-27,8.75651076269652e-27,1.001996084086006,0.033493924289470484,False,False
2024-08-18 01:00:00+00:00,59435.95,0.0,774.5650877664448,-0.30632610412226424,8.75651076269652e-27,HOLD,closed,8.75651076269652e-27,0.0,8.75651076269652e-27,0.033493473012333685,True,False
2024-08-18 02:00:00+00:00,60126.0,0.013031929123139191,782.0082529997903,-0.2996602609199001,1.0,BUY,closed,1.0,1.0,1.0,0.03350491127401384,False,False
2024-08-18 03:00:00+00:00,59337.42,0.0,780.4413991790419,-0.3010634813997227,8.75651076269652e-27,SELL,closed,8.75651076269652e-27,8.75651076269652e-27,1.0020078452015289,0.0335222161092755,False,False
2024-08-18 04:00:00+00:00,59456.0,0.013152603040460342,780.4398933545525,-0.30106482996442896,1.0,BUY,closed,1.0,1.0,1.0,0.03352174156085588,False,False
2024-08-18 05:00:00+00:00,59490.0,0.013152603040460342,780.8870818579281,-0.3006643432961971,1.0,HOLD,closed,1.0,1.0019993582367157,0.0019993582367157092,0.03352148972894947,True,False
2024-08-18 06:00:00+00:00,59595.99,0.013152603040460342,782.2811262541866,-0.2994158850030824,1.0,HOLD,closed,1.0,1.0019957953306804,0.0019957953306803944,0.03352111384947562,True,False
2024-08-18 07:00:00+00:00,59573.39,0.0,780.7139646398839,-0.3008193811322433,8.75651076269652e-27,SELL,closed,8.75651076269652e-27,8.75651076269652e-27,1.001996553975253,0.033518897435281525,False,False
2024-08-18 08:00:00+00:00,59706.02,0.013105078704433035,780.8902729421909,-0.30066148547070565,1.0,BUY,closed,1.0,1.0,1.0,0.03351717515501612,False,False
2024-08-18 09:00:00+00:00,59880.0,0.0,783.6011099252092,-0.2982337529524195,8.75651076269652e-27,SELL,closed,8.75651076269652e-27,8.75651076269652e-27,1.0019942256456356,0.03351508004777545,False,False
2024-08-18 10:00:00+00:00,59870.73,0.0,783.6011099252092,-0.2982337529524195,8.75651076269652e-27,HOLD,closed,8.75651076269652e-27,0.0,8.75651076269652e-27,0.03351153187061626,True,False
2024-08-18 11:00:00+00:00,60024.01,0.0,783.6011099252092,-0.2982337529524195,8.75651076269652e-27,HOLD,closed,8.75651076269652e-27,0.0,8.75651076269652e-27,0.03351065927210428,True,False
2024-08-18 12:00:00+00:00,59969.55,0.0,783.6011099252092,-0.2982337529524195,8.75651076269652e-27,HOLD,closed,8.75651076269652e-27,0.0,8.75651076269652e-27,0.03350860898125052,True,False
2024-08-18 13:00:00+00:00,59828.0,0.0,783.6011099252092,-0.2982337529524195,8.75651076269652e-27,HOLD,closed,8.75651076269652e-27,0.0,8.75651076269652e-27,0.03350450186729198,True,False
2024-08-18 14:00:00+00:00,59806.01,0.013097562662124466,781.7453695262371,-0.29989569033202007,1.0,BUY,closed,1.0,1.0,1.0,0.033497498741027365,False,False
2024-08-18 15:00:00+00:00,59863.99,0.013097562662124466,782.5047662093871,-0.2992156007384699,1.0,HOLD,closed,1.0,1.002003302839929,0.002003302839929111,0.03349251780922341,True,False
2024-08-18 16:00:00+00:00,59840.45,0.013097562662124466,782.1964495843207,-0.2994917185210185,1.0,HOLD,closed,1.0,1.0020040924773288,0.0020040924773288005,0.033492024930873276,True,False
2024-08-18 17:00:00+00:00,59527.58,0.013002887096507829,778.1169082742496,-0.3031452156365566,1.0,SELL,closed,1.0,1.002014646973886,0.0020146469738859807,0.033494413430112946,True,False
2024-08-18 18:00:00+00:00,59602.17,0.013002887096507829,779.086793622778,-0.3022766196219744,1.0,HOLD,closed,1.0,0.9947547482008909,0.005245251799109063,0.03349269014856612,True,False
2024-08-18 19:00:00+00:00,59708.38,0.013002887096507829,780.4678302612981,-0.30103981063003465,1.0,HOLD,closed,1.0,0.9947640296659711,0.005235970334028894,0.033487133223497806,True,False
2024-08-18 20:00:00+00:00,59814.53,0.013002887096507829,781.8480867265924,-0.29980370033444664,1.0,HOLD,closed,1.0,0.9947732731264698,0.0052267268735302075,0.0334761632172661,True,False
2024-08-18 21:00:00+00:00,59439.33,0.0,780.2929524467413,-0.3011964251958628,8.75651076269652e-27,SELL,closed,8.75651076269652e-27,8.75651076269652e-27,0.9947404538871585,0.033475042706897634,False,False
2024-08-18 22:00:00+00:00,59350.0,0.013127552959408212,777.5592920895077,-0.3036445975443957,1.0,BUY,closed,1.0,1.0,1.0,0.033446021329962244,False,False
2024-08-18 23:00:00+00:00,58427.35,0.01289717195200522,765.6323769989677,-0.3143259331575398,1.0,SELL,closed,1.0,1.0020392995655627,0.002039299565562702,0.03346324558567906,True,False
2024-08-19 00:00:00+00:00,58346.03,0.01289717195200522,764.5835789758307,-0.3152652006538276,1.0,HOLD,closed,1.0,0.9841942755752572,0.015805724424742817,0.03346149254444819,True,False
2024-08-19 01:00:00+00:00,58564.0,0.01289717195200522,767.3947755462093,-0.31274758953521153,1.0,HOLD,closed,1.0,0.9842521766709006,0.01574782332909941,0.03345909842975037,True,False
2024-08-19 02:00:00+00:00,58670.51,0.01289717195200522,768.7684533308175,-0.31151737088014975,1.0,HOLD,closed,1.0,0.9842803157483685,0.015719684251631505,0.033459120048708935,True,False
2024-08-19 03:00:00+00:00,58736.85,0.0,767.2554643606817,-0.31287235184935475,8.75651076269652e-27,SELL,closed,8.75651076269652e-27,8.75651076269652e-27,0.9842977914710469,0.03345830706832048,False,False
2024-08-19 04:00:00+00:00,58582.0,0.0,767.2554643606817,-0.31287235184935475,8.75651076269652e-27,HOLD,closed,8.75651076269652e-27,0.0,8.75651076269652e-27,0.0334575766422652,True,False
2024-08-19 05:00:00+00:00,58475.18,0.013097121903176757,764.32166621375,-0.31549976073008484,1.0,BUY,closed,1.0,1.0,1.0,0.03345630337080244,False,False
2024-08-19 06:00:00+00:00,58570.0,0.013097121903176757,765.5635353126091,-0.31438758540798256,1.0,HOLD,closed,1.0,1.0020049211928919,0.002004921192891862,0.03345253472435522,True,False
2024-08-19 07:00:00+00:00,58502.19,0.0,764.029722002086,-0.31576121594138,8.75651076269652e-27,SELL,closed,8.75651076269652e-27,8.75651076269652e-27,1.0020072497655341,0.03344912422623039,False,False
2024-08-19 08:00:00+00:00,58608.27,0.0,764.029722002086,-0.31576121594138,8.75651076269652e-27,HOLD,closed,8.75651076269652e-27,0.0,8.75651076269652e-27,0.033447724372900084,True,False
2024-08-19 09:00:00+00:00,58006.59,0.0,764.029722002086,-0.31576121594138,8.75651076269652e-27,HOLD,closed,8.75651076269652e-27,0.0,8.75651076269652e-27,0.03345051158535492,True,False
2024-08-19 10:00:00+00:00,58046.01,0.013171427423811877,763.0203664979933,-0.31666516007197415,1.0,BUY,closed,1.0,1.0,1.0,0.033422816104753755,False,False
2024-08-19 11:00:00+00:00,58396.95,0.013171427423811877,767.6427472381058,-0.3125255146027081,1.0,HOLD,closed,1.0,1.0019910843479787,0.0019910843479786777,0.03342343625771049,True,False
2024-08-19 12:00:00+00:00,58412.0,0.0,766.1046579953949,-0.31390297451414767,8.75651076269652e-27,SELL,closed,8.75651076269652e-27,8.75651076269652e-27,1.0019905703188663,0.03339304394948517,False,False
2024-08-19 13:00:00+00:00,58199.99,0.0,766.1046579953949,-0.31390297451414767,8.75651076269652e-27,HOLD,closed,8.75651076269652e-27,0.0,8.75651076269652e-27,0.033393526637564785,True,False
2024-08-19 14:00:00+00:00,58617.42,0.0,766.1046579953949,-0.31390297451414767,8.75651076269652e-27,HOLD,closed,8.75651076269652e-27,0.0,8.75651076269652e-27,0.033394005289280604,True,False
2024-08-19 15:00:00+00:00,58539.24,0.0,766.1046579953949,-0.31390297451414767,8.75651076269652e-27,HOLD,closed,8.75651076269652e-27,0.0,8.75651076269652e-27,0.03339318698064081,True,False
2024-08-19 16:00:00+00:00,58705.99,0.0,766.1046579953949,-0.31390297451414767,8.75651076269652e-27,HOLD,closed,8.75651076269652e-27,0.0,8.75651076269652e-27,0.033392949950039136,True,False
2024-08-19 17:00:00+00:00,59021.61,0.0,766.1046579953949,-0.31390297451414767,8.75651076269652e-27,HOLD,closed,8.75651076269652e-27,0.0,8.75651076269652e-27,0.03339348741275064,True,False
2024-08-19 18:00:00+00:00,59011.99,0.0,766.1046579953949,-0.31390297451414767,8.75651076269652e-27,HOLD,closed,8.75651076269652e-27,0.0,8.75651076269652e-27,0.03338983132844464,True,False
2024-08-19 19:00:00+00:00,58967.53,0.0,766.1046579953949,-0.31390297451414767,8.75651076269652e-27,HOLD,closed,8.75651076269652e-27,0.0,8.75651076269652e-27,0.0333846412033961,True,False
2024-08-19 20:00:00+00:00,59080.01,0.0,766.1046579953949,-0.31390297451414767,8.75651076269652e-27,HOLD,closed,8.75651076269652e-27,0.0,8.75651076269652e-27,0.033384097462460294,True,False
2024-08-19 21:00:00+00:00,58967.54,0.0,766.1046579953949,-0.31390297451414767,8.75651076269652e-27,HOLD,closed,8.75651076269652e-27,0.0,8.75651076269652e-27,0.033380519829515676,True,False
2024-08-19 22:00:00+00:00,59241.0,0.0,766.1046579953949,-0.31390297451414767,8.75651076269652e-27,HOLD,closed,8.75651076269652e-27,0.0,8.75651076269652e-27,0.0333780830332569,True,False
2024-08-19 23:00:00+00:00,59438.5,0.0,766.1046579953949,-0.31390297451414767,8.75651076269652e-27,HOLD,closed,8.75651076269652e-27,0.0,8.75651076269652e-27,0.0333733488636572,True,False
2024-08-20 00:00:00+00:00,60482.78,0.0,766.1046579953949,-0.31390297451414767,8.75651076269652e-27,HOLD,closed,8.75651076269652e-27,0.0,8.75651076269652e-27,0.03339988150419007,True,False
2024-08-20 01:00:00+00:00,60446.03,0.0,766.1046579953949,-0.31390297451414767,8.75651076269652e-27,HOLD,closed,8.75651076269652e-27,0.0,8.75651076269652e-27,0.033395901440276404,True,False
2024-08-20 02:00:00+00:00,60528.83,0.0,766.1046579953949,-0.31390297451414767,8.75651076269652e-27,HOLD,closed,8.75651076269652e-27,0.0,8.75651076269652e-27,0.03339399832035375,True,False
2024-08-20 03:00:00+00:00,60619.18,0.0,766.1046579953949,-0.31390297451414767,8.75651076269652e-27,HOLD,closed,8.75651076269652e-27,0.0,8.75651076269652e-27,0.03339136086165925,True,False
2024-08-20 04:00:00+00:00,60865.61,0.0,766.1046579953949,-0.31390297451414767,8.75651076269652e-27,HOLD,closed,8.75651076269652e-27,0.0,8.75651076269652e-27,0.033388306140674284,True,False
2024-08-20 05:00:00+00:00,61119.99,0.0,766.1046579953949,-0.31390297451414767,8.75651076269652e-27,HOLD,closed,8.75651076269652e-27,0.0,8.75651076269652e-27,0.03335586126541751,True,False
2024-08-20 06:00:00+00:00,60960.84,0.0,766.1046579953949,-0.31390297451414767,8.75651076269652e-27,HOLD,closed,8.75651076269652e-27,0.0,8.75651076269652e-27,0.03328742638244642,True,False
2024-08-20 07:00:00+00:00,60924.33,0.012567160458999497,764.1132385987171,-0.31568642134519886,1.0,BUY,closed,1.0,1.0,1.0,0.0332483998332804,False,False
2024-08-20 08:00:00+00:00,60765.13,0.012567160458999497,762.1125466536442,-0.3174781723521954,1.0,HOLD,closed,1.0,1.002010979054274,0.0020109790542739425,0.033246744576565096,True,False
2024-08-20 09:00:00+00:00,60856.04,0.012567160458999497,763.255027210972,-0.31645500599512216,1.0,HOLD,closed,1.0,1.002007968914296,0.002007968914295999,0.033195947519201435,True,False
2024-08-20 10:00:00+00:00,60716.01,0.012567160458999497,761.4952477318983,-0.3180310040699319,1.0,HOLD,closed,1.0,1.002012609235428,0.002012609235428009,0.033140531524029904,True,False
2024-08-20 11:00:00+00:00,60518.82,0.012567160458999497,759.0171293609882,-0.3202503217902185,1.0,HOLD,closed,1.0,1.0020191802121912,0.002019180212191163,0.033063946154633206,True,False
2024-08-20 12:00:00+00:00,60693.71,0.012567160458999497,761.2150000536626,-0.31828198426751997,1.0,HOLD,closed,1.0,1.0020133501943758,0.0020133501943757626,0.03286002383302403,True,False
2024-08-20 13:00:00+00:00,60891.99,0.012567160458999497,763.706816629473,-0.3160503989052885,1.0,HOLD,closed,1.0,1.0020067810512465,0.00200678105124652,0.032628818896354383,True,False
2024-08-20 14:00:00+00:00,59461.8,0.012246820426535777,746.1525371896053,-0.3317714087993611,1.0,SELL,closed,1.0,1.0020551478451662,0.0020551478451662497,0.032577375905322725,True,False
2024-08-20 15:00:00+00:00,58825.53,0.012115771491076259,738.4280556558689,-0.33868918922062147,1.0,SELL,closed,1.0,0.9757102982127519,0.024289701787248097,0.03258592250590012,True,False
2024-08-20 16:00:00+00:00,58801.15,0.012547828691843772,738.20090713171,-0.33889261563911727,1.0,BUY,closed,1.0,1.0,0.03483300126087252,0.03257583379706569,False,False
2024-08-20 17:00:00+00:00,59039.48,0.012547828691843772,741.1914311438371,-0.3362144050213497,1.0,HOLD,closed,1.0,0.9994952045685106,0.0005047954314894021,0.03252406724768281,True,False
2024-08-20 18:00:00+00:00,59191.45,0.012547828691843772,743.0983246701365,-0.33450665665739165,1.0,HOLD,closed,1.0,0.9994964999437098,0.0005035000562901848,0.03247967320391443,True,False
2024-08-20 19:00:00+00:00,59511.99,0.012547828691843772,747.1204056790201,-0.3309046190145469,1.0,HOLD,closed,1.0,0.9994992105081637,0.0005007894918362954,0.03246496922742109,True,False
2024-08-20 20:00:00+00:00,59317.57,0.0,745.6274117682798,-0.3322416930951402,8.75651076269652e-27,SELL,closed,8.75651076269652e-27,8.75651076269652e-27,0.9994975699390262,0.03244847330890438,False,False
2024-08-20 21:00:00+00:00,59296.94,0.0,745.6274117682798,-0.3322416930951402,8.75651076269652e-27,HOLD,closed,8.75651076269652e-27,0.0,8.75651076269652e-27,0.032446409552176564,True,False
2024-08-20 22:00:00+00:00,59368.0,0.0,745.6274117682798,-0.3322416930951402,8.75651076269652e-27,HOLD,closed,8.75651076269652e-27,0.0,8.75651076269652e-27,0.03243581917733579,True,False
2024-08-20 23:00:00+00:00,59013.8,0.0,745.6274117682798,-0.3322416930951402,8.75651076269652e-27,HOLD,closed,8.75651076269652e-27,0.0,8.75651076269652e-27,0.03237076839413722,True,False
2024-08-21 00:00:00+00:00,58989.0,0.012634797484118625,743.8224411534311,-0.3338581627993937,1.0,BUY,closed,1.0,1.0,1.0,0.03231131503623702,False,False
2024-08-21 01:00:00+00:00,59281.58,0.012634797484118625,747.5191302013345,-0.3305475350236154,1.0,HOLD,closed,1.0,1.001995437410198,0.001995437410198031,0.03230974654336044,True,False
2024-08-21 02:00:00+00:00,59363.32,0.0,746.0213570956944,-0.3318888891870548,8.75651076269652e-27,SELL,closed,8.75651076269652e-27,8.75651076269652e-27,1.0019926843284166,0.03230750462955309,False,False
2024-08-21 03:00:00+00:00,59320.0,0.0,746.0213570956944,-0.3318888891870548,8.75651076269652e-27,HOLD,closed,8.75651076269652e-27,0.0,8.75651076269652e-27,0.03230565278732392,True,False
2024-08-21 04:00:00+00:00,59358.0,0.0,746.0213570956944,-0.3318888891870548,8.75651076269652e-27,HOLD,closed,8.75651076269652e-27,0.0,8.75651076269652e-27,0.03230463081136414,True,False
2024-08-21 05:00:00+00:00,59379.99,0.0,746.0213570956944,-0.3318888891870548,8.75651076269652e-27,HOLD,closed,8.75651076269652e-27,0.0,8.75651076269652e-27,0.03230341356287936,True,False
2024-08-21 06:00:00+00:00,59627.32,0.0,746.0213570956944,-0.3318888891870548,8.75651076269652e-27,HOLD,closed,8.75651076269652e-27,0.0,8.75651076269652e-27,0.032301239594439896,True,False
2024-08-21 07:00:00+00:00,59712.0,0.0,746.0213570956944,-0.3318888891870548,8.75651076269652e-27,HOLD,closed,8.75651076269652e-27,0.0,8.75651076269652e-27,0.03229693187645108,True,False
2024-08-21 08:00:00+00:00,59443.0,0.0,746.0213570956944,-0.3318888891870548,8.75651076269652e-27,HOLD,closed,8.75651076269652e-27,0.0,8.75651076269652e-27,0.03229524889389679,True,False
2024-08-21 09:00:00+00:00,59290.51,0.012550196946582345,746.3324093319704,-0.3316103214850411,1.0,BUY,closed,1.0,1.0,1.0,0.03228625586803052,False,False
2024-08-21 10:00:00+00:00,59468.4,0.012550196946582345,748.564963866798,-0.32961092230427097,1.0,HOLD,closed,1.0,0.9970278708247741,0.002972129175225935,0.032278221480451785,True,False
2024-08-21 11:00:00+00:00,59361.14,0.0,747.0726567726679,-0.3309473812954919,8.75651076269652e-27,SELL,closed,8.75651076269652e-27,8.75651076269652e-27,0.9970225164568889,0.03227531343743972,False,False
2024-08-21 12:00:00+00:00,59506.9,0.012585214110993621,747.4125587316126,-0.3306429767724871,1.0,BUY,closed,1.0,1.0,1.0,0.032274433901556404,False,False
2024-08-21 13:00:00+00:00,59928.0,0.0,749.6368697294212,-0.3286509602204078,8.75651076269652e-27,SELL,closed,8.75651076269652e-27,8.75651076269652e-27,1.0019855116802623,0.03227578489018154,False,False
2024-08-21 14:00:00+00:00,59410.41,0.0,749.6368697294212,-0.3286509602204078,8.75651076269652e-27,HOLD,closed,8.75651076269652e-27,0.0,8.75651076269652e-27,0.03228047078799734,True,False
2024-08-21 15:00:00+00:00,59511.8,0.012617937996546752,749.4165539049974,-0.32884826750763946,1.0,BUY,closed,1.0,1.0,1.0,0.03225057563296549,False,False
2024-08-21 16:00:00+00:00,59885.58,0.012617937996546752,754.1328867693466,-0.32462448174199987,1.0,HOLD,closed,1.0,1.0019885733458966,0.001988573345896638,0.032245003580803594,True,False
2024-08-21 17:00:00+00:00,59928.42,0.0,752.6219995149598,-0.3259775804867479,8.75651076269652e-27,SELL,closed,8.75651076269652e-27,8.75651076269652e-27,1.0019871489838275,0.03224149078432659,False,False
2024-08-21 18:00:00+00:00,60771.28,0.0,752.6219995149598,-0.3259775804867479,8.75651076269652e-27,HOLD,closed,8.75651076269652e-27,0.0,8.75651076269652e-27,0.03225622515426613,True,False
2024-08-21 19:00:00+00:00,61570.0,0.0,752.6219995149598,-0.3259775804867479,8.75651076269652e-27,HOLD,closed,8.75651076269652e-27,0.0,8.75651076269652e-27,0.032266931095086104,True,False
2024-08-21 20:00:00+00:00,61236.0,0.0,752.6219995149598,-0.3259775804867479,8.75651076269652e-27,HOLD,closed,8.75651076269652e-27,0.0,8.75651076269652e-27,0.03226806020730735,True,False
2024-08-21 21:00:00+00:00,61235.97,0.0,752.6219995149598,-0.3259775804867479,8.75651076269652e-27,HOLD,closed,8.75651076269652e-27,0.0,8.75651076269652e-27,0.03226324836139041,True,False
2024-08-21 22:00:00+00:00,61176.47,0.0,752.6219995149598,-0.3259775804867479,8.75651076269652e-27,HOLD,closed,8.75651076269652e-27,0.0,8.75651076269652e-27,0.03226266505337694,True,False
2024-08-21 23:00:00+00:00,61156.03,0.0,752.6219995149598,-0.3259775804867479,8.75651076269652e-27,HOLD,closed,8.75651076269652e-27,0.0,8.75651076269652e-27,0.03226139438829417,True,False
2024-08-22 00:00:00+00:00,60818.15,0.012306586930429589,750.7000620672799,-0.32769880167012183,1.0,BUY,closed,1.0,1.0,1.0,0.03225900244215196,False,False
2024-08-22 01:00:00+00:00,60970.0,0.012306586930429589,752.5688172926656,-0.3260252086588834,1.0,HOLD,closed,1.0,0.9970285612518225,0.002971438748177513,0.03224912821737505,True,False
2024-08-22 02:00:00+00:00,60186.48,0.012148436085887518,743.0309945578961,-0.33456695519395807,1.0,SELL,closed,1.0,0.99698999488527,0.003010005114730041,0.0322615870422264,True,False
2024-08-22 03:00:00+00:00,60548.9,0.012148436085887518,747.4338307641434,-0.3306239262705836,1.0,HOLD,closed,1.0,0.9841331920563133,0.015866807943686667,0.032263803684678016,True,False
2024-08-22 04:00:00+00:00,60834.52,0.012148436085887518,750.9036670789945,-0.3275164600129428,1.0,HOLD,closed,1.0,0.9842065106840115,0.01579348931598845,0.03226449839534992,True,False
2024-08-22 05:00:00+00:00,60724.0,0.012148436085887518,749.5610219227823,-0.3287188869116,1.0,HOLD,closed,1.0,0.9841782207232084,0.015821779276791625,0.032263990245933405,True,False
2024-08-22 06:00:00+00:00,60762.91,0.012148436085887518,750.0337175708842,-0.3282955569204061,1.0,HOLD,closed,1.0,0.9841881921232056,0.01581180787679437,0.032263319928737405,True,False
2024-08-22 07:00:00+00:00,60984.31,0.012148436085887518,752.7233813202996,-0.3258867864230961,1.0,HOLD,closed,1.0,0.9842446915591396,0.01575530844086037,0.03226415948851638,True,False
2024-08-22 08:00:00+00:00,60926.81,0.0,751.2420237677419,-0.32721343938086594,8.75651076269652e-27,SELL,closed,8.75651076269652e-27,8.75651076269652e-27,0.984230056888999,0.0322631433863316,False,False
2024-08-22 09:00:00+00:00,60887.98,0.01233023727596672,749.260380985769,-0.32898813061149323,1.0,BUY,closed,1.0,1.0,1.0,0.03226227247981325,False,False
2024-08-22 10:00:00+00:00,61350.01,0.01233023727596672,754.9573205143839,-0.3238861471890416,1.0,HOLD,closed,1.0,1.0019906551373305,0.0019906551373305437,0.0322534850027556,True,False
2024-08-22 11:00:00+00:00,61336.09,0.0,753.4449014399378,-0.3252406177792358,8.75651076269652e-27,SELL,closed,8.75651076269652e-27,8.75651076269652e-27,1.0019911078087178,0.03223190734556544,False,False
2024-08-22 12:00:00+00:00,60879.19,0.0,753.4449014399378,-0.3252406177792358,8.75651076269652e-27,HOLD,closed,8.75651076269652e-27,0.0,8.75651076269652e-27,0.03223498939097394,True,False
2024-08-22 13:00:00+00:00,60815.99,0.012376066459490308,754.8907338911968,-0.32394577988234147,1.0,BUY,closed,1.0,1.0,1.0,0.03222408753459949,False,False
2024-08-22 14:00:00+00:00,60510.48,0.012376066459490308,751.109721827158,-0.3273319244559184,1.0,HOLD,closed,1.0,0.9970337225218189,0.002966277478181123,0.032216419709783756,True,False
2024-08-22 15:00:00+00:00,60407.4,0.012376066459490308,749.8339968965137,-0.32847441989843856,1.0,HOLD,closed,1.0,0.9970286758659647,0.002971324134035336,0.032212176174093665,True,False
2024-08-22 16:00:00+00:00,60329.7,0.012376066459490308,748.8723765326113,-0.3293356140765897,1.0,HOLD,closed,1.0,0.9970248604150486,0.002975139584951436,0.032173245452387395,True,False
2024-08-22 17:00:00+00:00,60164.7,0.012376066459490308,746.8303255667953,-0.3311644048023932,1.0,HOLD,closed,1.0,0.9970167255195377,0.002983274480462317,0.03215989747458317,True,False
2024-08-22 18:00:00+00:00,60331.16,0.012376066459490308,748.8904455896421,-0.3293194320495613,1.0,HOLD,closed,1.0,0.9970249321985346,0.002975067801465392,0.032149301485982995,True,False
2024-08-22 19:00:00+00:00,60308.0,0.012376066459490308,748.6038158904403,-0.3295761277659833,1.0,HOLD,closed,1.0,0.9970237930876045,0.0029762069123955293,0.032147897655530444,True,False
2024-08-22 20:00:00+00:00,60680.01,0.012376066459490308,753.2078363740353,-0.3254529251120066,1.0,HOLD,closed,1.0,0.9970419853008641,0.0029580146991359246,0.03214615683202343,True,False
2024-08-22 21:00:00+00:00,60545.47,0.0,751.7061286777034,-0.32679780295976496,8.75651076269652e-27,SELL,closed,8.75651076269652e-27,8.75651076269652e-27,0.9970354316894291,0.03214480302407574,False,False
2024-08-22 22:00:00+00:00,60435.05,0.0,751.7061286777034,-0.32679780295976496,8.75651076269652e-27,HOLD,closed,8.75651076269652e-27,0.0,8.75651076269652e-27,0.03214298150192835,True,False
2024-08-22 23:00:00+00:00,60375.84,0.01243824987420714,749.4659961747307,-0.32880398870859645,1.0,BUY,closed,1.0,1.0,1.0,0.03214155071851124,False,False
2024-08-23 00:00:00+00:00,60726.16,0.01243824987420714,753.823363870663,-0.3249016798217795,1.0,HOLD,closed,1.0,1.0019948812712545,0.0019948812712544672,0.03211005481150811,True,False
2024-08-23 01:00:00+00:00,60768.45,0.0,752.3132113640727,-0.32625412055163056,8.75651076269652e-27,SELL,closed,8.75651076269652e-27,8.75651076269652e-27,1.0019934902252952,0.03207171988182608,False,False
2024-08-23 02:00:00+00:00,60625.7,0.0,752.3132113640727,-0.32625412055163056,8.75651076269652e-27,HOLD,closed,8.75651076269652e-27,0.0,8.75651076269652e-27,0.03206718307726608,True,False
2024-08-23 03:00:00+00:00,60593.31,0.0,752.3132113640727,-0.32625412055163056,8.75651076269652e-27,HOLD,closed,8.75651076269652e-27,0.0,8.75651076269652e-27,0.03206410512611321,True,False
2024-08-23 04:00:00+00:00,60707.51,0.012415780081399624,752.2260908700348,-0.32633214267458,1.0,BUY,closed,1.0,1.0,1.0,0.03205794449316873,False,False
2024-08-23 05:00:00+00:00,60856.26,0.0,754.3976662286944,-0.3243873543501058,8.75651076269652e-27,SELL,closed,8.75651076269652e-27,8.75651076269652e-27,1.0019958315743458,0.03205564828968843,False,False
2024-08-23 06:00:00+00:00,61189.58,0.0,754.3976662286944,-0.3243873543501058,8.75651076269652e-27,HOLD,closed,8.75651076269652e-27,0.0,8.75651076269652e-27,0.032056397552779003,True,False
2024-08-23 07:00:00+00:00,61069.27,0.0,754.3976662286944,-0.3243873543501058,8.75651076269652e-27,HOLD,closed,8.75651076269652e-27,0.0,8.75651076269652e-27,0.0320561291307751,True,False
2024-08-23 08:00:00+00:00,61321.4,0.0,754.3976662286944,-0.3243873543501058,8.75651076269652e-27,HOLD,closed,8.75651076269652e-27,0.0,8.75651076269652e-27,0.03205623993423229,True,False
2024-08-23 09:00:00+00:00,61022.13,0.0,754.3976662286944,-0.3243873543501058,8.75651076269652e-27,HOLD,closed,8.75651076269652e-27,0.0,8.75651076269652e-27,0.032054919003499466,True,False
2024-08-23 10:00:00+00:00,61060.75,0.01236269186040561,753.3660644839715,-0.3253112214499253,1.0,BUY,closed,1.0,1.0,1.0,0.03197318987850176,False,False
2024-08-23 11:00:00+00:00,60741.68,0.012273375292509048,749.4390938830126,-0.32882808147729836,1.0,SELL,closed,1.0,1.0020137833388831,0.002013783338883135,0.03197380563500135,True,False
2024-08-23 12:00:00+00:00,61146.58,0.012273375292509048,754.4085835389495,-0.32437757718191584,1.0,HOLD,closed,1.0,0.994785770693291,0.005214229306709006,0.03197580687152127,True,False
2024-08-23 13:00:00+00:00,61119.99,0.0,752.9081314163716,-0.3257213305809336,8.75651076269652e-27,SELL,closed,8.75651076269652e-27,8.75651076269652e-27,0.9947835140975275,0.03193703107882262,False,False
2024-08-23 14:00:00+00:00,60994.91,0.0,752.9081314163716,-0.3257213305809336,8.75651076269652e-27,HOLD,closed,8.75651076269652e-27,0.0,8.75651076269652e-27,0.031899033722748715,True,False
2024-08-23 15:00:00+00:00,61533.05,0.0123437862506293,758.044623832387,-0.3211212643481031,1.0,BUY,closed,1.0,1.0,1.0,0.031900985642687646,False,False
2024-08-23 16:00:00+00:00,61731.99,0.0,760.184767607056,-0.319204625070965,8.75651076269652e-27,SELL,closed,8.75651076269652e-27,8.75651076269652e-27,1.0019805287696735,0.031900340328515936,False,False
2024-08-23 17:00:00+00:00,62999.89,0.0,760.184767607056,-0.319204625070965,8.75651076269652e-27,HOLD,closed,8.75651076269652e-27,0.0,8.75651076269652e-27,0.03192416557325073,True,False
2024-08-23 18:00:00+00:00,63152.6,0.0,760.184767607056,-0.319204625070965,8.75651076269652e-27,HOLD,closed,8.75651076269652e-27,0.0,8.75651076269652e-27,0.03191719009826344,True,False
2024-08-23 19:00:00+00:00,63628.84,0.0,760.184767607056,-0.319204625070965,8.75651076269652e-27,HOLD,closed,8.75651076269652e-27,0.0,8.75651076269652e-27,0.03192081502414412,True,False
2024-08-23 20:00:00+00:00,63627.74,0.0,760.184767607056,-0.319204625070965,8.75651076269652e-27,HOLD,closed,8.75651076269652e-27,0.0,8.75651076269652e-27,0.031886836127397844,True,False
2024-08-23 21:00:00+00:00,64392.58,0.0,760.184767607056,-0.319204625070965,8.75651076269652e-27,HOLD,closed,8.75651076269652e-27,0.0,8.75651076269652e-27,0.031864877214362985,True,False
2024-08-23 22:00:00+00:00,64084.96,0.0,760.184767607056,-0.319204625070965,8.75651076269652e-27,HOLD,closed,8.75651076269652e-27,0.0,8.75651076269652e-27,0.03186454480190254,True,False
2024-08-23 23:00:00+00:00,64037.24,0.0,760.184767607056,-0.319204625070965,8.75651076269652e-27,HOLD,closed,8.75651076269652e-27,0.0,8.75651076269652e-27,0.03185836954248861,True,False
2024-08-24 00:00:00+00:00,63961.78,0.011870979567624338,757.7682338612852,-0.32136878971564653,1.0,BUY,closed,1.0,1.0,1.0,0.0318535576942828,False,False
2024-08-24 01:00:00+00:00,63836.48,0.011870979567624338,756.280800121462,-0.3227008842980895,1.0,HOLD,closed,1.0,1.002010826702666,0.0020108267026659465,0.031851136565939187,True,False
2024-08-24 02:00:00+00:00,63949.99,0.011870979567624338,757.6282750121829,-0.32149413205504795,1.0,HOLD,closed,1.0,1.00200725035978,0.0020072503597801106,0.03184868853714834,True,False
2024-08-24 03:00:00+00:00,63832.01,0.011870979567624338,756.2277368427947,-0.322748405948397,1.0,HOLD,closed,1.0,1.0020109677991274,0.00201096779912735,0.031847338366152056,True,False
2024-08-24 04:00:00+00:00,63897.61,0.011870979567624338,757.0064731024308,-0.32205099649422086,1.0,HOLD,closed,1.0,1.0020088991067213,0.002008899106721307,0.0318447345940196,True,False
2024-08-24 05:00:00+00:00,63987.98,0.011870979567624338,758.0792535259571,-0.3210902511836431,1.0,HOLD,closed,1.0,1.0020060562540454,0.002006056254045374,0.03184218290558061,True,False
2024-08-24 06:00:00+00:00,64048.0,0.011870979567624338,758.7917497196058,-0.3204521640580388,1.0,HOLD,closed,1.0,1.0020041725917022,0.002004172591702158,0.031841154332984595,True,False
2024-08-24 07:00:00+00:00,64315.0,0.011870979567624338,761.9613012641615,-0.31761362252960856,1.0,HOLD,closed,1.0,1.0019958357794216,0.0019958357794216397,0.03184027840055473,True,False
2024-08-24 08:00:00+00:00,64416.0,0.011870979567624338,763.1602702004916,-0.31653986711997767,1.0,HOLD,closed,1.0,1.0019927002059452,0.0019927002059452192,0.03183720177770197,True,False
2024-08-24 09:00:00+00:00,64328.66,0.011870979567624338,762.1234588450553,-0.3174683997682664,1.0,HOLD,closed,1.0,1.0019954111239435,0.0019954111239435246,0.03183534817077652,True,False
2024-08-24 10:00:00+00:00,64117.76,0.011870979567624338,759.6198692542433,-0.3197105286384759,1.0,HOLD,closed,1.0,1.0020019876903572,0.0020019876903571987,0.03183530075415897,True,False
2024-08-24 11:00:00+00:00,63905.01,0.011870979567624338,757.0943183512313,-0.3219723253057924,1.0,HOLD,closed,1.0,1.0020086660152325,0.0020086660152325297,0.031810296182348236,True,False
2024-08-24 12:00:00+00:00,64086.99,0.011870979567624338,759.2545992129475,-0.3200376519449546,1.0,HOLD,closed,1.0,1.0020029508272643,0.002002950827264316,0.031810549757496615,True,False
2024-08-24 13:00:00+00:00,64221.49,0.011870979567624338,760.851245964793,-0.31860774993905994,1.0,HOLD,closed,1.0,1.001998747633868,0.001998747633868092,0.03180766271056337,True,False
2024-08-24 14:00:00+00:00,64171.84,0.011870979567624338,760.2618518292604,-0.3191355910884478,1.0,HOLD,closed,1.0,1.002000297165955,0.002000297165954956,0.031804383766766586,True,False
2024-08-24 15:00:00+00:00,63976.0,0.011870979567624338,757.9370391907369,-0.3212176134589638,1.0,HOLD,closed,1.0,1.0020064326572844,0.002006432657284396,0.03180459368563668,True,False
2024-08-24 16:00:00+00:00,64298.01,0.011870979567624338,761.7596133213077,-0.3177942473257434,1.0,HOLD,closed,1.0,1.001996364208608,0.001996364208608048,0.031805603073252114,True,False
2024-08-24 17:00:00+00:00,64050.99,0.0,760.2334342355913,-0.31916104090954517,8.75651076269652e-27,SELL,closed,8.75651076269652e-27,8.75651076269652e-27,1.0020040788463058,0.03180496572784702,False,False
2024-08-24 18:00:00+00:00,64223.06,0.011869189149827345,760.7547999355223,-0.3186941236911471,1.0,BUY,closed,1.0,1.0,1.0,0.03180514039079152,False,False
2024-08-24 19:00:00+00:00,64210.6,0.011869189149827345,760.6069098387155,-0.3188265689836525,1.0,HOLD,closed,1.0,1.0019995177081822,0.0019995177081821858,0.03180492224387391,True,False
2024-08-24 20:00:00+00:00,64131.0,0.011869189149827345,759.6621223823893,-0.3196726881877805,1.0,HOLD,closed,1.0,1.002002004496971,0.002002004496971077,0.031804866184140856,True,False
2024-08-24 21:00:00+00:00,63612.37,0.011749487842285546,753.5531362119191,-0.3251436864339744,1.0,SELL,closed,1.0,1.0020183597318784,0.002018359731878361,0.03180980521358484,True,False
2024-08-24 22:00:00+00:00,63833.98,0.011749487842285546,756.156940212648,-0.3228118089793682,1.0,HOLD,closed,1.0,0.9918795054949539,0.00812049450504615,0.031810167517077326,True,False
2024-08-24 23:00:00+00:00,64157.01,0.011749487842285546,759.9523772703416,-0.319412745876794,1.0,HOLD,closed,1.0,0.9919200617543895,0.008079938245610485,0.031811451763514464,True,False
2024-08-25 00:00:00+00:00,64175.99,0.0,762.0490767401346,-0.31753501382732846,8.75651076269652e-27,SELL,closed,8.75651076269652e-27,8.75651076269652e-27,0.9919224320875075,0.03181076478856146,False,False
2024-08-25 01:00:00+00:00,64150.08,0.0,762.0490767401346,-0.31753501382732846,8.75651076269652e-27,HOLD,closed,8.75651076269652e-27,0.0,8.75651076269652e-27,0.031809672007854284,True,False
2024-08-25 02:00:00+00:00,64137.0,0.0,762.0490767401346,-0.31753501382732846,8.75651076269652e-27,HOLD,closed,8.75651076269652e-27,0.0,8.75651076269652e-27,0.03180963868446546,True,False
2024-08-25 03:00:00+00:00,64101.01,0.011881582810860106,760.0969793967533,-0.3192832451776733,1.0,BUY,closed,1.0,1.0,1.0,0.031805541451273706,False,False
2024-08-25 04:00:00+00:00,64150.99,0.011881582810860106,760.6908209056401,-0.3187514211134217,1.0,HOLD,closed,1.0,1.0020040720041863,0.002004072004186286,0.031804796129138696,True,False
2024-08-25 05:00:00+00:00,64137.5,0.011881582810860106,760.5305383535216,-0.31889496466337675,1.0,HOLD,closed,1.0,1.0020044943643143,0.0020044943643142688,0.03180427390398624,True,False
2024-08-25 06:00:00+00:00,63994.0,0.011881582810860106,758.8255312201632,-0.3204219105061162,1.0,HOLD,closed,1.0,1.0020089982681095,0.0020089982681095186,0.03180432527812552,True,False
2024-08-25 07:00:00+00:00,63868.26,0.011881582810860106,757.3315409975256,-0.32175987684943363,1.0,HOLD,closed,1.0,1.0020129614250721,0.002012961425072124,0.03180444473389449,True,False
2024-08-25 08:00:00+00:00,63931.0,0.011881582810860106,758.076991503079,-0.32109227697366033,1.0,HOLD,closed,1.0,1.0020109819914147,0.0020109819914146954,0.03180392002569307,True,False
2024-08-25 09:00:00+00:00,63861.31,0.011881582810860106,757.24896399699,-0.32183382997561516,1.0,HOLD,closed,1.0,1.0020131809358601,0.002013180935860115,0.031802781365090405,True,False
2024-08-25 10:00:00+00:00,63881.01,0.011881582810860106,757.4830311783641,-0.3216242074452878,1.0,HOLD,closed,1.0,1.0020125588498623,0.0020125588498622893,0.03177065883981786,True,False
2024-08-25 11:00:00+00:00,63873.91,0.011881582810860106,757.398671940407,-0.32169975668210626,1.0,HOLD,closed,1.0,1.002012783009129,0.0020127830091289933,0.03176499768071889,True,False
2024-08-25 12:00:00+00:00,63924.0,0.011881582810860106,757.9938204234029,-0.3211667621367208,1.0,HOLD,closed,1.0,1.0020112026469647,0.0020112026469647493,0.03176099730582982,True,False
2024-08-25 13:00:00+00:00,64082.02,0.0,756.4750450050941,-0.32252692525021665,8.75651076269652e-27,SELL,closed,8.75651076269652e-27,8.75651076269652e-27,1.002006233267976,0.031747023104842564,False,False
2024-08-25 14:00:00+00:00,64148.01,0.0,756.4750450050941,-0.32252692525021665,8.75651076269652e-27,HOLD,closed,8.75651076269652e-27,0.0,8.75651076269652e-27,0.03172854259826696,True,False
2024-08-25 15:00:00+00:00,64132.16,0.0,756.4750450050941,-0.32252692525021665,8.75651076269652e-27,HOLD,closed,8.75651076269652e-27,0.0,8.75651076269652e-27,0.03172327840168754,True,False
2024-08-25 16:00:00+00:00,64033.99,0.0,756.4750450050941,-0.32252692525021665,8.75651076269652e-27,HOLD,closed,8.75651076269652e-27,0.0,8.75651076269652e-27,0.03172320859817049,True,False
2024-08-25 17:00:00+00:00,64140.99,0.011813648423362251,756.2257770588612,-0.32275016106359344,1.0,BUY,closed,1.0,1.0,1.0,0.03171253881694766,False,False
2024-08-25 18:00:00+00:00,64166.99,0.0,754.7107956179117,-0.32410692642124256,8.75651076269652e-27,SELL,closed,8.75651076269652e-27,8.75651076269652e-27,1.002000346929639,0.031711007516567,False,False
2024-08-25 19:00:00+00:00,64187.41,0.0,754.7107956179117,-0.32410692642124256,8.75651076269652e-27,HOLD,closed,8.75651076269652e-27,0.0,8.75651076269652e-27,0.03170398284034903,True,False
2024-08-25 20:00:00+00:00,64206.99,0.0,754.7107956179117,-0.32410692642124256,8.75651076269652e-27,HOLD,closed,8.75651076269652e-27,0.0,8.75651076269652e-27,0.031609818366913595,True,False
2024-08-25 21:00:00+00:00,64383.73,0.0,754.7107956179117,-0.32410692642124256,8.75651076269652e-27,HOLD,closed,8.75651076269652e-27,0.0,8.75651076269652e-27,0.03153182351258557,True,False
2024-08-25 22:00:00+00:00,64482.01,0.0,754.7107956179117,-0.32410692642124256,8.75651076269652e-27,HOLD,closed,8.75651076269652e-27,0.0,8.75651076269652e-27,0.031530120104087955,True,False
2024-08-25 23:00:00+00:00,64220.0,0.0,754.7107956179117,-0.32410692642124256,8.75651076269652e-27,HOLD,closed,8.75651076269652e-27,0.0,8.75651076269652e-27,0.03151375678978319,True,False
2024-08-26 00:00:00+00:00,64111.01,0.011751960653028935,755.4419089541552,-0.32345216642199875,1.0,BUY,closed,1.0,1.0,1.0,0.031510326964280744,False,False
2024-08-26 01:00:00+00:00,63939.98,0.011751960653028935,753.4319711236677,-0.3252521977264909,1.0,HOLD,closed,1.0,0.9973297628912533,0.002670237108746698,0.031492209004715305,True,False
2024-08-26 02:00:00+00:00,64070.0,0.011751960653028935,754.9599610477744,-0.3238837824180067,1.0,HOLD,closed,1.0,0.997335167277721,0.0026648327222790202,0.03145458007607427,True,False
2024-08-26 03:00:00+00:00,64114.99,0.011751960653028935,755.4886817575542,-0.32341027830534164,1.0,HOLD,closed,1.0,0.9973370322325276,0.002662967767472435,0.03141924613565236,True,False
2024-08-26 04:00:00+00:00,64019.0,0.011751960653028935,754.36061105447,-0.3244205396917545,1.0,HOLD,closed,1.0,0.9973330500310742,0.0026669499689258025,0.031419251528822606,True,False
2024-08-26 05:00:00+00:00,63950.01,0.011751960653028935,753.5498432890175,-0.3251466354626539,1.0,HOLD,closed,1.0,0.9973301805764706,0.002669819423529396,0.031419137919192736,True,False
2024-08-26 06:00:00+00:00,63728.44,0.011751960653028935,750.945961367126,-0.32747858270077773,1.0,HOLD,closed,1.0,0.9973209230600988,0.002679076939901215,0.03137022360153496,True,False
2024-08-26 07:00:00+00:00,63627.01,0.011751960653028935,749.7539599980892,-0.3285460981963905,1.0,HOLD,closed,1.0,0.9973166637116319,0.0026833362883681433,0.03137036698711779,True,False
2024-08-26 08:00:00+00:00,63738.0,0.011751960653028935,751.0583101109688,-0.3273779670235812,1.0,HOLD,closed,1.0,0.9973213238158388,0.0026786761841611773,0.031293747276120415,True,False
2024-08-26 09:00:00+00:00,63856.99,0.011751960653028935,752.4566759090727,-0.32612563863136035,1.0,HOLD,closed,1.0,0.9973263018687687,0.0026736981312313057,0.031141851269116172,True,False
2024-08-26 10:00:00+00:00,63780.0,0.0,750.9562787483143,-0.32746934280845985,8.75651076269652e-27,SELL,closed,8.75651076269652e-27,8.75651076269652e-27,0.9973230830387112,0.031001886841767384,False,False
2024-08-26 11:00:00+00:00,63859.0,0.0,750.9562787483143,-0.32746934280845985,8.75651076269652e-27,HOLD,closed,8.75651076269652e-27,0.0,8.75651076269652e-27,0.030999966312663163,True,False
2024-08-26 12:00:00+00:00,63633.0,0.0,750.9562787483143,-0.32746934280845985,8.75651076269652e-27,HOLD,closed,8.75651076269652e-27,0.0,8.75651076269652e-27,0.03099866187145367,True,False
2024-08-26 13:00:00+00:00,63766.0,0.011801365309639877,751.0235722988606,-0.3274090770152913,1.0,BUY,closed,1.0,1.0,1.0,0.030985433053784345,False,False
2024-08-26 14:00:00+00:00,63500.6,0.0,749.5188968411219,-0.3287566126882598,8.75651076269652e-27,SELL,closed,8.75651076269652e-27,8.75651076269652e-27,1.0020086978603606,0.03090568488293602,False,False
2024-08-26 15:00:00+00:00,63532.53,0.011803335666767273,751.7048337280471,-0.3267989626722117,1.0,BUY,closed,1.0,1.0,1.0,0.03090119567347796,False,False
2024-08-26 16:00:00+00:00,63705.0,0.011803335666767273,753.7405550304944,-0.32497584057557555,1.0,HOLD,closed,1.0,0.9975998951270281,0.002400104872971931,0.030874791497712772,True,False
2024-08-26 17:00:00+00:00,63375.99,0.0,752.2370679989411,-0.32632231193486005,8.75651076269652e-27,SELL,closed,8.75651076269652e-27,8.75651076269652e-27,0.9975874652868677,0.030877258815307423,False,False
2024-08-26 18:00:00+00:00,63643.94,0.011869431141109272,753.9125131243583,-0.3248218408113437,1.0,BUY,closed,1.0,1.0,1.0,0.030875641763173478,False,False
2024-08-26 19:00:00+00:00,63342.99,0.0,752.4020561062822,-0.3261745542512252,8.75651076269652e-27,SELL,closed,8.75651076269652e-27,8.75651076269652e-27,1.0020055567297768,0.030863337840391664,False,False
2024-08-26 20:00:00+00:00,63417.01,0.011878221348665136,751.77610173727,-0.3267351374903259,1.0,BUY,closed,1.0,1.0,1.0,0.030736383035131876,False,False
2024-08-26 21:00:00+00:00,63155.81,0.011878221348665136,748.6735103209986,-0.3295137118271165,1.0,HOLD,closed,1.0,1.0020104628953614,0.0020104628953614423,0.030734987884517728,True,False
2024-08-26 22:00:00+00:00,62973.01,0.011878221348665136,746.5021714584627,-0.33145828835378294,1.0,HOLD,closed,1.0,1.0020163106964575,0.0020163106964574684,0.030735339158060065,True,False
2024-08-26 23:00:00+00:00,62834.0,0.011878221348665136,744.8509799087848,-0.3329370388076775,1.0,HOLD,closed,1.0,1.0020207804699737,0.002020780469973671,0.030734810974108545,True,False
2024-08-27 00:00:00+00:00,62722.0,0.011878221348665136,743.5206191177342,-0.3341284642507118,1.0,HOLD,closed,1.0,1.0020243961963375,0.002024396196337541,0.0307342001036974,True,False
2024-08-27 01:00:00+00:00,62994.8,0.011878221348665136,746.7609979016502,-0.33122649227874973,1.0,HOLD,closed,1.0,1.0020156118456507,0.002015611845650689,0.030730235312304927,True,False
2024-08-27 02:00:00+00:00,62900.07,0.0,745.264958223018,-0.33256629404448257,0.0,SELL,closed,0.0,0.0,1.0020186535648354,0.030729814598675437,False,False
2024-08-27 03:00:00+00:00,62970.0,0.0,745.264958223018,-0.33256629404448257,0.0,HOLD,closed,0.0,0.0,0.0,0.03072847150841726,True,False
2024-08-27 04:00:00+00:00,63038.99,0.0,745.264958223018,-0.33256629404448257,0.0,HOLD,closed,0.0,0.0,0.0,0.0306967485687705,True,False
2024-08-27 05:00:00+00:00,63150.02,0.0,745.264958223018,-0.33256629404448257,0.0,HOLD,closed,0.0,0.0,0.0,0.03069550385751299,True,False
2024-08-27 06:00:00+00:00,62761.0,0.0,745.264958223018,-0.33256629404448257,0.0,HOLD,closed,0.0,0.0,0.0,0.03069848671885317,True,False
2024-08-27 07:00:00+00:00,62902.31,0.0,745.264958223018,-0.33256629404448257,0.0,HOLD,closed,0.0,0.0,0.0,0.030698278641665078,True,False
2024-08-27 08:00:00+00:00,62813.38,0.0,745.264958223018,-0.33256629404448257,0.0,HOLD,closed,0.0,0.0,0.0,0.030692322682452283,True,False
2024-08-27 09:00:00+00:00,62679.99,0.0,745.264958223018,-0.33256629404448257,0.0,HOLD,closed,0.0,0.0,0.0,0.030686769373404615,True,False
2024-08-27 10:00:00+00:00,62332.05,0.0,745.264958223018,-0.33256629404448257,0.0,HOLD,closed,0.0,0.0,0.0,0.030662702050587687,True,False
2024-08-27 11:00:00+00:00,62417.0,0.0,745.264958223018,-0.33256629404448257,0.0,HOLD,closed,0.0,0.0,0.0,0.030660564689298536,True,False
2024-08-27 12:00:00+00:00,62419.56,0.0,745.264958223018,-0.33256629404448257,0.0,HOLD,closed,0.0,0.0,0.0,0.03065639104747761,True,False
2024-08-27 13:00:00+00:00,62232.64,0.0,745.264958223018,-0.33256629404448257,0.0,HOLD,closed,0.0,0.0,0.0,0.030654851646922138,True,False
2024-08-27 14:00:00+00:00,61851.01,0.0,745.264958223018,-0.33256629404448257,0.0,HOLD,closed,0.0,0.0,0.0,0.030656855819509554,True,False
2024-08-27 15:00:00+00:00,61709.13,0.0,745.264958223018,-0.33256629404448257,0.0,HOLD,closed,0.0,0.0,0.0,0.03065733396718867,True,False
2024-08-27 16:00:00+00:00,61560.12,0.0,745.264958223018,-0.33256629404448257,0.0,HOLD,closed,0.0,0.0,0.0,0.030656382414264022,True,False
2024-08-27 17:00:00+00:00,61933.32,0.0,745.264958223018,-0.33256629404448257,0.0,HOLD,closed,0.0,0.0,0.0,0.03065974237161781,True,False
2024-08-27 18:00:00+00:00,62096.01,0.0,745.264958223018,-0.33256629404448257,0.0,HOLD,closed,0.0,0.0,0.0,0.03065836673657754,True,False
2024-08-27 19:00:00+00:00,62102.01,0.0,745.264958223018,-0.33256629404448257,0.0,HOLD,closed,0.0,0.0,0.0,0.03065737966146495,True,False
2024-08-27 20:00:00+00:00,61859.0,0.0,745.264958223018,-0.33256629404448257,0.0,HOLD,closed,0.0,0.0,0.0,0.030656974764506073,True,False
2024-08-27 21:00:00+00:00,60419.99,0.0,745.264958223018,-0.33256629404448257,0.0,HOLD,closed,0.0,0.0,0.0,0.03069622445232309,True,False
2024-08-27 22:00:00+00:00,59506.94,0.0,745.264958223018,-0.33256629404448257,0.0,HOLD,closed,0.0,0.0,0.0,0.03071739024150366,True,False
2024-08-27 23:00:00+00:00,59415.0,0.0,745.264958223018,-0.33256629404448257,0.0,HOLD,closed,0.0,0.0,0.0,0.03071732211300951,True,False
2024-08-28 00:00:00+00:00,59088.94,0.0,745.264958223018,-0.33256629404448257,0.0,HOLD,closed,0.0,0.0,0.0,0.030719212250903266,True,False
2024-08-28 01:00:00+00:00,59383.63,0.0,745.264958223018,-0.33256629404448257,0.0,HOLD,closed,0.0,0.0,0.0,0.030719708167998017,True,False
2024-08-28 02:00:00+00:00,59336.02,0.0,745.264958223018,-0.33256629404448257,0.0,HOLD,closed,0.0,0.0,0.0,0.03071971608532184,True,False
2024-08-28 03:00:00+00:00,59629.01,0.0,745.264958223018,-0.33256629404448257,0.0,HOLD,closed,0.0,0.0,0.0,0.030721850679603147,True,False
2024-08-28 04:00:00+00:00,59325.33,0.0,745.264958223018,-0.33256629404448257,0.0,HOLD,closed,0.0,0.0,0.0,0.03071897983668223,True,False
2024-08-28 05:00:00+00:00,59287.94,0.0,745.264958223018,-0.33256629404448257,0.0,HOLD,closed,0.0,0.0,0.0,0.03071901801169971,True,False
2024-08-28 06:00:00+00:00,59186.91,0.0,745.264958223018,-0.33256629404448257,0.0,HOLD,closed,0.0,0.0,0.0,0.03071927686023762,True,False
2024-08-28 07:00:00+00:00,58600.98,0.0,745.264958223018,-0.33256629404448257,0.0,HOLD,closed,0.0,0.0,0.0,0.030724992668418993,True,False
2024-08-28 08:00:00+00:00,59223.99,0.0,745.264958223018,-0.33256629404448257,0.0,HOLD,closed,0.0,0.0,0.0,0.03073256008856451,True,False
2024-08-28 09:00:00+00:00,60200.12,0.0,745.264958223018,-0.33256629404448257,0.0,HOLD,closed,0.0,0.0,0.0,0.030751983357004187,True,False
2024-08-28 10:00:00+00:00,59756.99,0.0,745.264958223018,-0.33256629404448257,0.0,HOLD,closed,0.0,0.0,0.0,0.03074040591234664,True,False
2024-08-28 11:00:00+00:00,59935.0,0.0,745.264958223018,-0.33256629404448257,0.0,HOLD,closed,0.0,0.0,0.0,0.03074125120633378,True,False
2024-08-28 12:00:00+00:00,59946.22,0.0,745.264958223018,-0.33256629404448257,0.0,HOLD,closed,0.0,0.0,0.0,0.03074122538035781,True,False
2024-08-28 13:00:00+00:00,59334.0,0.0,745.264958223018,-0.33256629404448257,0.0,HOLD,closed,0.0,0.0,0.0,0.030741863337305997,True,False
2024-08-28 14:00:00+00:00,59195.26,0.0,745.264958223018,-0.33256629404448257,0.0,HOLD,closed,0.0,0.0,0.0,0.030723915337683372,True,False
2024-08-28 15:00:00+00:00,59000.0,0.0,745.264958223018,-0.33256629404448257,0.0,HOLD,closed,0.0,0.0,0.0,0.0307248983803127,True,False
2024-08-28 16:00:00+00:00,59198.01,0.0,745.264958223018,-0.33256629404448257,0.0,HOLD,closed,0.0,0.0,0.0,0.03072132555877599,True,False
2024-08-28 17:00:00+00:00,58650.0,0.0,745.264958223018,-0.33256629404448257,0.0,HOLD,closed,0.0,0.0,0.0,0.030727271698173964,True,False
2024-08-28 18:00:00+00:00,59487.0,0.0,745.264958223018,-0.33256629404448257,0.0,HOLD,closed,0.0,0.0,0.0,0.03074598330984596,True,False
2024-08-28 19:00:00+00:00,58898.85,0.0,745.264958223018,-0.33256629404448257,0.0,HOLD,closed,0.0,0.0,0.0,0.030754714260012667,True,False
2024-08-28 20:00:00+00:00,59312.01,0.0,745.264958223018,-0.33256629404448257,0.0,HOLD,closed,0.0,0.0,0.0,0.030758515716048707,True,False
2024-08-28 21:00:00+00:00,59113.91,0.0,745.264958223018,-0.33256629404448257,0.0,HOLD,closed,0.0,0.0,0.0,0.030684324009711633,True,False
2024-08-28 22:00:00+00:00,59195.43,0.0,745.264958223018,-0.33256629404448257,0.0,HOLD,closed,0.0,0.0,0.0,0.03067717012425522,True,False
2024-08-28 23:00:00+00:00,59034.9,0.0,745.264958223018,-0.33256629404448257,0.0,HOLD,closed,0.0,0.0,0.0,0.03067494834764173,True,False
2024-08-29 00:00:00+00:00,59205.83,0.0,745.264958223018,-0.33256629404448257,0.0,HOLD,closed,0.0,0.0,0.0,0.03067332852393448,True,False
2024-08-29 01:00:00+00:00,58997.99,0.0,745.264958223018,-0.33256629404448257,0.0,HOLD,closed,0.0,0.0,0.0,0.03067344241514977,True,False
2024-08-29 02:00:00+00:00,59137.0,0.0,745.264958223018,-0.33256629404448257,0.0,HOLD,closed,0.0,0.0,0.0,0.03067195368767417,True,False
2024-08-29 03:00:00+00:00,59141.1,0.0,745.264958223018,-0.33256629404448257,0.0,HOLD,closed,0.0,0.0,0.0,0.030671939053593916,True,False
2024-08-29 04:00:00+00:00,59197.96,0.0,745.264958223018,-0.33256629404448257,0.0,HOLD,closed,0.0,0.0,0.0,0.030671989403950106,True,False
2024-08-29 05:00:00+00:00,59436.17,0.0,745.264958223018,-0.33256629404448257,0.0,HOLD,closed,0.0,0.0,0.0,0.030673207841160205,True,False
2024-08-29 06:00:00+00:00,59570.65,0.0,745.264958223018,-0.33256629404448257,0.0,HOLD,closed,0.0,0.0,0.0,0.030673663278201035,True,False
2024-08-29 07:00:00+00:00,59583.88,0.0,745.264958223018,-0.33256629404448257,0.0,HOLD,closed,0.0,0.0,0.0,0.030673573187579517,True,False
2024-08-29 08:00:00+00:00,59551.97,0.0,745.264958223018,-0.33256629404448257,0.0,HOLD,closed,0.0,0.0,0.0,0.030662869832895928,True,False
2024-08-29 09:00:00+00:00,59586.0,0.0,745.264958223018,-0.33256629404448257,0.0,HOLD,closed,0.0,0.0,0.0,0.030650123132752533,True,False
2024-08-29 10:00:00+00:00,59673.01,0.0,745.264958223018,-0.33256629404448257,0.0,HOLD,closed,0.0,0.0,0.0,0.03056979386655892,True,False
2024-08-29 11:00:00+00:00,60067.06,0.0,745.264958223018,-0.33256629404448257,0.0,HOLD,closed,0.0,0.0,0.0,0.03056681168379982,True,False
2024-08-29 12:00:00+00:00,60322.0,0.0,745.264958223018,-0.33256629404448257,0.0,HOLD,closed,0.0,0.0,0.0,0.03056805147037872,True,False
2024-08-29 13:00:00+00:00,60626.01,0.0,745.264958223018,-0.33256629404448257,0.0,HOLD,closed,0.0,0.0,0.0,0.030570309814333063,True,False
2024-08-29 14:00:00+00:00,60814.99,0.0,745.264958223018,-0.33256629404448257,0.0,HOLD,closed,0.0,0.0,0.0,0.03057070955932087,True,False
2024-08-29 15:00:00+00:00,60779.99,0.0,745.264958223018,-0.33256629404448257,0.0,HOLD,closed,0.0,0.0,0.0,0.030570530419887304,True,False
2024-08-29 16:00:00+00:00,60295.0,0.0,745.264958223018,-0.33256629404448257,0.0,HOLD,closed,0.0,0.0,0.0,0.030576719493599885,True,False
2024-08-29 17:00:00+00:00,60533.0,0.0,745.264958223018,-0.33256629404448257,0.0,HOLD,closed,0.0,0.0,0.0,0.030501074310436083,True,False
2024-08-29 18:00:00+00:00,59161.0,0.0,745.264958223018,-0.33256629404448257,0.0,HOLD,closed,0.0,0.0,0.0,0.03051878345996803,True,False
2024-08-29 19:00:00+00:00,59258.0,0.0,745.264958223018,-0.33256629404448257,0.0,HOLD,closed,0.0,0.0,0.0,0.030508005290680457,True,False
2024-08-29 20:00:00+00:00,59529.0,0.0,745.264958223018,-0.33256629404448257,0.0,HOLD,closed,0.0,0.0,0.0,0.030504110029717174,True,False
2024-08-29 21:00:00+00:00,59496.0,0.0,745.264958223018,-0.33256629404448257,0.0,HOLD,closed,0.0,0.0,0.0,0.030503201638327898,True,False
2024-08-29 22:00:00+00:00,59211.99,0.0,745.264958223018,-0.33256629404448257,0.0,HOLD,closed,0.0,0.0,0.0,0.0305048044620628,True,False
2024-08-29 23:00:00+00:00,59359.01,0.0,745.264958223018,-0.33256629404448257,0.0,HOLD,closed,0.0,0.0,0.0,0.030505021962816403,True,False
2024-08-30 00:00:00+00:00,59204.01,0.0,745.264958223018,-0.33256629404448257,0.0,HOLD,closed,0.0,0.0,0.0,0.030494540724422037,True,False
2024-08-30 01:00:00+00:00,59217.0,0.0,745.264958223018,-0.33256629404448257,0.0,HOLD,closed,0.0,0.0,0.0,0.030492545149140904,True,False
2024-08-30 02:00:00+00:00,59202.51,0.0,745.264958223018,-0.33256629404448257,0.0,HOLD,closed,0.0,0.0,0.0,0.030492281028126733,True,False
2024-08-30 03:00:00+00:00,59032.01,0.0,745.264958223018,-0.33256629404448257,0.0,HOLD,closed,0.0,0.0,0.0,0.030493113582540282,True,False
2024-08-30 04:00:00+00:00,59013.01,0.0,745.264958223018,-0.33256629404448257,0.0,HOLD,closed,0.0,0.0,0.0,0.030491639631651357,True,False
2024-08-30 05:00:00+00:00,58784.0,0.0,745.264958223018,-0.33256629404448257,0.0,HOLD,closed,0.0,0.0,0.0,0.030490077340854516,True,False
2024-08-30 06:00:00+00:00,59361.0,0.0,745.264958223018,-0.33256629404448257,0.0,HOLD,closed,0.0,0.0,0.0,0.03049913170255958,True,False
2024-08-30 07:00:00+00:00,59271.1,0.0,745.264958223018,-0.33256629404448257,0.0,HOLD,closed,0.0,0.0,0.0,0.030499281689469915,True,False
2024-08-30 08:00:00+00:00,59445.0,0.0,745.264958223018,-0.33256629404448257,0.0,HOLD,closed,0.0,0.0,0.0,0.030499862321204302,True,False
2024-08-30 09:00:00+00:00,59580.64,0.0,745.264958223018,-0.33256629404448257,0.0,HOLD,closed,0.0,0.0,0.0,0.03050010284922322,True,False
2024-08-30 10:00:00+00:00,59581.13,0.0,745.264958223018,-0.33256629404448257,0.0,HOLD,closed,0.0,0.0,0.0,0.030499770320157965,True,False
2024-08-30 11:00:00+00:00,59396.0,0.0,745.264958223018,-0.33256629404448257,0.0,HOLD,closed,0.0,0.0,0.0,0.03049277285568916,True,False
2024-08-30 12:00:00+00:00,59539.0,0.0,745.264958223018,-0.33256629404448257,0.0,HOLD,closed,0.0,0.0,0.0,0.030482373448090377,True,False
2024-08-30 13:00:00+00:00,59653.0,0.0,745.264958223018,-0.33256629404448257,0.0,HOLD,closed,0.0,0.0,0.0,0.03048118789835405,True,False
2024-08-30 14:00:00+00:00,58462.89,0.0,745.264958223018,-0.33256629404448257,0.0,HOLD,closed,0.0,0.0,0.0,0.03052229056241529,True,False
2024-08-30 15:00:00+00:00,58094.99,0.0,745.264958223018,-0.33256629404448257,0.0,HOLD,closed,0.0,0.0,0.0,0.030522596505349775,True,False
2024-08-30 16:00:00+00:00,58551.11,0.0,745.264958223018,-0.33256629404448257,0.0,HOLD,closed,0.0,0.0,0.0,0.03052868832827141,True,False
2024-08-30 17:00:00+00:00,58630.91,0.0,745.264958223018,-0.33256629404448257,0.0,HOLD,closed,0.0,0.0,0.0,0.03052887105486357,True,False
2024-08-30 18:00:00+00:00,59370.99,0.0,745.264958223018,-0.33256629404448257,0.0,HOLD,closed,0.0,0.0,0.0,0.030544761120232716,True,False
2024-08-30 19:00:00+00:00,58700.02,0.0,745.264958223018,-0.33256629404448257,0.0,HOLD,closed,0.0,0.0,0.0,0.030557626555436646,True,False
2024-08-30 20:00:00+00:00,59048.0,0.0,745.264958223018,-0.33256629404448257,0.0,HOLD,closed,0.0,0.0,0.0,0.03055874653311183,True,False
2024-08-30 21:00:00+00:00,59055.99,0.0,745.264958223018,-0.33256629404448257,0.0,HOLD,closed,0.0,0.0,0.0,0.030558581590021894,True,False
2024-08-30 22:00:00+00:00,59237.5,0.0,745.264958223018,-0.33256629404448257,0.0,HOLD,closed,0.0,0.0,0.0,0.030559385111303683,True,False
2024-08-30 23:00:00+00:00,59123.99,0.0,745.264958223018,-0.33256629404448257,0.0,HOLD,closed,0.0,0.0,0.0,0.030559488844669302,True,False
2024-08-31 00:00:00+00:00,59246.01,0.0,745.264958223018,-0.33256629404448257,0.0,HOLD,closed,0.0,0.0,0.0,0.03055989981332677,True,False
2024-08-31 01:00:00+00:00,59285.0,0.0,745.264958223018,-0.33256629404448257,0.0,HOLD,closed,0.0,0.0,0.0,0.030559850484431744,True,False
2024-08-31 02:00:00+00:00,59196.5,0.0,745.264958223018,-0.33256629404448257,0.0,HOLD,closed,0.0,0.0,0.0,0.030559785170246573,True,False
2024-08-31 03:00:00+00:00,59232.01,0.0,745.264958223018,-0.33256629404448257,0.0,HOLD,closed,0.0,0.0,0.0,0.03055578936665565,True,False
2024-08-31 04:00:00+00:00,59350.0,0.0,745.264958223018,-0.33256629404448257,0.0,HOLD,closed,0.0,0.0,0.0,0.03055586776073707,True,False
2024-08-31 05:00:00+00:00,59212.0,0.0,745.264958223018,-0.33256629404448257,0.0,HOLD,closed,0.0,0.0,0.0,0.030555690879152053,True,False
2024-08-31 06:00:00+00:00,59154.01,0.0,745.264958223018,-0.33256629404448257,0.0,HOLD,closed,0.0,0.0,0.0,0.030555467506904327,True,False
2024-08-31 07:00:00+00:00,59095.0,0.0,745.264958223018,-0.33256629404448257,0.0,HOLD,closed,0.0,0.0,0.0,0.030555087942460896,True,False
2024-08-31 08:00:00+00:00,58985.01,0.0,745.264958223018,-0.33256629404448257,0.0,HOLD,closed,0.0,0.0,0.0,0.03055436974503678,True,False
2024-08-31 09:00:00+00:00,58905.01,0.0,745.264958223018,-0.33256629404448257,0.0,HOLD,closed,0.0,0.0,0.0,0.030552227340255506,True,False
2024-08-31 10:00:00+00:00,59136.99,0.0,745.264958223018,-0.33256629404448257,0.0,HOLD,closed,0.0,0.0,0.0,0.030553132445383435,True,False
2024-08-31 11:00:00+00:00,59120.99,0.0,745.264958223018,-0.33256629404448257,0.0,HOLD,closed,0.0,0.0,0.0,0.03055300717677173,True,False
2024-08-31 12:00:00+00:00,59192.26,0.0,745.264958223018,-0.33256629404448257,0.0,HOLD,closed,0.0,0.0,0.0,0.030552479785232706,True,False
2024-08-31 13:00:00+00:00,58954.99,0.0,745.264958223018,-0.33256629404448257,0.0,HOLD,closed,0.0,0.0,0.0,0.0305538568444651,True,False
2024-08-31 14:00:00+00:00,59126.0,0.0,745.264958223018,-0.33256629404448257,0.0,HOLD,closed,0.0,0.0,0.0,0.030553765379469078,True,False
2024-08-31 15:00:00+00:00,59006.54,0.0,745.264958223018,-0.33256629404448257,0.0,HOLD,closed,0.0,0.0,0.0,0.030554069541608414,True,False
2024-08-31 16:00:00+00:00,58971.55,0.0,745.264958223018,-0.33256629404448257,0.0,HOLD,closed,0.0,0.0,0.0,0.03055408019081482,True,False
2024-08-31 17:00:00+00:00,59013.16,0.0,745.264958223018,-0.33256629404448257,0.0,HOLD,closed,0.0,0.0,0.0,0.03055391230306767,True,False
2024-08-31 18:00:00+00:00,58920.52,0.0,745.264958223018,-0.33256629404448257,0.0,HOLD,closed,0.0,0.0,0.0,0.030553586279279094,True,False
2024-08-31 19:00:00+00:00,58856.0,0.0,745.264958223018,-0.33256629404448257,0.0,HOLD,closed,0.0,0.0,0.0,0.030553705915387697,True,False
2024-08-31 20:00:00+00:00,58951.08,0.0,745.264958223018,-0.33256629404448257,0.0,HOLD,closed,0.0,0.0,0.0,0.03055317125862672,True,False
2024-08-31 21:00:00+00:00,59061.01,0.0,745.264958223018,-0.33256629404448257,0.0,HOLD,closed,0.0,0.0,0.0,0.030553513038903385,True,False
2024-08-31 22:00:00+00:00,59024.0,0.0,745.264958223018,-0.33256629404448257,0.0,HOLD,closed,0.0,0.0,0.0,0.030553356050411512,True,False
2024-08-31 23:00:00+00:00,58973.99,0.0,745.264958223018,-0.33256629404448257,0.0,HOLD,closed,0.0,0.0,0.0,0.030553336808182563,True,False
2024-09-01 00:00:00+00:00,58930.0,0.0,745.264958223018,-0.33256629404448257,0.0,HOLD,closed,0.0,0.0,0.0,0.03055242552253698,True,False
2024-09-01 01:00:00+00:00,58828.01,0.0,745.264958223018,-0.33256629404448257,0.0,HOLD,closed,0.0,0.0,0.0,0.030551437806361048,True,False
2024-09-01 02:00:00+00:00,58540.25,0.0,745.264958223018,-0.33256629404448257,0.0,HOLD,closed,0.0,0.0,0.0,0.030553858778235327,True,False
2024-09-01 03:00:00+00:00,58524.21,0.0,745.264958223018,-0.33256629404448257,0.0,HOLD,closed,0.0,0.0,0.0,0.03055336162028502,True,False
2024-09-01 04:00:00+00:00,58442.0,0.0,745.264958223018,-0.33256629404448257,0.0,HOLD,closed,0.0,0.0,0.0,0.03055356029051451,True,False
2024-09-01 05:00:00+00:00,57986.0,0.0,745.264958223018,-0.33256629404448257,0.0,HOLD,closed,0.0,0.0,0.0,0.030559126130899283,True,False
2024-09-01 06:00:00+00:00,58201.1,0.0,745.264958223018,-0.33256629404448257,0.0,HOLD,closed,0.0,0.0,0.0,0.030560363161789922,True,False
2024-09-01 07:00:00+00:00,58478.64,0.0,745.264958223018,-0.33256629404448257,0.0,HOLD,closed,0.0,0.0,0.0,0.030558952354453467,True,False
2024-09-01 08:00:00+00:00,58233.99,0.0,745.264958223018,-0.33256629404448257,0.0,HOLD,closed,0.0,0.0,0.0,0.03055986055068946,True,False
2024-09-01 09:00:00+00:00,58205.0,0.0,745.264958223018,-0.33256629404448257,0.0,HOLD,closed,0.0,0.0,0.0,0.030559852664595516,True,False
2024-09-01 10:00:00+00:00,57931.0,0.0,745.264958223018,-0.33256629404448257,0.0,HOLD,closed,0.0,0.0,0.0,0.030561771725483217,True,False
2024-09-01 11:00:00+00:00,58240.52,0.0,745.264958223018,-0.33256629404448257,0.0,HOLD,closed,0.0,0.0,0.0,0.03056325096831955,True,False
2024-09-01 12:00:00+00:00,58020.0,0.0,745.264958223018,-0.33256629404448257,0.0,HOLD,closed,0.0,0.0,0.0,0.030564612328045138,True,False
2024-09-01 13:00:00+00:00,58175.01,0.0,745.264958223018,-0.33256629404448257,0.0,HOLD,closed,0.0,0.0,0.0,0.03056513687121068,True,False
2024-09-01 14:00:00+00:00,57879.99,0.0,745.264958223018,-0.33256629404448257,0.0,HOLD,closed,0.0,0.0,0.0,0.03056773048283129,True,False
2024-09-01 15:00:00+00:00,58217.0,0.0,745.264958223018,-0.33256629404448257,0.0,HOLD,closed,0.0,0.0,0.0,0.030559595806954998,True,False
2024-09-01 16:00:00+00:00,58132.06,0.0,745.264958223018,-0.33256629404448257,0.0,HOLD,closed,0.0,0.0,0.0,0.030523727452078014,True,False
2024-09-01 17:00:00+00:00,58127.98,0.0,745.264958223018,-0.33256629404448257,0.0,HOLD,closed,0.0,0.0,0.0,0.030516223754866456,True,False
2024-09-01 18:00:00+00:00,58541.1,0.0,745.264958223018,-0.33256629404448257,0.0,HOLD,closed,0.0,0.0,0.0,0.03052131733500993,True,False
2024-09-01 19:00:00+00:00,58514.0,0.0,745.264958223018,-0.33256629404448257,0.0,HOLD,closed,0.0,0.0,0.0,0.030518982437928943,True,False
2024-09-01 20:00:00+00:00,58431.1,0.0,745.264958223018,-0.33256629404448257,0.0,HOLD,closed,0.0,0.0,0.0,0.030517143606108882,True,False
2024-09-01 21:00:00+00:00,58351.11,0.0,745.264958223018,-0.33256629404448257,0.0,HOLD,closed,0.0,0.0,0.0,0.030516801015493117,True,False
2024-09-01 22:00:00+00:00,57309.01,0.0,745.264958223018,-0.33256629404448257,0.0,HOLD,closed,0.0,0.0,0.0,0.03054916478392275,True,False
2024-09-01 23:00:00+00:00,57301.86,0.0,745.264958223018,-0.33256629404448257,0.0,HOLD,closed,0.0,0.0,0.0,0.030547899554616675,True,False
2024-09-02 00:00:00+00:00,57467.24,0.0,745.264958223018,-0.33256629404448257,0.0,HOLD,closed,0.0,0.0,0.0,0.030548731076401603,True,False
2024-09-02 01:00:00+00:00,57423.23,0.0,745.264958223018,-0.33256629404448257,0.0,HOLD,closed,0.0,0.0,0.0,0.030548723217463214,True,False
2024-09-02 02:00:00+00:00,57509.01,0.0,745.264958223018,-0.33256629404448257,0.0,HOLD,closed,0.0,0.0,0.0,0.03054811778862704,True,False
2024-09-02 03:00:00+00:00,57742.01,0.0,745.264958223018,-0.33256629404448257,0.0,HOLD,closed,0.0,0.0,0.0,0.030547607583647912,True,False
2024-09-02 04:00:00+00:00,57459.51,0.0,745.264958223018,-0.33256629404448257,0.0,HOLD,closed,0.0,0.0,0.0,0.030546272886453008,True,False
2024-09-02 05:00:00+00:00,57785.01,0.0,745.264958223018,-0.33256629404448257,0.0,HOLD,closed,0.0,0.0,0.0,0.03054947835587246,True,False
2024-09-02 06:00:00+00:00,57688.0,0.0,745.264958223018,-0.33256629404448257,0.0,HOLD,closed,0.0,0.0,0.0,0.030536460557132328,True,False
2024-09-02 07:00:00+00:00,57547.99,0.0,745.264958223018,-0.33256629404448257,0.0,HOLD,closed,0.0,0.0,0.0,0.030514688247440053,True,False
2024-09-02 08:00:00+00:00,58056.01,0.0,745.264958223018,-0.33256629404448257,0.0,HOLD,closed,0.0,0.0,0.0,0.03052210914003753,True,False
2024-09-02 09:00:00+00:00,58402.35,0.0,745.264958223018,-0.33256629404448257,0.0,HOLD,closed,0.0,0.0,0.0,0.03045290044650706,True,False
2024-09-02 10:00:00+00:00,58498.51,0.0,745.264958223018,-0.33256629404448257,0.0,HOLD,closed,0.0,0.0,0.0,0.030314922727443377,True,False
2024-09-02 11:00:00+00:00,58422.01,0.0,745.264958223018,-0.33256629404448257,0.0,HOLD,closed,0.0,0.0,0.0,0.03031485264507805,True,False
2024-09-02 12:00:00+00:00,58393.94,0.0,745.264958223018,-0.33256629404448257,0.0,HOLD,closed,0.0,0.0,0.0,0.030304069428338687,True,False
2024-09-02 13:00:00+00:00,58181.22,0.0,745.264958223018,-0.33256629404448257,0.0,HOLD,closed,0.0,0.0,0.0,0.030302531627526108,True,False
2024-09-02 14:00:00+00:00,58597.0,0.0,745.264958223018,-0.33256629404448257,0.0,HOLD,closed,0.0,0.0,0.0,0.03028953740091786,True,False
2024-09-02 15:00:00+00:00,58537.99,0.0,745.264958223018,-0.33256629404448257,0.0,HOLD,closed,0.0,0.0,0.0,0.030281227395439064,True,False
2024-09-02 16:00:00+00:00,58345.0,0.0,745.264958223018,-0.33256629404448257,0.0,HOLD,closed,0.0,0.0,0.0,0.030281135695920558,True,False
2024-09-02 17:00:00+00:00,58514.01,0.0,745.264958223018,-0.33256629404448257,0.0,HOLD,closed,0.0,0.0,0.0,0.030281536861081898,True,False
2024-09-02 18:00:00+00:00,58486.01,0.0,745.264958223018,-0.33256629404448257,0.0,HOLD,closed,0.0,0.0,0.0,0.030281350279993846,True,False
2024-09-02 19:00:00+00:00,58439.99,0.0,745.264958223018,-0.33256629404448257,0.0,HOLD,closed,0.0,0.0,0.0,0.03027871290066239,True,False
2024-09-02 20:00:00+00:00,58992.0,0.0,745.264958223018,-0.33256629404448257,0.0,HOLD,closed,0.0,0.0,0.0,0.03028208333351387,True,False
2024-09-02 21:00:00+00:00,59047.0,0.0,745.264958223018,-0.33256629404448257,0.0,HOLD,closed,0.0,0.0,0.0,0.030282074755452193,True,False
2024-09-02 22:00:00+00:00,59349.99,0.0,745.264958223018,-0.33256629404448257,0.0,HOLD,closed,0.0,0.0,0.0,0.030282887242179007,True,False
2024-09-02 23:00:00+00:00,59132.13,0.0,745.264958223018,-0.33256629404448257,0.0,HOLD,closed,0.0,0.0,0.0,0.030278300571284972,True,False
2024-09-03 00:00:00+00:00,59257.99,0.0,745.264958223018,-0.33256629404448257,0.0,HOLD,closed,0.0,0.0,0.0,0.03027778325241348,True,False
2024-09-03 01:00:00+00:00,59388.01,0.0,745.264958223018,-0.33256629404448257,0.0,HOLD,closed,0.0,0.0,0.0,0.03027830496989109,True,False
2024-09-03 02:00:00+00:00,59311.01,0.0,745.264958223018,-0.33256629404448257,0.0,HOLD,closed,0.0,0.0,0.0,0.030277733633176873,True,False
2024-09-03 03:00:00+00:00,59110.99,0.0,745.264958223018,-0.33256629404448257,0.0,HOLD,closed,0.0,0.0,0.0,0.030278454231328272,True,False
2024-09-03 04:00:00+00:00,59099.01,0.0,745.264958223018,-0.33256629404448257,0.0,HOLD,closed,0.0,0.0,0.0,0.03027786508903127,True,False
2024-09-03 05:00:00+00:00,59186.0,0.0,745.264958223018,-0.33256629404448257,0.0,HOLD,closed,0.0,0.0,0.0,0.030277358984084013,True,False
2024-09-03 06:00:00+00:00,58891.0,0.0,745.264958223018,-0.33256629404448257,0.0,HOLD,closed,0.0,0.0,0.0,0.030277715981555958,True,False
2024-09-03 07:00:00+00:00,59112.0,0.0,745.264958223018,-0.33256629404448257,0.0,HOLD,closed,0.0,0.0,0.0,0.030278458062175162,True,False
2024-09-03 08:00:00+00:00,58789.02,0.012607674112638327,742.7971679742694,-0.33477636225320445,1.0,BUY,closed,1.0,1.0,1.0,0.030279021313877857,False,False
2024-09-03 09:00:00+00:00,58874.0,0.012607674112638327,743.8685681203615,-0.33381685307170134,1.0,HOLD,closed,1.0,0.997843217899438,0.002156782100562027,0.030276964536769507,True,False
2024-09-03 10:00:00+00:00,59078.94,0.012607674112638327,746.4523848530057,-0.33150287552807645,1.0,HOLD,closed,1.0,0.9978506835192058,0.0021493164807941945,0.030276382175851657,True,False
2024-09-03 11:00:00+00:00,59072.0,0.0,744.9630612321367,-0.33283666262309,8.75651076269652e-27,SELL,closed,8.75651076269652e-27,8.75651076269652e-27,0.9978504315522356,0.030275480483600015,False,False
2024-09-03 12:00:00+00:00,59135.01,0.0,744.9630612321367,-0.33283666262309,8.75651076269652e-27,HOLD,closed,8.75651076269652e-27,0.0,8.75651076269652e-27,0.030189278638158568,True,False
2024-09-03 13:00:00+00:00,58398.99,0.0,744.9630612321367,-0.33283666262309,8.75651076269652e-27,HOLD,closed,8.75651076269652e-27,0.0,8.75651076269652e-27,0.03020680296655945,True,False
2024-09-03 14:00:00+00:00,57672.84,0.0127564374183892,737.2851360250204,-0.33971274879686314,1.0,BUY,closed,1.0,1.0,1.0,0.030220070391774434,False,False
2024-09-03 15:00:00+00:00,57725.0,0.0127564374183892,737.9505118007637,-0.33911686109953165,1.0,HOLD,closed,1.0,0.9978519402061543,0.0021480597938456913,0.030220142711326864,True,False
2024-09-03 16:00:00+00:00,57708.0,0.0127564374183892,737.733652364651,-0.3393110729640761,1.0,HOLD,closed,1.0,0.9978513087763231,0.0021486912236768907,0.030218253803553585,True,False
2024-09-03 17:00:00+00:00,57698.0,0.0127564374183892,737.6060879904671,-0.33942531523733743,1.0,HOLD,closed,1.0,0.9978509371735723,0.0021490628264276834,0.030211870234595428,True,False
2024-09-03 18:00:00+00:00,57926.0,0.0127564374183892,740.5145557218599,-0.3368205914069778,1.0,HOLD,closed,1.0,0.9978593778987884,0.0021406221012115756,0.030207642428046966,True,False
2024-09-03 19:00:00+00:00,58046.0,0.0,742.0784074235299,-0.3354200595219161,8.75651076269652e-27,SELL,closed,8.75651076269652e-27,8.75651076269652e-27,0.9978637938088413,0.030208119370390057,False,False
2024-09-03 20:00:00+00:00,58228.0,0.0,742.0784074235299,-0.3354200595219161,8.75651076269652e-27,HOLD,closed,8.75651076269652e-27,0.0,8.75651076269652e-27,0.03020800484649272,True,False
2024-09-03 21:00:00+00:00,58134.61,0.0,742.0784074235299,-0.3354200595219161,8.75651076269652e-27,HOLD,closed,8.75651076269652e-27,0.0,8.75651076269652e-27,0.030206141675254927,True,False
2024-09-03 22:00:00+00:00,57865.0,0.0,742.0784074235299,-0.3354200595219161,8.75651076269652e-27,HOLD,closed,8.75651076269652e-27,0.0,8.75651076269652e-27,0.030206088423996635,True,False
2024-09-03 23:00:00+00:00,57487.73,0.01282430497578035,738.8161098795588,-0.33834166118274545,1.0,BUY,closed,1.0,1.0,1.0,0.030210201815755927,False,False
2024-09-04 00:00:00+00:00,57140.02,0.01282430497578035,734.3569707964301,-0.34233511302934766,1.0,HOLD,closed,1.0,0.9978540028121035,0.0021459971878965423,0.030214293608113757,True,False
2024-09-04 01:00:00+00:00,56784.01,0.01282430497578035,729.7913899820026,-0.3464238904355449,1.0,HOLD,closed,1.0,0.9978405774364092,0.002159422563590807,0.030218278365339413,True,False
2024-09-04 02:00:00+00:00,56648.01,0.01282430497578035,728.0472845052965,-0.3479858514120422,1.0,HOLD,closed,1.0,0.997835404337354,0.0021645956626460405,0.030218895120961597,True,False
2024-09-04 03:00:00+00:00,56653.98,0.01282430497578035,728.1238456060019,-0.34791728591917687,1.0,HOLD,closed,1.0,0.9978356319412534,0.0021643680587466463,0.03021881375527352,True,False
2024-09-04 04:00:00+00:00,56694.0,0.01282430497578035,728.6370742911325,-0.3474576559318282,1.0,HOLD,closed,1.0,0.997837156452992,0.00216284354700802,0.03021885939393365,True,False
2024-09-04 05:00:00+00:00,56252.01,0.012724325885290261,723.001715898088,-0.3525044894038129,1.0,SELL,closed,1.0,0.9978201993446588,0.0021798006553411797,0.03022560760180315,True,False
2024-09-04 06:00:00+00:00,56277.0,0.012724325885290261,723.3196968019614,-0.3522197166250131,1.0,HOLD,closed,1.0,0.990000536432977,0.00999946356702297,0.03022387275049171,True,False
2024-09-04 07:00:00+00:00,56746.0,0.012830367586877075,729.3252007986719,-0.3468413934603063,1.0,BUY,closed,1.0,0.9900823613577796,0.009917638642220394,0.03023035379391384,True,False
2024-09-04 08:00:00+00:00,56783.01,0.0,727.8694207565217,-0.3481451400780261,8.75651076269652e-27,SELL,closed,8.75651076269652e-27,8.75651076269652e-27,0.9982828697954955,0.030228805081439464,False,False
2024-09-04 09:00:00+00:00,56596.99,0.0,727.8694207565217,-0.3481451400780261,8.75651076269652e-27,HOLD,closed,8.75651076269652e-27,0.0,8.75651076269652e-27,0.030165221653371738,True,False
2024-09-04 10:00:00+00:00,56456.45,0.0,727.8694207565217,-0.3481451400780261,8.75651076269652e-27,HOLD,closed,8.75651076269652e-27,0.0,8.75651076269652e-27,0.03016553960799831,True,False
2024-09-04 11:00:00+00:00,56573.0,0.0,727.8694207565217,-0.3481451400780261,8.75651076269652e-27,HOLD,closed,8.75651076269652e-27,0.0,8.75651076269652e-27,0.030165876485808096,True,False
2024-09-04 12:00:00+00:00,56599.99,0.0,727.8694207565217,-0.3481451400780261,8.75651076269652e-27,HOLD,closed,8.75651076269652e-27,0.0,8.75651076269652e-27,0.030162938736664063,True,False
2024-09-04 13:00:00+00:00,56490.0,0.0,727.8694207565217,-0.3481451400780261,8.75651076269652e-27,HOLD,closed,8.75651076269652e-27,0.0,8.75651076269652e-27,0.030163323462494812,True,False
2024-09-04 14:00:00+00:00,57511.1,0.0,727.8694207565217,-0.3481451400780261,8.75651076269652e-27,HOLD,closed,8.75651076269652e-27,0.0,8.75651076269652e-27,0.030198352345918528,True,False
2024-09-04 15:00:00+00:00,58134.0,0.0,727.8694207565217,-0.3481451400780261,8.75651076269652e-27,HOLD,closed,8.75651076269652e-27,0.0,8.75651076269652e-27,0.03021097861613828,True,False
2024-09-04 16:00:00+00:00,58406.07,0.0,727.8694207565217,-0.3481451400780261,8.75651076269652e-27,HOLD,closed,8.75651076269652e-27,0.0,8.75651076269652e-27,0.030211277657375524,True,False
2024-09-04 17:00:00+00:00,57878.0,0.0,727.8694207565217,-0.3481451400780261,8.75651076269652e-27,HOLD,closed,8.75651076269652e-27,0.0,8.75651076269652e-27,0.03021867599075742,True,False
2024-09-04 18:00:00+00:00,57684.01,0.0,727.8694207565217,-0.3481451400780261,8.75651076269652e-27,HOLD,closed,8.75651076269652e-27,0.0,8.75651076269652e-27,0.0302197595609289,True,False
2024-09-04 19:00:00+00:00,58058.01,0.01261821812936586,731.1325315606811,-0.34522281008929767,1.0,BUY,closed,1.0,1.0,1.0,0.03022145844987112,False,False
2024-09-04 20:00:00+00:00,58048.01,0.0,729.6675946564445,-0.34653475727827715,8.75651076269652e-27,SELL,closed,8.75651076269652e-27,8.75651076269652e-27,1.0019919153608714,0.030218369172949178,False,False
2024-09-04 21:00:00+00:00,58100.0,0.0,729.6675946564445,-0.34653475727827715,8.75651076269652e-27,HOLD,closed,8.75651076269652e-27,0.0,8.75651076269652e-27,0.030198263227919103,True,False
2024-09-04 22:00:00+00:00,58130.99,0.0,729.6675946564445,-0.34653475727827715,8.75651076269652e-27,HOLD,closed,8.75651076269652e-27,0.0,8.75651076269652e-27,0.030196882229221983,True,False
2024-09-04 23:00:00+00:00,57970.9,0.0,729.6675946564445,-0.34653475727827715,8.75651076269652e-27,HOLD,closed,8.75651076269652e-27,0.0,8.75651076269652e-27,0.030197701283042305,True,False
2024-09-05 00:00:00+00:00,57997.75,0.01258679086673563,728.5458499681062,-0.347539353303104,1.0,BUY,closed,1.0,1.0,1.0,0.0301976287946151,False,False
2024-09-05 01:00:00+00:00,58021.99,0.01258679086673563,728.8509537787157,-0.3472661128068624,1.0,HOLD,closed,1.0,1.002002741459749,0.002002741459748991,0.030197470035122964,True,False
2024-09-05 02:00:00+00:00,57692.99,0.012490262736310143,724.7304586304103,-0.3509562867736656,1.0,SELL,closed,1.0,1.0020141852953148,0.00201418529531483,0.030199578509699482,True,False
2024-09-05 03:00:00+00:00,57135.42,0.012369549292798595,717.8196450791263,-0.35714537408926805,1.0,SELL,closed,1.0,0.9942462390600864,0.005753760939913644,0.030210038571490516,True,False
2024-09-05 04:00:00+00:00,57206.4,0.012369549292798595,718.6976356879293,-0.3563590758481368,1.0,HOLD,closed,1.0,0.9845828753648678,0.015417124635132229,0.03020688890754994,True,False
2024-09-05 05:00:00+00:00,57194.99,0.012369549292798595,718.5564991304984,-0.3564854729026776,1.0,HOLD,closed,1.0,0.9845798471828123,0.015420152817187671,0.030206854807652145,True,False
2024-09-05 06:00:00+00:00,56914.01,0.012369549292798595,715.0809031702079,-0.35959809730100145,1.0,HOLD,closed,1.0,0.9845048987111067,0.01549510128889331,0.030209472131870307,True,False
2024-09-05 07:00:00+00:00,57155.1,0.012369549292798595,718.0630778092086,-0.3569273640951083,1.0,HOLD,closed,1.0,0.9845692511329489,0.015430748867051092,0.030206685267549382,True,False
2024-09-05 08:00:00+00:00,57004.0,0.012369549292798595,716.1940389110667,-0.35860121115392646,1.0,HOLD,closed,1.0,0.9845289817809394,0.015471018219060606,0.030207368853417488,True,False
2024-09-05 09:00:00+00:00,56797.0,0.012369549292798595,713.6335422074575,-0.36089430408030204,1.0,HOLD,closed,1.0,0.9844734722108192,0.015526527789180844,0.03019531078817736,True,False
2024-09-05 10:00:00+00:00,56771.0,0.012369549292798595,713.3119339258448,-0.36118232541404965,1.0,HOLD,closed,1.0,0.984466471823353,0.015533528176646993,0.03019529547364047,True,False
2024-09-05 11:00:00+00:00,56698.01,0.012369549292798595,712.4090805229633,-0.36199088991982825,1.0,HOLD,closed,1.0,0.9844467858042434,0.015553214195756615,0.03019324031539561,True,False
2024-09-05 12:00:00+00:00,56662.0,0.012369549292798595,711.9636530529297,-0.3623897994670688,1.0,HOLD,closed,1.0,0.9844370552108059,0.015562944789194066,0.03019262485900498,True,False
2024-09-05 13:00:00+00:00,57028.62,0.012369549292798595,716.4985772146555,-0.35832847710635457,1.0,HOLD,closed,1.0,0.984535557533904,0.015464442466096018,0.030183235119607604,True,False
2024-09-05 14:00:00+00:00,56558.01,0.0,717.9766270074225,-0.35700478646467265,8.75651076269652e-27,SELL,closed,8.75651076269652e-27,8.75651076269652e-27,0.9844088866434026,0.030157745922899742,False,False
2024-09-05 15:00:00+00:00,55976.01,0.01269451937846852,712.0939330299036,-0.362273125193196,1.0,BUY,closed,1.0,1.0,1.0,0.030146484287807307,False,False
2024-09-05 16:00:00+00:00,56335.0,0.01269451937846852,716.65113854158,-0.3581918484205546,1.0,HOLD,closed,1.0,0.9978994111994024,0.0021005888005976026,0.030146148704933456,True,False
2024-09-05 17:00:00+00:00,56602.99,0.01269451937846852,720.0531427898158,-0.3551451302325825,1.0,HOLD,closed,1.0,0.9979093357613531,0.0020906642386469,0.030117107486455102,True,False
2024-09-05 18:00:00+00:00,56548.99,0.0,718.616533248191,-0.35643170840830124,8.75651076269652e-27,SELL,closed,8.75651076269652e-27,8.75651076269652e-27,0.9979073435132756,0.03011721110843449,False,False
2024-09-05 19:00:00+00:00,56060.01,0.0,718.616533248191,-0.35643170840830124,8.75651076269652e-27,HOLD,closed,8.75651076269652e-27,0.0,8.75651076269652e-27,0.030125644343066277,True,False
2024-09-05 20:00:00+00:00,56094.0,0.012818703768251713,717.6147768015486,-0.35732884708397644,1.0,BUY,closed,1.0,1.0,1.0,0.03012551172398467,False,False
2024-09-05 21:00:00+00:00,56150.6,0.012818703768251713,718.3403154348316,-0.35667907959728207,1.0,HOLD,closed,1.0,1.0020012692367026,0.0020012692367026297,0.030125453871665653,True,False
2024-09-05 22:00:00+00:00,56104.6,0.0,716.9009915774387,-0.35796808862099955,8.75651076269652e-27,SELL,closed,8.75651076269652e-27,8.75651076269652e-27,1.0020029133580377,0.03011066809875207,False,False
2024-09-05 23:00:00+00:00,56180.0,0.0,716.9009915774387,-0.35796808862099955,8.75651076269652e-27,HOLD,closed,8.75651076269652e-27,0.0,8.75651076269652e-27,0.030107597389372937,True,False
2024-09-06 00:00:00+00:00,56182.0,0.0,716.9009915774387,-0.35796808862099955,8.75651076269652e-27,HOLD,closed,8.75651076269652e-27,0.0,8.75651076269652e-27,0.030101582897548412,True,False
2024-09-06 01:00:00+00:00,56558.99,0.0,716.9009915774387,-0.35796808862099955,8.75651076269652e-27,HOLD,closed,8.75651076269652e-27,0.0,8.75651076269652e-27,0.03010629124199335,True,False
2024-09-06 02:00:00+00:00,56738.0,0.0,716.9009915774387,-0.35796808862099955,8.75651076269652e-27,HOLD,closed,8.75651076269652e-27,0.0,8.75651076269652e-27,0.030103725589420316,True,False
2024-09-06 03:00:00+00:00,56588.0,0.0,716.9009915774387,-0.35796808862099955,8.75651076269652e-27,HOLD,closed,8.75651076269652e-27,0.0,8.75651076269652e-27,0.030104364628285862,True,False
2024-09-06 04:00:00+00:00,56594.66,0.0,716.9009915774387,-0.35796808862099955,8.75651076269652e-27,HOLD,closed,8.75651076269652e-27,0.0,8.75651076269652e-27,0.030104048801456423,True,False
2024-09-06 05:00:00+00:00,56491.01,0.0,716.9009915774387,-0.35796808862099955,8.75651076269652e-27,HOLD,closed,8.75651076269652e-27,0.0,8.75651076269652e-27,0.030101150822427564,True,False
2024-09-06 06:00:00+00:00,56430.01,0.0,716.9009915774387,-0.35796808862099955,8.75651076269652e-27,HOLD,closed,8.75651076269652e-27,0.0,8.75651076269652e-27,0.030099372064771174,True,False
2024-09-06 07:00:00+00:00,55804.29,0.012704250656298637,710.4448481783469,-0.36374998896059213,1.0,BUY,closed,1.0,1.0,1.0,0.03011363496790445,False,False
2024-09-06 08:00:00+00:00,55783.01,0.012704250656298637,710.1745017243809,-0.36399210196170884,1.0,HOLD,closed,1.0,0.9978974740462494,0.0021025259537506003,0.030104030240449248,True,False
2024-09-06 09:00:00+00:00,55889.86,0.012704250656298637,711.5319509070064,-0.3627764170853311,1.0,HOLD,closed,1.0,0.9979014852113611,0.002098514788638872,0.030096732765893253,True,False
2024-09-06 10:00:00+00:00,56178.01,0.012704250656298637,715.1926807336189,-0.35949799315338665,1.0,HOLD,closed,1.0,0.9979122265065188,0.0020877734934812153,0.030096188001550256,True,False
2024-09-06 11:00:00+00:00,55999.09,0.0,713.765638542555,-0.36077600313846314,8.75651076269652e-27,SELL,closed,8.75651076269652e-27,8.75651076269652e-27,0.9979055699328002,0.030097268913336056,False,False
2024-09-06 12:00:00+00:00,56873.99,0.0,713.765638542555,-0.36077600313846314,8.75651076269652e-27,HOLD,closed,8.75651076269652e-27,0.0,8.75651076269652e-27,0.03011671980519623,True,False
2024-09-06 13:00:00+00:00,55896.01,0.0,713.765638542555,-0.36077600313846314,8.75651076269652e-27,HOLD,closed,8.75651076269652e-27,0.0,8.75651076269652e-27,0.03013706340281086,True,False
2024-09-06 14:00:00+00:00,54733.24,0.012769527530543862,700.4258071959288,-0.3727226980343689,1.0,BUY,closed,1.0,1.0,1.0,0.030184993853197117,False,False
2024-09-06 15:00:00+00:00,54045.01,0.012608785089405458,691.7667819370726,-0.3804774237258342,1.0,SELL,closed,1.0,0.9978193890278806,0.0021806109721194122,0.03020143596055111,True,False
2024-09-06 16:00:00+00:00,54074.0,0.012608785089405458,692.1323106168144,-0.3801500687916443,1.0,HOLD,closed,1.0,0.9850825260807398,0.014917473919260238,0.03019572672824264,True,False
2024-09-06 17:00:00+00:00,53935.0,0.012608785089405458,690.379689489387,-0.3817196560925204,1.0,HOLD,closed,1.0,0.9850446560791207,0.014955343920879272,0.03019473054459429,True,False
2024-09-06 18:00:00+00:00,53352.67,0.012472647172513176,683.1018126942787,-0.38823747264521175,1.0,SELL,closed,1.0,0.9848838899909693,0.015116110009030681,0.030207778981164723,True,False
2024-09-06 19:00:00+00:00,53534.28,0.012472647172513176,685.3669701472787,-0.3862088754104332,1.0,HOLD,closed,1.0,0.9742433107493396,0.025756689250660436,0.030208793835003106,True,False
2024-09-06 20:00:00+00:00,52887.99,0.012322074045903776,677.4204439700679,-0.39332551138990346,1.0,SELL,closed,1.0,0.9739367679112021,0.026063232088797905,0.030222071071769524,True,False
2024-09-06 21:00:00+00:00,53766.57,0.013013280361997394,688.9319232804359,-0.3830162257964032,1.0,BUY,closed,1.0,1.0,0.037385907294075205,0.030251919544916656,False,False
2024-09-06 22:00:00+00:00,53644.01,0.0,687.5330440937378,-0.3842690139618204,8.75651076269652e-27,SELL,closed,8.75651076269652e-27,8.75651076269652e-27,1.0156364723388664,0.030252164753592048,False,False
2024-09-06 23:00:00+00:00,53962.97,0.0,687.5330440937378,-0.3842690139618204,8.75651076269652e-27,HOLD,closed,8.75651076269652e-27,0.0,8.75651076269652e-27,0.030256019731874084,True,False
2024-09-07 00:00:00+00:00,53914.0,0.0,687.5330440937378,-0.3842690139618204,8.75651076269652e-27,HOLD,closed,8.75651076269652e-27,0.0,8.75651076269652e-27,0.030256003454401076,True,False
2024-09-07 01:00:00+00:00,53813.37,0.0,687.5330440937378,-0.3842690139618204,8.75651076269652e-27,HOLD,closed,8.75651076269652e-27,0.0,8.75651076269652e-27,0.03025629661682261,True,False
2024-09-07 02:00:00+00:00,53802.0,0.0,687.5330440937378,-0.3842690139618204,8.75651076269652e-27,HOLD,closed,8.75651076269652e-27,0.0,8.75651076269652e-27,0.03025630073629776,True,False
2024-09-07 03:00:00+00:00,53818.91,0.0,687.5330440937378,-0.3842690139618204,8.75651076269652e-27,HOLD,closed,8.75651076269652e-27,0.0,8.75651076269652e-27,0.030256058959956034,True,False
2024-09-07 04:00:00+00:00,54060.59,0.0,687.5330440937378,-0.3842690139618204,8.75651076269652e-27,HOLD,closed,8.75651076269652e-27,0.0,8.75651076269652e-27,0.030258231395089707,True,False
2024-09-07 05:00:00+00:00,54185.01,0.0,687.5330440937378,-0.3842690139618204,8.75651076269652e-27,HOLD,closed,8.75651076269652e-27,0.0,8.75651076269652e-27,0.030258741325746713,True,False
2024-09-07 06:00:00+00:00,54320.23,0.0,687.5330440937378,-0.3842690139618204,8.75651076269652e-27,HOLD,closed,8.75651076269652e-27,0.0,8.75651076269652e-27,0.030257909643685826,True,False
2024-09-07 07:00:00+00:00,54286.0,0.0,687.5330440937378,-0.3842690139618204,8.75651076269652e-27,HOLD,closed,8.75651076269652e-27,0.0,8.75651076269652e-27,0.03025792361302343,True,False
2024-09-07 08:00:00+00:00,54370.99,0.0,687.5330440937378,-0.3842690139618204,8.75651076269652e-27,HOLD,closed,8.75651076269652e-27,0.0,8.75651076269652e-27,0.03025792149336004,True,False
2024-09-07 09:00:00+00:00,54251.11,0.0,687.5330440937378,-0.3842690139618204,8.75651076269652e-27,HOLD,closed,8.75651076269652e-27,0.0,8.75651076269652e-27,0.030258178839223604,True,False
2024-09-07 10:00:00+00:00,54346.01,0.0,687.5330440937378,-0.3842690139618204,8.75651076269652e-27,HOLD,closed,8.75651076269652e-27,0.0,8.75651076269652e-27,0.030257129940104738,True,False
2024-09-07 11:00:00+00:00,54326.0,0.0,687.5330440937378,-0.3842690139618204,8.75651076269652e-27,HOLD,closed,8.75651076269652e-27,0.0,8.75651076269652e-27,0.03025647182414301,True,False
2024-09-07 12:00:00+00:00,54578.71,0.0,687.5330440937378,-0.3842690139618204,8.75651076269652e-27,HOLD,closed,8.75651076269652e-27,0.0,8.75651076269652e-27,0.030257307725948562,True,False
2024-09-07 13:00:00+00:00,54546.99,0.0,687.5330440937378,-0.3842690139618204,8.75651076269652e-27,HOLD,closed,8.75651076269652e-27,0.0,8.75651076269652e-27,0.030256324110958938,True,False
2024-09-07 14:00:00+00:00,54632.17,0.0,687.5330440937378,-0.3842690139618204,8.75651076269652e-27,HOLD,closed,8.75651076269652e-27,0.0,8.75651076269652e-27,0.030256587608503693,True,False
2024-09-07 15:00:00+00:00,54780.0,0.0,687.5330440937378,-0.3842690139618204,8.75651076269652e-27,HOLD,closed,8.75651076269652e-27,0.0,8.75651076269652e-27,0.030257293122187834,True,False
2024-09-07 16:00:00+00:00,54465.97,0.0,687.5330440937378,-0.3842690139618204,8.75651076269652e-27,HOLD,closed,8.75651076269652e-27,0.0,8.75651076269652e-27,0.03026073775377275,True,False
2024-09-07 17:00:00+00:00,54134.0,0.012623167164630278,684.8184142882909,-0.38670014320163704,1.0,BUY,closed,1.0,1.0,1.0,0.030264560930264056,False,False
2024-09-07 18:00:00+00:00,54291.1,0.012623167164630278,686.8015138498544,-0.38492414732923086,1.0,HOLD,closed,1.0,0.9978510778319015,0.002148922168098477,0.03026547671671878,True,False
2024-09-07 19:00:00+00:00,54404.01,0.012623167164630278,688.2267956544129,-0.38364771388586105,1.0,HOLD,closed,1.0,0.997855528137651,0.0021444718623490067,0.030264968610189374,True,False
2024-09-07 20:00:00+00:00,54166.01,0.0,686.8536372045568,-0.3848774674425516,8.75651076269652e-27,SELL,closed,8.75651076269652e-27,8.75651076269652e-27,0.9978461258390567,0.030265995025214237,False,False
2024-09-07 21:00:00+00:00,53926.99,0.012680528567722761,685.2976702338227,-0.3862709380333299,1.0,BUY,closed,1.0,1.0,1.0,0.030266313861876087,False,False
2024-09-07 22:00:00+00:00,53954.0,0.012680528567722761,685.6401713104369,-0.3859642058297879,1.0,HOLD,closed,1.0,0.9978488235823405,0.002151176417659495,0.030251730724698306,True,False
2024-09-07 23:00:00+00:00,54160.86,0.012680528567722761,688.2632654499561,-0.3836150527892587,1.0,HOLD,closed,1.0,0.9978570220995904,0.002142977900409626,0.030234137548012546,True,False
2024-09-08 00:00:00+00:00,54137.5,0.0,686.8900321791575,-0.38484487335301615,8.75651076269652e-27,SELL,closed,8.75651076269652e-27,8.75651076269652e-27,0.9978560994001645,0.030233745744151053,False,False
2024-09-08 01:00:00+00:00,54275.0,0.0,686.8900321791575,-0.38484487335301615,8.75651076269652e-27,HOLD,closed,8.75651076269652e-27,0.0,8.75651076269652e-27,0.03023447283247449,True,False
2024-09-08 02:00:00+00:00,54337.43,0.0,686.8900321791575,-0.38484487335301615,8.75651076269652e-27,HOLD,closed,8.75651076269652e-27,0.0,8.75651076269652e-27,0.03023431737101623,True,False
2024-09-08 03:00:00+00:00,54402.99,0.0,686.8900321791575,-0.38484487335301615,8.75651076269652e-27,HOLD,closed,8.75651076269652e-27,0.0,8.75651076269652e-27,0.030234462129918815,True,False
2024-09-08 04:00:00+00:00,54491.99,0.0,686.8900321791575,-0.38484487335301615,8.75651076269652e-27,HOLD,closed,8.75651076269652e-27,0.0,8.75651076269652e-27,0.03023423653920526,True,False
2024-09-08 05:00:00+00:00,54344.01,0.0,686.8900321791575,-0.38484487335301615,8.75651076269652e-27,HOLD,closed,8.75651076269652e-27,0.0,8.75651076269652e-27,0.03023413927857055,True,False
2024-09-08 06:00:00+00:00,54292.01,0.0,686.8900321791575,-0.38484487335301615,1.907216999799779e-25,HOLD,closed,1.907216999799779e-25,0.0,1.907216999799779e-25,0.03023425962013271,True,False
2024-09-08 07:00:00+00:00,54436.25,0.01265177016248169,687.3407999980196,-0.3844411811727398,1.0,BUY,closed,1.0,1.0,1.0,0.030234344631205473,False,False
2024-09-08 08:00:00+00:00,54480.0,0.0,685.9637145084666,-0.3856744516513377,8.75651076269652e-27,SELL,closed,8.75651076269652e-27,8.75651076269652e-27,1.0019975793948652,0.030234355008149888,False,False
2024-09-08 09:00:00+00:00,54456.02,0.0,685.9637145084666,-0.3856744516513377,8.75651076269652e-27,HOLD,closed,8.75651076269652e-27,0.0,8.75651076269652e-27,0.03023375926120178,True,False
2024-09-08 10:00:00+00:00,54608.01,0.0,685.9637145084666,-0.3856744516513377,8.75651076269652e-27,HOLD,closed,8.75651076269652e-27,0.0,8.75651076269652e-27,0.03023460280559645,True,False
2024-09-08 11:00:00+00:00,54556.08,0.0,685.9637145084666,-0.3856744516513377,8.75651076269652e-27,HOLD,closed,8.75651076269652e-27,0.0,8.75651076269652e-27,0.03023459907382542,True,False
2024-09-08 12:00:00+00:00,54194.7,0.0,685.9637145084666,-0.3856744516513377,8.75651076269652e-27,HOLD,closed,8.75651076269652e-27,0.0,8.75651076269652e-27,0.030239458947574765,True,False
2024-09-08 13:00:00+00:00,54399.0,0.012657392474440156,687.1772228061958,-0.3845876752888849,1.0,BUY,closed,1.0,1.0,1.0,0.030237988758051476,False,False
2024-09-08 14:00:00+00:00,54149.5,0.012657392474440156,684.019203383823,-0.3874158890446738,1.0,HOLD,closed,1.0,1.0020061869668069,0.0020061869668068777,0.0302401475966686,True,False
2024-09-08 15:00:00+00:00,53687.0,0.012523938986047969,678.2124336685227,-0.39261623261101297,1.0,SELL,closed,1.0,1.002023504734688,0.002023504734687931,0.030247905097539635,True,False
2024-09-08 16:00:00+00:00,53907.18,0.012523938986047969,680.9699545544707,-0.3901466915922774,1.0,HOLD,closed,1.0,0.9914244067810802,0.008575593218919764,0.03024940093104736,True,False
2024-09-08 17:00:00+00:00,54510.01,0.012663990944598932,688.5890848284224,-0.38332326014176804,1.0,BUY,closed,1.0,0.991518440489371,0.008481559510629011,0.03025863564361045,True,False
2024-09-08 18:00:00+00:00,54412.01,0.0,687.208675052806,-0.38455950773681624,8.75651076269652e-27,SELL,closed,8.75651076269652e-27,8.75651076269652e-27,1.0025099195271525,0.030258742694038998,False,False
2024-09-08 19:00:00+00:00,54337.01,0.0,687.208675052806,-0.38455950773681624,8.75651076269652e-27,HOLD,closed,8.75651076269652e-27,0.0,8.75651076269652e-27,0.030231996513867793,True,False
2024-09-08 20:00:00+00:00,54379.02,0.0,687.208675052806,-0.38455950773681624,8.75651076269652e-27,HOLD,closed,8.75651076269652e-27,0.0,8.75651076269652e-27,0.030231848035636527,True,False
2024-09-08 21:00:00+00:00,54464.0,0.0,687.208675052806,-0.38455950773681624,8.75651076269652e-27,HOLD,closed,8.75651076269652e-27,0.0,8.75651076269652e-27,0.030230579697353738,True,False
2024-09-08 22:00:00+00:00,54530.0,0.0,687.208675052806,-0.38455950773681624,8.75651076269652e-27,HOLD,closed,8.75651076269652e-27,0.0,8.75651076269652e-27,0.03023037667593101,True,False
2024-09-08 23:00:00+00:00,54869.95,0.0,687.208675052806,-0.38455950773681624,8.75651076269652e-27,HOLD,closed,8.75651076269652e-27,0.0,8.75651076269652e-27,0.030234506333876976,True,False
2024-09-09 00:00:00+00:00,55045.0,0.0,687.208675052806,-0.38455950773681624,8.75651076269652e-27,HOLD,closed,8.75651076269652e-27,0.0,8.75651076269652e-27,0.030235007848935513,True,False
2024-09-09 01:00:00+00:00,55103.99,0.0,687.208675052806,-0.38455950773681624,8.75651076269652e-27,HOLD,closed,8.75651076269652e-27,0.0,8.75651076269652e-27,0.030234855486692136,True,False
2024-09-09 02:00:00+00:00,55113.0,0.0,687.208675052806,-0.38455950773681624,8.75651076269652e-27,HOLD,closed,8.75651076269652e-27,0.0,8.75651076269652e-27,0.030234608279766262,True,False
2024-09-09 03:00:00+00:00,55115.0,0.0,687.208675052806,-0.38455950773681624,8.75651076269652e-27,HOLD,closed,8.75651076269652e-27,0.0,8.75651076269652e-27,0.030234551885371608,True,False
2024-09-09 04:00:00+00:00,54849.65,0.0,687.208675052806,-0.38455950773681624,8.75651076269652e-27,HOLD,closed,8.75651076269652e-27,0.0,8.75651076269652e-27,0.030236844797119383,True,False
2024-09-09 05:00:00+00:00,54668.0,0.012528952783706113,686.3968704245068,-0.38528653208647773,1.0,BUY,closed,1.0,1.0,1.0,0.030226301671557376,False,False
2024-09-09 06:00:00+00:00,54898.0,0.012528952783706113,689.2785295647593,-0.3827058171097999,1.0,HOLD,closed,1.0,0.997875924489066,0.002124075510933965,0.030228245257839237,True,False
2024-09-09 07:00:00+00:00,54974.01,0.012528952783706113,690.2308552658487,-0.38185294691250743,1.0,HOLD,closed,1.0,0.9978788551197162,0.0021211448802838095,0.030224503631736593,True,False
2024-09-09 08:00:00+00:00,55244.0,0.0,691.694253300499,-0.38054237788228834,8.75651076269652e-27,SELL,closed,8.75651076269652e-27,8.75651076269652e-27,0.9978891997558117,0.030227358183147146,False,False
2024-09-09 09:00:00+00:00,55152.0,0.0,691.694253300499,-0.38054237788228834,8.75651076269652e-27,HOLD,closed,8.75651076269652e-27,0.0,8.75651076269652e-27,0.030226385695250435,True,False
2024-09-09 10:00:00+00:00,55364.0,0.0,691.694253300499,-0.38054237788228834,8.75651076269652e-27,HOLD,closed,8.75651076269652e-27,0.0,8.75651076269652e-27,0.030222861245666394,True,False
2024-09-09 11:00:00+00:00,55264.87,0.0,691.694253300499,-0.38054237788228834,8.75651076269652e-27,HOLD,closed,8.75651076269652e-27,0.0,8.75651076269652e-27,0.030224167089504345,True,False
2024-09-09 12:00:00+00:00,55341.1,0.012515984445462352,694.12141371812,-0.3783686963551923,1.0,BUY,closed,1.0,1.0,1.0,0.030224354835604456,False,False
2024-09-09 13:00:00+00:00,55686.92,0.0,695.5939189416869,-0.37704997123929873,8.75651076269652e-27,SELL,closed,8.75651076269652e-27,8.75651076269652e-27,0.9978909477069619,0.030230302609496107,False,False
2024-09-09 14:00:00+00:00,54840.01,0.0,695.5939189416869,-0.37704997123929873,8.75651076269652e-27,HOLD,closed,8.75651076269652e-27,0.0,8.75651076269652e-27,0.030261196531271656,True,False
2024-09-09 15:00:00+00:00,55386.0,0.012684061249848411,701.1278807492614,-0.37209394506754295,1.0,BUY,closed,1.0,1.0,1.0,0.030272650028672105,False,False
2024-09-09 16:00:00+00:00,56430.11,0.0,702.6454272401895,-0.3707348825392108,8.75651076269652e-27,SELL,closed,8.75651076269652e-27,8.75651076269652e-27,1.0019479161187486,0.030311998158978753,False,False
2024-09-09 17:00:00+00:00,56514.0,0.0,702.6454272401895,-0.3707348825392108,8.75651076269652e-27,HOLD,closed,8.75651076269652e-27,0.0,8.75651076269652e-27,0.03031339790609891,True,False
2024-09-09 18:00:00+00:00,56530.0,0.0,702.6454272401895,-0.3707348825392108,8.75651076269652e-27,HOLD,closed,8.75651076269652e-27,0.0,8.75651076269652e-27,0.030312861928617152,True,False
2024-09-09 19:00:00+00:00,57089.54,0.0,702.6454272401895,-0.3707348825392108,8.75651076269652e-27,HOLD,closed,8.75651076269652e-27,0.0,8.75651076269652e-27,0.030323704493603526,True,False
2024-09-09 20:00:00+00:00,57007.98,0.0,702.6454272401895,-0.3707348825392108,8.75651076269652e-27,HOLD,closed,8.75651076269652e-27,0.0,8.75651076269652e-27,0.030304970004109977,True,False
2024-09-09 21:00:00+00:00,57454.27,0.0,702.6454272401895,-0.3707348825392108,8.75651076269652e-27,HOLD,closed,8.75651076269652e-27,0.0,8.75651076269652e-27,0.030326486335854774,True,False
2024-09-09 22:00:00+00:00,57216.0,0.0,702.6454272401895,-0.3707348825392108,8.75651076269652e-27,HOLD,closed,8.75651076269652e-27,0.0,8.75651076269652e-27,0.030334594792332747,True,False
2024-09-09 23:00:00+00:00,57042.0,0.012280573693275527,702.0398913014579,-0.3712771797332725,1.0,BUY,closed,1.0,1.0,1.0,0.030342424002301333,False,False
2024-09-10 00:00:00+00:00,56982.01,0.012280573693275527,701.3031796855984,-0.37193695335950877,1.0,HOLD,closed,1.0,0.9978163414426242,0.0021836585573757894,0.030348419337343335,True,False
2024-09-10 01:00:00+00:00,56900.0,0.012280573693275527,700.2960498370128,-0.3728389042694545,1.0,HOLD,closed,1.0,0.9978132010169245,0.0021867989830754997,0.030366822010162442,True,False
2024-09-10 02:00:00+00:00,56775.28,0.012280573693275527,698.7644166859875,-0.3742105823268672,1.0,HOLD,closed,1.0,0.9978084077364754,0.002191592263524611,0.030393341000681057,True,False
2024-09-10 03:00:00+00:00,56524.74,0.012280573693275527,695.6876417528742,-0.3769660363078181,1.0,HOLD,closed,1.0,0.9977987151162026,0.0022012848837974497,0.03040865527220843,True,False
2024-09-10 04:00:00+00:00,56609.99,0.012280573693275527,696.734560660226,-0.3760284516831033,1.0,HOLD,closed,1.0,0.9978020227844243,0.002197977215575686,0.03040817614353236,True,False
2024-09-10 05:00:00+00:00,56945.45,0.012280573693275527,700.8542019113721,-0.37233904243727517,1.0,HOLD,closed,1.0,0.9978149425580115,0.0021850574419884916,0.030430289663424898,True,False
2024-09-10 06:00:00+00:00,56825.99,0.012280573693275527,699.3871645779734,-0.3736528706984885,1.0,HOLD,closed,1.0,0.9978103591727203,0.002189640827279682,0.030448808566446744,True,False
2024-09-10 07:00:00+00:00,57218.57,0.012280573693275527,704.2082721984796,-0.3693352522589511,1.0,HOLD,closed,1.0,0.9978253497578857,0.0021746502421142733,0.0304827493956214,True,False
2024-09-10 08:00:00+00:00,57046.99,0.0,702.8031472457078,-0.3705936339179991,8.75651076269652e-27,SELL,closed,8.75651076269652e-27,8.75651076269652e-27,0.9978188233375829,0.030574913993950292,False,False
2024-09-10 09:00:00+00:00,57086.01,0.012319723569038574,701.8779051633068,-0.3714222489563813,1.0,BUY,closed,1.0,1.0,1.0,0.030699673559941132,False,False
2024-09-10 10:00:00+00:00,57170.0,0.012319723569038574,702.9126387458703,-0.3704955770901317,1.0,HOLD,closed,1.0,1.0020001883855347,0.002000188385534729,0.03069243595374399,True,False
2024-09-10 11:00:00+00:00,57228.0,0.012319723569038574,703.6271827128745,-0.3698556560490258,1.0,HOLD,closed,1.0,1.001998157164202,0.0019981571642020413,0.030679027584745,True,False
2024-09-10 12:00:00+00:00,57203.19,0.012319723569038574,703.3215303711268,-0.3701293877909195,1.0,HOLD,closed,1.0,1.0019990255314992,0.001999025531499221,0.030685659175858165,True,False
2024-09-10 13:00:00+00:00,56741.09,0.012195621680428263,697.6717403328231,-0.3751891457488499,1.0,SELL,closed,1.0,1.0020153384251425,0.0020153384251424544,0.030735249298999345,True,False
2024-09-10 14:00:00+00:00,56941.09,0.012195621680428263,700.1108646689088,-0.37300474974718945,1.0,HOLD,closed,1.0,0.9918886090128347,0.00811139098716529,0.03077608519992403,True,False
2024-09-10 15:00:00+00:00,56596.0,0.012195621680428263,695.9022775832098,-0.37677381582825437,1.0,HOLD,closed,1.0,0.9918395539997168,0.008160446000283206,0.030790877586921422,True,False
2024-09-10 16:00:00+00:00,56819.6,0.012195621680428263,698.6292185909535,-0.37433166109839805,1.0,HOLD,closed,1.0,0.9918714064534183,0.008128593546581686,0.030803986354548757,True,False
2024-09-10 17:00:00+00:00,57175.96,0.012195621680428263,702.975250332991,-0.3704395043026396,1.0,HOLD,closed,1.0,0.9919216601793565,0.008078339820643543,0.030810426538095542,True,False
2024-09-10 18:00:00+00:00,57581.99,0.0,704.6308230480091,-0.3689568302275052,8.75651076269652e-27,SELL,closed,8.75651076269652e-27,8.75651076269652e-27,0.9919781663250338,0.03082300648542491,False,False
2024-09-10 19:00:00+00:00,57952.01,0.0,704.6308230480091,-0.3689568302275052,8.75651076269652e-27,HOLD,closed,8.75651076269652e-27,0.0,8.75651076269652e-27,0.030882093895868518,True,False
2024-09-10 20:00:00+00:00,57567.89,0.0,704.6308230480091,-0.3689568302275052,8.75651076269652e-27,HOLD,closed,8.75651076269652e-27,0.0,8.75651076269652e-27,0.030944526052459148,True,False
2024-09-10 21:00:00+00:00,57507.99,0.0,704.6308230480091,-0.3689568302275052,8.75651076269652e-27,HOLD,closed,8.75651076269652e-27,0.0,8.75651076269652e-27,0.030944735262808942,True,False
2024-09-10 22:00:00+00:00,57615.85,0.012252744366836077,704.542667566465,-0.36903577924972625,1.0,BUY,closed,1.0,1.0,1.0,0.030949581934346743,False,False
2024-09-10 23:00:00+00:00,57635.99,0.012252744366836077,704.789437838013,-0.368814780268033,1.0,HOLD,closed,1.0,1.002000049782005,0.0020000497820049645,0.03095489830686271,True,False
2024-09-11 00:00:00+00:00,57640.5,0.012252744366836077,704.8446977151075,-0.3687652914196001,1.0,HOLD,closed,1.0,1.0019998929779523,0.0019998929779523333,0.03095736027487994,True,False
2024-09-11 01:00:00+00:00,56717.99,0.012032187406205418,693.7194670416967,-0.37872866599670263,1.0,SELL,closed,1.0,1.0020324870640565,0.002032487064056454,0.030993769788604714,True,False
2024-09-11 02:00:00+00:00,56921.1,0.012032187406205418,696.1633246257711,-0.376540031060672,1.0,HOLD,closed,1.0,0.9837998043570099,0.016200195642990134,0.03099360353777303,True,False
2024-09-11 03:00:00+00:00,56819.55,0.012032187406205418,694.941455994671,-0.3776342946506179,1.0,HOLD,closed,1.0,0.9837713206470469,0.016228679352953135,0.030996373610790107,True,False
2024-09-11 04:00:00+00:00,56530.5,0.012032187406205418,691.4635522249073,-0.38074898584386113,1.0,HOLD,closed,1.0,0.9836896940957727,0.01631030590422733,0.030999884125770844,True,False
2024-09-11 05:00:00+00:00,56244.0,0.012032187406205418,688.0163305330294,-0.38383619922169954,1.0,HOLD,closed,1.0,0.9836079733025022,0.01639202669749784,0.03100329428972562,True,False
2024-09-11 06:00:00+00:00,56460.0,0.012032187406205418,690.6152830127699,-0.3815086666227009,1.0,HOLD,closed,1.0,0.9836696604668053,0.016330339533194738,0.031004369928580133,True,False
2024-09-11 07:00:00+00:00,56712.0,0.012032187406205418,693.6473942391335,-0.3787932119238693,1.0,HOLD,closed,1.0,0.9837410445824816,0.016258955417518428,0.031007085837429088,True,False
2024-09-11 08:00:00+00:00,56398.0,0.0,692.2831166807688,-0.3800150120590889,8.75651076269652e-27,SELL,closed,8.75651076269652e-27,8.75651076269652e-27,0.9836520015247793,0.031011731317607732,False,False
2024-09-11 09:00:00+00:00,56677.99,0.01227495645113664,694.3349466130383,-0.3781774636267161,1.0,BUY,closed,1.0,1.0,1.0,0.03101039926161031,False,False
2024-09-11 10:00:00+00:00,56510.0,0.0,692.9439772591186,-0.37942316801750187,8.75651076269652e-27,SELL,closed,8.75651076269652e-27,8.75651076269652e-27,1.0020005295911114,0.031002689670460465,False,False
2024-09-11 11:00:00+00:00,56797.99,0.0,692.9439772591186,-0.37942316801750187,8.75651076269652e-27,HOLD,closed,8.75651076269652e-27,0.0,8.75651076269652e-27,0.03100682313270836,True,False
2024-09-11 12:00:00+00:00,56748.01,0.0,692.9439772591186,-0.37942316801750187,8.75651076269652e-27,HOLD,closed,8.75651076269652e-27,0.0,8.75651076269652e-27,0.03100287255785622,True,False
2024-09-11 13:00:00+00:00,55740.0,0.0,692.9439772591186,-0.37942316801750187,8.75651076269652e-27,HOLD,closed,8.75651076269652e-27,0.0,8.75651076269652e-27,0.031049055736443065,True,False
2024-09-11 14:00:00+00:00,55974.0,0.012431716055650485,694.4666400724734,-0.3780595234864867,1.0,BUY,closed,1.0,1.0,1.0,0.0310258885410524,False,False
2024-09-11 15:00:00+00:00,56701.23,0.01256846673347669,703.5914933429373,-0.3698876182232534,1.0,BUY,closed,1.0,1.0019704618762442,0.0019704618762441672,0.03102594208309875,True,False
2024-09-11 16:00:00+00:00,57312.0,0.0,705.3474440455396,-0.3683150490691803,8.75651076269652e-27,SELL,closed,8.75651076269652e-27,8.75651076269652e-27,1.0127322338092926,0.03103937815138741,False,False
2024-09-11 17:00:00+00:00,57694.0,0.0,705.3474440455396,-0.3683150490691803,8.75651076269652e-27,HOLD,closed,8.75651076269652e-27,0.0,8.75651076269652e-27,0.031046884876120506,True,False
2024-09-11 18:00:00+00:00,57500.0,0.0,705.3474440455396,-0.3683150490691803,8.75651076269652e-27,HOLD,closed,8.75651076269652e-27,0.0,8.75651076269652e-27,0.031049491589528494,True,False
2024-09-11 19:00:00+00:00,57585.5,0.0,705.3474440455396,-0.3683150490691803,8.75651076269652e-27,HOLD,closed,8.75651076269652e-27,0.0,8.75651076269652e-27,0.031050670237484312,True,False
2024-09-11 20:00:00+00:00,57486.0,0.0,705.3474440455396,-0.3683150490691803,8.75651076269652e-27,HOLD,closed,8.75651076269652e-27,0.0,8.75651076269652e-27,0.03104709104466996,True,False
2024-09-11 21:00:00+00:00,57352.0,0.0,705.3474440455396,-0.3683150490691803,8.75651076269652e-27,HOLD,closed,8.75651076269652e-27,0.0,8.75651076269652e-27,0.031047257141258805,True,False
2024-09-11 22:00:00+00:00,57467.99,0.012298567513696814,705.3629073296403,-0.3683012006829122,1.0,BUY,closed,1.0,1.0,1.0,0.031024815732153155,False,False
2024-09-11 23:00:00+00:00,57338.0,0.0,703.9498355466002,-0.3695666992502733,8.75651076269652e-27,SELL,closed,8.75651076269652e-27,8.75651076269652e-27,1.0020050004371541,0.031020651296372798,False,False
2024-09-12 00:00:00+00:00,57626.01,0.012277195499434932,706.0775389763817,-0.3676612011188445,1.0,BUY,closed,1.0,1.0,1.0,0.03102195078476891,False,False
2024-09-12 01:00:00+00:00,58137.74,0.0,707.8190976140917,-0.36610152100389964,8.75651076269652e-27,SELL,closed,8.75651076269652e-27,8.75651076269652e-27,1.0019768815668748,0.031033244322279996,False,False
2024-09-12 02:00:00+00:00,57946.28,0.0,707.8190976140917,-0.36610152100389964,8.75651076269652e-27,HOLD,closed,8.75651076269652e-27,0.0,8.75651076269652e-27,0.031045089502841378,True,False
2024-09-12 03:00:00+00:00,58232.72,0.0,707.8190976140917,-0.36610152100389964,8.75651076269652e-27,HOLD,closed,8.75651076269652e-27,0.0,8.75651076269652e-27,0.03105716401941991,True,False
2024-09-12 04:00:00+00:00,58181.98,0.0,707.8190976140917,-0.36610152100389964,8.75651076269652e-27,HOLD,closed,8.75651076269652e-27,0.0,8.75651076269652e-27,0.031058110556119206,True,False
2024-09-12 05:00:00+00:00,57968.01,0.0,707.8190976140917,-0.36610152100389964,8.75651076269652e-27,HOLD,closed,8.75651076269652e-27,0.0,8.75651076269652e-27,0.031061086378981945,True,False
2024-09-12 06:00:00+00:00,57947.99,0.012210512274167971,706.1586510535858,-0.36758855992769657,1.0,BUY,closed,1.0,1.0,1.0,0.031053823622233856,False,False
2024-09-12 07:00:00+00:00,58138.16,0.012210512274167971,708.4807241727643,-0.3655089909766374,1.0,HOLD,closed,1.0,1.001998631799659,0.0019986317996589786,0.031057481613026627,True,False
2024-09-12 08:00:00+00:00,58171.06,0.012210512274167971,708.8824500265844,-0.3651492190962681,1.0,HOLD,closed,1.0,1.0019974991689016,0.001997499168901573,0.031054561210904247,True,False
2024-09-12 09:00:00+00:00,58022.0,0.012210512274167971,707.0623510669969,-0.36677923722659816,1.0,HOLD,closed,1.0,1.0020026410720926,0.0020026410720925814,0.031059785280747543,True,False
2024-09-12 10:00:00+00:00,57930.41,0.012210512274167971,705.9439902478059,-0.3677808027744107,1.0,HOLD,closed,1.0,1.0020058136684187,0.0020058136684186767,0.031061931148607003,True,False
2024-09-12 11:00:00+00:00,58057.99,0.012210512274167971,707.5018074037442,-0.3663856752212944,1.0,HOLD,closed,1.0,1.0020013971553983,0.0020013971553982657,0.031067447489657424,True,False
2024-09-12 12:00:00+00:00,57691.56,0.012109054900119208,703.0529095520284,-0.3703699553727029,1.0,SELL,closed,1.0,1.0020141347043494,0.002014134704349413,0.031074821762972632,True,False
2024-09-12 13:00:00+00:00,57627.99,0.012109054900119208,702.2831369320278,-0.3710593372990115,1.0,HOLD,closed,1.0,0.9936455227189386,0.006354477281061421,0.03107471002846074,True,False
2024-09-12 14:00:00+00:00,57541.29,0.012109054900119208,701.2332818721875,-0.3719995514410746,1.0,HOLD,closed,1.0,0.9936360090801843,0.006363990919815654,0.031074078856188125,True,False
2024-09-12 15:00:00+00:00,57512.03,0.012109054900119208,700.87897092581,-0.3723168601584537,1.0,HOLD,closed,1.0,0.9936327919318049,0.006367208068195129,0.031074231947292474,True,False
2024-09-12 16:00:00+00:00,58065.99,0.012225690185858036,707.6380950430969,-0.3662636206912841,1.0,BUY,closed,1.0,0.9936931531381891,0.006306846861810933,0.03108196773152133,True,False
2024-09-12 17:00:00+00:00,58389.1,0.0,709.4012085813004,-0.36468463674760143,8.75651076269652e-27,SELL,closed,8.75651076269652e-27,8.75651076269652e-27,1.003174179384418,0.031086355036247793,False,False
2024-09-12 18:00:00+00:00,58181.99,0.0,709.4012085813004,-0.36468463674760143,8.75651076269652e-27,HOLD,closed,8.75651076269652e-27,0.0,8.75651076269652e-27,0.03108836723736158,True,False
2024-09-12 19:00:00+00:00,58388.0,0.0,709.4012085813004,-0.36468463674760143,8.75651076269652e-27,HOLD,closed,8.75651076269652e-27,0.0,8.75651076269652e-27,0.03109001438471662,True,False
2024-09-12 20:00:00+00:00,58199.99,0.0,709.4012085813004,-0.36468463674760143,8.75651076269652e-27,HOLD,closed,8.75651076269652e-27,0.0,8.75651076269652e-27,0.03109190533723119,True,False
2024-09-12 21:00:00+00:00,57921.11,0.012189026296762258,707.7728715184185,-0.3661429195078902,1.0,BUY,closed,1.0,1.0,1.0,0.031100316131365907,False,False
2024-09-12 22:00:00+00:00,58143.34,0.012189026296762258,710.4816388323479,-0.36371704051417253,1.0,HOLD,closed,1.0,0.9975074111786061,0.002492588821393915,0.031102910746373613,True,False
2024-09-12 23:00:00+00:00,58132.32,0.012189026296762258,710.3473157625576,-0.36383733564314147,1.0,HOLD,closed,1.0,0.9975069398427191,0.002493060157280902,0.031104558064678295,True,False
2024-09-13 00:00:00+00:00,58031.14,0.012189026296762258,709.1140300818512,-0.3649418239506803,1.0,HOLD,closed,1.0,0.9975026039316206,0.0024973960683793983,0.031105736576302334,True,False
2024-09-13 01:00:00+00:00,58129.99,0.012189026296762258,710.3189153312861,-0.36386277009418483,1.0,HOLD,closed,1.0,0.9975068401635719,0.0024931598364280605,0.031106645861702087,True,False
2024-09-13 02:00:00+00:00,58050.8,0.012189026296762258,709.3536663388456,-0.3647272139474561,1.0,HOLD,closed,1.0,0.997503447610415,0.002496552389585016,0.031103288661724765,True,False
2024-09-13 03:00:00+00:00,57845.97,0.012189026296762258,706.8569880824798,-0.3669631532638545,1.0,HOLD,closed,1.0,0.99749462957767,0.002505370422330011,0.031104735211608725,True,False
2024-09-13 04:00:00+00:00,57844.0,0.012189026296762258,706.8329757006751,-0.3669846579284706,1.0,HOLD,closed,1.0,0.9974945444657508,0.00250545553424919,0.03110261234300582,True,False
2024-09-13 05:00:00+00:00,57946.0,0.012189026296762258,708.0762563829448,-0.3658712184407362,1.0,HOLD,closed,1.0,0.9974989436874984,0.002501056312501637,0.031100003153738676,True,False
2024-09-13 06:00:00+00:00,57767.01,0.012189026296762258,705.8945425660875,-0.36782508642024175,1.0,HOLD,closed,1.0,0.9974912136530744,0.00250878634692564,0.031101567631411225,True,False
2024-09-13 07:00:00+00:00,58109.31,0.012189026296762258,710.0668462674691,-0.3640885144922862,1.0,HOLD,closed,1.0,0.9975059551082153,0.00249404489178473,0.031103496729549818,True,False
2024-09-13 08:00:00+00:00,57953.64,0.0,708.6506086000695,-0.3653568483169707,8.75651076269652e-27,SELL,closed,8.75651076269652e-27,8.75651076269652e-27,0.9974992725760057,0.03110183852712073,False,False
2024-09-13 09:00:00+00:00,58058.6,0.012227889928552699,708.5165146633653,-0.3654769382422156,1.0,BUY,closed,1.0,1.0,1.0,0.03114735066424884,False,False
2024-09-13 10:00:00+00:00,58343.99,0.0,710.31225317844,-0.36386873648951135,8.75651076269652e-27,SELL,closed,8.75651076269652e-27,8.75651076269652e-27,1.0019910718171434,0.031197156230772266,False,False
2024-09-13 11:00:00+00:00,57871.1,0.0,710.31225317844,-0.36386873648951135,8.75651076269652e-27,HOLD,closed,8.75651076269652e-27,0.0,8.75651076269652e-27,0.031199281151689323,True,False
2024-09-13 12:00:00+00:00,57910.0,0.012274040983814719,712.5916969938679,-0.3618273448791021,1.0,BUY,closed,1.0,1.0,1.0,0.031198073668490034,False,False
2024-09-13 13:00:00+00:00,58056.01,0.012274040983814719,714.3838297179148,-0.36022237234902804,1.0,HOLD,closed,1.0,0.9974775694154933,0.0025224305845067407,0.031139002265405447,True,False
2024-09-13 14:00:00+00:00,58456.89,0.0,716.1712062440909,-0.35862165930645046,8.75651076269652e-27,SELL,closed,8.75651076269652e-27,8.75651076269652e-27,0.997494824160982,0.03114644240486611,False,False
2024-09-13 15:00:00+00:00,59667.38,0.0,716.1712062440909,-0.35862165930645046,8.75651076269652e-27,HOLD,closed,8.75651076269652e-27,0.0,8.75651076269652e-27,0.031200839068372482,True,False
2024-09-13 16:00:00+00:00,59452.31,0.0,716.1712062440909,-0.35862165930645046,8.75651076269652e-27,HOLD,closed,8.75651076269652e-27,0.0,8.75651076269652e-27,0.031203479282720936,True,False
2024-09-13 17:00:00+00:00,59584.0,0.0,716.1712062440909,-0.35862165930645046,8.75651076269652e-27,HOLD,closed,8.75651076269652e-27,0.0,8.75651076269652e-27,0.03118494868026242,True,False
2024-09-13 18:00:00+00:00,59752.17,0.0,716.1712062440909,-0.35862165930645046,8.75651076269652e-27,HOLD,closed,8.75651076269652e-27,0.0,8.75651076269652e-27,0.031184075374616982,True,False
2024-09-13 19:00:00+00:00,59743.99,0.0,716.1712062440909,-0.35862165930645046,8.75651076269652e-27,HOLD,closed,8.75651076269652e-27,0.0,8.75651076269652e-27,0.031185126290259546,True,False
2024-09-13 20:00:00+00:00,59838.52,0.0,716.1712062440909,-0.35862165930645046,8.75651076269652e-27,HOLD,closed,8.75651076269652e-27,0.0,8.75651076269652e-27,0.031186990797092112,True,False
2024-09-13 21:00:00+00:00,60283.86,0.0,716.1712062440909,-0.35862165930645046,8.75651076269652e-27,HOLD,closed,8.75651076269652e-27,0.0,8.75651076269652e-27,0.03119619972005122,True,False
2024-09-13 22:00:00+00:00,60608.0,0.0,716.1712062440909,-0.35862165930645046,8.75651076269652e-27,HOLD,closed,8.75651076269652e-27,0.0,8.75651076269652e-27,0.031201065244977566,True,False
2024-09-13 23:00:00+00:00,60498.0,0.0,716.1712062440909,-0.35862165930645046,8.75651076269652e-27,HOLD,closed,8.75651076269652e-27,0.0,8.75651076269652e-27,0.031201351927131776,True,False
2024-09-14 00:00:00+00:00,60414.39,0.0,716.1712062440909,-0.35862165930645046,8.75651076269652e-27,HOLD,closed,8.75651076269652e-27,0.0,8.75651076269652e-27,0.031201505556583714,True,False
2024-09-14 01:00:00+00:00,60406.06,0.011854314944570173,714.6397593025115,-0.35999317060107744,1.0,BUY,closed,1.0,1.0,1.0,0.031201222714824978,False,False
2024-09-14 02:00:00+00:00,60287.99,0.011854314944570173,713.240120337006,-0.3612466391983055,1.0,HOLD,closed,1.0,1.002008721126644,0.002008721126643964,0.03120169400696332,True,False
2024-09-14 03:00:00+00:00,60329.37,0.011854314944570173,713.7306518894125,-0.36080733598365905,1.0,HOLD,closed,1.0,1.0020073405763061,0.002007340576306138,0.031199388286374558,True,False
2024-09-14 04:00:00+00:00,60213.05,0.011854314944570173,712.35175797506,-0.36204222602541036,1.0,HOLD,closed,1.0,1.0020112261702894,0.002011226170289371,0.031199751159406125,True,False
2024-09-14 05:00:00+00:00,59926.0,0.011854314944570173,708.9489768702211,-0.36508963993948085,1.0,HOLD,closed,1.0,1.002020879562329,0.002020879562329103,0.031202944599587085,True,False
2024-09-14 06:00:00+00:00,60046.0,0.011854314944570173,710.3714946635695,-0.3638156818496413,1.0,HOLD,closed,1.0,1.0020168327542052,0.0020168327542051667,0.031202172794284694,True,False
2024-09-14 07:00:00+00:00,60138.14,0.011854314944570173,711.4637512425622,-0.36283749436299273,1.0,HOLD,closed,1.0,1.0020137364631563,0.0020137364631562793,0.031201163300404733,True,False
2024-09-14 08:00:00+00:00,59973.99,0.011854314944570173,709.517865444411,-0.36458016286671924,1.0,HOLD,closed,1.0,1.0020192592292143,0.0020192592292143097,0.03120130210450628,True,False
2024-09-14 09:00:00+00:00,60070.2,0.011854314944570173,710.6583690852281,-0.3635587669681903,1.0,HOLD,closed,1.0,1.002016018610933,0.0020160186109330347,0.03120125867560694,True,False
2024-09-14 10:00:00+00:00,59851.09,0.011854314944570173,708.0609701377233,-0.36588490827706327,1.0,HOLD,closed,1.0,1.00202341402579,0.0020234140257899824,0.03120379762654163,True,False
2024-09-14 11:00:00+00:00,59706.39,0.011854314944570173,706.345650765244,-0.36742108940706153,1.0,HOLD,closed,1.0,1.0020283277691864,0.0020283277691863777,0.031204925926920507,True,False
2024-09-14 12:00:00+00:00,59794.03,0.011854314944570173,707.3845629269862,-0.366490675348782,1.0,HOLD,closed,1.0,1.0020253488317061,0.0020253488317061308,0.031202662426808025,True,False
2024-09-14 13:00:00+00:00,59769.11,0.011854314944570173,707.0891533985675,-0.36675523397877197,1.0,HOLD,closed,1.0,1.0020261949871596,0.002026194987159613,0.03120062583679309,True,False
2024-09-14 14:00:00+00:00,59914.0,0.011854314944570173,708.8067250908863,-0.3652170357484648,1.0,HOLD,closed,1.0,1.0020212851365193,0.002021285136519335,0.03120062441431176,True,False
2024-09-14 15:00:00+00:00,59876.0,0.0,707.3866013594212,-0.3664888497986881,8.75651076269652e-27,SELL,closed,8.75651076269652e-27,8.75651076269652e-27,1.0020225705294392,0.031201041487247394,False,False
2024-09-14 16:00:00+00:00,59981.99,0.011814194660654817,707.223779097431,-0.36663466782559667,1.0,BUY,closed,1.0,1.0,1.0,0.031201936514836326,False,False
2024-09-14 17:00:00+00:00,59885.26,0.0,705.8069735106191,-0.3679035102594058,8.75651076269652e-27,SELL,closed,8.75651076269652e-27,8.75651076269652e-27,1.0020041991102397,0.031193258782762384,False,False
2024-09-14 18:00:00+00:00,59786.0,0.011785988296796559,706.4258959134642,-0.36734922460774344,1.0,BUY,closed,1.0,1.0,1.0,0.0311920679319789,False,False
2024-09-14 19:00:00+00:00,59810.0,0.011785988296796559,706.7087596325873,-0.3670959015737652,1.0,HOLD,closed,1.0,0.9974688305800609,0.002531169419939139,0.031188449669260848,True,False
2024-09-14 20:00:00+00:00,60024.01,0.011785988296796559,709.2310789879848,-0.36483699896952854,1.0,HOLD,closed,1.0,0.9974778324664825,0.0025221675335175275,0.031190438154572092,True,False
2024-09-14 21:00:00+00:00,60036.0,0.0,707.816665774573,-0.36610369887586897,8.75651076269652e-27,SELL,closed,8.75651076269652e-27,8.75651076269652e-27,0.997478334907211,0.031190453431571813,False,False
2024-09-14 22:00:00+00:00,60006.97,0.0,707.816665774573,-0.36610369887586897,8.75651076269652e-27,HOLD,closed,8.75651076269652e-27,0.0,8.75651076269652e-27,0.031190537893153653,True,False
2024-09-14 23:00:00+00:00,59993.03,0.0,707.816665774573,-0.36610369887586897,8.75651076269652e-27,HOLD,closed,8.75651076269652e-27,0.0,8.75651076269652e-27,0.031190590364445298,True,False
2024-09-15 00:00:00+00:00,60025.95,0.010127493231153459,706.93470252929,-0.3668935548738208,0.8583845695432624,BUY,closed,0.8583845695432624,0.8583845695432624,0.8583845695432624,0.031190653114437084,False,False
2024-09-15 01:00:00+00:00,60235.22,0.0,708.4712167747174,-0.36551750547586676,8.75651076269652e-27,SELL,closed,8.75651076269652e-27,8.75651076269652e-27,0.8603459135493634,0.031192513493339846,False,False
2024-09-15 02:00:00+00:00,60238.01,0.0,708.4712167747174,-0.36551750547586676,8.75651076269652e-27,HOLD,closed,8.75651076269652e-27,0.0,8.75651076269652e-27,0.031191820997790304,True,False
2024-09-15 03:00:00+00:00,60155.93,0.0,708.4712167747174,-0.36551750547586676,8.75651076269652e-27,HOLD,closed,8.75651076269652e-27,0.0,8.75651076269652e-27,0.03119164546405262,True,False
2024-09-15 04:00:00+00:00,60117.99,0.011777246512101424,706.6070913728905,-0.36718695217610303,1.0,BUY,closed,1.0,1.0,1.0,0.03119165682420258,False,False
2024-09-15 05:00:00+00:00,60160.0,0.011777246512101424,707.1018534988639,-0.36674386020503785,1.0,HOLD,closed,1.0,1.002004374139517,0.00200437413951704,0.031191568685588256,True,False
2024-09-15 06:00:00+00:00,60164.01,0.011777246512101424,707.1490802573775,-0.3667015655417678,1.0,HOLD,closed,1.0,1.0020042402779368,0.002004240277936775,0.03119166661524092,True,False
2024-09-15 07:00:00+00:00,60196.0,0.011777246512101424,707.5258343732995,-0.36636415749238976,1.0,HOLD,closed,1.0,1.0020031730295942,0.002003173029594185,0.031191829360357415,True,False
2024-09-15 08:00:00+00:00,60069.99,0.011777246512101424,706.0417835403097,-0.3676932224596338,1.0,HOLD,closed,1.0,1.0020073835602916,0.00200738356029162,0.031192483036061563,True,False
2024-09-15 09:00:00+00:00,60016.0,0.011777246512101424,705.4059300011213,-0.3682626710556302,1.0,HOLD,closed,1.0,1.0020091930176367,0.00200919301763669,0.031192099237707327,True,False
2024-09-15 10:00:00+00:00,59991.3,0.011777246512101424,705.1150320122724,-0.36852318930569705,1.0,HOLD,closed,1.0,1.0020100219181445,0.002010021918144478,0.031192318773889477,True,False
2024-09-15 11:00:00+00:00,60000.51,0.011777246512101424,705.2235004526489,-0.3684260486950446,1.0,HOLD,closed,1.0,1.0020097127623342,0.0020097127623341926,0.0311924653218289,True,False
2024-09-15 12:00:00+00:00,60104.39,0.011777246512101424,706.446920820326,-0.36733039542310336,1.0,HOLD,closed,1.0,1.0020062323543175,0.0020062323543175165,0.03119315527773356,True,False
2024-09-15 13:00:00+00:00,60189.98,0.0,708.2367053580953,-0.36572752584802837,8.75651076269652e-27,SELL,closed,8.75651076269652e-27,8.75651076269652e-27,1.0020033737816219,0.031194700340881287,False,False
2024-09-15 14:00:00+00:00,60279.52,0.0,708.2367053580953,-0.36572752584802837,8.75651076269652e-27,HOLD,closed,8.75651076269652e-27,0.0,8.75651076269652e-27,0.0311963725811778,True,False
2024-09-15 15:00:00+00:00,60335.41,0.0,708.2367053580953,-0.36572752584802837,8.75651076269652e-27,HOLD,closed,8.75651076269652e-27,0.0,8.75651076269652e-27,0.031196935141329596,True,False
2024-09-15 16:00:00+00:00,59950.05,0.0,708.2367053580953,-0.36572752584802837,8.75651076269652e-27,HOLD,closed,8.75651076269652e-27,0.0,8.75651076269652e-27,0.031203224620996117,True,False
2024-09-15 17:00:00+00:00,59814.07,0.011813780061202539,708.4285009864185,-0.3655557602691085,1.0,BUY,closed,1.0,1.0,1.0,0.031203242906494788,False,False
2024-09-15 18:00:00+00:00,59971.09,0.011813780061202539,710.2835007316285,-0.363894486193585,1.0,HOLD,closed,1.0,0.9974682877482114,0.0025317122517886093,0.03120440939771954,True,False
2024-09-15 19:00:00+00:00,59878.22,0.011813780061202539,709.1863549773446,-0.36487705225774153,1.0,HOLD,closed,1.0,0.9974643710663286,0.00253562893367143,0.03120263422230382,True,False
2024-09-15 20:00:00+00:00,59795.99,0.011813780061202539,708.214907842912,-0.36574704695415156,1.0,HOLD,closed,1.0,0.9974608929844153,0.002539107015584685,0.031203471844909986,True,False
2024-09-15 21:00:00+00:00,59651.69,0.011813780061202539,706.5101793800804,-0.36727374322913603,1.0,HOLD,closed,1.0,0.9974547664088529,0.0025452335911471113,0.031205004228266525,True,False
2024-09-15 22:00:00+00:00,59430.31,0.011813780061202539,703.8948447501314,-0.3696159471193374,1.0,HOLD,closed,1.0,0.9974453095452291,0.002554690454770858,0.03121238624938444,True,False
2024-09-15 23:00:00+00:00,59132.0,0.011813780061202539,700.3706760200741,-0.3727720716223907,1.0,HOLD,closed,1.0,0.9974324546948993,0.002567545305100727,0.031225735895033607,True,False
2024-09-16 00:00:00+00:00,58666.36,0.011720751437991785,694.9020261338766,-0.37766960668001753,1.0,SELL,closed,1.0,0.9974121286023725,0.002587871397627506,0.031239391002367195,True,False
2024-09-16 01:00:00+00:00,58607.07,0.011720751437991785,694.207102781118,-0.37829195617273026,1.0,HOLD,closed,1.0,0.9895013998374045,0.010498600162595517,0.031242533867957473,True,False
2024-09-16 02:00:00+00:00,58263.99,0.011720751437991785,690.1859473777718,-0.38189316487503894,1.0,HOLD,closed,1.0,0.989440232983846,0.01055976701615402,0.031249599454119648,True,False
2024-09-16 03:00:00+00:00,58575.09,0.011720751437991785,693.832273150131,-0.3786276407194828,1.0,HOLD,closed,1.0,0.989495728169226,0.010504271830773959,0.03125429862457019,True,False
2024-09-16 04:00:00+00:00,58352.0,0.011720751437991785,691.2174907118294,-0.38096935008580557,1.0,HOLD,closed,1.0,0.9894559919271904,0.01054400807280964,0.03125630022260553,True,False
2024-09-16 05:00:00+00:00,58670.0,0.011720751437991785,694.9446896691109,-0.3776313986828262,1.0,HOLD,closed,1.0,0.9895125426375976,0.01048745736240242,0.03126074565674486,True,False
2024-09-16 06:00:00+00:00,58707.43,0.0,693.5697205236203,-0.37886277383635203,8.75651076269652e-27,SELL,closed,8.75651076269652e-27,8.75651076269652e-27,0.9895191590287734,0.031262528619480506,False,False
2024-09-16 07:00:00+00:00,58911.1,0.0,693.5697205236203,-0.37886277383635203,8.75651076269652e-27,HOLD,closed,8.75651076269652e-27,0.0,8.75651076269652e-27,0.03126564370107984,True,False
2024-09-16 08:00:00+00:00,58924.98,0.0,693.5697205236203,-0.37886277383635203,8.75651076269652e-27,HOLD,closed,8.75651076269652e-27,0.0,8.75651076269652e-27,0.03126493863249233,True,False
2024-09-16 09:00:00+00:00,58636.54,0.0,693.5697205236203,-0.37886277383635203,8.75651076269652e-27,HOLD,closed,8.75651076269652e-27,0.0,8.75651076269652e-27,0.03126908071455431,True,False
2024-09-16 10:00:00+00:00,58749.99,0.0,693.5697205236203,-0.37886277383635203,8.75651076269652e-27,HOLD,closed,8.75651076269652e-27,0.0,8.75651076269652e-27,0.031267636239076746,True,False
2024-09-16 11:00:00+00:00,58663.99,0.0,693.5697205236203,-0.37886277383635203,8.75651076269652e-27,HOLD,closed,8.75651076269652e-27,0.0,8.75651076269652e-27,0.03126922951108646,True,False
2024-09-16 12:00:00+00:00,58527.99,0.0,693.5697205236203,-0.37886277383635203,8.75651076269652e-27,HOLD,closed,8.75651076269652e-27,0.0,8.75651076269652e-27,0.03127405821367374,True,False
2024-09-16 13:00:00+00:00,58497.1,0.0118502227826997,694.9855760331865,-0.37759478225910076,1.0,BUY,closed,1.0,1.0,1.0,0.03127616346243661,False,False
2024-09-16 14:00:00+00:00,57604.0,0.011669298417898483,684.5425656122424,-0.38694718380391757,1.0,SELL,closed,1.0,0.997396400768202,0.0026035992317979817,0.031310523233398335,True,False
2024-09-16 15:00:00+00:00,57881.69,0.011669298417898483,687.7830130899085,-0.3840451503121916,1.0,HOLD,closed,1.0,0.9820520435767081,0.017947956423291944,0.03131119602626986,True,False
2024-09-16 16:00:00+00:00,57809.98,0.011669298417898483,686.9462077003611,-0.3847945644851602,1.0,HOLD,closed,1.0,0.9820301802248211,0.017969819775178864,0.03131223328730537,True,False
2024-09-16 17:00:00+00:00,58176.01,0.011669298417898483,691.2175210002645,-0.38096932296052316,1.0,HOLD,closed,1.0,0.9821412230266464,0.017858776973353585,0.03131751160687757,True,False
2024-09-16 18:00:00+00:00,57896.0,0.0,689.8599975343135,-0.38218507436249655,8.75651076269652e-27,SELL,closed,8.75651076269652e-27,8.75651076269652e-27,0.9820564001247829,0.031321665083052036,False,False
2024-09-16 19:00:00+00:00,57943.99,0.0,689.8599975343135,-0.38218507436249655,8.75651076269652e-27,HOLD,closed,8.75651076269652e-27,0.0,8.75651076269652e-27,0.031321814625477146,True,False
2024-09-16 20:00:00+00:00,57687.99,0.0,689.8599975343135,-0.38218507436249655,8.75651076269652e-27,HOLD,closed,8.75651076269652e-27,0.0,8.75651076269652e-27,0.03132444522235156,True,False
2024-09-16 21:00:00+00:00,57995.5,0.011958466189403575,692.1571609624879,-0.380127813675361,1.0,BUY,closed,1.0,1.0,1.0,0.031326202432063716,False,False
2024-09-16 22:00:00+00:00,57970.01,0.0,690.7704332793259,-0.3813697193714651,8.75651076269652e-27,SELL,closed,8.75651076269652e-27,8.75651076269652e-27,1.0019947391169435,0.03132630258825164,False,False
2024-09-16 23:00:00+00:00,58213.99,0.0,690.7704332793259,-0.3813697193714651,8.75651076269652e-27,HOLD,closed,8.75651076269652e-27,0.0,8.75651076269652e-27,0.03133173143143131,True,False
2024-09-17 00:00:00+00:00,57630.01,0.0,690.7704332793259,-0.3813697193714651,8.75651076269652e-27,HOLD,closed,8.75651076269652e-27,0.0,8.75651076269652e-27,0.031350354414594245,True,False
2024-09-17 01:00:00+00:00,57896.0,0.011986297300301107,692.5767822464577,-0.3797520152622361,1.0,BUY,closed,1.0,1.0,1.0,0.0313541477986706,False,False
2024-09-17 02:00:00+00:00,58115.52,0.0,694.376143441124,-0.3781405691620838,8.75651076269652e-27,SELL,closed,8.75651076269652e-27,8.75651076269652e-27,1.001987730612263,0.03135100321751441,False,False
2024-09-17 03:00:00+00:00,58060.0,0.0,694.376143441124,-0.3781405691620838,8.75651076269652e-27,HOLD,closed,8.75651076269652e-27,0.0,8.75651076269652e-27,0.031350708282800344,True,False
2024-09-17 04:00:00+00:00,58246.01,0.0,694.376143441124,-0.3781405691620838,8.75651076269652e-27,HOLD,closed,8.75651076269652e-27,0.0,8.75651076269652e-27,0.03135249879134744,True,False
2024-09-17 05:00:00+00:00,58642.76,0.0,694.376143441124,-0.3781405691620838,8.75651076269652e-27,HOLD,closed,8.75651076269652e-27,0.0,8.75651076269652e-27,0.03136002357630768,True,False
2024-09-17 06:00:00+00:00,58488.0,0.0,694.376143441124,-0.3781405691620838,8.75651076269652e-27,HOLD,closed,8.75651076269652e-27,0.0,8.75651076269652e-27,0.03136244618035183,True,False
2024-09-17 07:00:00+00:00,58695.39,0.0,694.376143441124,-0.3781405691620838,8.75651076269652e-27,HOLD,closed,8.75651076269652e-27,0.0,8.75651076269652e-27,0.03136974694926489,True,False
2024-09-17 08:00:00+00:00,58792.0,0.0,694.376143441124,-0.3781405691620838,8.75651076269652e-27,HOLD,closed,8.75651076269652e-27,0.0,8.75651076269652e-27,0.03138926436619832,True,False
2024-09-17 09:00:00+00:00,58966.48,0.0,694.376143441124,-0.3781405691620838,8.75651076269652e-27,HOLD,closed,8.75651076269652e-27,0.0,8.75651076269652e-27,0.03150070917481676,True,False
2024-09-17 10:00:00+00:00,59236.0,0.0,694.376143441124,-0.3781405691620838,8.75651076269652e-27,HOLD,closed,8.75651076269652e-27,0.0,8.75651076269652e-27,0.031595353009919946,True,False
2024-09-17 11:00:00+00:00,59080.99,0.0,694.376143441124,-0.3781405691620838,8.75651076269652e-27,HOLD,closed,8.75651076269652e-27,0.0,8.75651076269652e-27,0.03159716892241626,True,False
2024-09-17 12:00:00+00:00,59381.1,0.0,694.376143441124,-0.3781405691620838,8.75651076269652e-27,HOLD,closed,8.75651076269652e-27,0.0,8.75651076269652e-27,0.03160228857757666,True,False
2024-09-17 13:00:00+00:00,58966.0,0.0,694.376143441124,-0.3781405691620838,8.75651076269652e-27,HOLD,closed,8.75651076269652e-27,0.0,8.75651076269652e-27,0.031604268562519994,True,False
2024-09-17 14:00:00+00:00,60265.17,0.011775873273430859,708.2859052468133,-0.36568346411709984,1.0,BUY,closed,1.0,1.0,1.0,0.03167681861613375,False,False
2024-09-17 15:00:00+00:00,61135.5,0.0,710.2397379146324,-0.3639336786697754,8.75651076269652e-27,SELL,closed,8.75651076269652e-27,8.75651076269652e-27,1.001933238964845,0.031708357231839124,False,False
2024-09-17 16:00:00+00:00,60873.86,0.0,710.2397379146324,-0.3639336786697754,8.75651076269652e-27,HOLD,closed,8.75651076269652e-27,0.0,8.75651076269652e-27,0.03170881939262066,True,False
2024-09-17 17:00:00+00:00,60958.37,0.0,710.2397379146324,-0.3639336786697754,8.75651076269652e-27,HOLD,closed,8.75651076269652e-27,0.0,8.75651076269652e-27,0.03162368027445042,True,False
2024-09-17 18:00:00+00:00,60540.17,0.0,710.2397379146324,-0.3639336786697754,8.75651076269652e-27,HOLD,closed,8.75651076269652e-27,0.0,8.75651076269652e-27,0.03159573640152444,True,False
2024-09-17 19:00:00+00:00,59967.99,0.011731710332406275,705.4493040487616,-0.3682238267479253,1.0,BUY,closed,1.0,1.0,1.0,0.031609451988066944,False,False
2024-09-17 20:00:00+00:00,60120.0,0.011731710332406275,707.2326413363907,-0.36662673110869265,1.0,HOLD,closed,1.0,0.9972820596225689,0.002717940377431116,0.031605725831635206,True,False
2024-09-17 21:00:00+00:00,60334.07,0.011731710332406275,709.7440485672489,-0.3643776010284969,1.0,HOLD,closed,1.0,0.9972916769700207,0.0027083230299792538,0.03160383380190088,True,False
2024-09-17 22:00:00+00:00,60240.01,0.011731710332406275,708.6405638933828,-0.36536584401136796,1.0,HOLD,closed,1.0,0.9972874596091925,0.002712540390807483,0.0316041135355854,True,False
2024-09-17 23:00:00+00:00,60313.99,0.011731710332406275,709.5084758237742,-0.3645885718885442,1.0,HOLD,closed,1.0,0.997290777745969,0.0027092222540310296,0.03160089990378859,True,False
2024-09-18 00:00:00+00:00,60240.0,0.011731710332406275,708.6404465762795,-0.3653659490765373,1.0,HOLD,closed,1.0,0.997287459160125,0.002712540839875044,0.031597269810798134,True,False
2024-09-18 01:00:00+00:00,60114.0,0.011731710332406275,707.1622510743963,-0.36668977021030036,1.0,HOLD,closed,1.0,0.997281789081353,0.0027182109186469905,0.031598748227126106,True,False
2024-09-18 02:00:00+00:00,60352.0,0.011731710332406275,709.954398133509,-0.36418921917985897,1.0,HOLD,closed,1.0,0.9972924794082846,0.0027075205917154177,0.03160147915745054,True,False
2024-09-18 03:00:00+00:00,60509.99,0.011731710332406275,711.8078910489259,-0.36252929456935723,1.0,HOLD,closed,1.0,0.9972995295833362,0.0027004704166637694,0.031587216925002604,True,False
2024-09-18 04:00:00+00:00,60429.99,0.0,710.3885917244975,-0.36380037030894663,8.75651076269652e-27,SELL,closed,8.75651076269652e-27,8.75651076269652e-27,0.9972959642433479,0.0315701829998728,False,False
2024-09-18 05:00:00+00:00,60241.07,0.011755563615425015,710.0671040487414,-0.3640882836322304,1.0,BUY,closed,1.0,1.0,1.0,0.03152978021415925,False,False
2024-09-18 06:00:00+00:00,60453.99,0.011755563615425015,712.5700986537377,-0.36184668761088706,1.0,HOLD,closed,1.0,0.9973344750136744,0.0026655249863255515,0.03152342558078469,True,False
2024-09-18 07:00:00+00:00,60428.01,0.011755563615425015,712.264689111009,-0.3621202019103163,1.0,HOLD,closed,1.0,0.9973333320723218,0.0026666679276782235,0.031522970013641904,True,False
2024-09-18 08:00:00+00:00,60198.05,0.011755563615425015,709.5613797020059,-0.3645411929917935,1.0,HOLD,closed,1.0,0.9973231725164245,0.00267682748357545,0.031526109576043626,True,False
2024-09-18 09:00:00+00:00,59654.77,0.011649471099122772,703.2196851113538,-0.3702205969084478,1.0,SELL,closed,1.0,0.9972988603171249,0.002701139682875109,0.03152269126884841,True,False
2024-09-18 10:00:00+00:00,59907.49,0.011649471099122772,706.163739447524,-0.36758400293680893,1.0,HOLD,closed,1.0,0.9882843516179263,0.011715648382073729,0.031524976923518105,True,False
2024-09-18 11:00:00+00:00,59846.0,0.011649471099122772,705.4474134696391,-0.3682255198856695,1.0,HOLD,closed,1.0,0.9882724553048579,0.011727544695142145,0.0315237136984729,True,False
2024-09-18 12:00:00+00:00,59978.24,0.011649471099122772,706.9879395277869,-0.36684587764599913,1.0,HOLD,closed,1.0,0.988298009613766,0.011701990386233985,0.03152302054418085,True,False
2024-09-18 13:00:00+00:00,59508.5,0.011558234301342412,701.5476328380774,-0.3717180295100893,1.0,SELL,closed,1.0,0.9882067274169882,0.011793272583011771,0.03151957142566256,True,False
2024-09-18 14:00:00+00:00,59487.6,0.011558234301342412,701.3060657411794,-0.3719343687072307,1.0,HOLD,closed,1.0,0.9804159017188491,0.01958409828115093,0.03148981538487683,True,False
2024-09-18 15:00:00+00:00,59429.18,0.011558234301342412,700.630833693295,-0.37253908334345076,1.0,HOLD,closed,1.0,0.9803970275697931,0.019602972430206922,0.031477032271820554,True,False
2024-09-18 16:00:00+00:00,59915.26,0.011652768838105464,706.3099189666335,-0.367453089578952,1.0,BUY,closed,1.0,0.9805529696389036,0.019447030361096407,0.03148093392574011,True,False
2024-09-18 17:00:00+00:00,60013.01,0.0,708.1577993543907,-0.36579819135550135,8.75651076269652e-27,SELL,closed,8.75651076269652e-27,8.75651076269652e-27,0.9885062462811914,0.03148189268704546,False,False
2024-09-18 18:00:00+00:00,60629.79,0.0,708.1577993543907,-0.36579819135550135,8.75651076269652e-27,HOLD,closed,8.75651076269652e-27,0.0,8.75651076269652e-27,0.031501930247915505,True,False
2024-09-18 19:00:00+00:00,60057.99,0.0,708.1577993543907,-0.36579819135550135,8.75651076269652e-27,HOLD,closed,8.75651076269652e-27,0.0,8.75651076269652e-27,0.03151762391256077,True,False
2024-09-18 20:00:00+00:00,60230.01,0.011791233761809057,712.0763289291498,-0.3622888908213481,1.0,BUY,closed,1.0,1.0,1.0,0.03151876303577525,False,False
2024-09-18 21:00:00+00:00,60199.46,0.0,713.9662180293786,-0.3605963710374872,8.75651076269652e-27,SELL,closed,8.75651076269652e-27,8.75651076269652e-27,0.9973441635995612,0.031516978556057035,False,False
2024-09-18 22:00:00+00:00,60684.78,0.0,713.9662180293786,-0.3605963710374872,8.75651076269652e-27,HOLD,closed,8.75651076269652e-27,0.0,8.75651076269652e-27,0.031526545932871436,True,False
2024-09-18 23:00:00+00:00,61759.99,0.0,713.9662180293786,-0.3605963710374872,8.75651076269652e-27,HOLD,closed,8.75651076269652e-27,0.0,8.75651076269652e-27,0.03157632368116417,True,False
2024-09-19 00:00:00+00:00,62226.0,0.0,713.9662180293786,-0.3605963710374872,8.75651076269652e-27,HOLD,closed,8.75651076269652e-27,0.0,8.75651076269652e-27,0.03158666902640808,True,False
2024-09-19 01:00:00+00:00,62005.99,0.0,713.9662180293786,-0.3605963710374872,8.75651076269652e-27,HOLD,closed,8.75651076269652e-27,0.0,8.75651076269652e-27,0.03158721105894152,True,False
2024-09-19 02:00:00+00:00,62204.32,0.0,713.9662180293786,-0.3605963710374872,8.75651076269652e-27,HOLD,closed,8.75651076269652e-27,0.0,8.75651076269652e-27,0.03158834879107364,True,False
2024-09-19 03:00:00+00:00,62117.99,0.0,713.9662180293786,-0.3605963710374872,8.75651076269652e-27,HOLD,closed,8.75651076269652e-27,0.0,8.75651076269652e-27,0.03158967139205693,True,False
2024-09-19 04:00:00+00:00,62082.0,0.0,713.9662180293786,-0.3605963710374872,8.75651076269652e-27,HOLD,closed,8.75651076269652e-27,0.0,8.75651076269652e-27,0.031592321380046945,True,False
2024-09-19 05:00:00+00:00,61990.42,0.01150037398971326,711.4847243602329,-0.3628187115589739,1.0,BUY,closed,1.0,1.0,1.0,0.03159443088424288,False,False
2024-09-19 06:00:00+00:00,62020.6,0.01150037398971326,711.8318056472425,-0.3625078774762754,1.0,HOLD,closed,1.0,1.0020064984562878,0.002006498456287753,0.03159416272231566,True,False
2024-09-19 07:00:00+00:00,62093.99,0.01150037398971326,712.6758180943475,-0.36175200891003145,1.0,HOLD,closed,1.0,1.002004122186981,0.0020041221869810943,0.031587554816796204,True,False
2024-09-19 08:00:00+00:00,61932.0,0.01150037398971326,710.8128725117539,-0.3634203990046746,1.0,HOLD,closed,1.0,1.002009374723506,0.00200937472350593,0.031586429003810174,True,False
2024-09-19 09:00:00+00:00,62272.01,0.01150037398971326,714.7231146719963,-0.35991852039439226,1.0,HOLD,closed,1.0,1.0019983814568851,0.0019983814568851344,0.03158860739473121,True,False
2024-09-19 10:00:00+00:00,62320.01,0.01150037398971326,715.2751326235026,-0.35942415207200895,1.0,HOLD,closed,1.0,1.0019968391937926,0.0019968391937925656,0.03159007794619392,True,False
2024-09-19 11:00:00+00:00,62645.44,0.01150037398971326,719.017699330975,-0.3560724378396506,1.0,HOLD,closed,1.0,1.0019864454247742,0.001986445424774219,0.031596497650553335,True,False
2024-09-19 12:00:00+00:00,62924.07,0.0,720.9563503091812,-0.35433624859224033,8.75651076269652e-27,SELL,closed,8.75651076269652e-27,8.75651076269652e-27,1.0019776319790619,0.03158962143641714,False,False
2024-09-19 13:00:00+00:00,63035.98,0.0,720.9563503091812,-0.35433624859224033,8.75651076269652e-27,HOLD,closed,8.75651076269652e-27,0.0,8.75651076269652e-27,0.031587972627737326,True,False
2024-09-19 14:00:00+00:00,62935.83,0.0,720.9563503091812,-0.35433624859224033,8.75651076269652e-27,HOLD,closed,8.75651076269652e-27,0.0,8.75651076269652e-27,0.03150418734712751,True,False
2024-09-19 15:00:00+00:00,63154.04,0.01145541793530016,722.0136493238704,-0.3533893678998223,1.0,BUY,closed,1.0,1.0,1.0,0.0315060440330624,False,False
2024-09-19 16:00:00+00:00,63556.92,0.0,723.9364781331807,-0.3516673484435795,8.75651076269652e-27,SELL,closed,8.75651076269652e-27,8.75651076269652e-27,1.0019848830141505,0.03150937323420333,False,False
2024-09-19 17:00:00+00:00,63709.22,0.0,723.9364781331807,-0.3516673484435795,8.75651076269652e-27,HOLD,closed,8.75651076269652e-27,0.0,8.75651076269652e-27,0.03151025596702431,True,False
2024-09-19 18:00:00+00:00,63628.0,0.0,723.9364781331807,-0.3516673484435795,8.75651076269652e-27,HOLD,closed,8.75651076269652e-27,0.0,8.75651076269652e-27,0.03150687519022394,True,False
2024-09-19 19:00:00+00:00,63251.99,0.011377638215200832,721.5884800821476,-0.353770134873407,1.0,BUY,closed,1.0,1.0,1.0,0.03151172083708745,False,False
2024-09-19 20:00:00+00:00,63016.74,0.011377638215200832,718.9118906920216,-0.35616719642347977,1.0,HOLD,closed,1.0,0.9973150792250929,0.002684920774907118,0.031513058781190484,True,False
2024-09-19 21:00:00+00:00,62879.76,0.011377638215200832,717.3533818093034,-0.35756294346334794,1.0,HOLD,closed,1.0,0.9973092460151531,0.002690753984846861,0.03151412875243026,True,False
2024-09-19 22:00:00+00:00,62940.01,0.011377638215200832,718.0388845117693,-0.3569490307815545,1.0,HOLD,closed,1.0,0.9973118148441791,0.0026881851558209213,0.03151453733107576,True,False
2024-09-19 23:00:00+00:00,62947.99,0.011377638215200832,718.1296780647266,-0.356867719193161,1.0,HOLD,closed,1.0,0.9973121547129922,0.0026878452870078284,0.03151327769659437,True,False
2024-09-20 00:00:00+00:00,62756.4,0.011377638215200832,715.9498363590762,-0.35881991057415336,1.0,HOLD,closed,1.0,0.9973039710708466,0.002696028929153438,0.03151534216943319,True,False
2024-09-20 01:00:00+00:00,63037.99,0.011377638215200832,719.1536655040946,-0.35595067120376017,1.0,HOLD,closed,1.0,0.9973159818780959,0.002684018121904108,0.03151671273613346,True,False
2024-09-20 02:00:00+00:00,63125.01,0.011377638215200832,720.1437475815815,-0.3550639876922305,1.0,HOLD,closed,1.0,0.997319671972257,0.002680328027742984,0.03150192450867634,True,False
2024-09-20 03:00:00+00:00,63742.16,0.011488873198363784,727.220058746248,-0.3487266863968777,1.0,BUY,closed,1.0,0.9973455539560502,0.0026544460439498208,0.0315174371530956,True,False
2024-09-20 04:00:00+00:00,63843.81,0.0,729.1686344221504,-0.34698160893100133,8.75651076269652e-27,SELL,closed,8.75651076269652e-27,8.75651076269652e-27,1.0070093625451422,0.03151659931920894,False,False
2024-09-20 05:00:00+00:00,63809.99,0.0,729.1686344221504,-0.34698160893100133,8.75651076269652e-27,HOLD,closed,8.75651076269652e-27,0.0,8.75651076269652e-27,0.031515871130648215,True,False
2024-09-20 06:00:00+00:00,63795.33,0.0,729.1686344221504,-0.34698160893100133,8.75651076269652e-27,HOLD,closed,8.75651076269652e-27,0.0,8.75651076269652e-27,0.03151595923888262,True,False
2024-09-20 07:00:00+00:00,63524.8,0.0,729.1686344221504,-0.34698160893100133,8.75651076269652e-27,HOLD,closed,8.75651076269652e-27,0.0,8.75651076269652e-27,0.03151740227153865,True,False
2024-09-20 08:00:00+00:00,63298.91,0.011478485876969178,728.521977706934,-0.347560732480493,1.0,BUY,closed,1.0,1.0,1.0,0.03151892972827394,False,False
2024-09-20 09:00:00+00:00,63468.0,0.011478485876969178,730.4628748838707,-0.3458225316146289,1.0,HOLD,closed,1.0,0.9973354795824493,0.0026645204175507198,0.031519902320688575,True,False
2024-09-20 10:00:00+00:00,63664.0,0.011478485876969178,732.7126581157567,-0.3438077030043658,1.0,HOLD,closed,1.0,0.9973436609524448,0.002656339047555245,0.03145542857694694,True,False
2024-09-20 11:00:00+00:00,63440.0,0.0,731.2516054045229,-0.3451161716434659,8.75651076269652e-27,SELL,closed,8.75651076269652e-27,8.75651076269652e-27,0.9973343066995134,0.03145197198784319,False,False
2024-09-20 12:00:00+00:00,63417.45,0.01152666283319506,729.5286950543943,-0.34665915099239075,1.0,BUY,closed,1.0,1.0,1.0,0.03144278950723936,False,False
2024-09-20 13:00:00+00:00,62836.46,0.011397995649697937,722.8902581523967,-0.3526043071336598,1.0,SELL,closed,1.0,1.0020238024914294,0.002023802491429416,0.03145646509459446,True,False
2024-09-20 14:00:00+00:00,63037.53,0.011397995649697937,725.1820531376814,-0.3505518542396367,1.0,HOLD,closed,1.0,0.9907877471580094,0.009212252841990565,0.031432455501501144,True,False
2024-09-20 15:00:00+00:00,63153.99,0.011397995649697937,726.5094637110452,-0.34936307091025914,1.0,HOLD,closed,1.0,0.9908045789302543,0.00919542106974569,0.03141201589546985,True,False
2024-09-20 16:00:00+00:00,62872.5,0.011397995649697937,723.3010419156118,-0.35223642330066335,1.0,HOLD,closed,1.0,0.9907637898429053,0.009236210157094749,0.03140970881323693,True,False
2024-09-20 17:00:00+00:00,62704.0,0.011397995649697937,721.3804796486377,-0.35395641291941754,1.0,HOLD,closed,1.0,0.9907391998834899,0.009260800116510093,0.03141096381501668,True,False
2024-09-20 18:00:00+00:00,62865.45,0.011397995649697937,723.2206860462813,-0.35230838725800595,1.0,HOLD,closed,1.0,0.9907627636226785,0.009237236377321545,0.03141060214367733,True,False
2024-09-20 19:00:00+00:00,62809.13,0.011397995649697937,722.5787509312903,-0.35288328230446436,1.0,HOLD,closed,1.0,0.990754557311064,0.009245442688936012,0.03141017262055379,True,False
2024-09-20 20:00:00+00:00,62814.0,0.011397995649697937,722.6342591701044,-0.3528335710318035,1.0,HOLD,closed,1.0,0.9907552674880785,0.009244732511921483,0.03140947493142396,True,False
2024-09-20 21:00:00+00:00,63116.03,0.011397995649697937,726.0767957961826,-0.34975055343802125,1.0,HOLD,closed,1.0,0.9907990993946411,0.009200900605358941,0.03141330390683883,True,False
2024-09-20 22:00:00+00:00,63180.24,0.0,724.6384767756216,-0.3510386625643759,8.75651076269652e-27,SELL,closed,8.75651076269652e-27,8.75651076269652e-27,0.9908083643088452,0.031413404938546136,False,False
2024-09-20 23:00:00+00:00,63201.05,0.0,724.6384767756216,-0.3510386625643759,8.75651076269652e-27,HOLD,closed,8.75651076269652e-27,0.0,8.75651076269652e-27,0.03141359388506054,True,False
2024-09-21 00:00:00+00:00,63174.0,0.0,724.6384767756216,-0.3510386625643759,8.75651076269652e-27,HOLD,closed,8.75651076269652e-27,0.0,8.75651076269652e-27,0.03141302388823433,True,False
2024-09-21 01:00:00+00:00,62836.98,0.0,724.6384767756216,-0.3510386625643759,8.75651076269652e-27,HOLD,closed,8.75651076269652e-27,0.0,8.75651076269652e-27,0.03141696010972453,True,False
2024-09-21 02:00:00+00:00,62917.11,0.011532038566710583,724.1128997531827,-0.3515093512986052,1.0,BUY,closed,1.0,1.0,1.0,0.031417117343973205,False,False
2024-09-21 03:00:00+00:00,62889.57,0.011532038566710583,723.7953074110554,-0.35179377609484747,1.0,HOLD,closed,1.0,1.0020028304383108,0.002002830438310843,0.03141707994620696,True,False
2024-09-21 04:00:00+00:00,62860.0,0.011532038566710583,723.4543050306378,-0.3520991661175375,1.0,HOLD,closed,1.0,1.0020037744785113,0.0020037744785113,0.03141676913687466,True,False
2024-09-21 05:00:00+00:00,62908.82,0.011532038566710583,724.0172991534646,-0.35159496791301514,1.0,HOLD,closed,1.0,1.0020022163482618,0.0020022163482618094,0.0314167160137154,True,False
2024-09-21 06:00:00+00:00,62999.98,0.0,722.5667280100813,-0.35289404961986054,8.75651076269652e-27,SELL,closed,8.75651076269652e-27,8.75651076269652e-27,1.0019993133797043,0.03141452049608101,False,False
2024-09-21 07:00:00+00:00,63091.02,0.0,722.5667280100813,-0.35289404961986054,8.75651076269652e-27,HOLD,closed,8.75651076269652e-27,0.0,8.75651076269652e-27,0.03141497339491983,True,False
2024-09-21 08:00:00+00:00,63028.0,0.0,722.5667280100813,-0.35289404961986054,8.75651076269652e-27,HOLD,closed,8.75651076269652e-27,0.0,8.75651076269652e-27,0.03141508113034949,True,False
2024-09-21 09:00:00+00:00,63115.99,0.0,722.5667280100813,-0.35289404961986054,8.75651076269652e-27,HOLD,closed,8.75651076269652e-27,0.0,8.75651076269652e-27,0.03141289498061442,True,False
2024-09-21 10:00:00+00:00,62979.05,0.0,722.5667280100813,-0.35289404961986054,8.75651076269652e-27,HOLD,closed,8.75651076269652e-27,0.0,8.75651076269652e-27,0.03141262161518746,True,False
2024-09-21 11:00:00+00:00,63089.77,0.011473126591760521,722.3914231156709,-0.3530510466637407,1.0,BUY,closed,1.0,1.0,1.0,0.031412861618677984,False,False
2024-09-21 12:00:00+00:00,63151.98,0.0,720.9439966965591,-0.35434731206351094,8.75651076269652e-27,SELL,closed,8.75651076269652e-27,8.75651076269652e-27,1.001999010388404,0.031413591798095136,False,False
2024-09-21 13:00:00+00:00,63188.0,0.0,720.9439966965591,-0.35434731206351094,8.75651076269652e-27,HOLD,closed,8.75651076269652e-27,0.0,8.75651076269652e-27,0.03141417869243815,True,False
2024-09-21 14:00:00+00:00,63300.0,0.0,720.9439966965591,-0.35434731206351094,8.75651076269652e-27,HOLD,closed,8.75651076269652e-27,0.0,8.75651076269652e-27,0.031414456162916576,True,False
2024-09-21 15:00:00+00:00,63167.98,0.0,720.9439966965591,-0.35434731206351094,8.75651076269652e-27,HOLD,closed,8.75651076269652e-27,0.0,8.75651076269652e-27,0.03141501893971252,True,False
2024-09-21 16:00:00+00:00,63215.13,0.011413124128657574,720.0398770338338,-0.3551570105881254,1.0,BUY,closed,1.0,1.0,1.0,0.03141542703342029,False,False
2024-09-21 17:00:00+00:00,63279.99,0.0,718.5972735238981,-0.3564489567560447,8.75651076269652e-27,SELL,closed,8.75651076269652e-27,8.75651076269652e-27,1.0020009547999882,0.03141577012762359,False,False
2024-09-21 18:00:00+00:00,63267.99,0.0,718.5972735238981,-0.3564489567560447,8.75651076269652e-27,HOLD,closed,8.75651076269652e-27,0.0,8.75651076269652e-27,0.031415768849610975,True,False
2024-09-21 19:00:00+00:00,63203.59,0.0,718.5972735238981,-0.3564489567560447,8.75651076269652e-27,HOLD,closed,8.75651076269652e-27,0.0,8.75651076269652e-27,0.031416020747391915,True,False
2024-09-21 20:00:00+00:00,63139.99,0.011369564189690779,716.4366153957493,-0.3583839679837452,1.0,BUY,closed,1.0,1.0,1.0,0.03141633309117267,False,False
2024-09-21 21:00:00+00:00,63088.0,0.011369564189690779,715.8455117535274,-0.3589133401086237,1.0,HOLD,closed,1.0,1.002008190066266,0.002008190066266069,0.03141638993588727,True,False
2024-09-21 22:00:00+00:00,63230.32,0.011369564189690779,717.4636281290042,-0.35746421064502076,1.0,HOLD,closed,1.0,1.0020036609373961,0.0020036609373961234,0.0314136362817721,True,False
2024-09-21 23:00:00+00:00,63348.96,0.0,719.3465928167277,-0.35577789212723177,8.75651076269652e-27,SELL,closed,8.75651076269652e-27,8.75651076269652e-27,1.0019999009745058,0.03141499599998804,False,False
2024-09-22 00:00:00+00:00,63230.93,0.0,719.3465928167277,-0.35577789212723177,8.75651076269652e-27,HOLD,closed,8.75651076269652e-27,0.0,8.75651076269652e-27,0.031416091178993605,True,False
2024-09-22 01:00:00+00:00,63046.0,0.01137650049717334,715.8037974858607,-0.358950697974377,1.0,BUY,closed,1.0,1.0,1.0,0.03140761749001264,False,False
2024-09-22 02:00:00+00:00,62957.31,0.01137650049717334,714.7948156567663,-0.35985430745447383,1.0,HOLD,closed,1.0,1.0020132390826135,0.002013239082613527,0.031406369482819024,True,False
2024-09-22 03:00:00+00:00,63106.0,0.01137650049717334,716.4863875156911,-0.3583393937821817,1.0,HOLD,closed,1.0,1.0020084859726637,0.002008485972663676,0.031404168223771456,True,False
2024-09-22 04:00:00+00:00,63080.01,0.01137650049717334,716.1907122677696,-0.35860419038143426,1.0,HOLD,closed,1.0,1.002009315164634,0.0020093151646340957,0.03140143816868676,True,False
2024-09-22 05:00:00+00:00,62938.51,0.01137650049717334,714.5809374474196,-0.36004584943469486,1.0,HOLD,closed,1.0,1.0020138416567201,0.002013841656720139,0.03140226005420199,True,False
2024-09-22 06:00:00+00:00,62876.24,0.01137650049717334,713.8725227614606,-0.3606802813021616,1.0,HOLD,closed,1.0,1.0020158401017636,0.0020158401017635885,0.0313987214049547,True,False
2024-09-22 07:00:00+00:00,62936.0,0.01137650049717334,714.5523824311716,-0.3600714223267351,1.0,HOLD,closed,1.0,1.0020139221340687,0.002013922134068702,0.03139474134877149,True,False
2024-09-22 08:00:00+00:00,63025.35,0.01137650049717334,715.5688727505941,-0.35916108850052425,1.0,HOLD,closed,1.0,1.0020110612880604,0.0020110612880603895,0.03139328205602712,True,False
2024-09-22 09:00:00+00:00,62702.94,0.0,714.1352154033378,-0.3604450227923379,8.75651076269652e-27,SELL,closed,8.75651076269652e-27,8.75651076269652e-27,1.0020214227947564,0.03139650260331023,False,False
2024-09-22 10:00:00+00:00,62655.99,0.011389184132277994,712.1719796017543,-0.36220322936338045,1.0,BUY,closed,1.0,1.0,1.0,0.03139248490093524,False,False
2024-09-22 11:00:00+00:00,62784.0,0.011389184132277994,713.6299090625272,-0.36089755780014804,1.0,HOLD,closed,1.0,1.002001916512007,0.002001916512007096,0.03138784584130214,True,False
2024-09-22 12:00:00+00:00,62781.99,0.0,712.2001495186736,-0.3621780013530756,8.75651076269652e-27,SELL,closed,8.75651076269652e-27,8.75651076269652e-27,1.002001980732779,0.0313877660070902,False,False
2024-09-22 13:00:00+00:00,62589.99,0.0,712.2001495186736,-0.3621780013530756,8.75651076269652e-27,HOLD,closed,8.75651076269652e-27,0.0,8.75651076269652e-27,0.03138956598302203,True,False
2024-09-22 14:00:00+00:00,62668.0,0.011378816895968582,711.6629408374471,-0.36265910700151155,1.0,BUY,closed,1.0,1.0,1.0,0.03138169572744948,False,False
2024-09-22 15:00:00+00:00,62652.12,0.0,710.2371219868227,-0.36393602140489706,8.75651076269652e-27,SELL,closed,8.75651076269652e-27,8.75651076269652e-27,1.0020025185571022,0.03138201149105824,False,False
2024-09-22 16:00:00+00:00,62776.03,0.0,710.2371219868227,-0.36393602140489706,8.75651076269652e-27,HOLD,closed,8.75651076269652e-27,0.0,8.75651076269652e-27,0.03138243124519874,True,False
2024-09-22 17:00:00+00:00,63062.66,0.0,710.2371219868227,-0.36393602140489706,8.75651076269652e-27,HOLD,closed,8.75651076269652e-27,0.0,8.75651076269652e-27,0.031385733198094345,True,False
2024-09-22 18:00:00+00:00,62955.99,0.0,710.2371219868227,-0.36393602140489706,8.75651076269652e-27,HOLD,closed,8.75651076269652e-27,0.0,8.75651076269652e-27,0.031331474056551956,True,False
2024-09-22 19:00:00+00:00,63160.0,0.0,710.2371219868227,-0.36393602140489706,8.75651076269652e-27,HOLD,closed,8.75651076269652e-27,0.0,8.75651076269652e-27,0.03133327612000153,True,False
2024-09-22 20:00:00+00:00,63208.0,0.0,710.2371219868227,-0.36393602140489706,8.75651076269652e-27,HOLD,closed,8.75651076269652e-27,0.0,8.75651076269652e-27,0.03133207735940738,True,False
2024-09-22 21:00:00+00:00,62779.99,0.0,710.2371219868227,-0.36393602140489706,8.75651076269652e-27,HOLD,closed,8.75651076269652e-27,0.0,8.75651076269652e-27,0.03134003676070993,True,False
2024-09-22 22:00:00+00:00,63881.51,0.011313111213552447,724.556997273677,-0.3511116328085048,1.0,BUY,closed,1.0,1.0,1.0,0.03139091952859546,False,False
2024-09-22 23:00:00+00:00,63578.76,0.0,723.1118484638448,-0.352405858459612,8.75651076269652e-27,SELL,closed,8.75651076269652e-27,8.75651076269652e-27,0.9974229818181541,0.0313920877049359,False,False
2024-09-23 00:00:00+00:00,63577.88,0.0,723.1118484638448,-0.352405858459612,8.75651076269652e-27,HOLD,closed,8.75651076269652e-27,0.0,8.75651076269652e-27,0.0313882044337237,True,False
2024-09-23 01:00:00+00:00,63826.8,0.0,723.1118484638448,-0.352405858459612,8.75651076269652e-27,HOLD,closed,8.75651076269652e-27,0.0,8.75651076269652e-27,0.03138560671476298,True,False
2024-09-23 02:00:00+00:00,63940.47,0.0,723.1118484638448,-0.352405858459612,8.75651076269652e-27,HOLD,closed,8.75651076269652e-27,0.0,8.75651076269652e-27,0.03138607698934717,True,False
2024-09-23 03:00:00+00:00,64354.0,0.0,723.1118484638448,-0.352405858459612,8.75651076269652e-27,HOLD,closed,8.75651076269652e-27,0.0,8.75651076269652e-27,0.031392610479733546,True,False
2024-09-23 04:00:00+00:00,63912.3,0.0,723.1118484638448,-0.352405858459612,8.75651076269652e-27,HOLD,closed,8.75651076269652e-27,0.0,8.75651076269652e-27,0.031387908438224504,True,False
2024-09-23 05:00:00+00:00,63754.0,0.011314124750988423,723.210538921613,-0.35231747467443075,1.0,BUY,closed,1.0,1.0,1.0,0.03138344616897987,False,False
2024-09-23 06:00:00+00:00,63671.42,0.011314124750988423,722.2762184996764,-0.35315421996197244,1.0,HOLD,closed,1.0,0.9973835085543552,0.0026164914456447974,0.03138377955981034,True,False
2024-09-23 07:00:00+00:00,63548.82,0.011314124750988423,720.8891068052052,-0.354396469565419,1.0,HOLD,closed,1.0,0.9973784739854479,0.0026215260145521224,0.03138433874856639,True,False
2024-09-23 08:00:00+00:00,63492.01,0.011314124750988423,720.2463513781015,-0.3549720992552379,1.0,HOLD,closed,1.0,0.9973761345080318,0.002623865491968247,0.03138460790103695,True,False
2024-09-23 09:00:00+00:00,63635.69,0.011314124750988423,721.8719648223235,-0.3535162556742983,1.0,HOLD,closed,1.0,0.9973820432996561,0.0026179567003439264,0.0313833997778985,True,False
2024-09-23 10:00:00+00:00,63496.96,0.011314124750988423,720.3023562956189,-0.35492194317418524,1.0,HOLD,closed,1.0,0.9973763385187074,0.0026236614812925607,0.031375819833682206,True,False
2024-09-23 11:00:00+00:00,63435.04,0.011314124750988423,719.6017856910377,-0.3555493501517171,1.0,HOLD,closed,1.0,0.9973737842447372,0.002626215755262784,0.03137595103645688,True,False
2024-09-23 12:00:00+00:00,63315.8,0.011314124750988423,718.2526894557299,-0.35675755441529755,1.0,HOLD,closed,1.0,0.9973688514156082,0.0026311485843918403,0.031374778101780965,True,False
2024-09-23 13:00:00+00:00,63185.21,0.011314124750988423,716.7751779044983,-0.3580807630263423,1.0,HOLD,closed,1.0,0.9973634277450539,0.002636572254946068,0.03137412979394347,True,False
2024-09-23 14:00:00+00:00,63394.5,0.011314124750988423,719.1431110736327,-0.3559601233892678,1.0,HOLD,closed,1.0,0.9973721092255536,0.002627890774446362,0.03137604740664093,True,False
2024-09-23 15:00:00+00:00,63618.0,0.011314124750988423,721.6718179554786,-0.3536955003356765,1.0,HOLD,closed,1.0,0.9973813172413314,0.0026186827586686112,0.0313781150861194,True,False
2024-09-23 16:00:00+00:00,63227.55,0.0,720.2325009546344,-0.35498450321890446,8.75651076269652e-27,SELL,closed,8.75651076269652e-27,8.75651076269652e-27,0.9973651886600154,0.031369865187753476,False,False
2024-09-23 17:00:00+00:00,63318.01,0.011391118285535884,719.8221163965842,-0.3553520295374629,1.0,BUY,closed,1.0,1.0,1.0,0.03137061708834585,False,False
2024-09-23 18:00:00+00:00,63430.19,0.011391118285535884,721.0999720458556,-0.3542076258965042,1.0,HOLD,closed,1.0,1.0019980934322767,0.0019980934322767485,0.0313673228971586,True,False
2024-09-23 19:00:00+00:00,63298.56,0.0,719.6551380385088,-0.35550156962131496,8.75651076269652e-27,SELL,closed,8.75651076269652e-27,8.75651076269652e-27,1.0020022568074014,0.03136635449889574,False,False
2024-09-23 20:00:00+00:00,63308.0,0.011368957730630829,718.3063059071305,-0.35670953736248473,1.0,BUY,closed,1.0,1.0,1.0,0.03136605541404858,False,False
2024-09-23 21:00:00+00:00,63380.0,0.011368957730630829,719.124870863736,-0.35597645869492583,1.0,HOLD,closed,1.0,1.0020019751255673,0.0020019751255673235,0.031365938393055875,True,False
2024-09-23 22:00:00+00:00,63219.0,0.0,717.6841020640718,-0.3572667617593256,8.75651076269652e-27,SELL,closed,8.75651076269652e-27,8.75651076269652e-27,1.0020070837940758,0.03136729312024125,False,False
2024-09-23 23:00:00+00:00,63339.99,0.011352348219112478,717.6218956289231,-0.3573224717066235,1.0,BUY,closed,1.0,1.0,1.0,0.031366270606074914,False,False
2024-09-24 00:00:00+00:00,62906.0,0.0,716.1841399123842,-0.35861007635723835,8.75651076269652e-27,SELL,closed,8.75651076269652e-27,8.75651076269652e-27,1.0020145039109616,0.03137440263117178,False,False
2024-09-24 01:00:00+00:00,62942.01,0.011384987537953594,715.161273091856,-0.35952612075888574,1.0,BUY,closed,1.0,1.0,1.0,0.031374209377732165,False,False
2024-09-24 02:00:00+00:00,63123.99,0.011384987537953594,717.2331131240127,-0.35767065196815323,1.0,HOLD,closed,1.0,1.0019975742135694,0.0019975742135693864,0.031371849010549624,True,False
2024-09-24 03:00:00+00:00,63124.0,0.0,715.7962544001733,-0.358957453302907,8.75651076269652e-27,SELL,closed,8.75651076269652e-27,8.75651076269652e-27,1.0019975738964848,0.031370284560464035,False,False
2024-09-24 04:00:00+00:00,63088.0,0.0,715.7962544001733,-0.358957453302907,8.75651076269652e-27,HOLD,closed,8.75651076269652e-27,0.0,8.75651076269652e-27,0.031365671483813,True,False
2024-09-24 05:00:00+00:00,63215.99,0.0,715.7962544001733,-0.358957453302907,8.75651076269652e-27,HOLD,closed,8.75651076269652e-27,0.0,8.75651076269652e-27,0.03136631848955346,True,False
2024-09-24 06:00:00+00:00,63305.43,0.0,715.7962544001733,-0.358957453302907,8.75651076269652e-27,HOLD,closed,8.75651076269652e-27,0.0,8.75651076269652e-27,0.031364924471858596,True,False
2024-09-24 07:00:00+00:00,63559.92,0.0,715.7962544001733,-0.358957453302907,8.75651076269652e-27,HOLD,closed,8.75651076269652e-27,0.0,8.75651076269652e-27,0.031367973709461844,True,False
2024-09-24 08:00:00+00:00,63851.05,0.0,715.7962544001733,-0.358957453302907,8.75651076269652e-27,HOLD,closed,8.75651076269652e-27,0.0,8.75651076269652e-27,0.031371692827281944,True,False
2024-09-24 09:00:00+00:00,63524.5,0.0,715.7962544001733,-0.358957453302907,8.75651076269652e-27,HOLD,closed,8.75651076269652e-27,0.0,8.75651076269652e-27,0.03134973729302823,True,False
2024-09-24 10:00:00+00:00,63526.0,0.0,715.7962544001733,-0.358957453302907,8.75651076269652e-27,HOLD,closed,8.75651076269652e-27,0.0,8.75651076269652e-27,0.031323485474111734,True,False
2024-09-24 11:00:00+00:00,63478.34,0.0,715.7962544001733,-0.358957453302907,8.75651076269652e-27,HOLD,closed,8.75651076269652e-27,0.0,8.75651076269652e-27,0.0313238327963222,True,False
2024-09-24 12:00:00+00:00,63446.01,0.011276226530780547,713.9996308272405,-0.3605664476830383,1.0,BUY,closed,1.0,1.0,1.0,0.03132391873114454,False,False
2024-09-24 13:00:00+00:00,63519.85,0.011276226530780547,714.8322673942732,-0.3598207669643664,1.0,HOLD,closed,1.0,1.0020031977741397,0.002003197774139709,0.03132427319844172,True,False
2024-09-24 14:00:00+00:00,63194.89,0.0,713.4002096275772,-0.36110326872675613,8.75651076269652e-27,SELL,closed,8.75651076269652e-27,8.75651076269652e-27,1.0020135193344353,0.03132646573575332,False,False
2024-09-24 15:00:00+00:00,63159.99,0.011288890757268145,711.5790702207886,-0.3627342186458731,1.0,BUY,closed,1.0,1.0,1.0,0.03132606548473041,False,False
2024-09-24 16:00:00+00:00,63262.0,0.011288890757268145,712.7306499669374,-0.3617029033677362,1.0,HOLD,closed,1.0,1.002002379327206,0.0020023793272059276,0.03132488956549068,True,False
2024-09-24 17:00:00+00:00,63775.86,0.011288890757268145,718.5315593714673,-0.3565078080944938,1.0,HOLD,closed,1.0,1.0019862135500468,0.0019862135500468003,0.03133569708316267,True,False
2024-09-24 18:00:00+00:00,63727.58,0.0,717.0883966958856,-0.3578002550319653,8.75651076269652e-27,SELL,closed,8.75651076269652e-27,8.75651076269652e-27,1.0019877212960104,0.03133213587965211,False,False
2024-09-24 19:00:00+00:00,64292.34,0.0,717.0883966958856,-0.3578002550319653,8.75651076269652e-27,HOLD,closed,8.75651076269652e-27,0.0,8.75651076269652e-27,0.0313381771933115,True,False
2024-09-24 20:00:00+00:00,64215.01,0.0,717.0883966958856,-0.3578002550319653,8.75651076269652e-27,HOLD,closed,8.75651076269652e-27,0.0,8.75651076269652e-27,0.0313321616851614,True,False
2024-09-24 21:00:00+00:00,64030.0,0.0,717.0883966958856,-0.3578002550319653,8.75651076269652e-27,HOLD,closed,8.75651076269652e-27,0.0,8.75651076269652e-27,0.031326934523157546,True,False
2024-09-24 22:00:00+00:00,64579.9,0.0,717.0883966958856,-0.3578002550319653,8.75651076269652e-27,HOLD,closed,8.75651076269652e-27,0.0,8.75651076269652e-27,0.03133849582895196,True,False
2024-09-24 23:00:00+00:00,64262.7,0.0,717.0883966958856,-0.3578002550319653,8.75651076269652e-27,HOLD,closed,8.75651076269652e-27,0.0,8.75651076269652e-27,0.03134272751313172,True,False
2024-09-25 00:00:00+00:00,64126.93,0.01115870320879586,717.4356550960468,-0.3574892623328098,1.0,BUY,closed,1.0,1.0,1.0,0.03134351176505251,False,False
2024-09-25 01:00:00+00:00,64390.01,0.01115870320879586,720.3712867362168,-0.3548602114384934,1.0,HOLD,closed,1.0,0.9974148393070236,0.0025851606929764293,0.031335961422724046,True,False
2024-09-25 02:00:00+00:00,64422.52,0.0,718.9345166044059,-0.3561469334332686,8.75651076269652e-27,SELL,closed,8.75651076269652e-27,8.75651076269652e-27,0.9974161405044517,0.03133607452980813,False,False
2024-09-25 03:00:00+00:00,64460.0,0.0,718.9345166044059,-0.3561469334332686,8.75651076269652e-27,HOLD,closed,8.75651076269652e-27,0.0,8.75651076269652e-27,0.0313244703252995,True,False
2024-09-25 04:00:00+00:00,64172.85,0.0,718.9345166044059,-0.3561469334332686,8.75651076269652e-27,HOLD,closed,8.75651076269652e-27,0.0,8.75651076269652e-27,0.03132791279148078,True,False
2024-09-25 05:00:00+00:00,64170.63,0.011203096459567722,717.4715292607631,-0.35745713466272355,1.0,BUY,closed,1.0,1.0,1.0,0.031326148995994424,False,False
2024-09-25 06:00:00+00:00,63806.0,0.011117025720313343,713.4068845068471,-0.3610972909340815,1.0,SELL,closed,1.0,1.002016057791057,0.0020160577910570687,0.03133074522163609,True,False
2024-09-25 07:00:00+00:00,63843.33,0.011117025720313343,713.8218830769863,-0.3607256324647303,1.0,HOLD,closed,1.0,0.9942927759807911,0.0057072240192088675,0.03133025141916859,True,False
2024-09-25 08:00:00+00:00,63819.1,0.011117025720313343,713.5525175437831,-0.3609668669868943,1.0,HOLD,closed,1.0,0.9942906215080604,0.005709378491939643,0.03133035736639053,True,False
2024-09-25 09:00:00+00:00,63609.89,0.011117025720313343,711.2267245928364,-0.36304976729155486,1.0,HOLD,closed,1.0,0.9942719511856558,0.005728048814344189,0.031331565167432573,True,False
2024-09-25 10:00:00+00:00,63630.45,0.011117025720313343,711.455290641646,-0.36284507138665634,1.0,HOLD,closed,1.0,0.9942737914101958,0.005726208589804216,0.03127636512512447,True,False
2024-09-25 11:00:00+00:00,63838.01,0.011117025720313343,713.7627405001543,-0.3607785985257253,1.0,HOLD,closed,1.0,0.9942923030786405,0.0057076969213595286,0.03125810812070498,True,False
2024-09-25 12:00:00+00:00,63600.01,0.0,712.3437177463467,-0.3620494265781636,8.75651076269652e-27,SELL,closed,8.75651076269652e-27,8.75651076269652e-27,0.9942710664545992,0.031256787482956794,False,False
2024-09-25 13:00:00+00:00,63761.34,0.011200371159475394,715.9712317275711,-0.35880074961679553,1.0,BUY,closed,1.0,1.0,1.0,0.031243613835636674,False,False
2024-09-25 14:00:00+00:00,63936.5,0.0,714.5431756758968,-0.36007966758062115,8.75651076269652e-27,SELL,closed,8.75651076269652e-27,8.75651076269652e-27,0.9974641674403644,0.031243140356584986,False,False
2024-09-25 15:00:00+00:00,63495.66,0.0,714.5431756758968,-0.36007966758062115,8.75651076269652e-27,HOLD,closed,8.75651076269652e-27,0.0,8.75651076269652e-27,0.031244361084851346,True,False
2024-09-25 16:00:00+00:00,63463.88,0.011253417567057288,712.7560984426761,-0.36168011258670485,1.0,BUY,closed,1.0,1.0,1.0,0.03124450670108697,False,False
2024-09-25 17:00:00+00:00,63168.0,0.011253417567057288,709.4264372529352,-0.3646620428155779,1.0,HOLD,closed,1.0,1.0020149286069386,0.0020149286069386374,0.031248292503501002,True,False
2024-09-25 18:00:00+00:00,63351.0,0.011253417567057288,711.4858126677068,-0.3628177369081702,1.0,HOLD,closed,1.0,1.0020090964534905,0.0020090964534904554,0.03124974071339648,True,False
2024-09-25 19:00:00+00:00,63181.5,0.011253417567057288,709.5783583900906,-0.3645259874617527,1.0,HOLD,closed,1.0,1.002014497209558,0.0020144972095579305,0.031249758063103206,True,False
2024-09-25 20:00:00+00:00,63505.78,0.011253417567057288,713.2276166387359,-0.36125783708112896,1.0,HOLD,closed,1.0,1.002004189952257,0.0020041899522569295,0.03125439839357061,True,False
2024-09-25 21:00:00+00:00,63437.99,0.0,711.7986598467428,-0.3625375617170548,8.75651076269652e-27,SELL,closed,8.75651076269652e-27,8.75651076269652e-27,1.0020063359317521,0.03125466025545204,False,False
2024-09-25 22:00:00+00:00,63261.99,0.0,711.7986598467428,-0.3625375617170548,8.75651076269652e-27,HOLD,closed,8.75651076269652e-27,0.0,8.75651076269652e-27,0.031250736232723175,True,False
2024-09-25 23:00:00+00:00,63152.01,0.011251599061786582,712.3777753185456,-0.36201892578595846,1.0,BUY,closed,1.0,1.0,1.0,0.031235167736242325,False,False
2024-09-26 00:00:00+00:00,62946.01,0.011251599061786582,710.0599459118175,-0.364094694213866,1.0,HOLD,closed,1.0,0.9974415134059198,0.0025584865940802004,0.03123694319204151,True,False
2024-09-26 01:00:00+00:00,63154.74,0.011251599061786582,712.4084921839842,-0.3619914168160158,1.0,HOLD,closed,1.0,0.9974499477862211,0.0025500522137789083,0.03123896841165258,True,False
2024-09-26 02:00:00+00:00,63353.99,0.0,714.2173195968119,-0.3603714930959256,8.75651076269652e-27,SELL,closed,8.75651076269652e-27,8.75651076269652e-27,0.9974579473817002,0.03123647990404871,False,False
2024-09-26 03:00:00+00:00,63514.34,0.0,714.2173195968119,-0.3603714930959256,8.75651076269652e-27,HOLD,closed,8.75651076269652e-27,0.0,8.75651076269652e-27,0.03123463343787533,True,False
2024-09-26 04:00:00+00:00,63427.51,0.0,714.2173195968119,-0.3603714930959256,8.75651076269652e-27,HOLD,closed,8.75651076269652e-27,0.0,8.75651076269652e-27,0.031233920281454997,True,False
2024-09-26 05:00:00+00:00,63594.0,0.0,714.2173195968119,-0.3603714930959256,8.75651076269652e-27,HOLD,closed,8.75651076269652e-27,0.0,8.75651076269652e-27,0.03123284326682163,True,False
2024-09-26 06:00:00+00:00,63721.48,0.0,714.2173195968119,-0.3603714930959256,8.75651076269652e-27,HOLD,closed,8.75651076269652e-27,0.0,8.75651076269652e-27,0.031233524491103337,True,False
2024-09-26 07:00:00+00:00,63852.07,0.0,714.2173195968119,-0.3603714930959256,8.75651076269652e-27,HOLD,closed,8.75651076269652e-27,0.0,8.75651076269652e-27,0.031234049842861322,True,False
2024-09-26 08:00:00+00:00,63709.5,0.0,714.2173195968119,-0.3603714930959256,8.75651076269652e-27,HOLD,closed,8.75651076269652e-27,0.0,8.75651076269652e-27,0.031235231019500154,True,False
2024-09-26 09:00:00+00:00,63798.0,0.0,714.2173195968119,-0.3603714930959256,8.75651076269652e-27,HOLD,closed,8.75651076269652e-27,0.0,8.75651076269652e-27,0.031228658231941292,True,False
2024-09-26 10:00:00+00:00,64391.99,0.0,714.2173195968119,-0.3603714930959256,8.75651076269652e-27,HOLD,closed,8.75651076269652e-27,0.0,8.75651076269652e-27,0.031232108386275298,True,False
2024-09-26 11:00:00+00:00,64393.99,0.0,714.2173195968119,-0.3603714930959256,8.75651076269652e-27,HOLD,closed,8.75651076269652e-27,0.0,8.75651076269652e-27,0.031213890212445833,True,False
2024-09-26 12:00:00+00:00,64481.82,0.0,714.2173195968119,-0.3603714930959256,8.75651076269652e-27,HOLD,closed,8.75651076269652e-27,0.0,8.75651076269652e-27,0.031207287816910373,True,False
2024-09-26 13:00:00+00:00,64428.21,0.0,714.2173195968119,-0.3603714930959256,8.75651076269652e-27,HOLD,closed,8.75651076269652e-27,0.0,8.75651076269652e-27,0.031203552842859,True,False
2024-09-26 14:00:00+00:00,64426.64,0.0,714.2173195968119,-0.3603714930959256,8.75651076269652e-27,HOLD,closed,8.75651076269652e-27,0.0,8.75651076269652e-27,0.031203484512087404,True,False
2024-09-26 15:00:00+00:00,65229.03,0.0,714.2173195968119,-0.3603714930959256,8.75651076269652e-27,HOLD,closed,8.75651076269652e-27,0.0,8.75651076269652e-27,0.03121721901616259,True,False
2024-09-26 16:00:00+00:00,65338.0,0.0,714.2173195968119,-0.3603714930959256,8.75651076269652e-27,HOLD,closed,8.75651076269652e-27,0.0,8.75651076269652e-27,0.031217917197673056,True,False
2024-09-26 17:00:00+00:00,65132.54,0.0,714.2173195968119,-0.3603714930959256,8.75651076269652e-27,HOLD,closed,8.75651076269652e-27,0.0,8.75651076269652e-27,0.03121990258849161,True,False
2024-09-26 18:00:00+00:00,65285.52,0.0,714.2173195968119,-0.3603714930959256,8.75651076269652e-27,HOLD,closed,8.75651076269652e-27,0.0,8.75651076269652e-27,0.031221205971108723,True,False
2024-09-26 19:00:00+00:00,64711.06,0.0,714.2173195968119,-0.3603714930959256,8.75651076269652e-27,HOLD,closed,8.75651076269652e-27,0.0,8.75651076269652e-27,0.031235099373843722,True,False
2024-09-26 20:00:00+00:00,64664.26,0.011037019162205352,712.2718849819757,-0.3621137575353676,1.0,BUY,closed,1.0,1.0,1.0,0.031235660893865896,False,False
2024-09-26 21:00:00+00:00,65052.0,0.011037019162205352,716.5513787919292,-0.358281189826829,1.0,HOLD,closed,1.0,1.0019939836697576,0.0019939836697575597,0.031234541032087948,True,False
2024-09-26 22:00:00+00:00,65086.33,0.011037019162205352,716.9302796597677,-0.35794185922014893,1.0,HOLD,closed,1.0,1.0019929298404462,0.0019929298404461893,0.031233041972872244,True,False
2024-09-26 23:00:00+00:00,65173.99,0.011037019162205352,717.8977847595266,-0.3570753948746326,1.0,HOLD,closed,1.0,1.001990243984848,0.001990243984848039,0.031232325562532692,True,False
2024-09-27 00:00:00+00:00,65241.98,0.011037019162205352,718.648191692365,-0.3564033561927748,1.0,HOLD,closed,1.0,1.0019881657873355,0.0019881657873355163,0.03123272591494533,True,False
2024-09-27 01:00:00+00:00,65119.9,8.852924539282103e-10,717.208507920885,-0.35769268754319006,8.052164728244907e-08,SELL,closed,8.052164728244907e-08,8.052164728244907e-08,1.0019918198958702,0.03123287890489085,False,False
2024-09-27 02:00:00+00:00,64878.12,0.011013659381698147,716.3762987111397,-0.35843798553534983,1.0,BUY,closed,1.0,1.0,0.9999999199171379,0.031236170933823554,False,False
2024-09-27 03:00:00+00:00,65366.01,0.011096481499708375,721.7794108668609,-0.3535991438187276,1.0,BUY,closed,1.0,0.9974634093068615,0.0025365906931384963,0.03122518918610956,True,False
2024-09-27 04:00:00+00:00,65303.96,0.0,720.3291080918717,-0.35489798518405435,8.75651076269652e-27,SELL,closed,8.75651076269652e-27,8.75651076269652e-27,1.0049276865580696,0.031225364773173447,False,False
2024-09-27 05:00:00+00:00,65354.58,0.01103040471193281,719.446448797652,-0.35568846453953323,1.0,BUY,closed,1.0,1.0,1.0,0.03122488121778441,False,False
2024-09-27 06:00:00+00:00,65344.79,0.01103040471193281,719.3384611355223,-0.35578517458169673,1.0,HOLD,closed,1.0,1.0020032550163702,0.00200325501637022,0.031220367129970672,True,False
2024-09-27 07:00:00+00:00,65460.02,0.01103040471193281,720.6094946704782,-0.35464688059206373,1.0,HOLD,closed,1.0,1.0019997216126006,0.0019997216126006467,0.031219379157446853,True,False
2024-09-27 08:00:00+00:00,65725.99,0.0,722.4307285540974,-0.35301584606274133,8.75651076269652e-27,SELL,closed,8.75651076269652e-27,8.75651076269652e-27,1.001991613325017,0.03117988571141736,False,False
2024-09-27 09:00:00+00:00,65754.01,0.0,722.4307285540974,-0.35301584606274133,8.75651076269652e-27,HOLD,closed,8.75651076269652e-27,0.0,8.75651076269652e-27,0.03112622507123214,True,False
2024-09-27 10:00:00+00:00,65490.01,0.0,722.4307285540974,-0.35301584606274133,8.75651076269652e-27,HOLD,closed,8.75651076269652e-27,0.0,8.75651076269652e-27,0.031049201771505636,True,False
2024-09-27 11:00:00+00:00,65437.35,0.011031157549716697,720.4044948134814,-0.35483047142478175,1.0,BUY,closed,1.0,1.0,1.0,0.0310203597760062,False,False
2024-09-27 12:00:00+00:00,65741.19,0.011031157549716697,723.7562017233873,-0.3518287978059266,1.0,HOLD,closed,1.0,1.0019968363228269,0.001996836322826878,0.03102464223190385,True,False
2024-09-27 13:00:00+00:00,65678.01,0.0,722.3061614753079,-0.3531274040611675,8.75651076269652e-27,SELL,closed,8.75651076269652e-27,8.75651076269652e-27,1.0019987610504915,0.03102375043789324,False,False
2024-09-27 14:00:00+00:00,66242.66,0.010997684788233687,727.070920738105,-0.3488602492759255,1.0,BUY,closed,1.0,1.0,1.0,0.031016091845408267,False,False
2024-09-27 15:00:00+00:00,66006.01,0.0,725.6141434506745,-0.3501648889922753,8.75651076269652e-27,SELL,closed,8.75651076269652e-27,8.75651076269652e-27,1.001994529558943,0.031016857886921545,False,False
2024-09-27 16:00:00+00:00,66303.03,0.0,725.6141434506745,-0.3501648889922753,8.75651076269652e-27,HOLD,closed,8.75651076269652e-27,0.0,8.75651076269652e-27,0.030993314689341966,True,False
2024-09-27 17:00:00+00:00,65915.61,0.0,725.6141434506745,-0.3501648889922753,8.75651076269652e-27,HOLD,closed,8.75651076269652e-27,0.0,8.75651076269652e-27,0.030949640499290887,True,False
2024-09-27 18:00:00+00:00,65876.42,0.011008229210814775,726.9486643456648,-0.34896973790300073,1.0,BUY,closed,1.0,1.0,1.0,0.030949442456531084,False,False
2024-09-27 19:00:00+00:00,65657.99,0.011008229210814775,724.5441368391466,-0.35112315017207346,1.0,HOLD,closed,1.0,0.9975626972768475,0.002437302723152457,0.03094527233558972,True,False
2024-09-27 20:00:00+00:00,65804.87,0.011008229210814775,726.161025545631,-0.3496751201666649,1.0,HOLD,closed,1.0,0.9975681242374096,0.0024318757625904075,0.03094640212676572,True,False
2024-09-27 21:00:00+00:00,65816.62,0.011008229210814775,726.290372238858,-0.34955928170966905,1.0,HOLD,closed,1.0,0.9975685573356583,0.0024314426643416986,0.030945934883274323,True,False
2024-09-27 22:00:00+00:00,65870.0,0.011008229210814775,726.8779915141314,-0.34903303006418485,1.0,HOLD,closed,1.0,0.9975705229510614,0.0024294770489385886,0.03094622711845349,True,False
2024-09-27 23:00:00+00:00,65769.95,0.011008229210814775,725.7766181815894,-0.3500193822022645,1.0,HOLD,closed,1.0,0.9975668361951551,0.002433163804844929,0.030946701667817572,True,False
2024-09-28 00:00:00+00:00,65899.1,0.011008229210814775,727.1983309841662,-0.3487461450345184,1.0,HOLD,closed,1.0,0.9975715931644504,0.002428406835549568,0.030943677985637685,True,False
2024-09-28 01:00:00+00:00,65994.0,0.011008229210814775,728.2430119362724,-0.3478105646456754,1.0,HOLD,closed,1.0,0.9975750767685818,0.0024249232314181857,0.030943101099856984,True,False
2024-09-28 02:00:00+00:00,66168.74,0.0,726.7904210177346,-0.3491114551937949,8.75651076269652e-27,SELL,closed,8.75651076269652e-27,8.75651076269652e-27,0.9975814650763694,0.030943266828492827,False,False
2024-09-28 03:00:00+00:00,66063.76,0.0,726.7904210177346,-0.3491114551937949,8.75651076269652e-27,HOLD,closed,8.75651076269652e-27,0.0,8.75651076269652e-27,0.030943690072527424,True,False
2024-09-28 04:00:00+00:00,66006.5,0.011001348107006545,724.7065395878816,-0.3509777078468312,1.0,BUY,closed,1.0,1.0,1.0,0.030943455359706856,False,False
2024-09-28 05:00:00+00:00,65953.8,0.011001348107006545,724.1267685426424,-0.3514969308869864,1.0,HOLD,closed,1.0,1.002007858707077,0.0020078587070770926,0.03094274454542517,True,False
2024-09-28 06:00:00+00:00,65800.0,0.011001348107006545,722.4347612037847,-0.35301223456015307,1.0,HOLD,closed,1.0,1.0020125612931794,0.0020125612931793935,0.03094325765840164,True,False
2024-09-28 07:00:00+00:00,65824.01,0.011001348107006545,722.6989035718339,-0.3527756777253499,1.0,HOLD,closed,1.0,1.0020118257133919,0.0020118257133918682,0.030943301470256035,True,False
2024-09-28 08:00:00+00:00,65635.9,0.011001348107006545,720.6294399794249,-0.3546290182582456,1.0,HOLD,closed,1.0,1.0020176031627122,0.002017603162712156,0.030940792947915352,True,False
2024-09-28 09:00:00+00:00,65628.2,0.011001348107006545,720.5447295990009,-0.35470488196620004,1.0,HOLD,closed,1.0,1.0020178403609379,0.0020178403609378837,0.030940796905148116,True,False
2024-09-28 10:00:00+00:00,65764.01,0.011001348107006545,722.0388226854135,-0.35336682350161774,1.0,HOLD,closed,1.0,1.0020136649049403,0.00201366490494026,0.030941205912067116,True,False
2024-09-28 11:00:00+00:00,65798.01,0.011001348107006545,722.4128685210517,-0.353031840895066,1.0,HOLD,closed,1.0,1.00201262228374,0.0020126222837399954,0.03093989082805554,True,False
2024-09-28 12:00:00+00:00,65548.12,0.0,720.9654968289416,-0.3543280572832127,8.75651076269652e-27,SELL,closed,8.75651076269652e-27,8.75651076269652e-27,1.0020203105327044,0.030936395152224988,False,False
2024-09-28 13:00:00+00:00,65528.03,0.010999026315765298,719.3022349138516,-0.35581761754190255,1.0,BUY,closed,1.0,1.0,1.0,0.030929368335055246,False,False
2024-09-28 14:00:00+00:00,65720.74,0.010999026315765298,721.4218572751629,-0.35391935653791096,1.0,HOLD,closed,1.0,1.0019992345142603,0.0019992345142603174,0.030930264304977334,True,False
2024-09-28 15:00:00+00:00,65619.13,0.0,719.9763806393964,-0.35521387577866803,8.75651076269652e-27,SELL,closed,8.75651076269652e-27,8.75651076269652e-27,1.002002336490438,0.030930907107472233,False,False
2024-09-28 16:00:00+00:00,65516.0,0.010972048409037309,717.4044108170193,-0.35751724363625254,1.0,BUY,closed,1.0,1.0,1.0,0.030930086680236696,False,False
2024-09-28 17:00:00+00:00,65633.2,0.010972048409037309,718.6903348905585,-0.3563656141915701,1.0,HOLD,closed,1.0,1.0020040797538878,0.002004079753887833,0.030929589242140454,True,False
2024-09-28 18:00:00+00:00,65715.01,0.0,717.2504336606023,-0.35765514029032963,8.75651076269652e-27,SELL,closed,8.75651076269652e-27,8.75651076269652e-27,1.0020015798390098,0.03093085329918585,False,False
2024-09-28 19:00:00+00:00,65724.0,0.0,717.2504336606023,-0.35765514029032963,8.75651076269652e-27,HOLD,closed,8.75651076269652e-27,0.0,8.75651076269652e-27,0.030928673608899893,True,False
2024-09-28 20:00:00+00:00,65645.99,0.0,717.2504336606023,-0.35765514029032963,8.75651076269652e-27,HOLD,closed,8.75651076269652e-27,0.0,8.75651076269652e-27,0.030929232449378563,True,False
2024-09-28 21:00:00+00:00,65692.0,0.0109260340867776,716.3181717360562,-0.3584900420582923,1.0,BUY,closed,1.0,1.0,1.0,0.030928933228507205,False,False
2024-09-28 22:00:00+00:00,65680.01,0.0,714.8830245501149,-0.3597753105984748,8.75651076269652e-27,SELL,closed,8.75651076269652e-27,8.75651076269652e-27,1.0020034699802958,0.030929732216023936,False,False
2024-09-28 23:00:00+00:00,65858.0,0.0,714.8830245501149,-0.3597753105984748,8.75651076269652e-27,HOLD,closed,8.75651076269652e-27,0.0,8.75651076269652e-27,0.030932331877388225,True,False
2024-09-29 00:00:00+00:00,65687.1,0.0,714.8830245501149,-0.3597753105984748,8.75651076269652e-27,HOLD,closed,8.75651076269652e-27,0.0,8.75651076269652e-27,0.030934144382207568,True,False
2024-09-29 01:00:00+00:00,65872.9,0.010883157036162577,715.4749916368215,-0.35924516520236444,1.0,BUY,closed,1.0,1.0,1.0,0.030934364085711152,False,False
2024-09-29 02:00:00+00:00,65824.0,0.0,714.0415398591244,-0.3605289153931397,8.75651076269652e-27,SELL,closed,8.75651076269652e-27,8.75651076269652e-27,1.0020003327260516,0.030934326128546324,False,False
2024-09-29 03:00:00+00:00,65815.92,0.0,714.0415398591244,-0.3605289153931397,8.75651076269652e-27,HOLD,closed,8.75651076269652e-27,0.0,8.75651076269652e-27,0.030932995999863544,True,False
2024-09-29 04:00:00+00:00,65741.99,0.0,714.0415398591244,-0.3605289153931397,8.75651076269652e-27,HOLD,closed,8.75651076269652e-27,0.0,8.75651076269652e-27,0.03093315325130372,True,False
2024-09-29 05:00:00+00:00,65594.01,0.010861268897495124,711.005740574496,-0.363247672990314,1.0,BUY,closed,1.0,1.0,1.0,0.030934173850932084,False,False
2024-09-29 06:00:00+00:00,65499.99,0.010861268897495124,709.9845640727535,-0.36416220360049834,1.0,HOLD,closed,1.0,1.0020119312063547,0.002011931206354678,0.030933154488917897,True,False
2024-09-29 07:00:00+00:00,65477.01,0.010861268897495124,709.7349721134891,-0.3643857295888203,1.0,HOLD,closed,1.0,1.0020126387406758,0.0020126387406758095,0.03093303726389221,True,False
2024-09-29 08:00:00+00:00,65559.91,0.010861268897495124,710.6353713050916,-0.3635793629903914,1.0,HOLD,closed,1.0,1.0020100886589205,0.0020100886589204947,0.030924951005968787,True,False
2024-09-29 09:00:00+00:00,65579.91,0.010861268897495124,710.8525966830414,-0.3633848234009032,1.0,HOLD,closed,1.0,1.0020094744074277,0.0020094744074277138,0.030922289912341444,True,False
2024-09-29 10:00:00+00:00,65571.99,0.0,709.4283907499928,-0.3646602933306916,8.75651076269652e-27,SELL,closed,8.75651076269652e-27,8.75651076269652e-27,1.0020097176061171,0.030918276066248807,False,False
2024-09-29 11:00:00+00:00,65691.92,0.0,709.4283907499928,-0.3646602933306916,8.75651076269652e-27,HOLD,closed,8.75651076269652e-27,0.0,8.75651076269652e-27,0.03090484536779567,True,False
2024-09-29 12:00:00+00:00,65631.68,0.0,709.4283907499928,-0.3646602933306916,8.75651076269652e-27,HOLD,closed,8.75651076269652e-27,0.0,8.75651076269652e-27,0.030901848159677447,True,False
2024-09-29 13:00:00+00:00,65817.98,0.0,709.4283907499928,-0.3646602933306916,8.75651076269652e-27,HOLD,closed,8.75651076269652e-27,0.0,8.75651076269652e-27,0.0308796473528761,True,False
2024-09-29 14:00:00+00:00,65694.07,0.0,709.4283907499928,-0.3646602933306916,8.75651076269652e-27,HOLD,closed,8.75651076269652e-27,0.0,8.75651076269652e-27,0.030879798745842124,True,False
2024-09-29 15:00:00+00:00,65751.34,0.0,709.4283907499928,-0.3646602933306916,8.75651076269652e-27,HOLD,closed,8.75651076269652e-27,0.0,8.75651076269652e-27,0.03087972908122777,True,False
2024-09-29 16:00:00+00:00,65764.99,0.0,709.4283907499928,-0.3646602933306916,8.75651076269652e-27,HOLD,closed,8.75651076269652e-27,0.0,8.75651076269652e-27,0.030879831567576566,True,False
2024-09-29 17:00:00+00:00,65818.01,0.0,709.4283907499928,-0.3646602933306916,8.75651076269652e-27,HOLD,closed,8.75651076269652e-27,0.0,8.75651076269652e-27,0.030880738703254973,True,False
2024-09-29 18:00:00+00:00,65789.45,0.0,709.4283907499928,-0.3646602933306916,8.75651076269652e-27,HOLD,closed,8.75651076269652e-27,0.0,8.75651076269652e-27,0.030881624854014383,True,False
2024-09-29 19:00:00+00:00,65958.82,0.0,709.4283907499928,-0.3646602933306916,8.75651076269652e-27,HOLD,closed,8.75651076269652e-27,0.0,8.75651076269652e-27,0.03087553700134696,True,False
2024-09-29 20:00:00+00:00,65812.0,0.0,709.4283907499928,-0.3646602933306916,8.75651076269652e-27,HOLD,closed,8.75651076269652e-27,0.0,8.75651076269652e-27,0.030875335850272828,True,False
2024-09-29 21:00:00+00:00,65868.6,0.010779618959366122,708.6191978912082,-0.3653849786692578,1.0,BUY,closed,1.0,1.0,1.0,0.03087603570534128,False,False
2024-09-29 22:00:00+00:00,65674.42,0.0,707.1994760916391,-0.3666564327630764,8.75651076269652e-27,SELL,closed,8.75651076269652e-27,8.75651076269652e-27,1.002008717970226,0.030877911536978525,False,False
2024-09-29 23:00:00+00:00,65602.01,0.01076826374852856,705.0049935616868,-0.36862173596358244,1.0,BUY,closed,1.0,1.0,1.0,0.030878745147108505,False,False
2024-09-30 00:00:00+00:00,65463.85,0.01076826374852856,703.5172502421901,-0.36995410779495075,1.0,HOLD,closed,1.0,1.0020109706640943,0.0020109706640942804,0.030875595021424063,True,False
2024-09-30 01:00:00+00:00,64769.99,0.010632516670383261,696.1220049705744,-0.37657703552504734,1.0,SELL,closed,1.0,1.0020325573309672,0.0020325573309671885,0.030895478910072438,True,False
2024-09-30 02:00:00+00:00,64376.01,0.010632516670383261,691.9330060527768,-0.3803285591155509,1.0,HOLD,closed,1.0,0.9892272712967696,0.010772728703230428,0.030899305276909372,True,False
2024-09-30 03:00:00+00:00,64553.68,0.010632516670383261,693.8220852896038,-0.378636764617544,1.0,HOLD,closed,1.0,0.9892566023580729,0.01074339764192711,0.03090045476349193,True,False
2024-09-30 04:00:00+00:00,64441.7,0.010632516670383261,692.6314560728542,-0.37970305126068477,1.0,HOLD,closed,1.0,0.9892381345235449,0.01076186547645508,0.03089662073495561,True,False
2024-09-30 05:00:00+00:00,64525.99,0.010632516670383261,693.5276709030009,-0.37890043203269463,1.0,HOLD,closed,1.0,0.9892520416015819,0.010747958398418134,0.030897327155319232,True,False
2024-09-30 06:00:00+00:00,64356.0,0.010632516670383261,691.7202493942024,-0.3805190966734117,1.0,HOLD,closed,1.0,0.9892239578622349,0.010776042137765063,0.03089670239051137,True,False
2024-09-30 07:00:00+00:00,64562.01,0.010632516670383261,693.910654153468,-0.37855744538431163,1.0,HOLD,closed,1.0,0.9892579736160547,0.01074202638394528,0.030898555887323875,True,False
2024-09-30 08:00:00+00:00,64311.58,0.0,692.5380840865951,-0.37978667200540617,8.75651076269652e-27,SELL,closed,8.75651076269652e-27,8.75651076269652e-27,0.9892165951123224,0.030901823192608063,False,False
2024-09-30 09:00:00+00:00,63541.01,0.010768481882836575,685.9179369847022,-0.3857154484297296,1.0,BUY,closed,1.0,1.0,1.0,0.030922680154292198,False,False
2024-09-30 10:00:00+00:00,63645.99,0.010768481882836575,687.0484122127623,-0.384703033633314,1.0,HOLD,closed,1.0,0.9975580731244816,0.002441926875518363,0.030878249823458714,True,False
2024-09-30 11:00:00+00:00,63819.44,0.010768481882836575,688.9162053953404,-0.38303030219457984,1.0,HOLD,closed,1.0,0.9975646936892684,0.002435306310731633,0.030861039355128628,True,False
2024-09-30 12:00:00+00:00,64048.0,0.0,690.5399995997192,-0.38157608786237546,8.75651076269652e-27,SELL,closed,8.75651076269652e-27,8.75651076269652e-27,0.9975733631701467,0.030795035544017108,False,False
2024-09-30 13:00:00+00:00,63874.54,0.0,690.5399995997192,-0.38157608786237546,8.75651076269652e-27,HOLD,closed,8.75651076269652e-27,0.0,8.75651076269652e-27,0.030796311775837804,True,False
2024-09-30 14:00:00+00:00,63740.72,0.0,690.5399995997192,-0.38157608786237546,8.75651076269652e-27,HOLD,closed,8.75651076269652e-27,0.0,8.75651076269652e-27,0.03079809547942708,True,False
2024-09-30 15:00:00+00:00,63561.41,0.0,690.5399995997192,-0.38157608786237546,8.75651076269652e-27,HOLD,closed,8.75651076269652e-27,0.0,8.75651076269652e-27,0.030781115679032217,True,False
2024-09-30 16:00:00+00:00,63486.98,0.010864137390255272,688.3498479431894,-0.3835375124813562,1.0,BUY,closed,1.0,1.0,1.0,0.030781203449715355,False,False
2024-09-30 17:00:00+00:00,63696.0,0.010864137390255272,690.6206699405004,-0.38150384227519973,1.0,HOLD,closed,1.0,1.0020002663246645,0.002000266324664546,0.030771411068481858,True,False
2024-09-30 18:00:00+00:00,63330.55,0.0,689.2370117511288,-0.38274299903806425,8.75651076269652e-27,SELL,closed,8.75651076269652e-27,8.75651076269652e-27,1.002011832116723,0.030774795226677393,False,False
2024-09-30 19:00:00+00:00,63488.0,0.010883166227349462,689.5716387999546,-0.3824433185434341,1.0,BUY,closed,1.0,1.0,1.0,0.03077446428864475,False,False
2024-09-30 20:00:00+00:00,63809.99,0.0,691.1996490593978,-0.3809853284570834,8.75651076269652e-27,SELL,closed,8.75651076269652e-27,8.75651076269652e-27,1.0019894193740129,0.030779593424156898,False,False
2024-09-30 21:00:00+00:00,63706.93,0.0,691.1996490593978,-0.3809853284570834,8.75651076269652e-27,HOLD,closed,8.75651076269652e-27,0.0,8.75651076269652e-27,0.03077995167144479,True,False
2024-09-30 22:00:00+00:00,63481.98,0.0,691.1996490593978,-0.3809853284570834,8.75651076269652e-27,HOLD,closed,8.75651076269652e-27,0.0,8.75651076269652e-27,0.030781628097428154,True,False
2024-09-30 23:00:00+00:00,63327.59,0.0,691.1996490593978,-0.3809853284570834,8.75651076269652e-27,HOLD,closed,8.75651076269652e-27,0.0,8.75651076269652e-27,0.030779025803628568,True,False
2024-10-01 00:00:00+00:00,63531.99,0.010914666733926404,695.0640690890968,-0.3775244865734926,1.0,BUY,closed,1.0,1.0,1.0,0.030780735528201347,False,False
