timestamp,close,position_btc,equity,drawdown,target_exposure,action,bar_state,target_exposure_raw,target_exposure_final,delta_e,delta_e_min,suppressed,clamped_long_only
2024-04-30 03:00:00+00:00,63647.99,0.0,1000.0,0.0,0.0,HOLD,closed,0.0,0.0,0.0,0.031602793098166465,True,False
2024-04-30 04:00:00+00:00,63403.98,0.0,1000.0,0.0,0.0,HOLD,closed,0.0,0.0,0.0,0.0316034199127877,True,False
2024-04-30 05:00:00+00:00,63330.0,0.014169657778781273,1001.3807671302242,0.0,0.8984126984126923,BUY,closed,0.8984126984126923,0.8984126984126923,0.8984126984126923,0.031602793098166465,False,False
2024-04-30 06:00:00+00:00,63412.0,0.015516708523053388,1002.4824771274832,0.0,0.980180865395593,BUY,closed,0.980180865395593,0.980180865395593,0.08393339600775085,0.03160256133377934,False,False
2024-04-30 07:00:00+00:00,63148.74,0.010688380419263212,999.0564593018437,-0.0034175338759600492,0.6788594184793247,SELL,closed,0.6788594184793247,0.6788594184793247,0.30257387300606176,0.03160304598833469,False,False
2024-04-30 08:00:00+00:00,61919.32,0.015612598931456006,980.7078642529035,-0.02172069175410702,1.0,BUY,closed,1.0,1.0,0.32872853205395536,0.031642837510812816,False,False
2024-04-30 09:00:00+00:00,61688.01,0.015612598931456006,977.0965139940685,-0.025323099119054705,1.0,HOLD,closed,1.0,0.9856857999346972,0.014314200065302818,0.031632092860756494,True,False
2024-04-30 10:00:00+00:00,61782.19,0.015612598931456006,978.566908561433,-0.023856345733421633,1.0,HOLD,closed,1.0,0.9857073084506995,0.014292691549300462,0.03162532978141966,True,False
2024-04-30 11:00:00+00:00,61204.42,0.012877150853747563,970.78893036812,-0.03161506308836245,0.8205676775826276,SELL,closed,0.8205676775826276,0.8205676775826276,0.16500665415106608,0.0316342003602976,False,False
2024-04-30 12:00:00+00:00,61230.16,0.015101387211107549,971.5463342829049,-0.030859534755383274,0.9517578928818,BUY,closed,0.9517578928818,0.9517578928818,0.13984001259168977,0.03161369346663315,False,False
2024-04-30 13:00:00+00:00,60820.57,0.012484137220714495,966.1125273746468,-0.03627988576623404,0.7918340946649602,SELL,closed,0.7918340946649602,0.7918340946649602,0.15959756539935221,0.031606351899796936,False,False
2024-04-30 14:00:00+00:00,61247.87,0.01353718165955988,972.0703343359261,-0.03033683229925394,0.8475390224789912,BUY,closed,0.8475390224789912,0.8475390224789912,0.06043811612070937,0.031611030098805254,False,False
2024-04-30 15:00:00+00:00,60796.85,0.008781959619423364,967.5271460893135,-0.034868770113898453,0.5568280791256786,SELL,closed,0.5568280791256786,0.5568280791256786,0.29518848227026173,0.0316160263475517,False,False
2024-04-30 16:00:00+00:00,60336.68,0.010889224801470664,962.863511799031,-0.039520855708098275,0.6871202165158375,BUY,closed,0.6871202165158375,0.6871202165158375,0.137164831719658,0.03161984632035361,False,False
2024-04-30 17:00:00+00:00,60368.81,0.01240645030368193,963.5102240412552,-0.03887574493860401,0.7771528463348956,BUY,closed,0.7771528463348956,0.7771528463348956,0.09467733782570065,0.031618353003214444,False,False
2024-04-30 18:00:00+00:00,60403.67,0.010522593960057816,963.6496649993304,-0.038736649282314115,0.6589982705481386,SELL,closed,0.6589982705481386,0.6589982705481386,0.11842876944821668,0.031616268159562894,False,False
2024-04-30 19:00:00+00:00,59292.95,0.008890987714678606,953.577222675392,-0.04878414891821797,0.5641489591791056,SELL,closed,0.5641489591791056,0.5641489591791056,0.09125076408679,0.03164891609054832,False,False
2024-04-30 20:00:00+00:00,59958.62,0.01415673443633861,962.376336662641,-0.04000682443823101,0.8748288907764707,BUY,closed,0.8748288907764707,0.8748288907764707,0.31923352820452755,0.03166093696214348,False,False
2024-04-30 21:00:00+00:00,60180.0,0.008425062193661105,965.1763271672585,-0.03721376763324772,0.52320008809317,SELL,closed,0.52320008809317,0.52320008809317,0.3591853512547848,0.03166130198749062,False,False
2024-04-30 22:00:00+00:00,60589.79,0.006184014536456593,968.0771261748209,-0.034320151960408815,0.38420701714636274,SELL,closed,0.38420701714636274,0.38420701714636274,0.14279851009687483,0.03165734340906595,False,False
2024-04-30 23:00:00+00:00,60672.0,0.0,969.0949050658409,-0.03330489342548033,0.0,SELL,closed,0.0,0.0,0.3873654153701021,0.03165173226821144,False,False
2024-05-01 00:00:00+00:00,60240.57,0.0,969.0949050658409,-0.03330489342548033,0.0,HOLD,closed,0.0,0.0,0.0,0.03165471036291975,True,False
2024-05-01 01:00:00+00:00,60133.78,0.004621209163429677,969.3597074377144,-0.03304074679158373,0.2872621854176449,BUY,closed,0.2872621854176449,0.2872621854176449,0.2872621854176449,0.0316525290620156,False,False
2024-05-01 02:00:00+00:00,59927.99,0.004621209163429677,968.4087088039721,-0.03398939043916877,0.29535006342607906,HOLD,closed,0.29535006342607906,0.28597406654464624,0.009375996881432813,0.031651405839157265,True,False
2024-05-01 03:00:00+00:00,60246.03,0.005483043098708791,970.0492140561876,-0.03235294761882525,0.3387927177866027,BUY,closed,0.3387927177866027,0.3387927177866027,0.05173663432254372,0.031652178970602074,False,False
2024-05-01 04:00:00+00:00,60283.99,0.0,969.3886613431474,-0.03301186458556655,0.0,SELL,closed,0.0,0.0,0.3406722094971263,0.0316494843370613,False,False
2024-05-01 05:00:00+00:00,60050.0,0.0,969.3886613431474,-0.03301186458556655,0.0,HOLD,closed,0.0,0.0,0.0,0.03165016420949138,True,False
2024-05-01 06:00:00+00:00,59529.94,0.003493653104843282,968.1436535698543,-0.034253789309139304,0.21641870013068423,BUY,closed,0.21641870013068423,0.21641870013068423,0.21641870013068423,0.03165679056736928,False,False
2024-05-01 07:00:00+00:00,57499.99,0.006266289913230358,955.8814171090389,-0.04648566042967168,0.38814962579523116,BUY,closed,0.38814962579523116,0.38814962579523116,0.17912339339831804,0.031776696213564465,False,False
2024-05-01 08:00:00+00:00,57169.69,0.016588028896533897,952.0441873805867,-0.050313387912198325,1.0,BUY,closed,1.0,1.0,0.6244102832554177,0.031755968662462886,False,False
2024-05-01 09:00:00+00:00,57115.61,0.015390685085247819,951.4006799642982,-0.05095530179196245,0.9250733591555633,SELL,closed,0.9250733591555633,0.9250733591555633,0.07102428165283314,0.031754331155110616,False,False
2024-05-01 10:00:00+00:00,57768.68,0.013819054029880783,960.6727550399012,-0.041706187431209525,0.8209289734944953,SELL,closed,0.8209289734944953,0.8209289734944953,0.10381784440829289,0.03174532385978043,False,False
2024-05-01 11:00:00+00:00,57898.47,0.008983004997355841,961.280054606544,-0.041100391738517726,0.5391735013701568,SELL,closed,0.5391735013701568,0.5391735013701568,0.2921304727912307,0.031728248008545484,False,False
2024-05-01 12:00:00+00:00,57969.98,0.0075221914843653865,962.0497527439838,-0.040332599627432325,0.45276343445860173,SELL,closed,0.45276343445860173,0.45276343445860173,0.08859479171236778,0.03171118128782424,False,False
2024-05-01 13:00:00+00:00,57301.29,0.006624142291826122,957.5161702398839,-0.04485495548654969,0.4012471707317776,SELL,closed,0.4012471707317776,0.4012471707317776,0.04914194699696506,0.03172136964379646,False,False
2024-05-01 14:00:00+00:00,57482.0,0.009954931908112858,958.9333134722643,-0.04344132156803858,0.5949959058621591,BUY,closed,0.5949959058621591,0.5949959058621591,0.19782922486184779,0.03171971221150466,False,False
2024-05-01 15:00:00+00:00,56886.0,0.007749898376523325,954.0609599460452,-0.04830160954053305,0.46744979498038813,SELL,closed,0.46744979498038813,0.46744979498038813,0.12677491970702842,0.031715806838856914,False,False
2024-05-01 16:00:00+00:00,57043.99,0.010083087365606671,955.388468978377,-0.046977387858239246,0.6004347266902443,BUY,closed,0.6004347266902443,0.6004347266902443,0.1376566490130094,0.031715056795005664,False,False
2024-05-01 17:00:00+00:00,57424.65,0.00811682630475977,958.7859767856587,-0.0435882934004319,0.4826974073694812,SELL,closed,0.4826974073694812,0.4826974073694812,0.12093233384939728,0.03171852674016323,False,False
2024-05-01 18:00:00+00:00,58913.99,0.005161833156330681,966.9433080309386,-0.03545116239675195,0.30530861863892483,SELL,closed,0.30530861863892483,0.30530861863892483,0.1872313849733664,0.031777227182308715,False,False
2024-05-01 19:00:00+00:00,56954.47,0.0,967.7984719762551,-0.03459811611930793,0.0,SELL,closed,0.0,0.0,0.30725406189017,0.03188668235835365,False,False
2024-05-01 20:00:00+00:00,57361.7,0.0075935703803713785,970.0256859331353,-0.03237641747848775,0.44687785009920694,BUY,closed,0.44687785009920694,0.44687785009920694,0.44687785009920694,0.03189077406233615,False,False
2024-05-01 21:00:00+00:00,57909.03,0.0045654872443992986,973.0138776628518,-0.02939562549668785,0.2688247052155053,SELL,closed,0.2688247052155053,0.2688247052155053,0.18256564224919347,0.03189880526142455,False,False
2024-05-01 22:00:00+00:00,57880.58,0.0,973.7582611676403,-0.028653085330877195,0.0,SELL,closed,0.0,0.0,0.27161825307707865,0.03189479810448173,False,False
2024-05-01 23:00:00+00:00,58364.97,0.0,973.7582611676403,-0.028653085330877195,0.0,HOLD,closed,0.0,0.0,0.0,0.03190064620084035,True,False
2024-05-02 00:00:00+00:00,57767.29,0.0,973.7582611676403,-0.028653085330877195,0.0,HOLD,closed,0.0,0.0,0.0,0.031909043467702264,True,False
2024-05-02 01:00:00+00:00,57112.37,0.0,973.7582611676403,-0.028653085330877195,0.0,HOLD,closed,0.0,0.0,0.0,0.031920837442227123,True,False
2024-05-02 02:00:00+00:00,57463.87,0.005390518895386538,975.0371440074234,-0.027377369426647476,0.3161619489380699,BUY,closed,0.3161619489380699,0.3161619489380699,0.3161619489380699,0.03192386516229967,False,False
2024-05-02 03:00:00+00:00,57442.88,0.0,975.9129864829988,-0.026503695825803076,0.0,SELL,closed,0.0,0.0,0.3176113532882915,0.03192369335302553,False,False
2024-05-02 04:00:00+00:00,57396.22,0.0,975.9129864829988,-0.026503695825803076,0.0,HOLD,closed,0.0,0.0,0.0,0.03192167024557829,True,False
2024-05-02 05:00:00+00:00,57484.57,0.0,975.9129864829988,-0.026503695825803076,0.0,HOLD,closed,0.0,0.0,0.0,0.03191797385547965,True,False
2024-05-02 06:00:00+00:00,57628.56,0.0,975.9129864829988,-0.026503695825803076,0.0,HOLD,closed,0.0,0.0,0.0,0.031918000377399586,True,False
2024-05-02 07:00:00+00:00,57681.08,0.0,975.9129864829988,-0.026503695825803076,0.0,HOLD,closed,0.0,0.0,0.0,0.03191356514721999,True,False
2024-05-02 08:00:00+00:00,57834.82,0.0,975.9129864829988,-0.026503695825803076,0.0,HOLD,closed,0.0,0.0,0.0,0.031896602173381555,True,False
2024-05-02 09:00:00+00:00,57804.36,0.0,975.9129864829988,-0.026503695825803076,0.0,HOLD,closed,0.0,0.0,0.0,0.03188732717579559,True,False
2024-05-02 10:00:00+00:00,57801.41,0.0,975.9129864829988,-0.026503695825803076,0.0,HOLD,closed,0.0,0.0,0.0,0.031830315789452834,True,False
2024-05-02 11:00:00+00:00,58559.66,0.0,975.9129864829988,-0.026503695825803076,0.0,HOLD,closed,0.0,0.0,0.0,0.03179599996683527,True,False
2024-05-02 12:00:00+00:00,58556.59,0.0,975.9129864829988,-0.026503695825803076,0.0,HOLD,closed,0.0,0.0,0.0,0.03179322286405423,True,False
2024-05-02 13:00:00+00:00,58450.22,0.0,975.9129864829988,-0.026503695825803076,0.0,HOLD,closed,0.0,0.0,0.0,0.03179006481282726,True,False
2024-05-02 14:00:00+00:00,59055.25,0.0,975.9129864829988,-0.026503695825803076,0.0,HOLD,closed,0.0,0.0,0.0,0.03179880835737953,True,False
2024-05-02 15:00:00+00:00,59264.15,0.0,975.9129864829988,-0.026503695825803076,0.0,HOLD,closed,0.0,0.0,0.0,0.0317967176917516,True,False
2024-05-02 16:00:00+00:00,59017.54,0.0,975.9129864829988,-0.026503695825803076,0.0,HOLD,closed,0.0,0.0,0.0,0.031795934183269564,True,False
2024-05-02 17:00:00+00:00,59190.24,0.0,975.9129864829988,-0.026503695825803076,0.0,HOLD,closed,0.0,0.0,0.0,0.03179162190446161,True,False
2024-05-02 18:00:00+00:00,59383.52,0.0,975.9129864829988,-0.026503695825803076,0.0,HOLD,closed,0.0,0.0,0.0,0.03179220446820269,True,False
2024-05-02 19:00:00+00:00,59351.11,0.0,975.9129864829988,-0.026503695825803076,0.0,HOLD,closed,0.0,0.0,0.0,0.031791467613322216,True,False
2024-05-02 20:00:00+00:00,58727.45,0.0,975.9129864829988,-0.026503695825803076,0.0,HOLD,closed,0.0,0.0,0.0,0.03179990554139292,True,False
2024-05-02 21:00:00+00:00,59112.58,0.0,975.9129864829988,-0.026503695825803076,0.0,HOLD,closed,0.0,0.0,0.0,0.03180363319945917,True,False
2024-05-02 22:00:00+00:00,59328.0,0.0,975.9129864829988,-0.026503695825803076,0.0,HOLD,closed,0.0,0.0,0.0,0.031802024180105276,True,False
2024-05-02 23:00:00+00:00,59060.61,0.0,975.9129864829988,-0.026503695825803076,0.0,HOLD,closed,0.0,0.0,0.0,0.03180128202378679,True,False
2024-05-03 00:00:00+00:00,59031.81,0.0,975.9129864829988,-0.026503695825803076,0.0,HOLD,closed,0.0,0.0,0.0,0.031800799248343725,True,False
2024-05-03 01:00:00+00:00,59311.11,0.0,975.9129864829988,-0.026503695825803076,0.0,HOLD,closed,0.0,0.0,0.0,0.031802223868540785,True,False
2024-05-03 02:00:00+00:00,59543.76,0.0,975.9129864829988,-0.026503695825803076,0.0,HOLD,closed,0.0,0.0,0.0,0.03180326661391353,True,False
2024-05-03 03:00:00+00:00,59720.3,0.0,975.9129864829988,-0.026503695825803076,0.0,HOLD,closed,0.0,0.0,0.0,0.03180363087432894,True,False
2024-05-03 04:00:00+00:00,59604.0,0.0,975.9129864829988,-0.026503695825803076,0.0,HOLD,closed,0.0,0.0,0.0,0.03180361870605755,True,False
2024-05-03 05:00:00+00:00,59522.67,0.0,975.9129864829988,-0.026503695825803076,0.0,HOLD,closed,0.0,0.0,0.0,0.03180321582216819,True,False
2024-05-03 06:00:00+00:00,59254.74,0.0,975.9129864829988,-0.026503695825803076,0.0,HOLD,closed,0.0,0.0,0.0,0.031798435548363646,True,False
2024-05-03 07:00:00+00:00,59190.74,0.0,975.9129864829988,-0.026503695825803076,0.0,HOLD,closed,0.0,0.0,0.0,0.031791994402368545,True,False
2024-05-03 08:00:00+00:00,59225.99,0.0,975.9129864829988,-0.026503695825803076,0.0,HOLD,closed,0.0,0.0,0.0,0.031766187913823574,True,False
2024-05-03 09:00:00+00:00,59481.12,0.0,975.9129864829988,-0.026503695825803076,0.0,HOLD,closed,0.0,0.0,0.0,0.03173709704216773,True,False
2024-05-03 10:00:00+00:00,59040.0,0.0,975.9129864829988,-0.026503695825803076,0.0,HOLD,closed,0.0,0.0,0.0,0.03168149398273559,True,False
2024-05-03 11:00:00+00:00,59291.09,0.0,975.9129864829988,-0.026503695825803076,0.0,HOLD,closed,0.0,0.0,0.0,0.03163076738114934,True,False
2024-05-03 12:00:00+00:00,60641.0,0.0,975.9129864829988,-0.026503695825803076,0.0,HOLD,closed,0.0,0.0,0.0,0.03166981260803925,True,False
2024-05-03 13:00:00+00:00,61689.94,0.0,975.9129864829988,-0.026503695825803076,0.0,HOLD,closed,0.0,0.0,0.0,0.031685598355013556,True,False
2024-05-03 14:00:00+00:00,61618.17,0.0,975.9129864829988,-0.026503695825803076,0.0,HOLD,closed,0.0,0.0,0.0,0.03163176608714738,True,False
2024-05-03 15:00:00+00:00,61690.74,0.0,975.9129864829988,-0.026503695825803076,0.0,HOLD,closed,0.0,0.0,0.0,0.03162804178954126,True,False
2024-05-03 16:00:00+00:00,61681.99,0.0,975.9129864829988,-0.026503695825803076,0.0,HOLD,closed,0.0,0.0,0.0,0.03162427176063415,True,False
2024-05-03 17:00:00+00:00,61805.85,0.0,975.9129864829988,-0.026503695825803076,0.0,HOLD,closed,0.0,0.0,0.0,0.03162185185841515,True,False
2024-05-03 18:00:00+00:00,61829.16,0.0,975.9129864829988,-0.026503695825803076,0.0,HOLD,closed,0.0,0.0,0.0,0.031621108453827595,True,False
2024-05-03 19:00:00+00:00,62067.32,0.0,975.9129864829988,-0.026503695825803076,0.0,HOLD,closed,0.0,0.0,0.0,0.03162174639114251,True,False
2024-05-03 20:00:00+00:00,62900.0,0.0,975.9129864829988,-0.026503695825803076,0.0,HOLD,closed,0.0,0.0,0.0,0.03163540416396682,True,False
2024-05-03 21:00:00+00:00,62738.0,0.0,975.9129864829988,-0.026503695825803076,0.0,HOLD,closed,0.0,0.0,0.0,0.0316138375833768,True,False
2024-05-03 22:00:00+00:00,62782.43,0.0,975.9129864829988,-0.026503695825803076,0.0,HOLD,closed,0.0,0.0,0.0,0.03160488527440747,True,False
2024-05-03 23:00:00+00:00,62882.01,0.0,975.9129864829988,-0.026503695825803076,0.0,HOLD,closed,0.0,0.0,0.0,0.0315979197268324,True,False
2024-05-04 00:00:00+00:00,63083.99,0.0,975.9129864829988,-0.026503695825803076,0.0,HOLD,closed,0.0,0.0,0.0,0.03159640808148584,True,False
2024-05-04 01:00:00+00:00,62856.03,0.0,975.9129864829988,-0.026503695825803076,0.0,HOLD,closed,0.0,0.0,0.0,0.031597558768159145,True,False
2024-05-04 02:00:00+00:00,62699.07,0.0,975.9129864829988,-0.026503695825803076,0.0,HOLD,closed,0.0,0.0,0.0,0.031598361740864556,True,False
2024-05-04 03:00:00+00:00,62724.0,0.0,975.9129864829988,-0.026503695825803076,0.0,HOLD,closed,0.0,0.0,0.0,0.03159894072206412,True,False
2024-05-04 04:00:00+00:00,63057.99,0.0,975.9129864829988,-0.026503695825803076,0.0,HOLD,closed,0.0,0.0,0.0,0.03160072951471754,True,False
2024-05-04 05:00:00+00:00,63384.01,0.0,975.9129864829988,-0.026503695825803076,0.0,HOLD,closed,0.0,0.0,0.0,0.031602793098166465,True,False
2024-05-04 06:00:00+00:00,62966.93,0.0,975.9129864829988,-0.026503695825803076,0.0,HOLD,closed,0.0,0.0,0.0,0.03160594196376623,True,False
2024-05-04 07:00:00+00:00,62959.03,0.0,975.9129864829988,-0.026503695825803076,0.0,HOLD,closed,0.0,0.0,0.0,0.03160517130981444,True,False
2024-05-04 08:00:00+00:00,63160.95,0.0,975.9129864829988,-0.026503695825803076,0.0,HOLD,closed,0.0,0.0,0.0,0.031605029423183606,True,False
2024-05-04 09:00:00+00:00,63179.8,0.0,975.9129864829988,-0.026503695825803076,0.0,HOLD,closed,0.0,0.0,0.0,0.031604427586629236,True,False
2024-05-04 10:00:00+00:00,64420.91,0.0,975.9129864829988,-0.026503695825803076,0.0,HOLD,closed,0.0,0.0,0.0,0.0316371273984041,True,False
2024-05-04 11:00:00+00:00,63873.31,0.0,975.9129864829988,-0.026503695825803076,0.0,HOLD,closed,0.0,0.0,0.0,0.031642643917790286,True,False
2024-05-04 12:00:00+00:00,64066.35,0.0,975.9129864829988,-0.026503695825803076,0.0,HOLD,closed,0.0,0.0,0.0,0.0316422572525451,True,False
2024-05-04 13:00:00+00:00,63730.01,0.0,975.9129864829988,-0.026503695825803076,0.0,HOLD,closed,0.0,0.0,0.0,0.03163505405586717,True,False
2024-05-04 14:00:00+00:00,63819.09,0.0,975.9129864829988,-0.026503695825803076,0.0,HOLD,closed,0.0,0.0,0.0,0.03163151412755158,True,False
2024-05-04 15:00:00+00:00,63609.17,0.0,975.9129864829988,-0.026503695825803076,0.0,HOLD,closed,0.0,0.0,0.0,0.03151819450753135,True,False
2024-05-04 16:00:00+00:00,63683.01,0.0,975.9129864829988,-0.026503695825803076,0.0,HOLD,closed,0.0,0.0,0.0,0.031316062830314184,True,False
2024-05-04 17:00:00+00:00,63463.3,0.0,975.9129864829988,-0.026503695825803076,0.0,HOLD,closed,0.0,0.0,0.0,0.031287333980186155,True,False
2024-05-04 18:00:00+00:00,63643.63,0.0,975.9129864829988,-0.026503695825803076,0.0,HOLD,closed,0.0,0.0,0.0,0.031244972210615396,True,False
2024-05-04 19:00:00+00:00,63921.18,0.0,975.9129864829988,-0.026503695825803076,0.0,HOLD,closed,0.0,0.0,0.0,0.031244174656460927,True,False
2024-05-04 20:00:00+00:00,63867.73,0.0,975.9129864829988,-0.026503695825803076,0.0,HOLD,closed,0.0,0.0,0.0,0.031243282258818034,True,False
2024-05-04 21:00:00+00:00,63903.91,0.0,975.9129864829988,-0.026503695825803076,0.0,HOLD,closed,0.0,0.0,0.0,0.03124372660029945,True,False
2024-05-04 22:00:00+00:00,63613.92,0.0,975.9129864829988,-0.026503695825803076,0.0,HOLD,closed,0.0,0.0,0.0,0.031236016430035124,True,False
2024-05-04 23:00:00+00:00,63892.04,0.0,975.9129864829988,-0.026503695825803076,0.0,HOLD,closed,0.0,0.0,0.0,0.031235473967809096,True,False
2024-05-05 00:00:00+00:00,63509.52,0.0,975.9129864829988,-0.026503695825803076,0.0,HOLD,closed,0.0,0.0,0.0,0.03123260176287082,True,False
2024-05-05 01:00:00+00:00,63315.47,0.0,975.9129864829988,-0.026503695825803076,0.0,HOLD,closed,0.0,0.0,0.0,0.031229299632949625,True,False
2024-05-05 02:00:00+00:00,63141.71,0.0,975.9129864829988,-0.026503695825803076,0.0,HOLD,closed,0.0,0.0,0.0,0.031229005430163215,True,False
2024-05-05 03:00:00+00:00,63235.93,0.0038812182511707622,975.7884577085475,-0.026627916225952217,0.2511153369657697,BUY,closed,0.2511153369657697,0.2511153369657697,0.2511153369657697,0.03122903615451389,False,False
2024-05-05 04:00:00+00:00,63345.2,0.0,975.2977155334788,-0.027117443161599888,0.0,SELL,closed,0.0,0.0,0.251847350499419,0.031229704162017646,False,False
2024-05-05 05:00:00+00:00,63211.67,0.0,975.2977155334788,-0.027117443161599888,0.0,HOLD,closed,0.0,0.0,0.0,0.031226974836339794,True,False
2024-05-05 06:00:00+00:00,63382.84,0.0,975.2977155334788,-0.027117443161599888,0.0,HOLD,closed,0.0,0.0,0.0,0.031225256806645035,True,False
2024-05-05 07:00:00+00:00,63736.87,0.0,975.2977155334788,-0.027117443161599888,0.0,HOLD,closed,0.0,0.0,0.0,0.031226267529526175,True,False
2024-05-05 08:00:00+00:00,63668.0,0.0,975.2977155334788,-0.027117443161599888,0.0,HOLD,closed,0.0,0.0,0.0,0.031223489858828946,True,False
2024-05-05 09:00:00+00:00,63673.42,0.0,975.2977155334788,-0.027117443161599888,0.0,HOLD,closed,0.0,0.0,0.0,0.031223057269381876,True,False
2024-05-05 10:00:00+00:00,63688.48,0.0,975.2977155334788,-0.027117443161599888,0.0,HOLD,closed,0.0,0.0,0.0,0.031218231960611714,True,False
2024-05-05 11:00:00+00:00,63859.63,0.0,975.2977155334788,-0.027117443161599888,0.0,HOLD,closed,0.0,0.0,0.0,0.031217313466905233,True,False
2024-05-05 12:00:00+00:00,63725.33,0.0,975.2977155334788,-0.027117443161599888,0.0,HOLD,closed,0.0,0.0,0.0,0.031216690433614608,True,False
2024-05-05 13:00:00+00:00,64119.92,0.0,975.2977155334788,-0.027117443161599888,0.0,HOLD,closed,0.0,0.0,0.0,0.031213638812901234,True,False
2024-05-05 14:00:00+00:00,64100.0,0.0,975.2977155334788,-0.027117443161599888,0.0,HOLD,closed,0.0,0.0,0.0,0.03120834614151652,True,False
2024-05-05 15:00:00+00:00,64428.65,0.0,975.2977155334788,-0.027117443161599888,0.0,HOLD,closed,0.0,0.0,0.0,0.031210893247201887,True,False
2024-05-05 16:00:00+00:00,64321.99,0.0,975.2977155334788,-0.027117443161599888,0.0,HOLD,closed,0.0,0.0,0.0,0.03120934018009175,True,False
2024-05-05 17:00:00+00:00,64218.0,0.0,975.2977155334788,-0.027117443161599888,0.0,HOLD,closed,0.0,0.0,0.0,0.031209670800738,True,False
2024-05-05 18:00:00+00:00,63932.6,0.0,975.2977155334788,-0.027117443161599888,0.0,HOLD,closed,0.0,0.0,0.0,0.03118123014070648,True,False
2024-05-05 19:00:00+00:00,63879.94,0.0,975.2977155334788,-0.027117443161599888,0.0,HOLD,closed,0.0,0.0,0.0,0.031212360144308088,True,False
2024-05-05 20:00:00+00:00,63738.78,0.0,975.2977155334788,-0.027117443161599888,0.0,HOLD,closed,0.0,0.0,0.0,0.031225480747531315,True,False
2024-05-05 21:00:00+00:00,63868.41,0.0,975.2977155334788,-0.027117443161599888,0.0,HOLD,closed,0.0,0.0,0.0,0.031238310657492857,True,False
2024-05-05 22:00:00+00:00,63860.01,0.0,975.2977155334788,-0.027117443161599888,0.0,HOLD,closed,0.0,0.0,0.0,0.03125818054998181,True,False
2024-05-05 23:00:00+00:00,64012.0,0.0,975.2977155334788,-0.027117443161599888,0.0,HOLD,closed,0.0,0.0,0.0,0.031279334090625194,True,False
2024-05-06 00:00:00+00:00,64218.02,0.0,975.2977155334788,-0.027117443161599888,0.0,HOLD,closed,0.0,0.0,0.0,0.031284638214526345,True,False
2024-05-06 01:00:00+00:00,64147.22,0.0,975.2977155334788,-0.027117443161599888,0.0,HOLD,closed,0.0,0.0,0.0,0.03128279605498974,True,False
2024-05-06 02:00:00+00:00,63826.09,0.0,975.2977155334788,-0.027117443161599888,0.0,HOLD,closed,0.0,0.0,0.0,0.031262357838897276,True,False
2024-05-06 03:00:00+00:00,63866.59,0.0,975.2977155334788,-0.027117443161599888,0.0,HOLD,closed,0.0,0.0,0.0,0.03126178612013178,True,False
2024-05-06 04:00:00+00:00,64166.0,0.0,975.2977155334788,-0.027117443161599888,0.0,HOLD,closed,0.0,0.0,0.0,0.0312642138563802,True,False
2024-05-06 05:00:00+00:00,64186.93,0.0,975.2977155334788,-0.027117443161599888,0.0,HOLD,closed,0.0,0.0,0.0,0.031262458830072615,True,False
2024-05-06 06:00:00+00:00,64230.02,0.0,975.2977155334788,-0.027117443161599888,0.0,HOLD,closed,0.0,0.0,0.0,0.03126234604096875,True,False
2024-05-06 07:00:00+00:00,64540.75,0.0,975.2977155334788,-0.027117443161599888,0.0,HOLD,closed,0.0,0.0,0.0,0.031256286748411355,True,False
2024-05-06 08:00:00+00:00,65143.04,0.0,975.2977155334788,-0.027117443161599888,0.0,HOLD,closed,0.0,0.0,0.0,0.031264884372527446,True,False
2024-05-06 09:00:00+00:00,65166.2,0.0,975.2977155334788,-0.027117443161599888,0.0,HOLD,closed,0.0,0.0,0.0,0.03126469881092192,True,False
2024-05-06 10:00:00+00:00,64007.17,0.0,975.2977155334788,-0.027117443161599888,0.0,HOLD,closed,0.0,0.0,0.0,0.031233380849344933,True,False
2024-05-06 11:00:00+00:00,64203.56,0.0,975.2977155334788,-0.027117443161599888,0.0,HOLD,closed,0.0,0.0,0.0,0.031231740743474512,True,False
2024-05-06 12:00:00+00:00,63593.99,0.0,975.2977155334788,-0.027117443161599888,0.0,HOLD,closed,0.0,0.0,0.0,0.031237052291207074,True,False
2024-05-06 13:00:00+00:00,63870.0,0.011162446093953471,976.9585783770796,-0.025460693161979166,0.727843892145412,BUY,closed,0.727843892145412,0.727843892145412,0.727843892145412,0.031237858788250222,False,False
2024-05-06 14:00:00+00:00,63271.97,0.004553512672030507,975.3098371324736,-0.027105351579680657,0.2997402507330629,SELL,closed,0.2997402507330629,0.2997402507330629,0.4281606617376885,0.031235134723529845,False,False
2024-05-06 15:00:00+00:00,63632.01,0.015183734275939767,982.4945745154217,-0.019938405975269396,0.9833722133702656,BUY,closed,0.9833722133702656,0.9833722133702656,0.6867865372496054,0.031240070321981672,False,False
2024-05-06 16:00:00+00:00,63192.43,0.006722894319475174,978.462833315157,-0.023960163255074707,0.4383915383527828,SELL,closed,0.4383915383527828,0.4383915383527828,0.5448809489759955,0.031244833088319407,False,False
2024-05-06 17:00:00+00:00,63169.93,0.013468847336371076,977.3070523703827,-0.02511308210517377,0.869997948984653,BUY,closed,0.869997948984653,0.869997948984653,0.43589824356761897,0.031244984087392208,False,False
2024-05-06 18:00:00+00:00,63400.0,0.011683276102753817,980.282670041736,-0.02214483304422302,0.7527817502787186,SELL,closed,0.7527817502787186,0.7527817502787186,0.11820952183438804,0.0312477716174345,False,False
2024-05-06 19:00:00+00:00,63220.0,0.006388631999832737,978.4615232497338,-0.023961470076344037,0.41407450689148284,SELL,closed,0.41407450689148284,0.41407450689148284,0.34101858087018266,0.03125099021649394,False,False
2024-05-06 20:00:00+00:00,63308.28,0.008224184938875587,978.9554089606967,-0.023468807389233452,0.5310719339091492,BUY,closed,0.5310719339091492,0.5310719339091492,0.11795368659481159,0.031291674120832724,False,False
2024-05-06 21:00:00+00:00,63550.29,0.005761562783018008,980.7529781343213,-0.02167568958953344,0.37183975989664114,SELL,closed,0.37183975989664114,0.37183975989664114,0.16096171367974516,0.031334959052881306,False,False
2024-05-06 22:00:00+00:00,63495.67,0.0,980.0208632373863,-0.022405991528608588,0.0,SELL,closed,0.0,0.0,0.37313342005278066,0.03133598831729975,False,False
2024-05-06 23:00:00+00:00,63165.19,0.0,980.0208632373863,-0.022405991528608588,0.0,HOLD,closed,0.0,0.0,0.0,0.031336265075844166,True,False
2024-05-07 00:00:00+00:00,63545.45,0.006608266177913182,981.6987552654684,-0.02073225451438166,0.42592187398636044,BUY,closed,0.42592187398636044,0.42592187398636044,0.42592187398636044,0.03133430877153759,False,False
2024-05-07 01:00:00+00:00,63895.72,0.0,982.7849893378364,-0.01964871031570358,0.0,SELL,closed,0.0,0.0,0.4290997575593806,0.03133642383557991,False,False
2024-05-07 02:00:00+00:00,63702.76,0.0,982.7849893378364,-0.01964871031570358,0.0,HOLD,closed,0.0,0.0,0.0,0.031331167691916545,True,False
2024-05-07 03:00:00+00:00,63239.49,0.0,982.7849893378364,-0.01964871031570358,0.0,HOLD,closed,0.0,0.0,0.0,0.0313344028930376,True,False
2024-05-07 04:00:00+00:00,63466.26,0.004952257424076233,983.2814500754384,-0.019153478978568738,0.31866408906069754,BUY,closed,0.31866408906069754,0.31866408906069754,0.31866408906069754,0.03133454830782445,False,False
2024-05-07 05:00:00+00:00,63563.48,0.0,984.0943644116402,-0.018342577686277752,0.0,SELL,closed,0.0,0.0,0.31997823154014127,0.03133489423270314,False,False
2024-05-07 06:00:00+00:00,63623.81,0.0,984.0943644116402,-0.018342577686277752,0.0,HOLD,closed,0.0,0.0,0.0,0.031322885519461885,True,False
2024-05-07 07:00:00+00:00,63669.69,0.0,984.0943644116402,-0.018342577686277752,0.0,HOLD,closed,0.0,0.0,0.0,0.0313156133444743,True,False
2024-05-07 08:00:00+00:00,64232.0,0.0,984.0943644116402,-0.018342577686277752,0.0,HOLD,closed,0.0,0.0,0.0,0.0313240592188446,True,False
2024-05-07 09:00:00+00:00,64119.98,0.0,984.0943644116402,-0.018342577686277752,0.0,HOLD,closed,0.0,0.0,0.0,0.031321276848232854,True,False
2024-05-07 10:00:00+00:00,64086.37,0.0,984.0943644116402,-0.018342577686277752,0.0,HOLD,closed,0.0,0.0,0.0,0.0313118833579302,True,False
2024-05-07 11:00:00+00:00,63490.43,0.0,984.0943644116402,-0.018342577686277752,0.0,HOLD,closed,0.0,0.0,0.0,0.03131857419852249,True,False
2024-05-07 12:00:00+00:00,63663.02,0.0,984.0943644116402,-0.018342577686277752,0.0,HOLD,closed,0.0,0.0,0.0,0.03129353504356072,True,False
2024-05-07 13:00:00+00:00,63213.16,0.0,984.0943644116402,-0.018342577686277752,0.0,HOLD,closed,0.0,0.0,0.0,0.03129733558324657,True,False
2024-05-07 14:00:00+00:00,64024.47,0.006540836763525649,988.5738044918255,-0.01387423017658289,0.4201497754965764,BUY,closed,0.4201497754965764,0.4201497754965764,0.4201497754965764,0.031307563544175715,False,False
2024-05-07 15:00:00+00:00,63740.48,0.0,989.6521416341174,-0.01279856335257843,0.0,SELL,closed,0.0,0.0,0.4225288328874217,0.031307537534459806,False,False
2024-05-07 16:00:00+00:00,63634.0,0.0,989.6521416341174,-0.01279856335257843,0.0,HOLD,closed,0.0,0.0,0.0,0.03130778415178437,True,False
2024-05-07 17:00:00+00:00,63391.79,0.0,989.6521416341174,-0.01279856335257843,0.0,HOLD,closed,0.0,0.0,0.0,0.03128581394353239,True,False
2024-05-07 18:00:00+00:00,63169.99,0.006866588582306318,989.2496126652675,-0.013200095526989385,0.4398367093989359,BUY,closed,0.4398367093989359,0.4398367093989359,0.4398367093989359,0.03128812797305108,False,False
2024-05-07 19:00:00+00:00,63060.01,0.011492119606734586,987.401173756429,-0.015043957091667316,0.7344068535848682,BUY,closed,0.7344068535848682,0.7344068535848682,0.29635972493737717,0.03129077503001099,False,False
2024-05-07 20:00:00+00:00,62974.94,0.012732409471930807,986.1615756214125,-0.016280485573011434,0.8139563883468872,BUY,closed,0.8139563883468872,0.8139563883468872,0.08028011847927341,0.03129016894332831,False,False
2024-05-07 21:00:00+00:00,63074.01,0.012732409471930807,987.4229754277966,-0.01502220940842594,0.8266433521369454,HOLD,closed,0.8266433521369454,0.813313182234519,0.013330169902426414,0.031291014831772435,True,False
2024-05-07 22:00:00+00:00,62850.92,0.0089615933242344,984.9481715025249,-0.017490884903246528,0.5740947312047793,SELL,closed,0.5740947312047793,0.5740947312047793,0.238679868527102,0.03130588453809244,False,False
2024-05-07 23:00:00+00:00,62312.08,0.012440868932199296,978.8110661385675,-0.023612792770945808,0.797780487291841,BUY,closed,0.797780487291841,0.797780487291841,0.22803809326684543,0.03132836122728555,False,False
2024-05-08 00:00:00+00:00,62586.01,0.01576290104573905,982.714921945797,-0.019718604197779366,1.0,BUY,closed,1.0,1.0,0.20728029832564943,0.031329476715333815,False,False
2024-05-08 01:00:00+00:00,62530.31,0.011588733228388517,981.5470711097132,-0.020883563050157622,0.738709812975308,SELL,closed,0.738709812975308,0.738709812975308,0.26518305397789543,0.03132958035113484,False,False
2024-05-08 02:00:00+00:00,62756.01,0.010632914641028744,984.1013969818412,-0.018335562531039202,0.6755788282795938,SELL,closed,0.6755788282795938,0.6755788282795938,0.06338709335814896,0.03133093051563271,False,False
2024-05-08 03:00:00+00:00,62893.99,0.005569324387979484,984.2344192704863,-0.01820286964943758,0.35462630134672146,SELL,closed,0.35462630134672146,0.35462630134672146,0.32391243958561966,0.03132235444904444,False,False
2024-05-08 04:00:00+00:00,62520.15,0.0,983.5340959261591,-0.018901458762270677,0.0,SELL,closed,0.0,0.0,0.35452237569992173,0.0313262916843601,False,False
2024-05-08 05:00:00+00:00,62617.71,0.007795149541225966,983.3196392012621,-0.019115384421611373,0.49551298791624987,BUY,closed,0.49551298791624987,0.49551298791624987,0.49551298791624987,0.031326662471597544,False,False
2024-05-08 06:00:00+00:00,62505.98,0.005275271831668815,982.4147340306906,-0.020018048748637246,0.3362266610454733,SELL,closed,0.3362266610454733,0.3362266610454733,0.15972133878115635,0.03132262962154378,False,False
2024-05-08 07:00:00+00:00,62208.0,0.006051025125406484,980.7371585268394,-0.021691470022451604,0.38561256981141057,BUY,closed,0.38561256981141057,0.38561256981141057,0.05103896917893014,0.03132304548189124,False,False
2024-05-08 08:00:00+00:00,62375.99,0.009214628891816892,981.8914227074424,-0.020540064180515624,0.5838772509639643,BUY,closed,0.5838772509639643,0.5838772509639643,0.19942370201951704,0.031323578456381534,False,False
2024-05-08 09:00:00+00:00,62302.01,0.005771466432615587,981.0350156718441,-0.0213943504699401,0.36689499045022766,SELL,closed,0.36689499045022766,0.36689499045022766,0.21818879648332,0.03132279952661715,False,False
2024-05-08 10:00:00+00:00,62450.05,0.005771466432615587,981.8894235625286,-0.020542058374887547,0.3715206466182693,HOLD,closed,0.3715206466182693,0.3670763312455746,0.004444315372694685,0.03127306606962871,True,False
2024-05-08 11:00:00+00:00,62243.4,0.0032188257707556622,980.9055333247065,-0.021523512176096403,0.2049724978779334,SELL,closed,0.2049724978779334,0.2049724978779334,0.16133410377338234,0.03124791578200084,False,False
2024-05-08 12:00:00+00:00,62238.29,0.005273944440191552,980.6226843630521,-0.02180566071046767,0.3346639679722604,BUY,closed,0.3346639679722604,0.3346639679722604,0.13042659310715923,0.031247986798580596,False,False
2024-05-08 13:00:00+00:00,62447.61,0.004654643688622911,981.5199252125179,-0.020910641725161563,0.29508934151820587,SELL,closed,0.29508934151820587,0.29508934151820587,0.040386153086651,0.0312145284905333,False,False
2024-05-08 14:00:00+00:00,62560.01,0.0,982.2572110487647,-0.02017518165172528,0.0,SELL,closed,0.0,0.0,0.296519117727811,0.031214612314600793,False,False
2024-05-08 15:00:00+00:00,62273.08,0.0,982.2572110487647,-0.02017518165172528,0.0,HOLD,closed,0.0,0.0,0.0,0.031212221616854913,True,False
2024-05-08 16:00:00+00:00,62444.45,0.003936456842568104,983.5553183365894,-0.018880288905525584,0.249563199691341,BUY,closed,0.249563199691341,0.249563199691341,0.249563199691341,0.03121380893020534,False,False
2024-05-08 17:00:00+00:00,62594.18,0.0,984.1783786990558,-0.018258771445936954,0.0,SELL,closed,0.0,0.0,0.2503689570773186,0.031209941920024353,False,False
2024-05-08 18:00:00+00:00,62515.46,0.0,984.1783786990558,-0.018258771445936954,0.0,HOLD,closed,0.0,0.0,0.0,0.03120697704025463,True,False
2024-05-08 19:00:00+00:00,62179.45,0.0,984.1783786990558,-0.018258771445936954,0.0,HOLD,closed,0.0,0.0,0.0,0.031206523056249852,True,False
2024-05-08 20:00:00+00:00,61570.01,0.005412636145546839,981.735998556237,-0.02069510345028004,0.34196518219095606,BUY,closed,0.34196518219095606,0.34196518219095606,0.34196518219095606,0.031215985375607158,False,False
2024-05-08 21:00:00+00:00,61485.94,0.015493676074555896,979.1918564173761,-0.023232945454412433,0.9721432255505822,BUY,closed,0.9721432255505822,0.9721432255505822,0.632993649179142,0.031216009121987992,False,False
2024-05-08 22:00:00+00:00,61251.01,0.015493676074555896,975.5519270971806,-0.02686386110954226,0.969490522515301,HOLD,closed,0.969490522515301,0.9727860525099942,0.0032955299946931804,0.031227513036823445,True,False
2024-05-08 23:00:00+00:00,61193.03,0.015493676074555896,974.6536037583778,-0.027759959903584895,1.0,HOLD,closed,1.0,0.9727609698302842,0.02723903016971585,0.031234508048536863,True,False
2024-05-09 00:00:00+00:00,61400.0,0.015493676074555896,977.8603298955287,-0.024561174677593254,0.9864856896576708,HOLD,closed,0.9864856896576708,0.9728502955829764,0.013635394074694385,0.03123229443483158,True,False
2024-05-09 01:00:00+00:00,61551.0,0.01059729652121094,978.8594454458256,-0.023564533266802953,0.6638177875576075,SELL,closed,0.6638177875576075,0.6638177875576075,0.30909730905137456,0.031223385577057255,False,False
2024-05-09 02:00:00+00:00,61664.64,0.0,977.5551174254985,-0.024865631340920492,0.0,SELL,closed,0.0,0.0,0.6667714150992429,0.031223642066784213,False,False
2024-05-09 03:00:00+00:00,61680.4,0.0,977.5551174254985,-0.024865631340920492,0.0,HOLD,closed,0.0,0.0,0.0,0.031223668172861235,True,False
2024-05-09 04:00:00+00:00,61511.12,0.0,977.5551174254985,-0.024865631340920492,0.0,HOLD,closed,0.0,0.0,0.0,0.031223981087026925,True,False
2024-05-09 05:00:00+00:00,61580.01,0.0,977.5551174254985,-0.024865631340920492,0.0,HOLD,closed,0.0,0.0,0.0,0.031221638012203873,True,False
2024-05-09 06:00:00+00:00,61616.01,0.0,977.5551174254985,-0.024865631340920492,0.0,HOLD,closed,0.0,0.0,0.0,0.031220972371406475,True,False
2024-05-09 07:00:00+00:00,61253.16,0.0,977.5551174254985,-0.024865631340920492,0.0,HOLD,closed,0.0,0.0,0.0,0.031207627369504776,True,False
2024-05-09 08:00:00+00:00,61310.0,0.0,977.5551174254985,-0.024865631340920492,0.0,HOLD,closed,0.0,0.0,0.0,0.031205065036605584,True,False
2024-05-09 09:00:00+00:00,61289.99,0.0,977.5551174254985,-0.024865631340920492,0.0,HOLD,closed,0.0,0.0,0.0,0.03119662017819433,True,False
2024-05-09 10:00:00+00:00,60805.99,0.0,977.5551174254985,-0.024865631340920492,0.0,HOLD,closed,0.0,0.0,0.0,0.031175646225558712,True,False
2024-05-09 11:00:00+00:00,61053.99,0.0,977.5551174254985,-0.024865631340920492,0.0,HOLD,closed,0.0,0.0,0.0,0.03117535365184404,True,False
2024-05-09 12:00:00+00:00,61516.66,0.0,977.5551174254985,-0.024865631340920492,0.0,HOLD,closed,0.0,0.0,0.0,0.031182521842870875,True,False
2024-05-09 13:00:00+00:00,61182.33,0.0,977.5551174254985,-0.024865631340920492,0.0,HOLD,closed,0.0,0.0,0.0,0.031170326063724163,True,False
2024-05-09 14:00:00+00:00,61540.61,0.0,977.5551174254985,-0.024865631340920492,0.0,HOLD,closed,0.0,0.0,0.0,0.031171277220007315,True,False
2024-05-09 15:00:00+00:00,62159.06,0.0,977.5551174254985,-0.024865631340920492,0.0,HOLD,closed,0.0,0.0,0.0,0.031178796911778467,True,False
2024-05-09 16:00:00+00:00,61859.81,0.0,977.5551174254985,-0.024865631340920492,0.0,HOLD,closed,0.0,0.0,0.0,0.031185553679548256,True,False
2024-05-09 17:00:00+00:00,61946.29,0.0,977.5551174254985,-0.024865631340920492,0.0,HOLD,closed,0.0,0.0,0.0,0.031189878536511423,True,False
2024-05-09 18:00:00+00:00,62259.69,0.0,977.5551174254985,-0.024865631340920492,0.0,HOLD,closed,0.0,0.0,0.0,0.031193347431696022,True,False
2024-05-09 19:00:00+00:00,62454.92,0.0,977.5551174254985,-0.024865631340920492,0.0,HOLD,closed,0.0,0.0,0.0,0.03119501897385285,True,False
2024-05-09 20:00:00+00:00,62624.7,0.0,977.5551174254985,-0.024865631340920492,0.0,HOLD,closed,0.0,0.0,0.0,0.03118071341165171,True,False
2024-05-09 21:00:00+00:00,62543.34,0.0,977.5551174254985,-0.024865631340920492,0.0,HOLD,closed,0.0,0.0,0.0,0.03109586021179714,True,False
2024-05-09 22:00:00+00:00,63280.47,0.0,977.5551174254985,-0.024865631340920492,0.0,HOLD,closed,0.0,0.0,0.0,0.031109977884428208,True,False
2024-05-09 23:00:00+00:00,63074.01,0.0,977.5551174254985,-0.024865631340920492,0.0,HOLD,closed,0.0,0.0,0.0,0.031107256314541726,True,False
2024-05-10 00:00:00+00:00,62840.73,0.0,977.5551174254985,-0.024865631340920492,0.0,HOLD,closed,0.0,0.0,0.0,0.031096293564736394,True,False
2024-05-10 01:00:00+00:00,62883.5,0.0,977.5551174254985,-0.024865631340920492,0.0,HOLD,closed,0.0,0.0,0.0,0.031092722747869117,True,False
2024-05-10 02:00:00+00:00,62910.61,0.0,977.5551174254985,-0.024865631340920492,0.0,HOLD,closed,0.0,0.0,0.0,0.03089792546751363,True,False
2024-05-10 03:00:00+00:00,62916.16,0.0,977.5551174254985,-0.024865631340920492,0.0,HOLD,closed,0.0,0.0,0.0,0.030897930882455876,True,False
2024-05-10 04:00:00+00:00,62929.99,0.0,977.5551174254985,-0.024865631340920492,0.0,HOLD,closed,0.0,0.0,0.0,0.030897771942473673,True,False
2024-05-10 05:00:00+00:00,62767.99,0.0,977.5551174254985,-0.024865631340920492,0.0,HOLD,closed,0.0,0.0,0.0,0.030898122765696562,True,False
2024-05-10 06:00:00+00:00,63166.0,0.0,977.5551174254985,-0.024865631340920492,0.0,HOLD,closed,0.0,0.0,0.0,0.03090442311139535,True,False
2024-05-10 07:00:00+00:00,63078.02,0.0,977.5551174254985,-0.024865631340920492,0.0,HOLD,closed,0.0,0.0,0.0,0.030905794316402974,True,False
2024-05-10 08:00:00+00:00,63039.99,0.0,977.5551174254985,-0.024865631340920492,0.0,HOLD,closed,0.0,0.0,0.0,0.030905903479382935,True,False
2024-05-10 09:00:00+00:00,63126.98,0.0,977.5551174254985,-0.024865631340920492,0.0,HOLD,closed,0.0,0.0,0.0,0.030906352158408562,True,False
2024-05-10 10:00:00+00:00,63025.45,0.0,977.5551174254985,-0.024865631340920492,0.0,HOLD,closed,0.0,0.0,0.0,0.030901127921518917,True,False
2024-05-10 11:00:00+00:00,63299.63,0.0,977.5551174254985,-0.024865631340920492,0.0,HOLD,closed,0.0,0.0,0.0,0.03090390531602555,True,False
2024-05-10 12:00:00+00:00,63007.92,0.0,977.5551174254985,-0.024865631340920492,0.0,HOLD,closed,0.0,0.0,0.0,0.030901826850496056,True,False
2024-05-10 13:00:00+00:00,63004.0,0.0,977.5551174254985,-0.024865631340920492,0.0,HOLD,closed,0.0,0.0,0.0,0.030891125350171356,True,False
2024-05-10 14:00:00+00:00,61063.87,0.0,977.5551174254985,-0.024865631340920492,0.0,HOLD,closed,0.0,0.0,0.0,0.03100542582087812,True,False
2024-05-10 15:00:00+00:00,60928.02,0.0,977.5551174254985,-0.024865631340920492,0.0,HOLD,closed,0.0,0.0,0.0,0.03100583529078399,True,False
2024-05-10 16:00:00+00:00,61071.54,0.0,977.5551174254985,-0.024865631340920492,0.0,HOLD,closed,0.0,0.0,0.0,0.031006470674248693,True,False
2024-05-10 17:00:00+00:00,60383.72,0.0,977.5551174254985,-0.024865631340920492,0.0,HOLD,closed,0.0,0.0,0.0,0.031020535410086647,True,False
2024-05-10 18:00:00+00:00,60717.07,0.0,977.5551174254985,-0.024865631340920492,0.0,HOLD,closed,0.0,0.0,0.0,0.03102027729290069,True,False
2024-05-10 19:00:00+00:00,60716.97,0.0,977.5551174254985,-0.024865631340920492,0.0,HOLD,closed,0.0,0.0,0.0,0.03101960295088152,True,False
2024-05-10 20:00:00+00:00,60516.92,0.0,977.5551174254985,-0.024865631340920492,0.0,HOLD,closed,0.0,0.0,0.0,0.0310171547951828,True,False
2024-05-10 21:00:00+00:00,60710.0,0.0,977.5551174254985,-0.024865631340920492,0.0,HOLD,closed,0.0,0.0,0.0,0.03101743079841332,True,False
2024-05-10 22:00:00+00:00,60854.01,0.0,977.5551174254985,-0.024865631340920492,0.0,HOLD,closed,0.0,0.0,0.0,0.031018706059809525,True,False
2024-05-10 23:00:00+00:00,60799.99,0.0,977.5551174254985,-0.024865631340920492,0.0,HOLD,closed,0.0,0.0,0.0,0.031019901558382662,True,False
2024-05-11 00:00:00+00:00,60779.99,0.0,977.5551174254985,-0.024865631340920492,0.0,HOLD,closed,0.0,0.0,0.0,0.03102148242521338,True,False
2024-05-11 01:00:00+00:00,60876.69,0.0,977.5551174254985,-0.024865631340920492,0.0,HOLD,closed,0.0,0.0,0.0,0.031024260506897522,True,False
2024-05-11 02:00:00+00:00,60895.23,0.0,977.5551174254985,-0.024865631340920492,0.0,HOLD,closed,0.0,0.0,0.0,0.0310245134122889,True,False
2024-05-11 03:00:00+00:00,60731.9,0.0,977.5551174254985,-0.024865631340920492,0.0,HOLD,closed,0.0,0.0,0.0,0.031025788938884385,True,False
2024-05-11 04:00:00+00:00,60766.01,0.0,977.5551174254985,-0.024865631340920492,0.0,HOLD,closed,0.0,0.0,0.0,0.031024683596096253,True,False
2024-05-11 05:00:00+00:00,60922.0,0.0,977.5551174254985,-0.024865631340920492,0.0,HOLD,closed,0.0,0.0,0.0,0.031025535881144456,True,False
2024-05-11 06:00:00+00:00,60953.01,0.0,977.5551174254985,-0.024865631340920492,0.0,HOLD,closed,0.0,0.0,0.0,0.03102566858552408,True,False
2024-05-11 07:00:00+00:00,61018.52,0.0,977.5551174254985,-0.024865631340920492,0.0,HOLD,closed,0.0,0.0,0.0,0.031025393573854587,True,False
2024-05-11 08:00:00+00:00,60790.0,0.0,977.5551174254985,-0.024865631340920492,0.0,HOLD,closed,0.0,0.0,0.0,0.031056187316360867,True,False
2024-05-11 09:00:00+00:00,60904.43,0.0,977.5551174254985,-0.024865631340920492,0.0,HOLD,closed,0.0,0.0,0.0,0.03108651076253313,True,False
2024-05-11 10:00:00+00:00,60745.99,0.0,977.5551174254985,-0.024865631340920492,0.0,HOLD,closed,0.0,0.0,0.0,0.03108843694017288,True,False
2024-05-11 11:00:00+00:00,60684.01,0.0,977.5551174254985,-0.024865631340920492,0.0,HOLD,closed,0.0,0.0,0.0,0.031067107840663882,True,False
2024-05-11 12:00:00+00:00,60710.01,0.0,977.5551174254985,-0.024865631340920492,0.0,HOLD,closed,0.0,0.0,0.0,0.031067102925645212,True,False
2024-05-11 13:00:00+00:00,60972.0,0.0,977.5551174254985,-0.024865631340920492,0.0,HOLD,closed,0.0,0.0,0.0,0.03106329196399446,True,False
2024-05-11 14:00:00+00:00,60840.01,0.0,977.5551174254985,-0.024865631340920492,0.0,HOLD,closed,0.0,0.0,0.0,0.03106251132555793,True,False
2024-05-11 15:00:00+00:00,61174.18,0.0,977.5551174254985,-0.024865631340920492,0.0,HOLD,closed,0.0,0.0,0.0,0.03106620442149341,True,False
2024-05-11 16:00:00+00:00,61201.19,0.0,977.5551174254985,-0.024865631340920492,0.0,HOLD,closed,0.0,0.0,0.0,0.031065692340259993,True,False
2024-05-11 17:00:00+00:00,61099.05,0.0,977.5551174254985,-0.024865631340920492,0.0,HOLD,closed,0.0,0.0,0.0,0.031066068027128135,True,False
2024-05-11 18:00:00+00:00,61214.54,0.0,977.5551174254985,-0.024865631340920492,0.0,HOLD,closed,0.0,0.0,0.0,0.031066219496821118,True,False
2024-05-11 19:00:00+00:00,61144.0,0.0,977.5551174254985,-0.024865631340920492,0.0,HOLD,closed,0.0,0.0,0.0,0.03106331613702179,True,False
2024-05-11 20:00:00+00:00,61016.58,0.0,977.5551174254985,-0.024865631340920492,0.0,HOLD,closed,0.0,0.0,0.0,0.031063049308145546,True,False
2024-05-11 21:00:00+00:00,60919.55,0.0,977.5551174254985,-0.024865631340920492,0.0,HOLD,closed,0.0,0.0,0.0,0.03106249909863315,True,False
2024-05-11 22:00:00+00:00,60909.99,0.0,977.5551174254985,-0.024865631340920492,0.0,HOLD,closed,0.0,0.0,0.0,0.03106221566408776,True,False
2024-05-11 23:00:00+00:00,60825.99,0.0,977.5551174254985,-0.024865631340920492,0.0,HOLD,closed,0.0,0.0,0.0,0.031065309956551213,True,False
2024-05-12 00:00:00+00:00,60978.0,0.0,977.5551174254985,-0.024865631340920492,0.0,HOLD,closed,0.0,0.0,0.0,0.03107488422768767,True,False
2024-05-12 01:00:00+00:00,60867.99,0.0,977.5551174254985,-0.024865631340920492,0.0,HOLD,closed,0.0,0.0,0.0,0.031084493828522047,True,False
2024-05-12 02:00:00+00:00,60929.85,0.0,977.5551174254985,-0.024865631340920492,0.0,HOLD,closed,0.0,0.0,0.0,0.031084717385674143,True,False
2024-05-12 03:00:00+00:00,60930.0,0.0,977.5551174254985,-0.024865631340920492,0.0,HOLD,closed,0.0,0.0,0.0,0.031084514337109653,True,False
2024-05-12 04:00:00+00:00,61100.0,0.0,977.5551174254985,-0.024865631340920492,0.0,HOLD,closed,0.0,0.0,0.0,0.031084295097809994,True,False
2024-05-12 05:00:00+00:00,61050.01,0.0,977.5551174254985,-0.024865631340920492,0.0,HOLD,closed,0.0,0.0,0.0,0.031084647519564856,True,False
2024-05-12 06:00:00+00:00,60946.49,0.0,977.5551174254985,-0.024865631340920492,0.0,HOLD,closed,0.0,0.0,0.0,0.03108516185145843,True,False
2024-05-12 07:00:00+00:00,60820.0,0.0,977.5551174254985,-0.024865631340920492,0.0,HOLD,closed,0.0,0.0,0.0,0.031083642369990616,True,False
2024-05-12 08:00:00+00:00,61049.97,0.0,977.5551174254985,-0.024865631340920492,0.0,HOLD,closed,0.0,0.0,0.0,0.031084159652279814,True,False
2024-05-12 09:00:00+00:00,61000.0,0.0,977.5551174254985,-0.024865631340920492,0.0,HOLD,closed,0.0,0.0,0.0,0.03108409476186963,True,False
2024-05-12 10:00:00+00:00,61159.99,0.0,977.5551174254985,-0.024865631340920492,0.0,HOLD,closed,0.0,0.0,0.0,0.031085065494677155,True,False
2024-05-12 11:00:00+00:00,61146.0,0.0,977.5551174254985,-0.024865631340920492,0.0,HOLD,closed,0.0,0.0,0.0,0.03108452358717184,True,False
2024-05-12 12:00:00+00:00,61155.75,0.0,977.5551174254985,-0.024865631340920492,0.0,HOLD,closed,0.0,0.0,0.0,0.031078099267125403,True,False
2024-05-12 13:00:00+00:00,61191.29,0.0,977.5551174254985,-0.024865631340920492,0.0,HOLD,closed,0.0,0.0,0.0,0.031076379514461433,True,False
2024-05-12 14:00:00+00:00,61168.82,0.0,977.5551174254985,-0.024865631340920492,0.0,HOLD,closed,0.0,0.0,0.0,0.031079260150308124,True,False
2024-05-12 15:00:00+00:00,61419.0,0.0,977.5551174254985,-0.024865631340920492,0.0,HOLD,closed,0.0,0.0,0.0,0.031082648941550217,True,False
2024-05-12 16:00:00+00:00,61346.77,0.0,977.5551174254985,-0.024865631340920492,0.0,HOLD,closed,0.0,0.0,0.0,0.031090501084334615,True,False
2024-05-12 17:00:00+00:00,61616.3,0.0,977.5551174254985,-0.024865631340920492,0.0,HOLD,closed,0.0,0.0,0.0,0.03110097479679247,True,False
2024-05-12 18:00:00+00:00,61373.94,0.0,977.5551174254985,-0.024865631340920492,0.0,HOLD,closed,0.0,0.0,0.0,0.031099200254065873,True,False
2024-05-12 19:00:00+00:00,61406.1,0.0,977.5551174254985,-0.024865631340920492,0.0,HOLD,closed,0.0,0.0,0.0,0.031099335432207026,True,False
2024-05-12 20:00:00+00:00,61284.03,0.0,977.5551174254985,-0.024865631340920492,0.0,HOLD,closed,0.0,0.0,0.0,0.031100043696155988,True,False
2024-05-12 21:00:00+00:00,61236.0,0.0,977.5551174254985,-0.024865631340920492,0.0,HOLD,closed,0.0,0.0,0.0,0.031098473673335403,True,False
2024-05-12 22:00:00+00:00,61326.0,0.0,977.5551174254985,-0.024865631340920492,0.0,HOLD,closed,0.0,0.0,0.0,0.03109812393491232,True,False
2024-05-12 23:00:00+00:00,61483.99,0.0,977.5551174254985,-0.024865631340920492,0.0,HOLD,closed,0.0,0.0,0.0,0.03107516230494195,True,False
2024-05-13 00:00:00+00:00,61512.89,0.0,977.5551174254985,-0.024865631340920492,0.0,HOLD,closed,0.0,0.0,0.0,0.031075251030740325,True,False
2024-05-13 01:00:00+00:00,61415.87,0.0,977.5551174254985,-0.024865631340920492,0.0,HOLD,closed,0.0,0.0,0.0,0.03106378553779751,True,False
2024-05-13 02:00:00+00:00,61044.26,0.0,977.5551174254985,-0.024865631340920492,0.0,HOLD,closed,0.0,0.0,0.0,0.031068325299223043,True,False
2024-05-13 03:00:00+00:00,61170.0,0.0075176972343921275,979.6394683216677,-0.022786441984771626,0.4694489920794555,BUY,closed,0.4694489920794555,0.4694489920794555,0.4694489920794555,0.03106593690523285,False,False
2024-05-13 04:00:00+00:00,60976.96,0.0,978.719983170782,-0.02370365018727341,0.0,SELL,closed,0.0,0.0,0.4686279175752772,0.031067325368683424,False,False
2024-05-13 05:00:00+00:00,60858.97,0.009079466745058785,976.5411435093228,-0.025877094323376947,0.5656758726241032,BUY,closed,0.5656758726241032,0.5656758726241032,0.5656758726241032,0.03106791613865509,False,False
2024-05-13 06:00:00+00:00,61504.1,0.012585732855410732,984.2337302972219,-0.018203556916577084,0.7796780533858809,BUY,closed,0.7796780533858809,0.7796780533858809,0.2112484545798876,0.031082399478060463,False,False
2024-05-13 07:00:00+00:00,62334.37,0.0,986.1620825404539,-0.016279979909268695,0.0,SELL,closed,0.0,0.0,0.7887171112738797,0.03110499379569709,False,False
2024-05-13 08:00:00+00:00,62767.18,0.0,986.1620825404539,-0.016279979909268695,0.0,HOLD,closed,0.0,0.0,0.0,0.031110832925004217,True,False
2024-05-13 09:00:00+00:00,63060.6,0.0,986.1620825404539,-0.016279979909268695,0.0,HOLD,closed,0.0,0.0,0.0,0.03111338324483856,True,False
2024-05-13 10:00:00+00:00,62674.7,0.0,986.1620825404539,-0.016279979909268695,0.0,HOLD,closed,0.0,0.0,0.0,0.03111793044417363,True,False
2024-05-13 11:00:00+00:00,62738.0,0.0,986.1620825404539,-0.016279979909268695,0.0,HOLD,closed,0.0,0.0,0.0,0.031118029672412395,True,False
2024-05-13 12:00:00+00:00,62844.04,0.0,986.1620825404539,-0.016279979909268695,0.0,HOLD,closed,0.0,0.0,0.0,0.031117701651483448,True,False
2024-05-13 13:00:00+00:00,62779.66,0.0,986.1620825404539,-0.016279979909268695,0.0,HOLD,closed,0.0,0.0,0.0,0.03111365339557584,True,False
2024-05-13 14:00:00+00:00,62747.87,0.0,986.1620825404539,-0.016279979909268695,0.0,HOLD,closed,0.0,0.0,0.0,0.03111307049128198,True,False
2024-05-13 15:00:00+00:00,63002.0,0.0,986.1620825404539,-0.016279979909268695,0.0,HOLD,closed,0.0,0.0,0.0,0.031114682278686606,True,False
2024-05-13 16:00:00+00:00,63178.89,0.0,986.1620825404539,-0.016279979909268695,0.0,HOLD,closed,0.0,0.0,0.0,0.031115964646709626,True,False
2024-05-13 17:00:00+00:00,62810.51,0.0,986.1620825404539,-0.016279979909268695,0.0,HOLD,closed,0.0,0.0,0.0,0.031120551882120318,True,False
2024-05-13 18:00:00+00:00,62786.9,0.0,986.1620825404539,-0.016279979909268695,0.0,HOLD,closed,0.0,0.0,0.0,0.03111373296618236,True,False
2024-05-13 19:00:00+00:00,63172.69,0.0,986.1620825404539,-0.016279979909268695,0.0,HOLD,closed,0.0,0.0,0.0,0.031117462675912283,True,False
2024-05-13 20:00:00+00:00,63091.89,0.0,986.1620825404539,-0.016279979909268695,0.0,HOLD,closed,0.0,0.0,0.0,0.031116531129120634,True,False
2024-05-13 21:00:00+00:00,62901.75,0.0,986.1620825404539,-0.016279979909268695,0.0,HOLD,closed,0.0,0.0,0.0,0.0311160332008886,True,False
2024-05-13 22:00:00+00:00,62770.0,0.0,986.1620825404539,-0.016279979909268695,0.0,HOLD,closed,0.0,0.0,0.0,0.031115828214917846,True,False
2024-05-13 23:00:00+00:00,62940.08,0.0,986.1620825404539,-0.016279979909268695,0.0,HOLD,closed,0.0,0.0,0.0,0.031115824652149154,True,False
2024-05-14 00:00:00+00:00,62815.03,0.0,986.1620825404539,-0.016279979909268695,0.0,HOLD,closed,0.0,0.0,0.0,0.031115517703138557,True,False
2024-05-14 01:00:00+00:00,62652.02,0.0,986.1620825404539,-0.016279979909268695,0.0,HOLD,closed,0.0,0.0,0.0,0.03111487702845242,True,False
2024-05-14 02:00:00+00:00,62541.99,0.0,986.1620825404539,-0.016279979909268695,0.0,HOLD,closed,0.0,0.0,0.0,0.031115440732381927,True,False
2024-05-14 03:00:00+00:00,62488.46,0.0,986.1620825404539,-0.016279979909268695,0.0,HOLD,closed,0.0,0.0,0.0,0.031113842630516503,True,False
2024-05-14 04:00:00+00:00,62550.22,0.0,986.1620825404539,-0.016279979909268695,0.0,HOLD,closed,0.0,0.0,0.0,0.03111392320696721,True,False
2024-05-14 05:00:00+00:00,62717.22,0.0,986.1620825404539,-0.016279979909268695,0.0,HOLD,closed,0.0,0.0,0.0,0.0311144569908873,True,False
2024-05-14 06:00:00+00:00,62042.0,0.0,986.1620825404539,-0.016279979909268695,0.0,HOLD,closed,0.0,0.0,0.0,0.03112878652183615,True,False
2024-05-14 07:00:00+00:00,62035.39,0.005211426745359208,985.4808708882488,-0.016959504656830406,0.32786424437287687,BUY,closed,0.32786424437287687,0.32786424437287687,0.32786424437287687,0.031128256182671038,False,False
2024-05-14 08:00:00+00:00,61861.0,0.005211426745359208,984.5720501781257,-0.017866074827241014,0.3069869681016205,HOLD,closed,0.3069869681016205,0.3274357319368768,0.02044876383525629,0.0311331916920152,True,False
2024-05-14 09:00:00+00:00,61797.85,0.006839772597402925,983.9385896515082,-0.01849796669674538,0.42988902451013083,BUY,closed,0.42988902451013083,0.42988902451013083,0.10267817808180535,0.031133500993104857,False,False
2024-05-14 10:00:00+00:00,61719.01,0.007341155408060676,983.4375405473622,-0.018997775038115783,0.4613258601628469,BUY,closed,0.4613258601628469,0.4613258601628469,0.03205569969384281,0.031129399852158873,False,False
2024-05-14 11:00:00+00:00,61798.57,0.008420993302279243,983.9741992196265,-0.01846244530965809,0.5281746702579005,BUY,closed,0.5281746702579005,0.5281746702579005,0.06713509039300508,0.031123022201365952,False,False
2024-05-14 12:00:00+00:00,61566.52,0.007601469730736026,982.3368296102408,-0.020095760252057306,0.4783608355500997,SELL,closed,0.4783608355500997,0.4783608355500997,0.04958278646628567,0.031122972833442647,False,False
2024-05-14 13:00:00+00:00,61695.98,0.010828352470229,983.3412005722478,-0.019093876443688988,0.6779720398922258,BUY,closed,0.6779720398922258,0.6779720398922258,0.20103707704986817,0.031124753582486314,False,False
2024-05-14 14:00:00+00:00,61803.74,0.007048382960143084,984.6838401573411,-0.01775456167687075,0.44169967734713894,SELL,closed,0.44169967734713894,0.44169967734713894,0.23806385662725899,0.031126798561921326,False,False
2024-05-14 15:00:00+00:00,61787.61,0.004351249147944929,985.0303877848095,-0.017408872215583265,0.27313794866294977,SELL,closed,0.27313794866294977,0.27313794866294977,0.16918984035938228,0.031125945613280526,False,False
2024-05-14 16:00:00+00:00,61427.54,0.004351249147944929,983.4636335041089,-0.018971746696132767,0.2524143120377464,HOLD,closed,0.2524143120377464,0.27178079796708243,0.01936648592933604,0.03113050031245418,True,False
2024-05-14 17:00:00+00:00,61314.98,0.008472512714219579,983.1452397346549,-0.01928935201764058,0.5294602801488029,BUY,closed,0.5294602801488029,0.5294602801488029,0.2580423247184809,0.031131656843819355,False,False
2024-05-14 18:00:00+00:00,61429.99,0.008472512714219579,984.1196634219172,-0.018317341324691205,0.5368517477860633,HOLD,closed,0.5368517477860633,0.5288649243117952,0.007986823474268046,0.031134351514250397,True,False
2024-05-14 19:00:00+00:00,61596.52,0.005894727234895692,985.4979766561373,-0.016942441248462847,0.3674295829674458,SELL,closed,0.3674295829674458,0.3674295829674458,0.1621098383721699,0.031137460668857392,False,False
2024-05-14 20:00:00+00:00,61610.04,0.0,984.7719100060347,-0.01766670991815884,0.0,SELL,closed,0.0,0.0,0.36848884724611547,0.031136666667196417,False,False
2024-05-14 21:00:00+00:00,61694.56,0.0,984.7719100060347,-0.01766670991815884,0.0,HOLD,closed,0.0,0.0,0.0,0.031139183548303806,True,False
2024-05-14 22:00:00+00:00,61708.79,0.0,984.7719100060347,-0.01766670991815884,0.0,HOLD,closed,0.0,0.0,0.0,0.03113791377854913,True,False
2024-05-14 23:00:00+00:00,61577.49,0.0,984.7719100060347,-0.01766670991815884,0.0,HOLD,closed,0.0,0.0,0.0,0.03113833643038605,True,False
2024-05-15 00:00:00+00:00,61438.35,0.0,984.7719100060347,-0.01766670991815884,0.0,HOLD,closed,0.0,0.0,0.0,0.031135445152479707,True,False
2024-05-15 01:00:00+00:00,61696.0,0.0038603194767123654,985.292059415136,-0.017147848570485423,0.24083917982654254,BUY,closed,0.24083917982654254,0.24083917982654254,0.24083917982654254,0.031136558398130287,False,False
2024-05-15 02:00:00+00:00,61774.01,0.0,984.8158074313931,-0.017622921197298407,0.0,SELL,closed,0.0,0.0,0.24195318438366203,0.031140565753145194,False,False
2024-05-15 03:00:00+00:00,61949.99,0.0,984.8158074313931,-0.017622921197298407,0.0,HOLD,closed,0.0,0.0,0.0,0.031144840000822627,True,False
2024-05-15 04:00:00+00:00,61900.0,0.0,984.8158074313931,-0.017622921197298407,0.0,HOLD,closed,0.0,0.0,0.0,0.031146477716761184,True,False
2024-05-15 05:00:00+00:00,61928.68,0.0,984.8158074313931,-0.017622921197298407,0.0,HOLD,closed,0.0,0.0,0.0,0.031147517111790424,True,False
2024-05-15 06:00:00+00:00,61962.75,0.0,984.8158074313931,-0.017622921197298407,0.0,HOLD,closed,0.0,0.0,0.0,0.031149180596456383,True,False
2024-05-15 07:00:00+00:00,62195.04,0.0,984.8158074313931,-0.017622921197298407,0.0,HOLD,closed,0.0,0.0,0.0,0.031152159914445393,True,False
2024-05-15 08:00:00+00:00,62143.51,0.0,984.8158074313931,-0.017622921197298407,0.0,HOLD,closed,0.0,0.0,0.0,0.031151174769495138,True,False
2024-05-15 09:00:00+00:00,62649.98,0.0,984.8158074313931,-0.017622921197298407,0.0,HOLD,closed,0.0,0.0,0.0,0.03115729463007666,True,False
2024-05-15 10:00:00+00:00,62674.71,0.0,984.8158074313931,-0.017622921197298407,0.0,HOLD,closed,0.0,0.0,0.0,0.031137533486335356,True,False
2024-05-15 11:00:00+00:00,62467.18,0.0,984.8158074313931,-0.017622921197298407,0.0,HOLD,closed,0.0,0.0,0.0,0.031127225273554743,True,False
2024-05-15 12:00:00+00:00,63757.56,0.0,984.8158074313931,-0.017622921197298407,0.0,HOLD,closed,0.0,0.0,0.0,0.031179645802946798,True,False
2024-05-15 13:00:00+00:00,64145.99,0.0,984.8158074313931,-0.017622921197298407,0.0,HOLD,closed,0.0,0.0,0.0,0.031184259300592543,True,False
2024-05-15 14:00:00+00:00,64500.0,0.0,984.8158074313931,-0.017622921197298407,0.0,HOLD,closed,0.0,0.0,0.0,0.03117189082969596,True,False
2024-05-15 15:00:00+00:00,64725.11,0.0,984.8158074313931,-0.017622921197298407,0.0,HOLD,closed,0.0,0.0,0.0,0.03117423679034642,True,False
2024-05-15 16:00:00+00:00,64759.27,0.0,984.8158074313931,-0.017622921197298407,0.0,HOLD,closed,0.0,0.0,0.0,0.031173842179030964,True,False
2024-05-15 17:00:00+00:00,65046.56,0.0,984.8158074313931,-0.017622921197298407,0.0,HOLD,closed,0.0,0.0,0.0,0.031173880763092382,True,False
2024-05-15 18:00:00+00:00,65717.28,0.0,984.8158074313931,-0.017622921197298407,0.0,HOLD,closed,0.0,0.0,0.0,0.031186253742301828,True,False
2024-05-15 19:00:00+00:00,66006.23,0.0,984.8158074313931,-0.017622921197298407,0.0,HOLD,closed,0.0,0.0,0.0,0.031189384521688873,True,False
2024-05-15 20:00:00+00:00,65930.87,0.0,984.8158074313931,-0.017622921197298407,0.0,HOLD,closed,0.0,0.0,0.0,0.03118736390452065,True,False
2024-05-15 21:00:00+00:00,65859.99,0.0,984.8158074313931,-0.017622921197298407,0.0,HOLD,closed,0.0,0.0,0.0,0.031180160565871112,True,False
2024-05-15 22:00:00+00:00,66116.3,0.0,984.8158074313931,-0.017622921197298407,0.0,HOLD,closed,0.0,0.0,0.0,0.03118056608742839,True,False
2024-05-15 23:00:00+00:00,66206.5,0.0,984.8158074313931,-0.017622921197298407,0.0,HOLD,closed,0.0,0.0,0.0,0.031180940982058897,True,False
2024-05-16 00:00:00+00:00,66083.9,0.0,984.8158074313931,-0.017622921197298407,0.0,HOLD,closed,0.0,0.0,0.0,0.031181284975892176,True,False
2024-05-16 01:00:00+00:00,65985.99,0.0,984.8158074313931,-0.017622921197298407,0.0,HOLD,closed,0.0,0.0,0.0,0.031181163558249958,True,False
2024-05-16 02:00:00+00:00,65909.51,0.0,984.8158074313931,-0.017622921197298407,0.0,HOLD,closed,0.0,0.0,0.0,0.031181243871394593,True,False
2024-05-16 03:00:00+00:00,65975.39,0.0,984.8158074313931,-0.017622921197298407,0.0,HOLD,closed,0.0,0.0,0.0,0.031179155294350502,True,False
2024-05-16 04:00:00+00:00,65813.33,0.0,984.8158074313931,-0.017622921197298407,0.0,HOLD,closed,0.0,0.0,0.0,0.03117978347982797,True,False
2024-05-16 05:00:00+00:00,65781.99,0.0,984.8158074313931,-0.017622921197298407,0.0,HOLD,closed,0.0,0.0,0.0,0.03117981055804772,True,False
2024-05-16 06:00:00+00:00,65958.14,0.0,984.8158074313931,-0.017622921197298407,0.0,HOLD,closed,0.0,0.0,0.0,0.03117277854846698,True,False
2024-05-16 07:00:00+00:00,66142.62,0.0,984.8158074313931,-0.017622921197298407,0.0,HOLD,closed,0.0,0.0,0.0,0.031168784725240095,True,False
2024-05-16 08:00:00+00:00,66297.12,0.0,984.8158074313931,-0.017622921197298407,0.0,HOLD,closed,0.0,0.0,0.0,0.031163834723545558,True,False
2024-05-16 09:00:00+00:00,66364.69,0.0,984.8158074313931,-0.017622921197298407,0.0,HOLD,closed,0.0,0.0,0.0,0.031164186268603122,True,False
2024-05-16 10:00:00+00:00,66169.99,0.0,984.8158074313931,-0.017622921197298407,0.0,HOLD,closed,0.0,0.0,0.0,0.031165355257785105,True,False
2024-05-16 11:00:00+00:00,66503.8,0.0,984.8158074313931,-0.017622921197298407,0.0,HOLD,closed,0.0,0.0,0.0,0.031150979094678732,True,False
2024-05-16 12:00:00+00:00,66011.01,0.0,984.8158074313931,-0.017622921197298407,0.0,HOLD,closed,0.0,0.0,0.0,0.031155393411664928,True,False
2024-05-16 13:00:00+00:00,66328.05,0.0,984.8158074313931,-0.017622921197298407,0.0,HOLD,closed,0.0,0.0,0.0,0.031156578747177255,True,False
2024-05-16 14:00:00+00:00,65598.7,0.0,984.8158074313931,-0.017622921197298407,0.0,HOLD,closed,0.0,0.0,0.0,0.031173474881160568,True,False
2024-05-16 15:00:00+00:00,65818.88,0.0,984.8158074313931,-0.017622921197298407,0.0,HOLD,closed,0.0,0.0,0.0,0.031176150041816786,True,False
2024-05-16 16:00:00+00:00,65154.99,0.0,984.8158074313931,-0.017622921197298407,0.0,HOLD,closed,0.0,0.0,0.0,0.03121431824431073,True,False
2024-05-16 17:00:00+00:00,64994.99,0.00370783973589352,984.8396880026118,-0.017599099762247383,0.24530904359207037,BUY,closed,0.24530904359207037,0.24530904359207037,0.24530904359207037,0.03124034901198572,False,False
2024-05-16 18:00:00+00:00,65122.18,0.006242909892466932,985.3040822080377,-0.01713585554998282,0.4118068404832926,BUY,closed,0.4118068404832926,0.4118068404832926,0.16674458493138042,0.031253986110275994,False,False
2024-05-16 19:00:00+00:00,65186.85,0.004952404578296643,985.839378433747,-0.016601884894213197,0.32718765971337305,SELL,closed,0.32718765971337305,0.32718765971337305,0.08566859048934733,0.03126736299797436,False,False
2024-05-16 20:00:00+00:00,65273.9,0.00415113679223054,986.0962887649555,-0.016345610757687017,0.27436640753172914,SELL,closed,0.27436640753172914,0.27436640753172914,0.053396377664653105,0.03126663337522825,False,False
2024-05-16 21:00:00+00:00,65461.99,0.0,985.5545024696746,-0.016886055411476187,0.0,SELL,closed,0.0,0.0,0.27535513973012904,0.03126760485639557,False,False
2024-05-16 22:00:00+00:00,65418.97,0.0,985.5545024696746,-0.016886055411476187,0.0,HOLD,closed,0.0,0.0,0.0,0.03128447991176808,True,False
2024-05-16 23:00:00+00:00,65235.21,0.0,985.5545024696746,-0.016886055411476187,0.0,HOLD,closed,0.0,0.0,0.0,0.03130233299755186,True,False
2024-05-17 00:00:00+00:00,65508.69,0.0035864643023561017,986.0672842413636,-0.016374543456515817,0.23739301209158933,BUY,closed,0.23739301209158933,0.23739301209158933,0.23739301209158933,0.031303960089778454,False,False
2024-05-17 01:00:00+00:00,65340.84,0.0,985.5975483502261,-0.016843116126716955,0.0,SELL,closed,0.0,0.0,0.23779892711356196,0.031301355109973894,False,False
2024-05-17 02:00:00+00:00,65386.01,0.0,985.5975483502261,-0.016843116126716955,0.0,HOLD,closed,0.0,0.0,0.0,0.03130195626701737,True,False
2024-05-17 03:00:00+00:00,65584.53,0.0,985.5975483502261,-0.016843116126716955,0.0,HOLD,closed,0.0,0.0,0.0,0.0313043623309843,True,False
2024-05-17 04:00:00+00:00,65451.81,0.0,985.5975483502261,-0.016843116126716955,0.0,HOLD,closed,0.0,0.0,0.0,0.0313043612684204,True,False
2024-05-17 05:00:00+00:00,65700.0,0.0,985.5975483502261,-0.016843116126716955,0.0,HOLD,closed,0.0,0.0,0.0,0.03130615945476464,True,False
2024-05-17 06:00:00+00:00,65955.56,0.0,985.5975483502261,-0.016843116126716955,0.0,HOLD,closed,0.0,0.0,0.0,0.03130422638173805,True,False
2024-05-17 07:00:00+00:00,66386.94,0.0,985.5975483502261,-0.016843116126716955,0.0,HOLD,closed,0.0,0.0,0.0,0.031309693009608064,True,False
2024-05-17 08:00:00+00:00,66146.01,0.0,985.5975483502261,-0.016843116126716955,0.0,HOLD,closed,0.0,0.0,0.0,0.031311801115181864,True,False
2024-05-17 09:00:00+00:00,66344.44,0.0,985.5975483502261,-0.016843116126716955,0.0,HOLD,closed,0.0,0.0,0.0,0.03130963447260707,True,False
2024-05-17 10:00:00+00:00,66500.48,0.0,985.5975483502261,-0.016843116126716955,0.0,HOLD,closed,0.0,0.0,0.0,0.031297182337811785,True,False
2024-05-17 11:00:00+00:00,66218.0,0.0,985.5975483502261,-0.016843116126716955,0.0,HOLD,closed,0.0,0.0,0.0,0.031295697450320126,True,False
2024-05-17 12:00:00+00:00,66379.97,0.0,985.5975483502261,-0.016843116126716955,0.0,HOLD,closed,0.0,0.0,0.0,0.0312963251223404,True,False
2024-05-17 13:00:00+00:00,65944.02,0.0,985.5975483502261,-0.016843116126716955,0.0,HOLD,closed,0.0,0.0,0.0,0.031298843735973386,True,False
2024-05-17 14:00:00+00:00,66806.66,0.0,985.5975483502261,-0.016843116126716955,0.0,HOLD,closed,0.0,0.0,0.0,0.03132172346493753,True,False
2024-05-17 15:00:00+00:00,67195.1,0.0,985.5975483502261,-0.016843116126716955,0.0,HOLD,closed,0.0,0.0,0.0,0.031323674348413544,True,False
2024-05-17 16:00:00+00:00,66929.99,0.0,985.5975483502261,-0.016843116126716955,0.0,HOLD,closed,0.0,0.0,0.0,0.03132448175593694,True,False
2024-05-17 17:00:00+00:00,66702.52,0.0,985.5975483502261,-0.016843116126716955,0.0,HOLD,closed,0.0,0.0,0.0,0.03132609721534574,True,False
2024-05-17 18:00:00+00:00,66821.98,0.0,985.5975483502261,-0.016843116126716955,0.0,HOLD,closed,0.0,0.0,0.0,0.03132654144267255,True,False
2024-05-17 19:00:00+00:00,67047.99,0.0,985.5975483502261,-0.016843116126716955,0.0,HOLD,closed,0.0,0.0,0.0,0.03132979124152324,True,False
2024-05-17 20:00:00+00:00,66890.0,0.0,985.5975483502261,-0.016843116126716955,0.0,HOLD,closed,0.0,0.0,0.0,0.03132018159702221,True,False
2024-05-17 21:00:00+00:00,66810.65,0.0,985.5975483502261,-0.016843116126716955,0.0,HOLD,closed,0.0,0.0,0.0,0.03130975588875695,True,False
2024-05-17 22:00:00+00:00,66771.6,0.0,985.5975483502261,-0.016843116126716955,0.0,HOLD,closed,0.0,0.0,0.0,0.031307689181889004,True,False
2024-05-17 23:00:00+00:00,67024.0,0.0,985.5975483502261,-0.016843116126716955,0.0,HOLD,closed,0.0,0.0,0.0,0.03131048286840418,True,False
2024-05-18 00:00:00+00:00,66891.59,0.0,985.5975483502261,-0.016843116126716955,0.0,HOLD,closed,0.0,0.0,0.0,0.031311003816373056,True,False
2024-05-18 01:00:00+00:00,66980.0,0.0,985.5975483502261,-0.016843116126716955,0.0,HOLD,closed,0.0,0.0,0.0,0.03131115514214447,True,False
2024-05-18 02:00:00+00:00,66907.84,0.0,985.5975483502261,-0.016843116126716955,0.0,HOLD,closed,0.0,0.0,0.0,0.03131126628488737,True,False
2024-05-18 03:00:00+00:00,66945.05,0.0,985.5975483502261,-0.016843116126716955,0.0,HOLD,closed,0.0,0.0,0.0,0.03131119301345722,True,False
2024-05-18 04:00:00+00:00,66883.61,0.0,985.5975483502261,-0.016843116126716955,0.0,HOLD,closed,0.0,0.0,0.0,0.03131132100580594,True,False
2024-05-18 05:00:00+00:00,66854.71,0.0,985.5975483502261,-0.016843116126716955,0.0,HOLD,closed,0.0,0.0,0.0,0.031311409723552064,True,False
2024-05-18 06:00:00+00:00,66920.03,0.0,985.5975483502261,-0.016843116126716955,0.0,HOLD,closed,0.0,0.0,0.0,0.031311507542817696,True,False
2024-05-18 07:00:00+00:00,66887.0,0.0,985.5975483502261,-0.016843116126716955,0.0,HOLD,closed,0.0,0.0,0.0,0.03131255097647154,True,False
2024-05-18 08:00:00+00:00,67027.59,0.0,985.5975483502261,-0.016843116126716955,0.0,HOLD,closed,0.0,0.0,0.0,0.0313126424522602,True,False
2024-05-18 09:00:00+00:00,67125.04,0.0,985.5975483502261,-0.016843116126716955,0.0,HOLD,closed,0.0,0.0,0.0,0.03131219411543398,True,False
2024-05-18 10:00:00+00:00,67222.22,0.0,985.5975483502261,-0.016843116126716955,0.0,HOLD,closed,0.0,0.0,0.0,0.031319175676032956,True,False
2024-05-18 11:00:00+00:00,67190.82,0.0,985.5975483502261,-0.016843116126716955,0.0,HOLD,closed,0.0,0.0,0.0,0.03132515550233478,True,False
2024-05-18 12:00:00+00:00,66948.0,0.0,985.5975483502261,-0.016843116126716955,0.0,HOLD,closed,0.0,0.0,0.0,0.03132747570999744,True,False
2024-05-18 13:00:00+00:00,66863.17,0.0,985.5975483502261,-0.016843116126716955,0.0,HOLD,closed,0.0,0.0,0.0,0.031314807094324854,True,False
2024-05-18 14:00:00+00:00,66793.66,0.0,985.5975483502261,-0.016843116126716955,0.0,HOLD,closed,0.0,0.0,0.0,0.031319729627884374,True,False
2024-05-18 15:00:00+00:00,66823.63,0.0,985.5975483502261,-0.016843116126716955,0.0,HOLD,closed,0.0,0.0,0.0,0.031324739015653164,True,False
2024-05-18 16:00:00+00:00,66888.17,0.0,985.5975483502261,-0.016843116126716955,0.0,HOLD,closed,0.0,0.0,0.0,0.03133182552519409,True,False
2024-05-18 17:00:00+00:00,66866.51,0.0,985.5975483502261,-0.016843116126716955,0.0,HOLD,closed,0.0,0.0,0.0,0.03133900554013752,True,False
2024-05-18 18:00:00+00:00,66796.36,0.0,985.5975483502261,-0.016843116126716955,0.0,HOLD,closed,0.0,0.0,0.0,0.0313396933159405,True,False
2024-05-18 19:00:00+00:00,66912.62,0.0,985.5975483502261,-0.016843116126716955,0.0,HOLD,closed,0.0,0.0,0.0,0.03133930563138573,True,False
2024-05-18 20:00:00+00:00,66964.01,0.0,985.5975483502261,-0.016843116126716955,0.0,HOLD,closed,0.0,0.0,0.0,0.03133923893844637,True,False
2024-05-18 21:00:00+00:00,66899.29,0.0,985.5975483502261,-0.016843116126716955,0.0,HOLD,closed,0.0,0.0,0.0,0.03134000715201668,True,False
2024-05-18 22:00:00+00:00,66932.01,0.0,985.5975483502261,-0.016843116126716955,0.0,HOLD,closed,0.0,0.0,0.0,0.0313369348512999,True,False
2024-05-18 23:00:00+00:00,66915.2,0.0,985.5975483502261,-0.016843116126716955,0.0,HOLD,closed,0.0,0.0,0.0,0.031337630645181,True,False
2024-05-19 00:00:00+00:00,66906.53,0.0,985.5975483502261,-0.016843116126716955,0.0,HOLD,closed,0.0,0.0,0.0,0.031336697217986265,True,False
2024-05-19 01:00:00+00:00,66920.01,0.0,985.5975483502261,-0.016843116126716955,0.0,HOLD,closed,0.0,0.0,0.0,0.03133640969720308,True,False
2024-05-19 02:00:00+00:00,67211.61,0.0,985.5975483502261,-0.016843116126716955,0.0,HOLD,closed,0.0,0.0,0.0,0.031340328104169285,True,False
2024-05-19 03:00:00+00:00,67170.21,0.0,985.5975483502261,-0.016843116126716955,0.0,HOLD,closed,0.0,0.0,0.0,0.031341676508984034,True,False
2024-05-19 04:00:00+00:00,67151.75,0.0,985.5975483502261,-0.016843116126716955,0.0,HOLD,closed,0.0,0.0,0.0,0.03134081485019122,True,False
2024-05-19 05:00:00+00:00,67097.62,0.0,985.5975483502261,-0.016843116126716955,0.0,HOLD,closed,0.0,0.0,0.0,0.03134134447072914,True,False
2024-05-19 06:00:00+00:00,67022.65,0.0,985.5975483502261,-0.016843116126716955,0.0,HOLD,closed,0.0,0.0,0.0,0.03134187269269467,True,False
2024-05-19 07:00:00+00:00,67324.44,0.0,985.5975483502261,-0.016843116126716955,0.0,HOLD,closed,0.0,0.0,0.0,0.03134361327329041,True,False
2024-05-19 08:00:00+00:00,67160.01,0.0,985.5975483502261,-0.016843116126716955,0.0,HOLD,closed,0.0,0.0,0.0,0.03134692829297786,True,False
2024-05-19 09:00:00+00:00,67180.01,0.0,985.5975483502261,-0.016843116126716955,0.0,HOLD,closed,0.0,0.0,0.0,0.03134868801608856,True,False
2024-05-19 10:00:00+00:00,67269.99,0.0,985.5975483502261,-0.016843116126716955,0.0,HOLD,closed,0.0,0.0,0.0,0.03134846509915323,True,False
2024-05-19 11:00:00+00:00,67330.0,0.0,985.5975483502261,-0.016843116126716955,0.0,HOLD,closed,0.0,0.0,0.0,0.031348897561236655,True,False
2024-05-19 12:00:00+00:00,66832.99,0.0,985.5975483502261,-0.016843116126716955,0.0,HOLD,closed,0.0,0.0,0.0,0.031355624569018165,True,False
2024-05-19 13:00:00+00:00,67049.99,0.01024041909553896,986.4505814410286,-0.01599219542708863,0.6943988732049562,BUY,closed,0.6943988732049562,0.6943988732049562,0.6943988732049562,0.0313571511574251,False,False
2024-05-19 14:00:00+00:00,66928.0,0.0,985.0776847551242,-0.01736169236816064,0.0,SELL,closed,0.0,0.0,0.6956656802562308,0.0313958213713999,False,False
2024-05-19 15:00:00+00:00,66889.88,0.004976047373386663,984.2217575135894,-0.01821550005164991,0.33808186274040974,BUY,closed,0.33808186274040974,0.33808186274040974,0.33808186274040974,0.03143438305474103,False,False
2024-05-19 16:00:00+00:00,66662.01,0.006048006594519936,983.0326124322063,-0.019401700417755557,0.4115099468757158,BUY,closed,0.4115099468757158,0.4115099468757158,0.07409013795233882,0.0314382783207805,False,False
2024-05-19 17:00:00+00:00,66720.01,0.014692550541173018,982.732053500596,-0.019701515066358255,0.9959846864897224,BUY,closed,0.9959846864897224,0.9959846864897224,0.5856431434318452,0.031440728789096956,False,False
2024-05-19 18:00:00+00:00,66586.21,0.010519192600439658,980.7678317868205,-0.02166087271957507,0.715604435061951,SELL,closed,0.715604435061951,0.715604435061951,0.2819026828501855,0.03143680586852479,False,False
2024-05-19 19:00:00+00:00,66034.01,0.013677861270343783,973.7704274072584,-0.028640949218879577,0.9341488391460555,BUY,closed,0.9341488391460555,0.9341488391460555,0.2216836235209927,0.03145079444501739,False,False
2024-05-19 20:00:00+00:00,66163.99,0.014773421693081759,975.5459520909799,-0.026869821319657716,1.0,BUY,closed,1.0,1.0,0.07233511785339208,0.03145243149046095,False,False
2024-05-19 21:00:00+00:00,66280.0,0.014773421693081759,977.2598167415942,-0.025160200762971995,1.0,HOLD,closed,1.0,1.0019673100673219,0.00196731006732187,0.03145460283415591,True,False
2024-05-19 22:00:00+00:00,66363.61,0.010700111055513039,977.6146299583442,-0.02480626618072714,0.7247899523557664,SELL,closed,0.7247899523557664,0.7247899523557664,0.27717487427247245,0.031447403360681386,False,False
2024-05-19 23:00:00+00:00,66274.01,0.007233345195591469,976.5065030673895,-0.025911648984155138,0.49150463285153645,SELL,closed,0.49150463285153645,0.49150463285153645,0.23458453231762888,0.03144340587460656,False,False
2024-05-20 00:00:00+00:00,66459.99,0.00794270851541555,977.8896468952315,-0.024531930276447393,0.5383178569152072,BUY,closed,0.5383178569152072,0.5383178569152072,0.04670136786045326,0.03148866443472961,False,False
2024-05-20 01:00:00+00:00,66520.4,0.0031108295355097466,977.4354794134146,-0.024984973089842336,0.2113165905356414,SELL,closed,0.2113165905356414,0.2113165905356414,0.328716766938192,0.03153611585063229,False,False
2024-05-20 02:00:00+00:00,66674.02,0.0,977.0217156301593,-0.025397712257554137,0.0,SELL,closed,0.0,0.0,0.21209599753989583,0.031535074744920344,False,False
2024-05-20 03:00:00+00:00,66675.22,0.0,977.0217156301593,-0.025397712257554137,0.0,HOLD,closed,0.0,0.0,0.0,0.031534007722029245,True,False
2024-05-20 04:00:00+00:00,67132.43,0.0,977.0217156301593,-0.025397712257554137,0.0,HOLD,closed,0.0,0.0,0.0,0.03154126729042164,True,False
2024-05-20 05:00:00+00:00,67136.36,0.0,977.0217156301593,-0.025397712257554137,0.0,HOLD,closed,0.0,0.0,0.0,0.031541214307950816,True,False
2024-05-20 06:00:00+00:00,66410.0,0.0,977.0217156301593,-0.025397712257554137,0.0,HOLD,closed,0.0,0.0,0.0,0.031558809064823945,True,False
2024-05-20 07:00:00+00:00,66825.14,0.005122460589094517,978.467667285288,-0.023955341255447474,0.34818331415178605,BUY,closed,0.34818331415178605,0.34818331415178605,0.34818331415178605,0.03156528786453097,False,False
2024-05-20 08:00:00+00:00,66762.0,0.0,977.7832712700219,-0.024638042480537373,0.0,SELL,closed,0.0,0.0,0.34962708112866586,0.031561129165905644,False,False
2024-05-20 09:00:00+00:00,66894.01,0.0,977.7832712700219,-0.024638042480537373,0.0,HOLD,closed,0.0,0.0,0.0,0.031549124430125364,True,False
2024-05-20 10:00:00+00:00,67109.99,0.0,977.7832712700219,-0.024638042480537373,0.0,HOLD,closed,0.0,0.0,0.0,0.031526146861088955,True,False
2024-05-20 11:00:00+00:00,66994.2,0.0,977.7832712700219,-0.024638042480537373,0.0,HOLD,closed,0.0,0.0,0.0,0.031525194949907354,True,False
2024-05-20 12:00:00+00:00,66936.39,0.0,977.7832712700219,-0.024638042480537373,0.0,HOLD,closed,0.0,0.0,0.0,0.03152313364913589,True,False
2024-05-20 13:00:00+00:00,67099.98,0.0,977.7832712700219,-0.024638042480537373,0.0,HOLD,closed,0.0,0.0,0.0,0.03152191711204114,True,False
2024-05-20 14:00:00+00:00,67006.01,0.0,977.7832712700219,-0.024638042480537373,0.0,HOLD,closed,0.0,0.0,0.0,0.03152143491860307,True,False
2024-05-20 15:00:00+00:00,67419.99,0.0,977.7832712700219,-0.024638042480537373,0.0,HOLD,closed,0.0,0.0,0.0,0.031526541808964414,True,False
2024-05-20 16:00:00+00:00,68190.06,0.0,977.7832712700219,-0.024638042480537373,0.0,HOLD,closed,0.0,0.0,0.0,0.03154504939028199,True,False
2024-05-20 17:00:00+00:00,68331.51,0.0,977.7832712700219,-0.024638042480537373,0.0,HOLD,closed,0.0,0.0,0.0,0.03154529625537711,True,False
2024-05-20 18:00:00+00:00,68728.41,0.0,977.7832712700219,-0.024638042480537373,0.0,HOLD,closed,0.0,0.0,0.0,0.03152762569799902,True,False
2024-05-20 19:00:00+00:00,69999.99,0.0,977.7832712700219,-0.024638042480537373,0.0,HOLD,closed,0.0,0.0,0.0,0.03157524847239229,True,False
2024-05-20 20:00:00+00:00,69500.0,0.0,977.7832712700219,-0.024638042480537373,0.0,HOLD,closed,0.0,0.0,0.0,0.031565221285765416,True,False
2024-05-20 21:00:00+00:00,69717.79,0.0,977.7832712700219,-0.024638042480537373,0.0,HOLD,closed,0.0,0.0,0.0,0.03153402908697678,True,False
2024-05-20 22:00:00+00:00,69590.77,0.0,977.7832712700219,-0.024638042480537373,0.0,HOLD,closed,0.0,0.0,0.0,0.03153345296028984,True,False
2024-05-20 23:00:00+00:00,71446.62,0.0,977.7832712700219,-0.024638042480537373,0.0,HOLD,closed,0.0,0.0,0.0,0.031630405523693395,True,False
2024-05-21 00:00:00+00:00,71312.32,0.0,977.7832712700219,-0.024638042480537373,0.0,HOLD,closed,0.0,0.0,0.0,0.03162866808761591,True,False
2024-05-21 01:00:00+00:00,71089.96,0.0,977.7832712700219,-0.024638042480537373,0.0,HOLD,closed,0.0,0.0,0.0,0.03162966625776403,True,False
2024-05-21 02:00:00+00:00,71283.8,0.0,977.7832712700219,-0.024638042480537373,0.0,HOLD,closed,0.0,0.0,0.0,0.03163045994402139,True,False
2024-05-21 03:00:00+00:00,71284.0,0.0,977.7832712700219,-0.024638042480537373,0.0,HOLD,closed,0.0,0.0,0.0,0.031628037851468394,True,False
2024-05-21 04:00:00+00:00,70910.0,0.0,977.7832712700219,-0.024638042480537373,0.0,HOLD,closed,0.0,0.0,0.0,0.031577705652082844,True,False
2024-05-21 05:00:00+00:00,71209.86,0.0,977.7832712700219,-0.024638042480537373,0.0,HOLD,closed,0.0,0.0,0.0,0.03157824833299508,True,False
2024-05-21 06:00:00+00:00,71205.41,0.0,977.7832712700219,-0.024638042480537373,0.0,HOLD,closed,0.0,0.0,0.0,0.031578091247547235,True,False
2024-05-21 07:00:00+00:00,70878.29,0.0,977.7832712700219,-0.024638042480537373,0.0,HOLD,closed,0.0,0.0,0.0,0.03156879532753726,True,False
2024-05-21 08:00:00+00:00,70916.0,0.0,977.7832712700219,-0.024638042480537373,0.0,HOLD,closed,0.0,0.0,0.0,0.0315688340712964,True,False
2024-05-21 09:00:00+00:00,70990.02,0.0,977.7832712700219,-0.024638042480537373,0.0,HOLD,closed,0.0,0.0,0.0,0.03156264392728825,True,False
2024-05-21 10:00:00+00:00,71056.0,0.0,977.7832712700219,-0.024638042480537373,0.0,HOLD,closed,0.0,0.0,0.0,0.031555968877548995,True,False
2024-05-21 11:00:00+00:00,71130.0,0.0,977.7832712700219,-0.024638042480537373,0.0,HOLD,closed,0.0,0.0,0.0,0.031548518791612135,True,False
2024-05-21 12:00:00+00:00,71349.99,0.0,977.7832712700219,-0.024638042480537373,0.0,HOLD,closed,0.0,0.0,0.0,0.031541722154460106,True,False
2024-05-21 13:00:00+00:00,70595.92,0.0,977.7832712700219,-0.024638042480537373,0.0,HOLD,closed,0.0,0.0,0.0,0.03155773828316266,True,False
2024-05-21 14:00:00+00:00,70213.2,0.0,977.7832712700219,-0.024638042480537373,0.0,HOLD,closed,0.0,0.0,0.0,0.03156208091354745,True,False
2024-05-21 15:00:00+00:00,69826.99,0.0,977.7832712700219,-0.024638042480537373,0.0,HOLD,closed,0.0,0.0,0.0,0.031517649597061825,True,False
2024-05-21 16:00:00+00:00,69668.03,0.0,977.7832712700219,-0.024638042480537373,0.0,HOLD,closed,0.0,0.0,0.0,0.03150056841703103,True,False
2024-05-21 17:00:00+00:00,69857.05,0.0,977.7832712700219,-0.024638042480537373,0.0,HOLD,closed,0.0,0.0,0.0,0.031499679542503684,True,False
2024-05-21 18:00:00+00:00,69829.74,0.0,977.7832712700219,-0.024638042480537373,0.0,HOLD,closed,0.0,0.0,0.0,0.031493164619249725,True,False
2024-05-21 19:00:00+00:00,69285.99,0.0,977.7832712700219,-0.024638042480537373,0.0,HOLD,closed,0.0,0.0,0.0,0.0315017328263949,True,False
2024-05-21 20:00:00+00:00,69727.01,0.004184358024834543,979.0486771109101,-0.02337577020171001,0.2965047539507793,BUY,closed,0.2965047539507793,0.2965047539507793,0.2965047539507793,0.03150022512502332,False,False
2024-05-21 21:00:00+00:00,69727.76,0.0,978.4652556847007,-0.023957746884116705,0.0,SELL,closed,0.0,0.0,0.298008652378285,0.0314997947505756,False,False
2024-05-21 22:00:00+00:00,70222.22,0.0,978.4652556847007,-0.023957746884116705,0.0,HOLD,closed,0.0,0.0,0.0,0.03150547254082481,True,False
2024-05-21 23:00:00+00:00,70148.34,0.0,978.4652556847007,-0.023957746884116705,0.0,HOLD,closed,0.0,0.0,0.0,0.031501826295813634,True,False
2024-05-22 00:00:00+00:00,70120.01,0.0,978.4652556847007,-0.023957746884116705,0.0,HOLD,closed,0.0,0.0,0.0,0.0315018366669407,True,False
2024-05-22 01:00:00+00:00,70159.58,0.0,978.4652556847007,-0.023957746884116705,0.0,HOLD,closed,0.0,0.0,0.0,0.03149975820510478,True,False
2024-05-22 02:00:00+00:00,70003.01,0.0,978.4652556847007,-0.023957746884116705,0.0,HOLD,closed,0.0,0.0,0.0,0.031489921012282096,True,False
2024-05-22 03:00:00+00:00,69955.72,0.0,978.4652556847007,-0.023957746884116705,0.0,HOLD,closed,0.0,0.0,0.0,0.03131410144558894,True,False
2024-05-22 04:00:00+00:00,69599.98,0.0,978.4652556847007,-0.023957746884116705,0.0,HOLD,closed,0.0,0.0,0.0,0.03131310651966854,True,False
2024-05-22 05:00:00+00:00,69898.12,0.0038137127792647447,979.07131284264,-0.02335319052351477,0.27127615772079705,BUY,closed,0.27127615772079705,0.27127615772079705,0.27127615772079705,0.031315776968070336,False,False
2024-05-22 06:00:00+00:00,69854.08,0.0,978.5383034213357,-0.023884880037761045,0.0,SELL,closed,0.0,0.0,0.2721447379798197,0.03129665557360872,False,False
2024-05-22 07:00:00+00:00,69715.0,0.0,978.5383034213357,-0.023884880037761045,0.0,HOLD,closed,0.0,0.0,0.0,0.03129663140304331,True,False
2024-05-22 08:00:00+00:00,70010.27,0.0,978.5383034213357,-0.023884880037761045,0.0,HOLD,closed,0.0,0.0,0.0,0.03129965413786115,True,False
2024-05-22 09:00:00+00:00,69987.44,0.0,978.5383034213357,-0.023884880037761045,0.0,HOLD,closed,0.0,0.0,0.0,0.031280047144737116,True,False
2024-05-22 10:00:00+00:00,70190.0,0.0,978.5383034213357,-0.023884880037761045,0.0,HOLD,closed,0.0,0.0,0.0,0.03128025211268712,True,False
2024-05-22 11:00:00+00:00,69736.13,0.0,978.5383034213357,-0.023884880037761045,0.0,HOLD,closed,0.0,0.0,0.0,0.031270670415955854,True,False
2024-05-22 12:00:00+00:00,69643.88,0.0,978.5383034213357,-0.023884880037761045,0.0,HOLD,closed,0.0,0.0,0.0,0.031269860116057396,True,False
2024-05-22 13:00:00+00:00,69586.87,0.0032837636575294197,977.8935936239723,-0.02452799332110823,0.23370985204538253,BUY,closed,0.23370985204538253,0.23370985204538253,0.23370985204538253,0.031263371108802535,False,False
2024-05-22 14:00:00+00:00,70114.63,0.0032837636575294197,979.62663273187,-0.022799245789417093,0.2641175502176065,HOLD,closed,0.2641175502176065,0.23502818947771514,0.02908936073989138,0.031172837662473224,True,False
2024-05-22 15:00:00+00:00,70455.9,0.0,980.1899617235874,-0.022237311786010294,0.0,SELL,closed,0.0,0.0,0.2359022838468146,0.030997284613870718,False,False
2024-05-22 16:00:00+00:00,70229.88,0.0,980.1899617235874,-0.022237311786010294,0.0,HOLD,closed,0.0,0.0,0.0,0.030991842794412888,True,False
2024-05-22 17:00:00+00:00,69863.52,0.0,980.1899617235874,-0.022237311786010294,0.0,HOLD,closed,0.0,0.0,0.0,0.03098277571484731,True,False
2024-05-22 18:00:00+00:00,69574.6,0.0,980.1899617235874,-0.022237311786010294,0.0,HOLD,closed,0.0,0.0,0.0,0.03098634973711617,True,False
2024-05-22 19:00:00+00:00,69637.47,0.009031381411349508,979.5007409972602,-0.02292482577458605,0.6410540544989511,BUY,closed,0.6410540544989511,0.6410540544989511,0.6410540544989511,0.030976103268862715,False,False
2024-05-22 20:00:00+00:00,69442.01,0.00725184218169551,978.3846106152569,-0.024038192249780224,0.5164996380300069,SELL,closed,0.5164996380300069,0.5164996380300069,0.12493897121403685,0.03096023868507855,False,False
2024-05-22 21:00:00+00:00,69497.77,0.011441854110031503,979.7294458620945,-0.022696687258400083,0.8117638056734613,BUY,closed,0.8117638056734613,0.8117638056734613,0.296855205607817,0.03093920504594172,False,False
2024-05-22 22:00:00+00:00,69141.28,0.00847205703655301,976.2965568983523,-0.02612107525725953,0.6034835708505517,SELL,closed,0.6034835708505517,0.6034835708505517,0.20736458315775652,0.030937730979638534,False,False
2024-05-22 23:00:00+00:00,69166.62,0.014123418583278449,975.8727642119003,-0.02654381849329724,1.0,BUY,closed,1.0,1.0,0.3999213461470391,0.030938085480309185,False,False
2024-05-23 00:00:00+00:00,69499.81,0.011934671220127502,980.2162054108438,-0.022211133086775973,0.8418304402365413,SELL,closed,0.8418304402365413,0.8418304402365413,0.1591856558657776,0.030941995268068012,False,False
2024-05-23 01:00:00+00:00,69483.16,0.0035033651625235845,978.9862190298619,-0.023438073615957424,0.24844782349457573,SELL,closed,0.24844782349457573,0.24844782349457573,0.5977193885648294,0.030941865776637545,False,False
2024-05-23 02:00:00+00:00,69505.86,0.0035033651625235845,979.0657454190512,-0.023358744160327308,0.2516507675367207,HOLD,closed,0.2516507675367207,0.2487109876477385,0.0029397798889822246,0.03094086829602488,True,False
2024-05-23 03:00:00+00:00,69446.14,0.0,978.5788233906231,-0.023844460409276857,0.0,SELL,closed,0.0,0.0,0.24855040700071365,0.03094086023119197,False,False
2024-05-23 04:00:00+00:00,69550.01,0.0034268072636296425,978.4586897978619,-0.023964296511654905,0.24318790811197255,BUY,closed,0.24318790811197255,0.24318790811197255,0.24318790811197255,0.030940405419363465,False,False
2024-05-23 05:00:00+00:00,69478.89,0.0,977.982105806641,-0.02443970032378585,0.0,SELL,closed,0.0,0.0,0.24339308939362683,0.030940868448838588,False,False
2024-05-23 06:00:00+00:00,69561.4,0.0,977.982105806641,-0.02443970032378585,0.0,HOLD,closed,0.0,0.0,0.0,0.03094132241493111,True,False
2024-05-23 07:00:00+00:00,69734.04,0.0,977.982105806641,-0.02443970032378585,0.0,HOLD,closed,0.0,0.0,0.0,0.030914719506978133,True,False
2024-05-23 08:00:00+00:00,69687.99,0.0,977.982105806641,-0.02443970032378585,0.0,HOLD,closed,0.0,0.0,0.0,0.03091482924397876,True,False
2024-05-23 09:00:00+00:00,69645.06,0.0,977.982105806641,-0.02443970032378585,0.0,HOLD,closed,0.0,0.0,0.0,0.030914386599925514,True,False
2024-05-23 10:00:00+00:00,69537.21,0.0,977.982105806641,-0.02443970032378585,0.0,HOLD,closed,0.0,0.0,0.0,0.030897368245402373,True,False
2024-05-23 11:00:00+00:00,69982.72,0.0,977.982105806641,-0.02443970032378585,0.0,HOLD,closed,0.0,0.0,0.0,0.030902100743595923,True,False
2024-05-23 12:00:00+00:00,69428.53,0.0,977.982105806641,-0.02443970032378585,0.0,HOLD,closed,0.0,0.0,0.0,0.030910085033874157,True,False
2024-05-23 13:00:00+00:00,68036.14,0.004215583085813865,972.827926057199,-0.029581116624857618,0.2992710551687612,BUY,closed,0.2992710551687612,0.2992710551687612,0.2992710551687612,0.03097616939313519,False,False
2024-05-23 14:00:00+00:00,67748.63,0.014280879305677787,970.3966186287975,-0.032006403334474916,1.0,BUY,closed,1.0,1.0,0.7060567065559533,0.030977439335414386,False,False
2024-05-23 15:00:00+00:00,68076.0,0.014280879305677787,975.0717500870971,-0.0273428490430365,1.0,HOLD,closed,1.0,0.9970395917290001,0.002960408270999859,0.0309812406705047,True,False
2024-05-23 16:00:00+00:00,67822.78,0.013565782265429401,971.5392780134223,-0.030866573551216244,0.9506395447618461,SELL,closed,0.9506395447618461,0.9506395447618461,0.046389026966248914,0.030965397674514533,False,False
2024-05-23 17:00:00+00:00,67639.25,0.013565782265429401,969.049549994248,-0.033350136182962585,0.962195065542534,HOLD,closed,0.962195065542534,0.9468858822568899,0.015309183285644123,0.03095964740483309,True,False
2024-05-23 18:00:00+00:00,67393.06,0.012792946506323259,965.7955325686336,-0.03659609558859575,0.8960303767093085,SELL,closed,0.8960303767093085,0.8960303767093085,0.05067181847689339,0.030959722419629743,False,False
2024-05-23 19:00:00+00:00,67199.98,0.012792946506323259,963.3254704571926,-0.03906004101188002,0.8684174721378266,HOLD,closed,0.8684174721378266,0.8924146363097691,0.02399716417194253,0.030957805564759133,True,False
2024-05-23 20:00:00+00:00,67802.89,0.011691033927201631,970.5544718193868,-0.031848941040429006,0.8090691293175902,SELL,closed,0.8090691293175902,0.8090691293175902,0.08420006161806914,0.030970769207366244,False,False
2024-05-23 21:00:00+00:00,67992.77,0.0055084454732606015,972.6210527247176,-0.029787477670762494,0.3839415755609233,SELL,closed,0.3839415755609233,0.3839415755609233,0.4332117224655648,0.030968455208176898,False,False
2024-05-23 22:00:00+00:00,67686.47,0.0034714743352492706,971.2808310943011,-0.031124380470556857,0.2431012154409624,SELL,closed,0.2431012154409624,0.2431012154409624,0.1409076873038644,0.03096933585986819,False,False
2024-05-23 23:00:00+00:00,67969.65,0.005475700534382615,972.5600340667711,-0.029848345226394367,0.3812040137580117,BUY,closed,0.3812040137580117,0.3812040137580117,0.13851794917324517,0.03097080178155273,False,False
2024-05-24 00:00:00+00:00,67852.0,0.0,971.8159119073607,-0.030590624694004205,0.0,SELL,closed,0.0,0.0,0.3822730588561906,0.030970781762082344,False,False
2024-05-24 01:00:00+00:00,67742.01,0.0031651691778866293,971.0381731648504,-0.031366437498971,0.2209914704779441,BUY,closed,0.2209914704779441,0.2209914704779441,0.2209914704779441,0.03097101597262389,False,False
2024-05-24 02:00:00+00:00,67978.37,0.0031651691778866293,971.7862925517356,-0.030620170702339376,0.2509432552349582,HOLD,closed,0.2509432552349582,0.22140983376292922,0.029533421472028976,0.030969739440456917,True,False
2024-05-24 03:00:00+00:00,67891.83,0.0,971.3561056386868,-0.03104929233076074,0.0,SELL,closed,0.0,0.0,0.2211903136111308,0.030969871634366153,False,False
2024-05-24 04:00:00+00:00,67708.23,0.0,971.3561056386868,-0.03104929233076074,0.0,HOLD,closed,0.0,0.0,0.0,0.03097119957301861,True,False
2024-05-24 05:00:00+00:00,67299.99,0.0028984898758707875,970.6524772513411,-0.03175117830223616,0.20203879713000952,BUY,closed,0.20203879713000952,0.20203879713000952,0.20203879713000952,0.030974331647823067,False,False
2024-05-24 06:00:00+00:00,66887.01,0.005511048477303073,968.8060554952337,-0.033593027709318164,0.38257921393513994,BUY,closed,0.38257921393513994,0.38257921393513994,0.18259960730961747,0.03097164351014081,False,False
2024-05-24 07:00:00+00:00,67155.93,0.007774817820239959,970.5939502697138,-0.03180956035176088,0.5359586750004237,BUY,closed,0.5359586750004237,0.5359586750004237,0.15452599448024573,0.03097148894789864,False,False
2024-05-24 08:00:00+00:00,67190.15,0.004907775611098565,970.3769128487604,-0.03202606031650368,0.3394786414672861,SELL,closed,0.3394786414672861,0.3394786414672861,0.1985919074523983,0.03088842159403843,False,False
2024-05-24 09:00:00+00:00,67375.26,0.0041030646947456915,971.2652026724493,-0.03113997019128356,0.2838357652649319,SELL,closed,0.2838357652649319,0.2838357652649319,0.05660244251412022,0.030840676634141084,False,False
2024-05-24 10:00:00+00:00,67353.43,0.0,970.7124098451579,-0.031691394121281136,0.0,SELL,closed,0.0,0.0,0.2845576756438525,0.030840486326114858,False,False
2024-05-24 11:00:00+00:00,67349.99,0.0,970.7124098451579,-0.031691394121281136,0.0,HOLD,closed,0.0,0.0,0.0,0.030840273740982804,True,False
2024-05-24 12:00:00+00:00,67490.0,0.0,970.7124098451579,-0.031691394121281136,0.0,HOLD,closed,0.0,0.0,0.0,0.03084131487987926,True,False
2024-05-24 13:00:00+00:00,67077.12,0.0,970.7124098451579,-0.031691394121281136,0.0,HOLD,closed,0.0,0.0,0.0,0.03084727225481959,True,False
2024-05-24 14:00:00+00:00,67869.48,0.0,970.7124098451579,-0.031691394121281136,0.0,HOLD,closed,0.0,0.0,0.0,0.030870325744134952,True,False
2024-05-24 15:00:00+00:00,68326.46,0.0,970.7124098451579,-0.031691394121281136,0.0,HOLD,closed,0.0,0.0,0.0,0.03087540905200367,True,False
2024-05-24 16:00:00+00:00,68394.33,0.0,970.7124098451579,-0.031691394121281136,0.0,HOLD,closed,0.0,0.0,0.0,0.030846950349211366,True,False
2024-05-24 17:00:00+00:00,68919.02,0.0,970.7124098451579,-0.031691394121281136,0.0,HOLD,closed,0.0,0.0,0.0,0.030856636605601062,True,False
2024-05-24 18:00:00+00:00,68970.43,0.0,970.7124098451579,-0.031691394121281136,0.0,HOLD,closed,0.0,0.0,0.0,0.03085668345916434,True,False
2024-05-24 19:00:00+00:00,69115.98,0.0,970.7124098451579,-0.031691394121281136,0.0,HOLD,closed,0.0,0.0,0.0,0.030857044338893247,True,False
2024-05-24 20:00:00+00:00,68836.96,0.0,970.7124098451579,-0.031691394121281136,0.0,HOLD,closed,0.0,0.0,0.0,0.030858080298216267,True,False
2024-05-24 21:00:00+00:00,68876.0,0.0,970.7124098451579,-0.031691394121281136,0.0,HOLD,closed,0.0,0.0,0.0,0.030855961429605366,True,False
2024-05-24 22:00:00+00:00,68787.99,0.0,970.7124098451579,-0.031691394121281136,0.0,HOLD,closed,0.0,0.0,0.0,0.030855287491892897,True,False
2024-05-24 23:00:00+00:00,68549.99,0.0,970.7124098451579,-0.031691394121281136,0.0,HOLD,closed,0.0,0.0,0.0,0.030857369253871947,True,False
2024-05-25 00:00:00+00:00,68530.89,0.0,970.7124098451579,-0.031691394121281136,0.0,HOLD,closed,0.0,0.0,0.0,0.03085276556431485,True,False
2024-05-25 01:00:00+00:00,68613.46,0.0,970.7124098451579,-0.031691394121281136,0.0,HOLD,closed,0.0,0.0,0.0,0.03084865602179812,True,False
2024-05-25 02:00:00+00:00,68817.22,0.0,970.7124098451579,-0.031691394121281136,0.0,HOLD,closed,0.0,0.0,0.0,0.030842935935530086,True,False
2024-05-25 03:00:00+00:00,68757.85,0.0,970.7124098451579,-0.031691394121281136,0.0,HOLD,closed,0.0,0.0,0.0,0.030843175341449536,True,False
2024-05-25 04:00:00+00:00,68784.37,0.0,970.7124098451579,-0.031691394121281136,0.0,HOLD,closed,0.0,0.0,0.0,0.030841748063062585,True,False
2024-05-25 05:00:00+00:00,68718.21,0.0,970.7124098451579,-0.031691394121281136,0.0,HOLD,closed,0.0,0.0,0.0,0.030842158248406443,True,False
2024-05-25 06:00:00+00:00,68660.4,0.0,970.7124098451579,-0.031691394121281136,0.0,HOLD,closed,0.0,0.0,0.0,0.0307782096234214,True,False
2024-05-25 07:00:00+00:00,68753.92,0.0,970.7124098451579,-0.031691394121281136,0.0,HOLD,closed,0.0,0.0,0.0,0.030766083549454926,True,False
2024-05-25 08:00:00+00:00,68876.69,0.0,970.7124098451579,-0.031691394121281136,0.0,HOLD,closed,0.0,0.0,0.0,0.0307651186769283,True,False
2024-05-25 09:00:00+00:00,69095.27,0.0,970.7124098451579,-0.031691394121281136,0.0,HOLD,closed,0.0,0.0,0.0,0.030762140714459763,True,False
2024-05-25 10:00:00+00:00,69387.99,0.0,970.7124098451579,-0.031691394121281136,0.0,HOLD,closed,0.0,0.0,0.0,0.030764877910830213,True,False
2024-05-25 11:00:00+00:00,69104.67,0.0,970.7124098451579,-0.031691394121281136,0.0,HOLD,closed,0.0,0.0,0.0,0.03076589472376523,True,False
2024-05-25 12:00:00+00:00,69116.3,0.0,970.7124098451579,-0.031691394121281136,0.0,HOLD,closed,0.0,0.0,0.0,0.030765945123515492,True,False
2024-05-25 13:00:00+00:00,69025.98,0.0,970.7124098451579,-0.031691394121281136,0.0,HOLD,closed,0.0,0.0,0.0,0.030764467627080905,True,False
2024-05-25 14:00:00+00:00,69021.65,0.0,970.7124098451579,-0.031691394121281136,0.0,HOLD,closed,0.0,0.0,0.0,0.030763095028987247,True,False
2024-05-25 15:00:00+00:00,68930.4,0.0,970.7124098451579,-0.031691394121281136,0.0,HOLD,closed,0.0,0.0,0.0,0.03076015429112866,True,False
2024-05-25 16:00:00+00:00,68936.62,0.0,970.7124098451579,-0.031691394121281136,0.0,HOLD,closed,0.0,0.0,0.0,0.030760297186545354,True,False
2024-05-25 17:00:00+00:00,69065.14,0.0,970.7124098451579,-0.031691394121281136,0.0,HOLD,closed,0.0,0.0,0.0,0.03076109907930749,True,False
2024-05-25 18:00:00+00:00,69213.2,0.0,970.7124098451579,-0.031691394121281136,0.0,HOLD,closed,0.0,0.0,0.0,0.030758534866979464,True,False
2024-05-25 19:00:00+00:00,69155.32,0.0,970.7124098451579,-0.031691394121281136,0.0,HOLD,closed,0.0,0.0,0.0,0.030755585011143255,True,False
2024-05-25 20:00:00+00:00,69100.01,0.0,970.7124098451579,-0.031691394121281136,0.0,HOLD,closed,0.0,0.0,0.0,0.0307495135044846,True,False
2024-05-25 21:00:00+00:00,69139.01,0.0,970.7124098451579,-0.031691394121281136,0.0,HOLD,closed,0.0,0.0,0.0,0.030747976783512265,True,False
2024-05-25 22:00:00+00:00,69129.0,0.0,970.7124098451579,-0.031691394121281136,0.0,HOLD,closed,0.0,0.0,0.0,0.030746690725412834,True,False
2024-05-25 23:00:00+00:00,69290.57,0.0,970.7124098451579,-0.031691394121281136,0.0,HOLD,closed,0.0,0.0,0.0,0.030747257628366054,True,False
2024-05-26 00:00:00+00:00,69156.0,0.0,970.7124098451579,-0.031691394121281136,0.0,HOLD,closed,0.0,0.0,0.0,0.03074743388715226,True,False
2024-05-26 01:00:00+00:00,69161.44,0.0,970.7124098451579,-0.031691394121281136,0.0,HOLD,closed,0.0,0.0,0.0,0.030746706638520888,True,False
2024-05-26 02:00:00+00:00,68904.01,0.0,970.7124098451579,-0.031691394121281136,0.0,HOLD,closed,0.0,0.0,0.0,0.030747902606799465,True,False
2024-05-26 03:00:00+00:00,69073.62,0.0,970.7124098451579,-0.031691394121281136,0.0,HOLD,closed,0.0,0.0,0.0,0.03074365794728237,True,False
2024-05-26 04:00:00+00:00,68974.0,0.0,970.7124098451579,-0.031691394121281136,0.0,HOLD,closed,0.0,0.0,0.0,0.03074381650735991,True,False
2024-05-26 05:00:00+00:00,69139.6,0.0,970.7124098451579,-0.031691394121281136,0.0,HOLD,closed,0.0,0.0,0.0,0.03074480754862785,True,False
2024-05-26 06:00:00+00:00,69105.63,0.0,970.7124098451579,-0.031691394121281136,0.0,HOLD,closed,0.0,0.0,0.0,0.03074487964131728,True,False
2024-05-26 07:00:00+00:00,69340.15,0.0,970.7124098451579,-0.031691394121281136,0.0,HOLD,closed,0.0,0.0,0.0,0.0307456566881244,True,False
2024-05-26 08:00:00+00:00,69160.33,0.0,970.7124098451579,-0.031691394121281136,0.0,HOLD,closed,0.0,0.0,0.0,0.03074606852504594,True,False
2024-05-26 09:00:00+00:00,69086.54,0.0,970.7124098451579,-0.031691394121281136,0.0,HOLD,closed,0.0,0.0,0.0,0.03073970678795726,True,False
2024-05-26 10:00:00+00:00,69222.92,0.0,970.7124098451579,-0.031691394121281136,0.0,HOLD,closed,0.0,0.0,0.0,0.030740389739104368,True,False
2024-05-26 11:00:00+00:00,69134.91,0.0,970.7124098451579,-0.031691394121281136,0.0,HOLD,closed,0.0,0.0,0.0,0.03073618146460838,True,False
2024-05-26 12:00:00+00:00,68993.22,0.0,970.7124098451579,-0.031691394121281136,0.0,HOLD,closed,0.0,0.0,0.0,0.03073707316241603,True,False
2024-05-26 13:00:00+00:00,69136.14,0.0,970.7124098451579,-0.031691394121281136,0.0,HOLD,closed,0.0,0.0,0.0,0.030737999823266637,True,False
2024-05-26 14:00:00+00:00,69287.12,0.0,970.7124098451579,-0.031691394121281136,0.0,HOLD,closed,0.0,0.0,0.0,0.030735415249675713,True,False
2024-05-26 15:00:00+00:00,68847.99,0.0,970.7124098451579,-0.031691394121281136,0.0,HOLD,closed,0.0,0.0,0.0,0.03074230489779417,True,False
2024-05-26 16:00:00+00:00,68808.62,0.0,970.7124098451579,-0.031691394121281136,0.0,HOLD,closed,0.0,0.0,0.0,0.030741520091503882,True,False
2024-05-26 17:00:00+00:00,68778.14,0.0,970.7124098451579,-0.031691394121281136,0.0,HOLD,closed,0.0,0.0,0.0,0.030740844818065216,True,False
2024-05-26 18:00:00+00:00,68800.16,0.0,970.7124098451579,-0.031691394121281136,0.0,HOLD,closed,0.0,0.0,0.0,0.030740865896178998,True,False
2024-05-26 19:00:00+00:00,68903.54,0.0,970.7124098451579,-0.031691394121281136,0.0,HOLD,closed,0.0,0.0,0.0,0.030740285631850994,True,False
2024-05-26 20:00:00+00:00,68720.84,0.0,970.7124098451579,-0.031691394121281136,0.0,HOLD,closed,0.0,0.0,0.0,0.030739722934062463,True,False
2024-05-26 21:00:00+00:00,68518.02,0.0,970.7124098451579,-0.031691394121281136,0.0,HOLD,closed,0.0,0.0,0.0,0.030741024820860496,True,False
2024-05-26 22:00:00+00:00,68560.0,0.0,970.7124098451579,-0.031691394121281136,0.0,HOLD,closed,0.0,0.0,0.0,0.030736745010713107,True,False
2024-05-26 23:00:00+00:00,68507.67,0.0,970.7124098451579,-0.031691394121281136,0.0,HOLD,closed,0.0,0.0,0.0,0.03073678355771789,True,False
2024-05-27 00:00:00+00:00,68821.71,0.0,970.7124098451579,-0.031691394121281136,0.0,HOLD,closed,0.0,0.0,0.0,0.030736657010922624,True,False
2024-05-27 01:00:00+00:00,69074.01,0.0,970.7124098451579,-0.031691394121281136,0.0,HOLD,closed,0.0,0.0,0.0,0.030738992066711712,True,False
2024-05-27 02:00:00+00:00,69111.35,0.0,970.7124098451579,-0.031691394121281136,0.0,HOLD,closed,0.0,0.0,0.0,0.030738972196287434,True,False
2024-05-27 03:00:00+00:00,68873.43,0.0,970.7124098451579,-0.031691394121281136,0.0,HOLD,closed,0.0,0.0,0.0,0.0307370095412334,True,False
2024-05-27 04:00:00+00:00,68770.01,0.0,970.7124098451579,-0.031691394121281136,0.0,HOLD,closed,0.0,0.0,0.0,0.030722459621993603,True,False
2024-05-27 05:00:00+00:00,68524.61,0.0,970.7124098451579,-0.031691394121281136,0.0,HOLD,closed,0.0,0.0,0.0,0.03072465732625851,True,False
2024-05-27 06:00:00+00:00,68393.23,0.0,970.7124098451579,-0.031691394121281136,0.0,HOLD,closed,0.0,0.0,0.0,0.03066907025481122,True,False
2024-05-27 07:00:00+00:00,68643.36,0.0,970.7124098451579,-0.031691394121281136,0.0,HOLD,closed,0.0,0.0,0.0,0.030669793579950783,True,False
2024-05-27 08:00:00+00:00,68624.0,0.0,970.7124098451579,-0.031691394121281136,0.0,HOLD,closed,0.0,0.0,0.0,0.03065391436850945,True,False
2024-05-27 09:00:00+00:00,68595.37,0.0,970.7124098451579,-0.031691394121281136,0.0,HOLD,closed,0.0,0.0,0.0,0.030650782208994976,True,False
2024-05-27 10:00:00+00:00,68577.79,0.0,970.7124098451579,-0.031691394121281136,0.0,HOLD,closed,0.0,0.0,0.0,0.03063512249108999,True,False
2024-05-27 11:00:00+00:00,68434.26,0.0,970.7124098451579,-0.031691394121281136,0.0,HOLD,closed,0.0,0.0,0.0,0.030630194094667884,True,False
2024-05-27 12:00:00+00:00,68621.42,0.0,970.7124098451579,-0.031691394121281136,0.0,HOLD,closed,0.0,0.0,0.0,0.030623015291608713,True,False
2024-05-27 13:00:00+00:00,68919.24,0.0,970.7124098451579,-0.031691394121281136,0.0,HOLD,closed,0.0,0.0,0.0,0.030626380906347922,True,False
2024-05-27 14:00:00+00:00,69500.0,0.0,970.7124098451579,-0.031691394121281136,0.0,HOLD,closed,0.0,0.0,0.0,0.0306366805640223,True,False
2024-05-27 15:00:00+00:00,70373.85,0.0,970.7124098451579,-0.031691394121281136,0.0,HOLD,closed,0.0,0.0,0.0,0.030663006159159845,True,False
2024-05-27 16:00:00+00:00,70161.22,0.0,970.7124098451579,-0.031691394121281136,0.0,HOLD,closed,0.0,0.0,0.0,0.030664286228738902,True,False
2024-05-27 17:00:00+00:00,70184.01,0.0,970.7124098451579,-0.031691394121281136,0.0,HOLD,closed,0.0,0.0,0.0,0.03066174685679318,True,False
2024-05-27 18:00:00+00:00,69985.5,0.0,970.7124098451579,-0.031691394121281136,0.0,HOLD,closed,0.0,0.0,0.0,0.03066306988259429,True,False
2024-05-27 19:00:00+00:00,69260.01,0.0,970.7124098451579,-0.031691394121281136,0.0,HOLD,closed,0.0,0.0,0.0,0.030677426885796583,True,False
2024-05-27 20:00:00+00:00,69660.01,0.0,970.7124098451579,-0.031691394121281136,0.0,HOLD,closed,0.0,0.0,0.0,0.030676968155747525,True,False
2024-05-27 21:00:00+00:00,69805.0,0.0,970.7124098451579,-0.031691394121281136,0.0,HOLD,closed,0.0,0.0,0.0,0.030672459933648616,True,False
2024-05-27 22:00:00+00:00,69591.58,0.0,970.7124098451579,-0.031691394121281136,0.0,HOLD,closed,0.0,0.0,0.0,0.0306725409620765,True,False
2024-05-27 23:00:00+00:00,69436.43,0.0,970.7124098451579,-0.031691394121281136,0.0,HOLD,closed,0.0,0.0,0.0,0.030664076840193427,True,False
2024-05-28 00:00:00+00:00,69377.41,0.0,970.7124098451579,-0.031691394121281136,0.0,HOLD,closed,0.0,0.0,0.0,0.030662030608803847,True,False
2024-05-28 01:00:00+00:00,68614.11,0.0,970.7124098451579,-0.031691394121281136,0.0,HOLD,closed,0.0,0.0,0.0,0.030683236312971318,True,False
2024-05-28 02:00:00+00:00,68680.0,0.0,970.7124098451579,-0.031691394121281136,0.0,HOLD,closed,0.0,0.0,0.0,0.030683305368631453,True,False
2024-05-28 03:00:00+00:00,68050.3,0.0,970.7124098451579,-0.031691394121281136,0.0,HOLD,closed,0.0,0.0,0.0,0.03069813564164292,True,False
2024-05-28 04:00:00+00:00,67797.29,0.0,970.7124098451579,-0.031691394121281136,0.0,HOLD,closed,0.0,0.0,0.0,0.030687126840192508,True,False
2024-05-28 05:00:00+00:00,68049.67,0.0,970.7124098451579,-0.031691394121281136,0.0,HOLD,closed,0.0,0.0,0.0,0.030689106816666867,True,False
2024-05-28 06:00:00+00:00,67972.8,0.0,970.7124098451579,-0.031691394121281136,0.0,HOLD,closed,0.0,0.0,0.0,0.030689321174638517,True,False
2024-05-28 07:00:00+00:00,67694.0,0.0,970.7124098451579,-0.031691394121281136,0.0,HOLD,closed,0.0,0.0,0.0,0.03067700792114461,True,False
2024-05-28 08:00:00+00:00,68159.99,0.0,970.7124098451579,-0.031691394121281136,0.0,HOLD,closed,0.0,0.0,0.0,0.030684107596280985,True,False
2024-05-28 09:00:00+00:00,68336.24,0.0,970.7124098451579,-0.031691394121281136,0.0,HOLD,closed,0.0,0.0,0.0,0.030676576327482302,True,False
2024-05-28 10:00:00+00:00,68592.01,0.0,970.7124098451579,-0.031691394121281136,0.0,HOLD,closed,0.0,0.0,0.0,0.0306504153806495,True,False
2024-05-28 11:00:00+00:00,68389.87,0.0,970.7124098451579,-0.031691394121281136,0.0,HOLD,closed,0.0,0.0,0.0,0.030648527243100576,True,False
2024-05-28 12:00:00+00:00,68208.63,0.0,970.7124098451579,-0.031691394121281136,0.0,HOLD,closed,0.0,0.0,0.0,0.030649289706493194,True,False
2024-05-28 13:00:00+00:00,67792.0,0.0,970.7124098451579,-0.031691394121281136,0.0,HOLD,closed,0.0,0.0,0.0,0.030653370424730375,True,False
2024-05-28 14:00:00+00:00,67969.0,0.0,970.7124098451579,-0.031691394121281136,0.0,HOLD,closed,0.0,0.0,0.0,0.030652402493523773,True,False
2024-05-28 15:00:00+00:00,68374.08,0.0,970.7124098451579,-0.031691394121281136,0.0,HOLD,closed,0.0,0.0,0.0,0.030658111582076125,True,False
2024-05-28 16:00:00+00:00,67713.22,0.0,970.7124098451579,-0.031691394121281136,0.0,HOLD,closed,0.0,0.0,0.0,0.030674560847454707,True,False
2024-05-28 17:00:00+00:00,67782.67,0.0,970.7124098451579,-0.031691394121281136,0.0,HOLD,closed,0.0,0.0,0.0,0.030674450524230984,True,False
2024-05-28 18:00:00+00:00,67879.43,0.0,970.7124098451579,-0.031691394121281136,0.0,HOLD,closed,0.0,0.0,0.0,0.030672616098508992,True,False
2024-05-28 19:00:00+00:00,68424.29,0.0,970.7124098451579,-0.031691394121281136,0.0,HOLD,closed,0.0,0.0,0.0,0.030670833640883494,True,False
2024-05-28 20:00:00+00:00,68325.86,0.0,970.7124098451579,-0.031691394121281136,0.0,HOLD,closed,0.0,0.0,0.0,0.030667931884603705,True,False
2024-05-28 21:00:00+00:00,68401.47,0.0,970.7124098451579,-0.031691394121281136,0.0,HOLD,closed,0.0,0.0,0.0,0.030668131075584942,True,False
2024-05-28 22:00:00+00:00,68615.4,0.0,970.7124098451579,-0.031691394121281136,0.0,HOLD,closed,0.0,0.0,0.0,0.03066760897213458,True,False
2024-05-28 23:00:00+00:00,68398.39,0.0,970.7124098451579,-0.031691394121281136,0.0,HOLD,closed,0.0,0.0,0.0,0.030668574903192886,True,False
2024-05-29 00:00:00+00:00,68496.0,0.0,970.7124098451579,-0.031691394121281136,0.0,HOLD,closed,0.0,0.0,0.0,0.030662726392442025,True,False
2024-05-29 01:00:00+00:00,68570.0,0.0,970.7124098451579,-0.031691394121281136,0.0,HOLD,closed,0.0,0.0,0.0,0.03066256543826465,True,False
2024-05-29 02:00:00+00:00,68684.6,0.0,970.7124098451579,-0.031691394121281136,0.0,HOLD,closed,0.0,0.0,0.0,0.030662539229775215,True,False
2024-05-29 03:00:00+00:00,68829.42,0.0,970.7124098451579,-0.031691394121281136,0.0,HOLD,closed,0.0,0.0,0.0,0.03065933379093644,True,False
2024-05-29 04:00:00+00:00,68843.53,0.0,970.7124098451579,-0.031691394121281136,0.0,HOLD,closed,0.0,0.0,0.0,0.030658086927870032,True,False
2024-05-29 05:00:00+00:00,68584.73,0.0,970.7124098451579,-0.031691394121281136,0.0,HOLD,closed,0.0,0.0,0.0,0.030660376144602985,True,False
2024-05-29 06:00:00+00:00,68513.33,0.0,970.7124098451579,-0.031691394121281136,0.0,HOLD,closed,0.0,0.0,0.0,0.030659621646738716,True,False
2024-05-29 07:00:00+00:00,67946.9,0.0,970.7124098451579,-0.031691394121281136,0.0,HOLD,closed,0.0,0.0,0.0,0.030669894883929044,True,False
2024-05-29 08:00:00+00:00,67872.41,0.0,970.7124098451579,-0.031691394121281136,0.0,HOLD,closed,0.0,0.0,0.0,0.03067020128672379,True,False
2024-05-29 09:00:00+00:00,67905.72,0.0,970.7124098451579,-0.031691394121281136,0.0,HOLD,closed,0.0,0.0,0.0,0.030668351956673362,True,False
2024-05-29 10:00:00+00:00,67989.89,0.0,970.7124098451579,-0.031691394121281136,0.0,HOLD,closed,0.0,0.0,0.0,0.030668270819171728,True,False
2024-05-29 11:00:00+00:00,67763.59,0.0,970.7124098451579,-0.031691394121281136,0.0,HOLD,closed,0.0,0.0,0.0,0.03066672223169356,True,False
2024-05-29 12:00:00+00:00,67898.15,0.0,970.7124098451579,-0.031691394121281136,0.0,HOLD,closed,0.0,0.0,0.0,0.030666137203521765,True,False
2024-05-29 13:00:00+00:00,67879.99,0.0,970.7124098451579,-0.031691394121281136,0.0,HOLD,closed,0.0,0.0,0.0,0.030665190653824642,True,False
2024-05-29 14:00:00+00:00,67635.01,0.0,970.7124098451579,-0.031691394121281136,0.0,HOLD,closed,0.0,0.0,0.0,0.030667404088048994,True,False
2024-05-29 15:00:00+00:00,67379.13,0.0,970.7124098451579,-0.031691394121281136,0.0,HOLD,closed,0.0,0.0,0.0,0.030664999069739185,True,False
2024-05-29 16:00:00+00:00,67555.18,0.0,970.7124098451579,-0.031691394121281136,0.0,HOLD,closed,0.0,0.0,0.0,0.030649181182826224,True,False
2024-05-29 17:00:00+00:00,67611.12,0.0,970.7124098451579,-0.031691394121281136,0.0,HOLD,closed,0.0,0.0,0.0,0.0306491162333265,True,False
2024-05-29 18:00:00+00:00,67392.83,0.0,970.7124098451579,-0.031691394121281136,0.0,HOLD,closed,0.0,0.0,0.0,0.03064854397455999,True,False
2024-05-29 19:00:00+00:00,67266.78,0.0,970.7124098451579,-0.031691394121281136,0.0,HOLD,closed,0.0,0.0,0.0,0.030649178889666118,True,False
2024-05-29 20:00:00+00:00,67485.76,0.0,970.7124098451579,-0.031691394121281136,0.0,HOLD,closed,0.0,0.0,0.0,0.030649157602218396,True,False
2024-05-29 21:00:00+00:00,67700.42,0.0,970.7124098451579,-0.031691394121281136,0.0,HOLD,closed,0.0,0.0,0.0,0.03065000379326696,True,False
2024-05-29 22:00:00+00:00,67680.01,0.0,970.7124098451579,-0.031691394121281136,0.0,HOLD,closed,0.0,0.0,0.0,0.030649619775275083,True,False
2024-05-29 23:00:00+00:00,67652.42,0.0,970.7124098451579,-0.031691394121281136,0.0,HOLD,closed,0.0,0.0,0.0,0.030649841122853377,True,False
2024-05-30 00:00:00+00:00,67583.0,0.0,970.7124098451579,-0.031691394121281136,0.0,HOLD,closed,0.0,0.0,0.0,0.03064873948492705,True,False
2024-05-30 01:00:00+00:00,67800.0,0.0,970.7124098451579,-0.031691394121281136,0.0,HOLD,closed,0.0,0.0,0.0,0.030650392315159453,True,False
2024-05-30 02:00:00+00:00,67949.1,0.0,970.7124098451579,-0.031691394121281136,0.0,HOLD,closed,0.0,0.0,0.0,0.03065119769027755,True,False
2024-05-30 03:00:00+00:00,68118.2,0.0,970.7124098451579,-0.031691394121281136,0.0,HOLD,closed,0.0,0.0,0.0,0.030646148655692873,True,False
2024-05-30 04:00:00+00:00,68163.0,0.0,970.7124098451579,-0.031691394121281136,0.0,HOLD,closed,0.0,0.0,0.0,0.03064615399716189,True,False
2024-05-30 05:00:00+00:00,68134.14,0.0,970.7124098451579,-0.031691394121281136,0.0,HOLD,closed,0.0,0.0,0.0,0.03064621553196431,True,False
2024-05-30 06:00:00+00:00,67831.25,0.0,970.7124098451579,-0.031691394121281136,0.0,HOLD,closed,0.0,0.0,0.0,0.030638594531922914,True,False
2024-05-30 07:00:00+00:00,67584.56,0.0,970.7124098451579,-0.031691394121281136,0.0,HOLD,closed,0.0,0.0,0.0,0.030638036666446655,True,False
2024-05-30 08:00:00+00:00,67688.96,0.0038719452107752574,971.7184008176711,-0.0306878943140868,0.2695790735543881,BUY,closed,0.2695790735543881,0.2695790735543881,0.2695790735543881,0.03062851612439721,False,False
2024-05-30 09:00:00+00:00,67745.94,0.0,971.1943559726546,-0.031210641451291647,0.0,SELL,closed,0.0,0.0,0.269881712109789,0.03062356873892802,False,False
2024-05-30 10:00:00+00:00,67942.08,0.0,971.1943559726546,-0.031210641451291647,0.0,HOLD,closed,0.0,0.0,0.0,0.030619010472104857,True,False
2024-05-30 11:00:00+00:00,67817.01,0.0,971.1943559726546,-0.031210641451291647,0.0,HOLD,closed,0.0,0.0,0.0,0.03060175473428503,True,False
2024-05-30 12:00:00+00:00,68133.34,0.0,971.1943559726546,-0.031210641451291647,0.0,HOLD,closed,0.0,0.0,0.0,0.030601558546997254,True,False
2024-05-30 13:00:00+00:00,68623.99,0.0,971.1943559726546,-0.031210641451291647,0.0,HOLD,closed,0.0,0.0,0.0,0.03061054066434915,True,False
2024-05-30 14:00:00+00:00,68359.6,0.0,971.1943559726546,-0.031210641451291647,0.0,HOLD,closed,0.0,0.0,0.0,0.030608757284292243,True,False
2024-05-30 15:00:00+00:00,68530.76,0.0,971.1943559726546,-0.031210641451291647,0.0,HOLD,closed,0.0,0.0,0.0,0.030608202731259637,True,False
2024-05-30 16:00:00+00:00,68676.0,0.0,971.1943559726546,-0.031210641451291647,0.0,HOLD,closed,0.0,0.0,0.0,0.030607757253909518,True,False
2024-05-30 17:00:00+00:00,69315.1,0.0,971.1943559726546,-0.031210641451291647,0.0,HOLD,closed,0.0,0.0,0.0,0.030622934936979207,True,False
2024-05-30 18:00:00+00:00,69360.13,0.0,971.1943559726546,-0.031210641451291647,0.0,HOLD,closed,0.0,0.0,0.0,0.03059841987418621,True,False
2024-05-30 19:00:00+00:00,68653.02,0.0,971.1943559726546,-0.031210641451291647,0.0,HOLD,closed,0.0,0.0,0.0,0.03061537742991252,True,False
2024-05-30 20:00:00+00:00,68475.99,0.0,971.1943559726546,-0.031210641451291647,0.0,HOLD,closed,0.0,0.0,0.0,0.030614138635019106,True,False
2024-05-30 21:00:00+00:00,68416.76,0.0,971.1943559726546,-0.031210641451291647,0.0,HOLD,closed,0.0,0.0,0.0,0.030614244678481672,True,False
2024-05-30 22:00:00+00:00,68314.93,0.0,971.1943559726546,-0.031210641451291647,0.0,HOLD,closed,0.0,0.0,0.0,0.03061469657720023,True,False
2024-05-30 23:00:00+00:00,68352.17,0.0,971.1943559726546,-0.031210641451291647,0.0,HOLD,closed,0.0,0.0,0.0,0.03061482136663668,True,False
2024-05-31 00:00:00+00:00,68460.0,0.0,971.1943559726546,-0.031210641451291647,0.0,HOLD,closed,0.0,0.0,0.0,0.030615315080661815,True,False
2024-05-31 01:00:00+00:00,68440.0,0.0,971.1943559726546,-0.031210641451291647,0.0,HOLD,closed,0.0,0.0,0.0,0.0306143194509301,True,False
2024-05-31 02:00:00+00:00,68539.99,0.0,971.1943559726546,-0.031210641451291647,0.0,HOLD,closed,0.0,0.0,0.0,0.030607694772717464,True,False
2024-05-31 03:00:00+00:00,68535.81,0.0,971.1943559726546,-0.031210641451291647,0.0,HOLD,closed,0.0,0.0,0.0,0.03060753188784479,True,False
2024-05-31 04:00:00+00:00,68516.59,0.0,971.1943559726546,-0.031210641451291647,0.0,HOLD,closed,0.0,0.0,0.0,0.030607695384543193,True,False
2024-05-31 05:00:00+00:00,68442.72,0.0,971.1943559726546,-0.031210641451291647,0.0,HOLD,closed,0.0,0.0,0.0,0.030607687159526054,True,False
2024-05-31 06:00:00+00:00,68272.0,0.0,971.1943559726546,-0.031210641451291647,0.0,HOLD,closed,0.0,0.0,0.0,0.030608439770873047,True,False
2024-05-31 07:00:00+00:00,68174.99,0.0,971.1943559726546,-0.031210641451291647,0.0,HOLD,closed,0.0,0.0,0.0,0.030605480579412148,True,False
2024-05-31 08:00:00+00:00,68136.0,0.0029706206354598607,970.6733563831959,-0.03173035087399556,0.20852887022767905,BUY,closed,0.20852887022767905,0.20852887022767905,0.20852887022767905,0.03060175889884581,False,False
2024-05-31 09:00:00+00:00,67950.0,0.0029706206354598607,970.1208209450003,-0.032281518052277657,0.23227003372103538,HOLD,closed,0.23227003372103538,0.20807065246045403,0.024199381260581354,0.03060314192904509,True,False
2024-05-31 10:00:00+00:00,68333.33,0.006062639550556479,972.024502142011,-0.03038255099754622,0.4241465197477987,BUY,closed,0.4241465197477987,0.4241465197477987,0.21514739031172728,0.0304288014838896,False,False
2024-05-31 11:00:00+00:00,68349.73,0.0,971.1961485840271,-0.031208853279015944,0.0,SELL,closed,0.0,0.0,0.42626229416094435,0.030428048667144103,False,False
2024-05-31 12:00:00+00:00,68643.59,0.0,971.1961485840271,-0.031208853279015944,0.0,HOLD,closed,0.0,0.0,0.0,0.030430544694444422,True,False
2024-05-31 13:00:00+00:00,68078.34,0.0,971.1961485840271,-0.031208853279015944,0.0,HOLD,closed,0.0,0.0,0.0,0.030419315247039697,True,False
2024-05-31 14:00:00+00:00,67501.76,0.004201126222675004,969.4074492585355,-0.03299312319525125,0.2944880905748769,BUY,closed,0.2944880905748769,0.2944880905748769,0.2944880905748769,0.030427436892896786,False,False
2024-05-31 15:00:00+00:00,67215.58,0.014016948080063412,966.8649142507473,-0.03552936204809739,0.9772398388437986,BUY,closed,0.9772398388437986,0.9772398388437986,0.6855856066819831,0.0304310799066303,False,False
2024-05-31 16:00:00+00:00,67200.01,0.014016948080063412,966.6466703691407,-0.03574706548589914,1.0,HOLD,closed,1.0,0.9744398651784903,0.02556013482150965,0.030429252088589376,True,False
2024-05-31 17:00:00+00:00,67342.77,0.013302252035739565,968.6518030678882,-0.033746898156797274,0.9228447476335717,SELL,closed,0.9228447476335717,0.9228447476335717,0.05164792038462018,0.030428261752648927,False,False
2024-05-31 18:00:00+00:00,67414.88,0.009251329608194643,968.7734521714518,-0.033625550296521235,0.6425361755496362,SELL,closed,0.6425361755496362,0.6425361755496362,0.2823395719358539,0.030427486926727476,False,False
2024-05-31 19:00:00+00:00,67681.0,0.0068553470203755905,970.9547829399421,-0.03144962122218901,0.47583972857693824,SELL,closed,0.47583972857693824,0.47583972857693824,0.16884355715679344,0.030430367387804497,False,False
2024-05-31 20:00:00+00:00,67709.04,0.0,970.027061444941,-0.03237504537290279,0.0,SELL,closed,0.0,0.0,0.47795952861175667,0.030430525388769697,False,False
2024-05-31 21:00:00+00:00,67564.91,0.0,970.027061444941,-0.03237504537290279,0.0,HOLD,closed,0.0,0.0,0.0,0.03043117024981562,True,False
2024-05-31 22:00:00+00:00,67509.52,0.003259247523043751,969.4060000881325,-0.032994568777030574,0.22701507443941882,BUY,closed,0.22701507443941882,0.22701507443941882,0.22701507443941882,0.030431483303486745,False,False
2024-05-31 23:00:00+00:00,67540.01,0.003259247523043751,969.50537454511,-0.03289544040397182,0.24484537741968118,HOLD,closed,0.24484537741968118,0.22705352242336407,0.017791854996317108,0.030430219456053953,True,False
2024-06-01 00:00:00+00:00,67655.66,0.003259247523043751,969.8823065211501,-0.03251944183577727,0.20453296307303173,HOLD,closed,0.20453296307303173,0.22735391788496517,0.02282095481193344,0.03043072103580452,True,False
2024-06-01 01:00:00+00:00,67560.0,0.0,969.4414036898715,-0.03295925284628183,0.0,SELL,closed,0.0,0.0,0.22710546220929353,0.03042987721543397,False,False
2024-06-01 02:00:00+00:00,67729.05,0.0,969.4414036898715,-0.03295925284628183,0.0,HOLD,closed,0.0,0.0,0.0,0.030431054533242463,True,False
2024-06-01 03:00:00+00:00,67715.31,0.0,969.4414036898715,-0.03295925284628183,0.0,HOLD,closed,0.0,0.0,0.0,0.030430924816759575,True,False
2024-06-01 04:00:00+00:00,67680.01,0.0,969.4414036898715,-0.03295925284628183,0.0,HOLD,closed,0.0,0.0,0.0,0.03042848842255219,True,False
2024-06-01 05:00:00+00:00,67686.35,0.0,969.4414036898715,-0.03295925284628183,0.0,HOLD,closed,0.0,0.0,0.0,0.030428139286715367,True,False
2024-06-01 06:00:00+00:00,67693.32,0.0,969.4414036898715,-0.03295925284628183,0.0,HOLD,closed,0.0,0.0,0.0,0.030427310099274296,True,False
2024-06-01 07:00:00+00:00,67632.08,0.0,969.4414036898715,-0.03295925284628183,0.0,HOLD,closed,0.0,0.0,0.0,0.03042757867219567,True,False
2024-06-01 08:00:00+00:00,67704.0,0.0,969.4414036898715,-0.03295925284628183,0.0,HOLD,closed,0.0,0.0,0.0,0.03042790900304959,True,False
2024-06-01 09:00:00+00:00,67706.69,0.0,969.4414036898715,-0.03295925284628183,0.0,HOLD,closed,0.0,0.0,0.0,0.030424544945981596,True,False
2024-06-01 10:00:00+00:00,67627.33,0.0,969.4414036898715,-0.03295925284628183,0.0,HOLD,closed,0.0,0.0,0.0,0.030423977997420165,True,False
2024-06-01 11:00:00+00:00,67660.57,0.0,969.4414036898715,-0.03295925284628183,0.0,HOLD,closed,0.0,0.0,0.0,0.03041862796218564,True,False
2024-06-01 12:00:00+00:00,67717.76,0.0,969.4414036898715,-0.03295925284628183,0.0,HOLD,closed,0.0,0.0,0.0,0.03041901279410214,True,False
2024-06-01 13:00:00+00:00,67720.01,0.0,969.4414036898715,-0.03295925284628183,0.0,HOLD,closed,0.0,0.0,0.0,0.030418550140016987,True,False
2024-06-01 14:00:00+00:00,67803.34,0.0,969.4414036898715,-0.03295925284628183,0.0,HOLD,closed,0.0,0.0,0.0,0.030418229928485724,True,False
2024-06-01 15:00:00+00:00,67691.28,0.0,969.4414036898715,-0.03295925284628183,0.0,HOLD,closed,0.0,0.0,0.0,0.03041851641193319,True,False
2024-06-01 16:00:00+00:00,67700.01,0.0,969.4414036898715,-0.03295925284628183,0.0,HOLD,closed,0.0,0.0,0.0,0.030417724045359307,True,False
2024-06-01 17:00:00+00:00,67791.02,0.0,969.4414036898715,-0.03295925284628183,0.0,HOLD,closed,0.0,0.0,0.0,0.030417641559381814,True,False
2024-06-01 18:00:00+00:00,67750.71,0.0,969.4414036898715,-0.03295925284628183,0.0,HOLD,closed,0.0,0.0,0.0,0.030417821439343323,True,False
2024-06-01 19:00:00+00:00,67753.76,0.0,969.4414036898715,-0.03295925284628183,0.0,HOLD,closed,0.0,0.0,0.0,0.03041754919387815,True,False
2024-06-01 20:00:00+00:00,67796.54,0.0,969.4414036898715,-0.03295925284628183,0.0,HOLD,closed,0.0,0.0,0.0,0.030416512042885285,True,False
2024-06-01 21:00:00+00:00,67760.01,0.0,969.4414036898715,-0.03295925284628183,0.0,HOLD,closed,0.0,0.0,0.0,0.030416051203630834,True,False
2024-06-01 22:00:00+00:00,67765.4,0.0,969.4414036898715,-0.03295925284628183,0.0,HOLD,closed,0.0,0.0,0.0,0.03041592263527504,True,False
2024-06-01 23:00:00+00:00,67766.85,0.0,969.4414036898715,-0.03295925284628183,0.0,HOLD,closed,0.0,0.0,0.0,0.030416045506952788,True,False
2024-06-02 00:00:00+00:00,67889.0,0.0,969.4414036898715,-0.03295925284628183,0.0,HOLD,closed,0.0,0.0,0.0,0.030415321110975974,True,False
2024-06-02 01:00:00+00:00,67755.0,0.0,969.4414036898715,-0.03295925284628183,0.0,HOLD,closed,0.0,0.0,0.0,0.03041599768953529,True,False
2024-06-02 02:00:00+00:00,67733.26,0.0,969.4414036898715,-0.03295925284628183,0.0,HOLD,closed,0.0,0.0,0.0,0.030415549599027814,True,False
2024-06-02 03:00:00+00:00,67789.47,0.0,969.4414036898715,-0.03295925284628183,0.0,HOLD,closed,0.0,0.0,0.0,0.030415013626286486,True,False
2024-06-02 04:00:00+00:00,67852.62,0.0,969.4414036898715,-0.03295925284628183,0.0,HOLD,closed,0.0,0.0,0.0,0.03041259222606668,True,False
2024-06-02 05:00:00+00:00,67728.4,0.0,969.4414036898715,-0.03295925284628183,0.0,HOLD,closed,0.0,0.0,0.0,0.030413143480640087,True,False
2024-06-02 06:00:00+00:00,67841.09,0.0030309147804055,969.3722664499635,-0.03302821887958963,0.2117498160704031,BUY,closed,0.2117498160704031,0.2117498160704031,0.2117498160704031,0.03041238948818986,False,False
2024-06-02 07:00:00+00:00,67721.0,0.0,968.961128135445,-0.0334383390800908,0.0,SELL,closed,0.0,0.0,0.2118212849729334,0.030412997917010687,False,False
2024-06-02 08:00:00+00:00,67750.67,0.004745192214713332,968.4590114430798,-0.03393921236598005,0.33164303509562904,BUY,closed,0.33164303509562904,0.33164303509562904,0.33164303509562904,0.030413042390618095,False,False
2024-06-02 09:00:00+00:00,67529.99,0.0,967.8162396414466,-0.034580392452713354,0.0,SELL,closed,0.0,0.0,0.33123719263594464,0.030415015530625755,False,False
2024-06-02 10:00:00+00:00,67529.99,0.014331648743394737,965.8799799375565,-0.036511857339200184,1.0,BUY,closed,1.0,1.0,1.0,0.030414999523323383,False,False
2024-06-02 11:00:00+00:00,68251.52,0.014456103871692256,976.293678207692,-0.026123946819332645,1.0,BUY,closed,1.0,1.0019832773453783,0.001983277345378287,0.03043328887064442,True,False
2024-06-02 12:00:00+00:00,67934.99,0.0,974.3210136801706,-0.028091726379104953,0.0,SELL,closed,0.0,0.0,1.0106588387893594,0.030437228677520217,False,False
2024-06-02 13:00:00+00:00,68165.98,0.0,974.3210136801706,-0.028091726379104953,0.0,HOLD,closed,0.0,0.0,0.0,0.030435929349940355,True,False
2024-06-02 14:00:00+00:00,68252.5,0.0,974.3210136801706,-0.028091726379104953,0.0,HOLD,closed,0.0,0.0,0.0,0.030433376438956022,True,False
2024-06-02 15:00:00+00:00,68142.17,0.0,974.3210136801706,-0.028091726379104953,0.0,HOLD,closed,0.0,0.0,0.0,0.0304338933047249,True,False
2024-06-02 16:00:00+00:00,68103.63,0.0,974.3210136801706,-0.028091726379104953,0.0,HOLD,closed,0.0,0.0,0.0,0.03043332729855236,True,False
2024-06-02 17:00:00+00:00,67879.28,0.0,974.3210136801706,-0.028091726379104953,0.0,HOLD,closed,0.0,0.0,0.0,0.030435359380630855,True,False
2024-06-02 18:00:00+00:00,67697.14,0.0,974.3210136801706,-0.028091726379104953,0.0,HOLD,closed,0.0,0.0,0.0,0.030436343342029215,True,False
2024-06-02 19:00:00+00:00,67736.95,0.007157854382672088,975.6810433857202,-0.026735064555502227,0.4973373902848297,BUY,closed,0.4973373902848297,0.4973373902848297,0.4973373902848297,0.030435382491288132,False,False
2024-06-02 20:00:00+00:00,67831.2,0.00487121443706358,975.830452760094,-0.026586025167998982,0.33795185351890744,SELL,closed,0.33795185351890744,0.33795185351890744,0.15933194022852654,0.03043591299691431,False,False
2024-06-02 21:00:00+00:00,67816.14,0.0,975.169825943552,-0.027245016054737368,0.0,SELL,closed,0.0,0.0,0.33855450588135494,0.03043549661883735,False,False
2024-06-02 22:00:00+00:00,67927.99,0.0,975.169825943552,-0.027245016054737368,0.0,HOLD,closed,0.0,0.0,0.0,0.030429224627479157,True,False
2024-06-02 23:00:00+00:00,67765.63,0.0,975.169825943552,-0.027245016054737368,0.0,HOLD,closed,0.0,0.0,0.0,0.030429820577215133,True,False
2024-06-03 00:00:00+00:00,67823.99,0.0031431719957812146,974.9271883953248,-0.02748705275239862,0.2184224669325247,BUY,closed,0.2184224669325247,0.2184224669325247,0.2184224669325247,0.030428791086015372,False,False
2024-06-03 01:00:00+00:00,68476.01,0.0,975.3997827387876,-0.027015628708342548,0.0,SELL,closed,0.0,0.0,0.22030402483233857,0.030446106599258532,False,False
2024-06-03 02:00:00+00:00,68416.08,0.0,975.3997827387876,-0.027015628708342548,0.0,HOLD,closed,0.0,0.0,0.0,0.030425397640152313,True,False
2024-06-03 03:00:00+00:00,68382.81,0.0,975.3997827387876,-0.027015628708342548,0.0,HOLD,closed,0.0,0.0,0.0,0.030391201243055832,True,False
2024-06-03 04:00:00+00:00,68510.0,0.0,975.3997827387876,-0.027015628708342548,0.0,HOLD,closed,0.0,0.0,0.0,0.030382712448586063,True,False
2024-06-03 05:00:00+00:00,68700.0,0.0,975.3997827387876,-0.027015628708342548,0.0,HOLD,closed,0.0,0.0,0.0,0.030380114763578547,True,False
2024-06-03 06:00:00+00:00,69038.94,0.0,975.3997827387876,-0.027015628708342548,0.0,HOLD,closed,0.0,0.0,0.0,0.030377783372229322,True,False
2024-06-03 07:00:00+00:00,68906.7,0.0,975.3997827387876,-0.027015628708342548,0.0,HOLD,closed,0.0,0.0,0.0,0.030378518363721158,True,False
2024-06-03 08:00:00+00:00,69142.55,0.0,975.3997827387876,-0.027015628708342548,0.0,HOLD,closed,0.0,0.0,0.0,0.030380313414340304,True,False
2024-06-03 09:00:00+00:00,69014.88,0.0,975.3997827387876,-0.027015628708342548,0.0,HOLD,closed,0.0,0.0,0.0,0.03038094073157574,True,False
2024-06-03 10:00:00+00:00,68907.99,0.0,975.3997827387876,-0.027015628708342548,0.0,HOLD,closed,0.0,0.0,0.0,0.030381476306292454,True,False
2024-06-03 11:00:00+00:00,69080.0,0.0,975.3997827387876,-0.027015628708342548,0.0,HOLD,closed,0.0,0.0,0.0,0.03037953848466529,True,False
2024-06-03 12:00:00+00:00,69746.23,0.0,975.3997827387876,-0.027015628708342548,0.0,HOLD,closed,0.0,0.0,0.0,0.030395798468201313,True,False
2024-06-03 13:00:00+00:00,69795.34,0.0,975.3997827387876,-0.027015628708342548,0.0,HOLD,closed,0.0,0.0,0.0,0.03038938476837061,True,False
2024-06-03 14:00:00+00:00,68776.01,0.0,975.3997827387876,-0.027015628708342548,0.0,HOLD,closed,0.0,0.0,0.0,0.03043075384974367,True,False
2024-06-03 15:00:00+00:00,69615.28,0.0,975.3997827387876,-0.027015628708342548,0.0,HOLD,closed,0.0,0.0,0.0,0.030451671423960575,True,False
2024-06-03 16:00:00+00:00,69080.02,0.0,975.3997827387876,-0.027015628708342548,0.0,HOLD,closed,0.0,0.0,0.0,0.030462753094801648,True,False
2024-06-03 17:00:00+00:00,69268.97,0.0,975.3997827387876,-0.027015628708342548,0.0,HOLD,closed,0.0,0.0,0.0,0.030462503734262486,True,False
2024-06-03 18:00:00+00:00,69288.41,0.0,975.3997827387876,-0.027015628708342548,0.0,HOLD,closed,0.0,0.0,0.0,0.030461906044475573,True,False
2024-06-03 19:00:00+00:00,69204.0,0.0,975.3997827387876,-0.027015628708342548,0.0,HOLD,closed,0.0,0.0,0.0,0.030461608347815528,True,False
2024-06-03 20:00:00+00:00,69101.28,0.0,975.3997827387876,-0.027015628708342548,0.0,HOLD,closed,0.0,0.0,0.0,0.030462104054269745,True,False
2024-06-03 21:00:00+00:00,69081.17,0.0,975.3997827387876,-0.027015628708342548,0.0,HOLD,closed,0.0,0.0,0.0,0.030461395112344247,True,False
2024-06-03 22:00:00+00:00,69042.51,0.0,975.3997827387876,-0.027015628708342548,0.0,HOLD,closed,0.0,0.0,0.0,0.030461496854140235,True,False
2024-06-03 23:00:00+00:00,68809.9,0.0,975.3997827387876,-0.027015628708342548,0.0,HOLD,closed,0.0,0.0,0.0,0.030463895349901127,True,False
2024-06-04 00:00:00+00:00,69001.41,0.0,975.3997827387876,-0.027015628708342548,0.0,HOLD,closed,0.0,0.0,0.0,0.030465325185457443,True,False
2024-06-04 01:00:00+00:00,69215.4,0.0,975.3997827387876,-0.027015628708342548,0.0,HOLD,closed,0.0,0.0,0.0,0.030466179613173966,True,False
2024-06-04 02:00:00+00:00,69139.57,0.0,975.3997827387876,-0.027015628708342548,0.0,HOLD,closed,0.0,0.0,0.0,0.03044510791099636,True,False
2024-06-04 03:00:00+00:00,69170.22,0.0,975.3997827387876,-0.027015628708342548,0.0,HOLD,closed,0.0,0.0,0.0,0.03044573646036136,True,False
2024-06-04 04:00:00+00:00,69061.22,0.0,975.3997827387876,-0.027015628708342548,0.0,HOLD,closed,0.0,0.0,0.0,0.030445041813198626,True,False
2024-06-04 05:00:00+00:00,68956.01,0.0,975.3997827387876,-0.027015628708342548,0.0,HOLD,closed,0.0,0.0,0.0,0.030445814062185328,True,False
2024-06-04 06:00:00+00:00,68905.43,0.0,975.3997827387876,-0.027015628708342548,0.0,HOLD,closed,0.0,0.0,0.0,0.030445948723175353,True,False
2024-06-04 07:00:00+00:00,69013.63,0.0,975.3997827387876,-0.027015628708342548,0.0,HOLD,closed,0.0,0.0,0.0,0.0304466397894885,True,False
2024-06-04 08:00:00+00:00,68836.54,0.0,975.3997827387876,-0.027015628708342548,0.0,HOLD,closed,0.0,0.0,0.0,0.030447317446771788,True,False
2024-06-04 09:00:00+00:00,68717.92,0.003070775977356446,975.5057400431202,-0.02690993378922913,0.21671277473817538,BUY,closed,0.21671277473817538,0.21671277473817538,0.21671277473817538,0.03044926330276454,False,False
2024-06-04 10:00:00+00:00,68890.66,0.00588173977910485,976.1353280194671,-0.026281904880284087,0.4141044455587233,BUY,closed,0.4141044455587233,0.4141044455587233,0.1973627029354035,0.030450679324709184,False,False
2024-06-04 11:00:00+00:00,68955.85,0.0,975.3251367472733,-0.02709008985177143,0.0,SELL,closed,0.0,0.0,0.4153328979707871,0.030452069646791896,False,False
2024-06-04 12:00:00+00:00,68946.56,0.0,975.3251367472733,-0.02709008985177143,0.0,HOLD,closed,0.0,0.0,0.0,0.030447220044286266,True,False
2024-06-04 13:00:00+00:00,69527.99,0.0,975.3251367472733,-0.02709008985177143,0.0,HOLD,closed,0.0,0.0,0.0,0.030460676368935152,True,False
2024-06-04 14:00:00+00:00,69651.49,0.0,975.3251367472733,-0.02709008985177143,0.0,HOLD,closed,0.0,0.0,0.0,0.0304609568979205,True,False
2024-06-04 15:00:00+00:00,70445.0,0.0,975.3251367472733,-0.02709008985177143,0.0,HOLD,closed,0.0,0.0,0.0,0.03048446048620368,True,False
2024-06-04 16:00:00+00:00,70800.0,0.0,975.3251367472733,-0.02709008985177143,0.0,HOLD,closed,0.0,0.0,0.0,0.03048949415587271,True,False
2024-06-04 17:00:00+00:00,70564.0,0.0,975.3251367472733,-0.02709008985177143,0.0,HOLD,closed,0.0,0.0,0.0,0.030491645410955615,True,False
2024-06-04 18:00:00+00:00,70693.67,0.0,975.3251367472733,-0.02709008985177143,0.0,HOLD,closed,0.0,0.0,0.0,0.03049338809200594,True,False
2024-06-04 19:00:00+00:00,70423.6,0.0,975.3251367472733,-0.02709008985177143,0.0,HOLD,closed,0.0,0.0,0.0,0.030496546914424272,True,False
2024-06-04 20:00:00+00:00,70402.69,0.0,975.3251367472733,-0.02709008985177143,0.0,HOLD,closed,0.0,0.0,0.0,0.0304963178753416,True,False
2024-06-04 21:00:00+00:00,70620.0,0.0,975.3251367472733,-0.02709008985177143,0.0,HOLD,closed,0.0,0.0,0.0,0.030495576801676832,True,False
2024-06-04 22:00:00+00:00,70561.3,0.0,975.3251367472733,-0.02709008985177143,0.0,HOLD,closed,0.0,0.0,0.0,0.03049622657554696,True,False
2024-06-04 23:00:00+00:00,70537.84,0.0,975.3251367472733,-0.02709008985177143,0.0,HOLD,closed,0.0,0.0,0.0,0.030495211709767128,True,False
2024-06-05 00:00:00+00:00,70776.0,0.0,975.3251367472733,-0.02709008985177143,0.0,HOLD,closed,0.0,0.0,0.0,0.030497962002343004,True,False
2024-06-05 01:00:00+00:00,70986.3,0.0,975.3251367472733,-0.02709008985177143,0.0,HOLD,closed,0.0,0.0,0.0,0.030500640215749497,True,False
2024-06-05 02:00:00+00:00,70837.96,0.0,975.3251367472733,-0.02709008985177143,0.0,HOLD,closed,0.0,0.0,0.0,0.0305022837059844,True,False
2024-06-05 03:00:00+00:00,70947.58,0.0,975.3251367472733,-0.02709008985177143,0.0,HOLD,closed,0.0,0.0,0.0,0.030504816359756298,True,False
2024-06-05 04:00:00+00:00,71168.53,0.0,975.3251367472733,-0.02709008985177143,0.0,HOLD,closed,0.0,0.0,0.0,0.030512232286876467,True,False
2024-06-05 05:00:00+00:00,70999.99,0.0,975.3251367472733,-0.02709008985177143,0.0,HOLD,closed,0.0,0.0,0.0,0.030502227859364822,True,False
2024-06-05 06:00:00+00:00,71119.05,0.0,975.3251367472733,-0.02709008985177143,0.0,HOLD,closed,0.0,0.0,0.0,0.030502883031580247,True,False
2024-06-05 07:00:00+00:00,71200.0,0.0,975.3251367472733,-0.02709008985177143,0.0,HOLD,closed,0.0,0.0,0.0,0.03050128134359123,True,False
2024-06-05 08:00:00+00:00,70927.57,0.0,975.3251367472733,-0.02709008985177143,0.0,HOLD,closed,0.0,0.0,0.0,0.030423965336951686,True,False
2024-06-05 09:00:00+00:00,70894.19,0.0,975.3251367472733,-0.02709008985177143,0.0,HOLD,closed,0.0,0.0,0.0,0.030417139842426527,True,False
2024-06-05 10:00:00+00:00,70800.33,0.0,975.3251367472733,-0.02709008985177143,0.0,HOLD,closed,0.0,0.0,0.0,0.030411727554837897,True,False
2024-06-05 11:00:00+00:00,70971.71,0.0,975.3251367472733,-0.02709008985177143,0.0,HOLD,closed,0.0,0.0,0.0,0.030410717316309344,True,False
2024-06-05 12:00:00+00:00,70940.01,0.0,975.3251367472733,-0.02709008985177143,0.0,HOLD,closed,0.0,0.0,0.0,0.030413091837286327,True,False
2024-06-05 13:00:00+00:00,70730.7,0.0,975.3251367472733,-0.02709008985177143,0.0,HOLD,closed,0.0,0.0,0.0,0.03041468563403768,True,False
2024-06-05 14:00:00+00:00,70867.99,0.0,975.3251367472733,-0.02709008985177143,0.0,HOLD,closed,0.0,0.0,0.0,0.030397123664065773,True,False
2024-06-05 15:00:00+00:00,71580.0,0.0,975.3251367472733,-0.02709008985177143,0.0,HOLD,closed,0.0,0.0,0.0,0.030413926480693132,True,False
2024-06-05 16:00:00+00:00,71312.77,0.0,975.3251367472733,-0.02709008985177143,0.0,HOLD,closed,0.0,0.0,0.0,0.03041646624995828,True,False
2024-06-05 17:00:00+00:00,71628.98,0.0,975.3251367472733,-0.02709008985177143,0.0,HOLD,closed,0.0,0.0,0.0,0.030420177135752124,True,False
2024-06-05 18:00:00+00:00,71096.81,0.0,975.3251367472733,-0.02709008985177143,0.0,HOLD,closed,0.0,0.0,0.0,0.03042957997478346,True,False
2024-06-05 19:00:00+00:00,71279.95,0.0,975.3251367472733,-0.02709008985177143,0.0,HOLD,closed,0.0,0.0,0.0,0.03043247536330984,True,False
2024-06-05 20:00:00+00:00,71196.02,0.0,975.3251367472733,-0.02709008985177143,0.0,HOLD,closed,0.0,0.0,0.0,0.030432698629483168,True,False
2024-06-05 21:00:00+00:00,71138.42,0.0,975.3251367472733,-0.02709008985177143,0.0,HOLD,closed,0.0,0.0,0.0,0.030432471680058526,True,False
2024-06-05 22:00:00+00:00,71144.86,0.0,975.3251367472733,-0.02709008985177143,0.0,HOLD,closed,0.0,0.0,0.0,0.030432325050843062,True,False
2024-06-05 23:00:00+00:00,71108.0,0.0,975.3251367472733,-0.02709008985177143,0.0,HOLD,closed,0.0,0.0,0.0,0.030432548754956684,True,False
2024-06-06 00:00:00+00:00,71018.06,0.0,975.3251367472733,-0.02709008985177143,0.0,HOLD,closed,0.0,0.0,0.0,0.030432204523894002,True,False
2024-06-06 01:00:00+00:00,71124.0,0.0,975.3251367472733,-0.02709008985177143,0.0,HOLD,closed,0.0,0.0,0.0,0.030437871536980743,True,False
2024-06-06 02:00:00+00:00,71160.0,0.0,975.3251367472733,-0.02709008985177143,0.0,HOLD,closed,0.0,0.0,0.0,0.030499062323236042,True,False
2024-06-06 03:00:00+00:00,71050.0,0.0,975.3251367472733,-0.02709008985177143,0.0,HOLD,closed,0.0,0.0,0.0,0.030558235023642216,True,False
2024-06-06 04:00:00+00:00,71054.52,0.0,975.3251367472733,-0.02709008985177143,0.0,HOLD,closed,0.0,0.0,0.0,0.03055816478632989,True,False
2024-06-06 05:00:00+00:00,70895.45,0.0,975.3251367472733,-0.02709008985177143,0.0,HOLD,closed,0.0,0.0,0.0,0.03056521857918537,True,False
2024-06-06 06:00:00+00:00,70887.99,0.004022525966219508,974.7246285371475,-0.02768911100558399,0.29239355961120117,BUY,closed,0.29239355961120117,0.29239355961120117,0.29239355961120117,0.030570199499678097,False,False
2024-06-06 07:00:00+00:00,71021.47,0.004022525966219508,975.2615553031185,-0.02715351384730798,0.28327318068426205,HOLD,closed,0.28327318068426205,0.2929323991914011,0.009659218507139078,0.03056670712361556,True,False
2024-06-06 08:00:00+00:00,70904.01,0.0,974.6902865866748,-0.027723367914064937,0.0,SELL,closed,0.0,0.0,0.29258967943570263,0.030563106301419174,False,False
2024-06-06 09:00:00+00:00,70978.88,0.0029622206245675576,974.4918963866028,-0.0279212668345932,0.2154872411030917,BUY,closed,0.2154872411030917,0.2154872411030917,0.2154872411030917,0.030565880671899165,False,False
2024-06-06 10:00:00+00:00,70988.0,0.0,974.071520872641,-0.028340601360186395,0.0,SELL,closed,0.0,0.0,0.215780438062558,0.03054452799354543,False,False
2024-06-06 11:00:00+00:00,71170.01,0.0,974.071520872641,-0.028340601360186395,0.0,HOLD,closed,0.0,0.0,0.0,0.03054797477924892,True,False
2024-06-06 12:00:00+00:00,71187.17,0.0,974.071520872641,-0.028340601360186395,0.0,HOLD,closed,0.0,0.0,0.0,0.03052935689864439,True,False
2024-06-06 13:00:00+00:00,71123.09,0.0,974.071520872641,-0.028340601360186395,0.0,HOLD,closed,0.0,0.0,0.0,0.03056830866675231,True,False
2024-06-06 14:00:00+00:00,71464.57,0.0,974.071520872641,-0.028340601360186395,0.0,HOLD,closed,0.0,0.0,0.0,0.03068752570922953,True,False
2024-06-06 15:00:00+00:00,71300.0,0.0,974.071520872641,-0.028340601360186395,0.0,HOLD,closed,0.0,0.0,0.0,0.030771995379985623,True,False
2024-06-06 16:00:00+00:00,70948.95,0.0,974.071520872641,-0.028340601360186395,0.0,HOLD,closed,0.0,0.0,0.0,0.030783662472488316,True,False
2024-06-06 17:00:00+00:00,71098.31,0.004212237328541122,974.1028035819025,-0.02830939611722678,0.3068089038709022,BUY,closed,0.3068089038709022,0.3068089038709022,0.3068089038709022,0.03078756136102251,False,False
2024-06-06 18:00:00+00:00,71075.0,0.0,973.5039453744744,-0.02890677135429242,0.0,SELL,closed,0.0,0.0,0.3073751018287739,0.0307920409776804,False,False
2024-06-06 19:00:00+00:00,70479.49,0.0,973.5039453744744,-0.02890677135429242,0.0,HOLD,closed,0.0,0.0,0.0,0.03081034264934468,True,False
2024-06-06 20:00:00+00:00,70720.01,0.013812584985709662,979.1391189706918,-0.023285552305791456,1.0,BUY,closed,1.0,1.0,1.0,0.030810769286875234,False,False
2024-06-06 21:00:00+00:00,70740.51,0.00833273073294292,978.5350630232824,-0.023888112411520442,0.6016718371858651,SELL,closed,0.6016718371858651,0.6016718371858651,0.39596659650115795,0.030810927049425646,False,False
2024-06-06 22:00:00+00:00,70901.01,0.007161544811151053,979.5188318117922,-0.022906779758875295,0.517017621934601,SELL,closed,0.517017621934601,0.517017621934601,0.08591698980215079,0.030814013194289086,False,False
2024-06-06 23:00:00+00:00,70799.06,0.0,978.5035641716306,-0.023919533261630523,0.0,SELL,closed,0.0,0.0,0.5180184797763474,0.030815130982674854,False,False
2024-06-07 00:00:00+00:00,70883.05,0.005034506617360756,978.2133574911089,-0.02420902129473136,0.36426881732890803,BUY,closed,0.36426881732890803,0.36426881732890803,0.36426881732890803,0.03081585469630979,False,False
2024-06-07 01:00:00+00:00,70840.01,0.0,977.4998135531337,-0.024920798262663857,0.0,SELL,closed,0.0,0.0,0.3646684178081862,0.03081272354180417,False,False
2024-06-07 02:00:00+00:00,70824.08,0.0028262483355367017,977.0542967097371,-0.025365211859471246,0.20481991844240605,BUY,closed,0.20481991844240605,0.20481991844240605,0.20481991844240605,0.030809305418173172,False,False
2024-06-07 03:00:00+00:00,70989.68,0.0028262483355367017,977.522323434102,-0.024898344123582244,0.21987364567279002,HOLD,closed,0.21987364567279002,0.20524796225158382,0.01462568342120621,0.030800875610999645,True,False
2024-06-07 04:00:00+00:00,71226.52,0.0,977.9968267021549,-0.02442501588206271,0.0,SELL,closed,0.0,0.0,0.20579180463697178,0.030800432469712036,False,False
2024-06-07 05:00:00+00:00,71290.6,0.0,977.9968267021549,-0.02442501588206271,0.0,HOLD,closed,0.0,0.0,0.0,0.030798663692374967,True,False
2024-06-07 06:00:00+00:00,71265.7,0.0,977.9968267021549,-0.02442501588206271,0.0,HOLD,closed,0.0,0.0,0.0,0.030797963547237323,True,False
2024-06-07 07:00:00+00:00,71110.0,0.0,977.9968267021549,-0.02442501588206271,0.0,HOLD,closed,0.0,0.0,0.0,0.030795369989941895,True,False
2024-06-07 08:00:00+00:00,71117.2,0.0,977.9968267021549,-0.02442501588206271,0.0,HOLD,closed,0.0,0.0,0.0,0.03079406712715549,True,False
2024-06-07 09:00:00+00:00,71302.07,0.0,977.9968267021549,-0.02442501588206271,0.0,HOLD,closed,0.0,0.0,0.0,0.030786045298429404,True,False
2024-06-07 10:00:00+00:00,71377.38,0.0,977.9968267021549,-0.02442501588206271,0.0,HOLD,closed,0.0,0.0,0.0,0.030748904475568162,True,False
2024-06-07 11:00:00+00:00,71699.99,0.0,977.9968267021549,-0.02442501588206271,0.0,HOLD,closed,0.0,0.0,0.0,0.03074786530989948,True,False
2024-06-07 12:00:00+00:00,71234.09,0.0,977.9968267021549,-0.02442501588206271,0.0,HOLD,closed,0.0,0.0,0.0,0.03075683075219543,True,False
2024-06-07 13:00:00+00:00,71534.6,0.0,977.9968267021549,-0.02442501588206271,0.0,HOLD,closed,0.0,0.0,0.0,0.030760255151256605,True,False
2024-06-07 14:00:00+00:00,71430.94,0.0,977.9968267021549,-0.02442501588206271,0.0,HOLD,closed,0.0,0.0,0.0,0.030760934000627488,True,False
2024-06-07 15:00:00+00:00,71111.54,0.0,977.9968267021549,-0.02442501588206271,0.0,HOLD,closed,0.0,0.0,0.0,0.030770065173942457,True,False
2024-06-07 16:00:00+00:00,70873.47,0.0,977.9968267021549,-0.02442501588206271,0.0,HOLD,closed,0.0,0.0,0.0,0.030777771583276436,True,False
2024-06-07 17:00:00+00:00,69803.59,0.007384774051749703,971.3440600417209,-0.03106130809885716,0.5351598510049116,BUY,closed,0.5351598510049116,0.5351598510049116,0.5351598510049116,0.030831869045093108,False,False
2024-06-07 18:00:00+00:00,69154.43,0.01384671132413515,963.4348587249706,-0.038950923625517934,1.0,BUY,closed,1.0,1.0,0.47163648478932274,0.03085238726815348,False,False
2024-06-07 19:00:00+00:00,69255.0,0.01384671132413515,964.827422482839,-0.03756180831463623,1.0,HOLD,closed,1.0,0.9939124556444046,0.006087544355595442,0.030849821571341224,True,False
2024-06-07 20:00:00+00:00,69307.99,0.01384671132413515,965.561159715905,-0.036829888056869285,1.0,HOLD,closed,1.0,0.9939170816154336,0.006082918384566427,0.030849270463083944,True,False
2024-06-07 21:00:00+00:00,69250.01,0.01384671132413515,964.7583273933315,-0.037630732301921786,0.9908424782936649,HOLD,closed,0.9908424782936649,0.9939120196601687,0.0030695413665038362,0.03084914217200535,True,False
2024-06-07 22:00:00+00:00,69499.0,0.011930794655649384,968.0455898012033,-0.03435161023956798,0.8533386821665023,SELL,closed,0.8533386821665023,0.8533386821665023,0.14059501623212922,0.03085200879116784,False,False
2024-06-07 23:00:00+00:00,69355.6,0.007788380808597792,966.3530927001478,-0.03603991615979227,0.5601420191783704,SELL,closed,0.5601420191783704,0.5601420191783704,0.2961528132039736,0.03085369872645055,False,False
2024-06-08 00:00:00+00:00,69401.5,0.007788380808597792,966.7105793792625,-0.03568331473555688,0.5627667427340359,HOLD,closed,0.5627667427340359,0.559138714541614,0.003628028192421917,0.030854325283955486,True,False
2024-06-08 01:00:00+00:00,69465.25,0.006328021004610169,966.911339072014,-0.03548305218999424,0.4540642380545421,SELL,closed,0.4540642380545421,0.4540642380545421,0.10530078967322232,0.030866681114945727,False,False
2024-06-08 02:00:00+00:00,69422.11,0.004899793293218464,966.5015729516649,-0.03589180359433125,0.35211236723792316,SELL,closed,0.35211236723792316,0.35211236723792316,0.10235395003735193,0.03087887387263033,False,False
2024-06-08 03:00:00+00:00,69432.0,0.004899793293218464,966.5500319073349,-0.03584346463901224,0.32521069346608333,HOLD,closed,0.32521069346608333,0.3519760350774685,0.026765341611385163,0.03087906022003173,True,False
2024-06-08 04:00:00+00:00,69316.73,0.0038035473278612755,965.9594059643937,-0.03643262799739189,0.2733870965299412,SELL,closed,0.2733870965299412,0.2733870965299412,0.0782100472487674,0.030881285849716583,False,False
2024-06-08 05:00:00+00:00,69319.99,0.0038035473278612755,965.9718055286826,-0.03642025913851226,0.2954988928211421,HOLD,closed,0.2954988928211421,0.27294985342513856,0.022549039396003556,0.030886955307425856,True,False
2024-06-08 06:00:00+00:00,69333.45,0.0038035473278612755,966.0230012757156,-0.03636919016902789,0.25212123187211555,HOLD,closed,0.25212123187211555,0.2729883844697774,0.020867152597661864,0.03089256637741472,True,False
2024-06-08 07:00:00+00:00,69582.2,0.002930513355107049,966.8977014134396,-0.035496656077229786,0.2101231205836132,SELL,closed,0.2101231205836132,0.2101231205836132,0.06357660949077609,0.030903532835188957,False,False
2024-06-08 08:00:00+00:00,69436.42,0.0,966.4899802364673,-0.035903367602143944,0.0,SELL,closed,0.0,0.0,0.21054378586676833,0.030914177013495026,False,False
2024-06-08 09:00:00+00:00,69443.24,0.0,966.4899802364673,-0.035903367602143944,0.0,HOLD,closed,0.0,0.0,0.0,0.030923340699632346,True,False
2024-06-08 10:00:00+00:00,69453.4,0.0,966.4899802364673,-0.035903367602143944,0.0,HOLD,closed,0.0,0.0,0.0,0.03093299707181507,True,False
2024-06-08 11:00:00+00:00,69365.93,0.0,966.4899802364673,-0.035903367602143944,0.0,HOLD,closed,0.0,0.0,0.0,0.030941178422225518,True,False
2024-06-08 12:00:00+00:00,69360.22,0.0,966.4899802364673,-0.035903367602143944,0.0,HOLD,closed,0.0,0.0,0.0,0.030941481008736588,True,False
2024-06-08 13:00:00+00:00,69430.0,0.0,966.4899802364673,-0.035903367602143944,0.0,HOLD,closed,0.0,0.0,0.0,0.030941906019647136,True,False
2024-06-08 14:00:00+00:00,69461.69,0.0,966.4899802364673,-0.035903367602143944,0.0,HOLD,closed,0.0,0.0,0.0,0.030941865581294525,True,False
2024-06-08 15:00:00+00:00,69430.01,0.0,966.4899802364673,-0.035903367602143944,0.0,HOLD,closed,0.0,0.0,0.0,0.030941610382619306,True,False
2024-06-08 16:00:00+00:00,69387.15,0.0,966.4899802364673,-0.035903367602143944,0.0,HOLD,closed,0.0,0.0,0.0,0.030942361685877384,True,False
2024-06-08 17:00:00+00:00,69439.99,0.0,966.4899802364673,-0.035903367602143944,0.0,HOLD,closed,0.0,0.0,0.0,0.030944070924906836,True,False
2024-06-08 18:00:00+00:00,69454.89,0.0,966.4899802364673,-0.035903367602143944,0.0,HOLD,closed,0.0,0.0,0.0,0.03094693454107128,True,False
2024-06-08 19:00:00+00:00,69460.01,0.0,966.4899802364673,-0.035903367602143944,0.0,HOLD,closed,0.0,0.0,0.0,0.030949087442779077,True,False
2024-06-08 20:00:00+00:00,69372.73,0.0,966.4899802364673,-0.035903367602143944,0.0,HOLD,closed,0.0,0.0,0.0,0.030950198663878187,True,False
2024-06-08 21:00:00+00:00,69404.91,0.0,966.4899802364673,-0.035903367602143944,0.0,HOLD,closed,0.0,0.0,0.0,0.030952490682281064,True,False
2024-06-08 22:00:00+00:00,69338.15,0.0,966.4899802364673,-0.035903367602143944,0.0,HOLD,closed,0.0,0.0,0.0,0.03095054145482748,True,False
2024-06-08 23:00:00+00:00,69310.46,0.009625079298341775,964.8883577137997,-0.037501023979397474,0.6905246880956077,BUY,closed,0.6905246880956077,0.6905246880956077,0.6905246880956077,0.03095074107535975,False,False
2024-06-09 00:00:00+00:00,69268.7,0.01388646583352543,963.7175938992784,-0.03866888859671823,0.9979169434878823,BUY,closed,0.9979169434878823,0.9979169434878823,0.3066508764523854,0.03095103716496514,False,False
2024-06-09 01:00:00+00:00,69285.0,0.01388646583352543,963.9439432923648,-0.038443099719355556,1.0,HOLD,closed,1.0,0.9981117594760348,0.00188824052396519,0.030951338446342763,True,False
2024-06-09 02:00:00+00:00,69174.93,0.01388646583352543,962.4154599980686,-0.039967797985080745,1.0,HOLD,closed,1.0,0.9981087606213651,0.0018912393786348902,0.030952027341025923,True,False
2024-06-09 03:00:00+00:00,69259.38,0.01388646583352543,963.5881720377099,-0.03879798996708768,1.0,HOLD,closed,1.0,0.9981110623092163,0.0018889376907836875,0.030948393977544397,True,False
2024-06-09 04:00:00+00:00,69304.44,0.011954832545676511,963.8593562362726,-0.03852747731000892,0.8587143302856877,SELL,closed,0.8587143302856877,0.8587143302856877,0.13939795784482867,0.03094788598866166,False,False
2024-06-09 05:00:00+00:00,69293.47,0.00714913724542761,963.1149846855124,-0.03927000555139338,0.5141148170722911,SELL,closed,0.5141148170722911,0.5141148170722911,0.3454551532594978,0.030981168423950656,False,False
2024-06-09 06:00:00+00:00,69391.01,0.00714913724542761,963.8123115324313,-0.03857440551565304,0.5140733394930536,HOLD,closed,0.5140733394930536,0.5147120950344355,0.0006387555413819301,0.031021562173228656,True,False
2024-06-09 07:00:00+00:00,69295.64,0.0,962.8204592156064,-0.039563801679132045,0.0,SELL,closed,0.0,0.0,0.5143685531060544,0.031028529727493537,False,False
2024-06-09 08:00:00+00:00,69352.15,0.0062872967795045715,962.3041720070777,-0.040078810390314835,0.452506227963468,BUY,closed,0.452506227963468,0.452506227963468,0.452506227963468,0.031015618343919832,False,False
2024-06-09 09:00:00+00:00,69369.98,0.0,961.432314927159,-0.04094850846465611,0.0,SELL,closed,0.0,0.0,0.45318191659940976,0.031013453044859446,False,False
2024-06-09 10:00:00+00:00,69346.49,0.0,961.432314927159,-0.04094850846465611,0.0,HOLD,closed,0.0,0.0,0.0,0.031013092275160165,True,False
2024-06-09 11:00:00+00:00,69367.69,0.0,961.432314927159,-0.04094850846465611,0.0,HOLD,closed,0.0,0.0,0.0,0.03101371825385027,True,False
2024-06-09 12:00:00+00:00,69712.95,0.0,961.432314927159,-0.04094850846465611,0.0,HOLD,closed,0.0,0.0,0.0,0.03101815543368483,True,False
2024-06-09 13:00:00+00:00,69467.03,0.0,961.432314927159,-0.04094850846465611,0.0,HOLD,closed,0.0,0.0,0.0,0.031021963361635096,True,False
2024-06-09 14:00:00+00:00,69490.12,0.0,961.432314927159,-0.04094850846465611,0.0,HOLD,closed,0.0,0.0,0.0,0.03102236884937437,True,False
2024-06-09 15:00:00+00:00,69508.64,0.0,961.432314927159,-0.04094850846465611,0.0,HOLD,closed,0.0,0.0,0.0,0.031006810358305437,True,False
2024-06-09 16:00:00+00:00,69622.88,0.0,961.432314927159,-0.04094850846465611,0.0,HOLD,closed,0.0,0.0,0.0,0.03100681365094493,True,False
2024-06-09 17:00:00+00:00,69660.51,0.0,961.432314927159,-0.04094850846465611,0.0,HOLD,closed,0.0,0.0,0.0,0.03100739066196842,True,False
2024-06-09 18:00:00+00:00,69738.1,0.0,961.432314927159,-0.04094850846465611,0.0,HOLD,closed,0.0,0.0,0.0,0.03101019309933825,True,False
2024-06-09 19:00:00+00:00,69710.26,0.0,961.432314927159,-0.04094850846465611,0.0,HOLD,closed,0.0,0.0,0.0,0.031014762540391844,True,False
2024-06-09 20:00:00+00:00,69686.85,0.0,961.432314927159,-0.04094850846465611,0.0,HOLD,closed,0.0,0.0,0.0,0.031016988519134703,True,False
2024-06-09 21:00:00+00:00,69749.96,0.0,961.432314927159,-0.04094850846465611,0.0,HOLD,closed,0.0,0.0,0.0,0.03101795545016678,True,False
2024-06-09 22:00:00+00:00,69634.35,0.0,961.432314927159,-0.04094850846465611,0.0,HOLD,closed,0.0,0.0,0.0,0.03101764919546629,True,False
2024-06-09 23:00:00+00:00,69648.14,0.0,961.432314927159,-0.04094850846465611,0.0,HOLD,closed,0.0,0.0,0.0,0.03101793303910788,True,False
2024-06-10 00:00:00+00:00,69559.99,0.0,961.432314927159,-0.04094850846465611,0.0,HOLD,closed,0.0,0.0,0.0,0.031007182543350137,True,False
2024-06-10 01:00:00+00:00,69625.52,0.0,961.432314927159,-0.04094850846465611,0.0,HOLD,closed,0.0,0.0,0.0,0.0310077396208093,True,False
2024-06-10 02:00:00+00:00,69716.0,0.0,961.432314927159,-0.04094850846465611,0.0,HOLD,closed,0.0,0.0,0.0,0.03097932058658906,True,False
2024-06-10 03:00:00+00:00,69613.2,0.0,961.432314927159,-0.04094850846465611,0.0,HOLD,closed,0.0,0.0,0.0,0.030970859826985636,True,False
2024-06-10 04:00:00+00:00,69674.33,0.0,961.432314927159,-0.04094850846465611,0.0,HOLD,closed,0.0,0.0,0.0,0.030971435247020063,True,False
2024-06-10 05:00:00+00:00,69580.48,0.0,961.432314927159,-0.04094850846465611,0.0,HOLD,closed,0.0,0.0,0.0,0.030971325759818147,True,False
2024-06-10 06:00:00+00:00,69429.87,0.0,961.432314927159,-0.04094850846465611,0.0,HOLD,closed,0.0,0.0,0.0,0.03097045043368149,True,False
2024-06-10 07:00:00+00:00,69303.99,0.005544199943934721,959.9643524089531,-0.04241283582368609,0.4003746029595007,BUY,closed,0.4003746029595007,0.4003746029595007,0.4003746029595007,0.030971141162296212,False,False
2024-06-10 08:00:00+00:00,69387.5,0.009931596714947862,960.1854158529411,-0.04219231980566907,0.7166594951451302,BUY,closed,0.7166594951451302,0.7166594951451302,0.3161105372337795,0.03097292146298386,False,False
2024-06-10 09:00:00+00:00,69449.99,0.006004084594605347,960.0157068648812,-0.04236160853832226,0.43360303941341527,SELL,closed,0.43360303941341527,0.43360303941341527,0.28428305087509187,0.03097345718227415,False,False
2024-06-10 10:00:00+00:00,69439.99,0.002879072340735081,959.5529917055844,-0.04282317786232941,0.2082925088543697,SELL,closed,0.2082925088543697,0.2082925088543697,0.22602293816787392,0.030973393153460677,False,False
2024-06-10 11:00:00+00:00,69473.89,0.002879072340735081,959.6505922579353,-0.042725819001124654,0.22245477831243873,HOLD,closed,0.22245477831243873,0.20843039822613893,0.014024380086299804,0.030964307197007795,True,False
2024-06-10 12:00:00+00:00,69363.99,0.0,959.2506515579083,-0.043124769316119624,0.0,SELL,closed,0.0,0.0,0.2081693207183046,0.03093276352151661,False,False
2024-06-10 13:00:00+00:00,69408.21,0.006168973469395639,958.6673585711901,-0.04370661787709357,0.44608223620823595,BUY,closed,0.44608223620823595,0.44608223620823595,0.44608223620823595,0.03093190596162848,False,False
2024-06-10 14:00:00+00:00,69662.09,0.0035833497930990365,960.0109483807025,-0.042366355238925214,0.25901396401547083,SELL,closed,0.25901396401547083,0.25901396401547083,0.18852673126853225,0.03092688163593646,False,False
2024-06-10 15:00:00+00:00,70066.12,0.0,960.6064544192916,-0.04177232386962345,0.0,SELL,closed,0.0,0.0,0.2611359270873598,0.03084990729804238,False,False
2024-06-10 16:00:00+00:00,69972.17,0.0,960.6064544192916,-0.04177232386962345,0.0,HOLD,closed,0.0,0.0,0.0,0.030837688026255528,True,False
2024-06-10 17:00:00+00:00,70043.0,0.0,960.6064544192916,-0.04177232386962345,0.0,HOLD,closed,0.0,0.0,0.0,0.03083613627872156,True,False
2024-06-10 18:00:00+00:00,69860.01,0.0,960.6064544192916,-0.04177232386962345,0.0,HOLD,closed,0.0,0.0,0.0,0.030837486679001352,True,False
2024-06-10 19:00:00+00:00,69490.8,0.0,960.6064544192916,-0.04177232386962345,0.0,HOLD,closed,0.0,0.0,0.0,0.030661956255873563,True,False
2024-06-10 20:00:00+00:00,69632.51,0.005228014922230307,960.6204845010002,-0.04175832853102282,0.3781975334087189,BUY,closed,0.3781975334087189,0.3781975334087189,0.3781975334087189,0.030662653326187533,False,False
2024-06-10 21:00:00+00:00,69585.48,0.0,959.8925869181961,-0.0424844235994272,0.0,SELL,closed,0.0,0.0,0.37880419125949893,0.030660397693925562,False,False
2024-06-10 22:00:00+00:00,69495.99,0.0,959.8925869181961,-0.0424844235994272,0.0,HOLD,closed,0.0,0.0,0.0,0.03065926640832098,True,False
2024-06-10 23:00:00+00:00,69540.0,0.004231375977657601,959.4905354178825,-0.04288547948767143,0.3063505923862224,BUY,closed,0.3063505923862224,0.3063505923862224,0.3063505923862224,0.030659747009300742,False,False
2024-06-11 00:00:00+00:00,69410.85,0.0,958.9021827718527,-0.04347237517857231,0.0,SELL,closed,0.0,0.0,0.3062779338330846,0.03065325100682456,False,False
2024-06-11 01:00:00+00:00,68724.01,0.006390065075889985,955.5418733503489,-0.04682436336606913,0.4625496952060006,BUY,closed,0.4625496952060006,0.4625496952060006,0.4625496952060006,0.030675307238639732,False,False
2024-06-11 02:00:00+00:00,68268.62,0.013861706268777129,950.4230848345708,-0.05193047607383981,1.0,BUY,closed,1.0,1.0,0.5420676929867216,0.030687859217450375,False,False
2024-06-11 03:00:00+00:00,68464.0,0.013861706268777129,953.1313850053646,-0.0492288825471837,1.0,HOLD,closed,1.0,0.9956946890173131,0.0043053109826869385,0.030690292102772104,True,False
2024-06-11 04:00:00+00:00,68024.04,0.01377262885159421,947.0597850725352,-0.05528544719679928,1.0,SELL,closed,1.0,0.9956669641550916,0.004333035844908406,0.030707941416308976,True,False
2024-06-11 05:00:00+00:00,67903.57,0.01377262885159421,945.4005964747838,-0.05694052709655536,1.0,HOLD,closed,1.0,0.9892215752723946,0.010778424727605374,0.030722419773985515,True,False
2024-06-11 06:00:00+00:00,67692.0,0.01377262885159421,942.486721388652,-0.05984718646728199,1.0,HOLD,closed,1.0,0.9891882517437244,0.010811748256275622,0.030742344102819147,True,False
2024-06-11 07:00:00+00:00,67570.18,0.01377262885159421,940.8089397419507,-0.06152081337346874,1.0,HOLD,closed,1.0,0.9891689707271153,0.010831029272884707,0.030747617178210646,True,False
2024-06-11 08:00:00+00:00,67516.74,0.012403627992227323,939.9611288448883,-0.062366524811230395,0.8915429313353238,SELL,closed,0.8915429313353238,0.8915429313353238,0.09761755947724271,0.03074623589441436,False,False
2024-06-11 09:00:00+00:00,67084.34,0.010587601006423513,935.137905156113,-0.06717780460795643,0.7648642123629608,SELL,closed,0.7648642123629608,0.7648642123629608,0.12545373764091172,0.030729281632027705,False,False
2024-06-11 10:00:00+00:00,66961.99,0.011996326303250067,933.8912736136231,-0.06842134907973814,0.8617786211534559,BUY,closed,0.8617786211534559,0.8617786211534559,0.10258547726197476,0.030723930806903693,False,False
2024-06-11 11:00:00+00:00,66890.01,0.01071289452043961,932.9483201442024,-0.06936196748548087,0.7688482086254915,SELL,closed,0.7688482086254915,0.7688482086254915,0.09118447771948834,0.03071604381913054,False,False
2024-06-11 12:00:00+00:00,67019.99,0.009386904124987015,934.3751371784041,-0.06793868372067123,0.6720139256465332,SELL,closed,0.6720139256465332,0.6720139256465332,0.09641885319500287,0.030718415666094623,False,False
2024-06-11 13:00:00+00:00,66812.0,0.007052194211716393,933.2733000198572,-0.06903779236714266,0.5068924514552215,SELL,closed,0.5068924514552215,0.5068924514552215,0.16571858795010674,0.030722078772420003,False,False
2024-06-11 14:00:00+00:00,66851.26,0.007052194211716393,933.5501691646091,-0.06876160884167572,0.5176673817851862,HOLD,closed,0.5176673817851862,0.5050056059009926,0.012661775884193593,0.030722718477542738,True,False
2024-06-11 15:00:00+00:00,66244.48,0.0058988535392710895,929.8167083212101,-0.07248582440512068,0.42436042252013423,SELL,closed,0.42436042252013423,0.42436042252013423,0.0783658208771944,0.030729482185104684,False,False
2024-06-11 16:00:00+00:00,66487.47,0.008388543974595885,931.525101660975,-0.07078166161051486,0.5967191316410251,BUY,closed,0.5967191316410251,0.5967191316410251,0.17556496473300887,0.030723593468739513,False,False
2024-06-11 17:00:00+00:00,66770.99,0.005869397482393719,933.5803902576422,-0.06873146258603272,0.4178606038660784,SELL,closed,0.4178606038660784,0.4178606038660784,0.18189240362747794,0.0307299040246424,False,False
2024-06-11 18:00:00+00:00,67117.3,0.003586257541247369,935.178026425918,-0.06713778269164326,0.2559370133113035,SELL,closed,0.2559370133113035,0.2559370133113035,0.16511111521708988,0.030723927409742224,False,False
2024-06-11 19:00:00+00:00,67407.01,0.0,935.7401267742896,-0.06657707428905628,0.0,SELL,closed,0.0,0.0,0.25820819068856304,0.03072907724315152,False,False
2024-06-11 20:00:00+00:00,67290.07,0.0,935.7401267742896,-0.06657707428905628,0.0,HOLD,closed,0.0,0.0,0.0,0.030730502976792307,True,False
2024-06-11 21:00:00+00:00,67396.61,0.0,935.7401267742896,-0.06657707428905628,0.0,HOLD,closed,0.0,0.0,0.0,0.030732017567957015,True,False
2024-06-11 22:00:00+00:00,67360.22,0.0,935.7401267742896,-0.06657707428905628,0.0,HOLD,closed,0.0,0.0,0.0,0.030731364589764443,True,False
2024-06-11 23:00:00+00:00,67314.24,0.0,935.7401267742896,-0.06657707428905628,0.0,HOLD,closed,0.0,0.0,0.0,0.0307319901449587,True,False
2024-06-12 00:00:00+00:00,67199.99,0.0,935.7401267742896,-0.06657707428905628,0.0,HOLD,closed,0.0,0.0,0.0,0.03072659546325543,True,False
2024-06-12 01:00:00+00:00,67180.01,0.0,935.7401267742896,-0.06657707428905628,0.0,HOLD,closed,0.0,0.0,0.0,0.030722392418679384,True,False
2024-06-12 02:00:00+00:00,67415.25,0.0,935.7401267742896,-0.06657707428905628,0.0,HOLD,closed,0.0,0.0,0.0,0.03072626117115468,True,False
2024-06-12 03:00:00+00:00,67407.0,0.0,935.7401267742896,-0.06657707428905628,0.0,HOLD,closed,0.0,0.0,0.0,0.030725821074850307,True,False
2024-06-12 04:00:00+00:00,67481.59,0.0,935.7401267742896,-0.06657707428905628,0.0,HOLD,closed,0.0,0.0,0.0,0.030721414810115366,True,False
2024-06-12 05:00:00+00:00,67243.21,0.0,935.7401267742896,-0.06657707428905628,0.0,HOLD,closed,0.0,0.0,0.0,0.030725088599140526,True,False
2024-06-12 06:00:00+00:00,67281.64,0.0,935.7401267742896,-0.06657707428905628,0.0,HOLD,closed,0.0,0.0,0.0,0.030723109793091563,True,False
2024-06-12 07:00:00+00:00,67453.63,0.0,935.7401267742896,-0.06657707428905628,0.0,HOLD,closed,0.0,0.0,0.0,0.030713364092159884,True,False
2024-06-12 08:00:00+00:00,67393.46,0.0,935.7401267742896,-0.06657707428905628,0.0,HOLD,closed,0.0,0.0,0.0,0.030713844581178984,True,False
2024-06-12 09:00:00+00:00,67753.32,0.0,935.7401267742896,-0.06657707428905628,0.0,HOLD,closed,0.0,0.0,0.0,0.03072225533043524,True,False
2024-06-12 10:00:00+00:00,67991.98,0.0,935.7401267742896,-0.06657707428905628,0.0,HOLD,closed,0.0,0.0,0.0,0.030710027128328737,True,False
2024-06-12 11:00:00+00:00,67778.43,0.0,935.7401267742896,-0.06657707428905628,0.0,HOLD,closed,0.0,0.0,0.0,0.030706403708127022,True,False
2024-06-12 12:00:00+00:00,69339.29,0.0,935.7401267742896,-0.06657707428905628,0.0,HOLD,closed,0.0,0.0,0.0,0.030846183972629365,True,False
2024-06-12 13:00:00+00:00,69320.0,0.0,935.7401267742896,-0.06657707428905628,0.0,HOLD,closed,0.0,0.0,0.0,0.03083924152330375,True,False
2024-06-12 14:00:00+00:00,69960.57,0.0,935.7401267742896,-0.06657707428905628,0.0,HOLD,closed,0.0,0.0,0.0,0.0308575136054465,True,False
2024-06-12 15:00:00+00:00,69734.0,0.0,935.7401267742896,-0.06657707428905628,0.0,HOLD,closed,0.0,0.0,0.0,0.030860567751411605,True,False
2024-06-12 16:00:00+00:00,69616.0,0.0,935.7401267742896,-0.06657707428905628,0.0,HOLD,closed,0.0,0.0,0.0,0.03085989197273256,True,False
2024-06-12 17:00:00+00:00,69799.99,0.0,935.7401267742896,-0.06657707428905628,0.0,HOLD,closed,0.0,0.0,0.0,0.03086185574959993,True,False
2024-06-12 18:00:00+00:00,68828.01,0.0,935.7401267742896,-0.06657707428905628,0.0,HOLD,closed,0.0,0.0,0.0,0.030907432040782862,True,False
2024-06-12 19:00:00+00:00,67532.92,0.0,935.7401267742896,-0.06657707428905628,0.0,HOLD,closed,0.0,0.0,0.0,0.03100276356172693,True,False
2024-06-12 20:00:00+00:00,68103.97,0.005472794784784745,938.1259938144801,-0.06419711544226725,0.39497484590231247,BUY,closed,0.39497484590231247,0.39497484590231247,0.39497484590231247,0.031015770855639307,False,False
2024-06-12 21:00:00+00:00,68536.0,0.0,939.0423531615331,-0.06328302530307725,0.0,SELL,closed,0.0,0.0,0.3988168951412913,0.03102627310447778,False,False
2024-06-12 22:00:00+00:00,68345.82,0.0,939.0423531615331,-0.06328302530307725,0.0,HOLD,closed,0.0,0.0,0.0,0.031029544951392457,True,False
2024-06-12 23:00:00+00:00,68263.99,0.0,939.0423531615331,-0.06328302530307725,0.0,HOLD,closed,0.0,0.0,0.0,0.031031437481980784,True,False
2024-06-13 00:00:00+00:00,68330.02,0.0,939.0423531615331,-0.06328302530307725,0.0,HOLD,closed,0.0,0.0,0.0,0.03103164770262934,True,False
2024-06-13 01:00:00+00:00,67979.63,0.0,939.0423531615331,-0.06328302530307725,0.0,HOLD,closed,0.0,0.0,0.0,0.031038508600795406,True,False
2024-06-13 02:00:00+00:00,67734.81,0.0,939.0423531615331,-0.06328302530307725,0.0,HOLD,closed,0.0,0.0,0.0,0.031042221496218575,True,False
2024-06-13 03:00:00+00:00,67474.94,0.003705844426560997,938.7003025297464,-0.06362422890472706,0.2673091689838238,BUY,closed,0.2673091689838238,0.2673091689838238,0.2673091689838238,0.03104579928976081,False,False
2024-06-13 04:00:00+00:00,67328.01,0.005285142154356635,937.7105614480756,-0.0646115190611663,0.38012311125791987,BUY,closed,0.38012311125791987,0.38012311125791987,0.11416821350735296,0.0310490525037187,False,False
2024-06-13 05:00:00+00:00,67604.04,0.005836701008117913,939.2473767396232,-0.06307850943096194,0.41842659672719795,BUY,closed,0.41842659672719795,0.41842659672719795,0.037987291219242825,0.031055123173912846,False,False
2024-06-13 06:00:00+00:00,67518.57,0.0030813623970109717,938.611561788204,-0.063712749894936,0.22190452890903478,SELL,closed,0.22190452890903478,0.22190452890903478,0.19789449047539187,0.031055462130008538,False,False
2024-06-13 07:00:00+00:00,67724.81,0.0030813623970109717,939.2470619689634,-0.06307882342214577,0.24548740959684343,HOLD,closed,0.24548740959684343,0.22218294986331127,0.02330445973353215,0.03104839415931865,True,False
2024-06-13 08:00:00+00:00,67565.56,0.0,938.8297661935353,-0.0634950858356533,0.0,SELL,closed,0.0,0.0,0.22177636913614618,0.031035178347924353,False,False
2024-06-13 09:00:00+00:00,67419.86,0.0,938.8297661935353,-0.0634950858356533,0.0,HOLD,closed,0.0,0.0,0.0,0.030929468979537827,True,False
2024-06-13 10:00:00+00:00,67820.4,0.0033349672002671435,939.7157554909263,-0.06261129053986947,0.23949285572636228,BUY,closed,0.23949285572636228,0.23949285572636228,0.23949285572636228,0.03093493253439228,False,False
2024-06-13 11:00:00+00:00,67739.99,0.0,939.263510961313,-0.06306241516292435,0.0,SELL,closed,0.0,0.0,0.2404717910972047,0.030929961278362533,False,False
2024-06-13 12:00:00+00:00,67749.54,0.0,939.263510961313,-0.06306241516292435,0.0,HOLD,closed,0.0,0.0,0.0,0.030926667373822547,True,False
2024-06-13 13:00:00+00:00,67589.99,0.0,939.263510961313,-0.06306241516292435,0.0,HOLD,closed,0.0,0.0,0.0,0.030926256999325386,True,False
2024-06-13 14:00:00+00:00,67365.62,0.0,939.263510961313,-0.06306241516292435,0.0,HOLD,closed,0.0,0.0,0.0,0.03092577233084931,True,False
2024-06-13 15:00:00+00:00,66470.01,0.0030532126213451386,937.0314736700581,-0.0652889251939532,0.21898174349201588,BUY,closed,0.21898174349201588,0.21898174349201588,0.21898174349201588,0.03097143217708137,False,False
2024-06-13 16:00:00+00:00,66976.0,0.00960740106205308,941.0211907625694,-0.0613090879563553,0.6803964663383102,BUY,closed,0.6803964663383102,0.6803964663383102,0.46252184756312453,0.0309656969971141,False,False
2024-06-13 17:00:00+00:00,66920.0,0.004389085737023601,940.0766250166344,-0.06225131464608419,0.3125664101396035,SELL,closed,0.3125664101396035,0.3125664101396035,0.37104739101295703,0.03096382153448629,False,False
2024-06-13 18:00:00+00:00,66862.99,0.004389085737023601,939.8264032387667,-0.0625009167923328,0.2971360918596222,HOLD,closed,0.2971360918596222,0.3122570239912648,0.015120932131642617,0.030958693689251027,True,False
2024-06-13 19:00:00+00:00,66604.01,0.004389085737023601,938.6897178145923,-0.06363478740863669,0.29480766056866925,HOLD,closed,0.29480766056866925,0.31142421693950817,0.01661655637083892,0.030958309381045185,True,False
2024-06-13 20:00:00+00:00,66712.98,0.0056290783817582405,939.1379002265917,-0.06318771484405324,0.3992035442345455,BUY,closed,0.3992035442345455,0.3992035442345455,0.08742866467359905,0.0309587722025296,False,False
2024-06-13 21:00:00+00:00,66969.99,0.004538049149851914,940.4812889230504,-0.06184765282091632,0.32187081018063585,SELL,closed,0.32187081018063585,0.32187081018063585,0.07892175121943606,0.030963853897568117,False,False
2024-06-13 22:00:00+00:00,66896.0,0.0,939.8736146672335,-0.062453822274928315,0.0,SELL,closed,0.0,0.0,0.32290462476394305,0.03096247545694189,False,False
2024-06-13 23:00:00+00:00,66773.01,0.002886604617359822,939.1323189330201,-0.06319328231650181,0.20545557466811668,BUY,closed,0.20545557466811668,0.20545557466811668,0.20545557466811668,0.030962985411932042,False,False
2024-06-14 00:00:00+00:00,66727.73,0.004586737003979264,938.6975288062954,-0.06362699575952432,0.32616582489176205,BUY,closed,0.32616582489176205,0.32616582489176205,0.1210367060919319,0.030963612877535268,False,False
2024-06-14 01:00:00+00:00,66806.17,0.004586737003979264,939.0573124568875,-0.06326810305187015,0.35054031017475445,HOLD,closed,0.35054031017475445,0.32630844568094175,0.024231864493812705,0.030957416154113293,True,False
2024-06-14 02:00:00+00:00,66952.0,0.003324027239307217,939.3733839211986,-0.06295281428471207,0.2363087564279688,SELL,closed,0.2363087564279688,0.2363087564279688,0.09047921340292672,0.030950317063845684,False,False
2024-06-14 03:00:00+00:00,66744.0,0.0,938.9284278266907,-0.0633966685212299,0.0,SELL,closed,0.0,0.0,0.23635147718702612,0.03094994285427577,False,False
2024-06-14 04:00:00+00:00,66717.39,0.0037797911328433806,938.3231646867151,-0.06400043283011828,0.26868755050311954,BUY,closed,0.26868755050311954,0.26868755050311954,0.26868755050311954,0.030951610841486482,False,False
2024-06-14 05:00:00+00:00,67052.49,0.0037797911328433806,939.5897726953309,-0.06273696136052699,0.27640112248312076,HOLD,closed,0.27640112248312076,0.2697394272502908,0.006661695232829945,0.03095983209863315,True,False
2024-06-14 06:00:00+00:00,66962.41,0.0,939.0830483255947,-0.06324243091365887,0.0,SELL,closed,0.0,0.0,0.26947470334700246,0.03096427579632338,False,False
2024-06-14 07:00:00+00:00,66904.98,0.0,939.0830483255947,-0.06324243091365887,0.0,HOLD,closed,0.0,0.0,0.0,0.030966308111463864,True,False
2024-06-14 08:00:00+00:00,67152.04,0.0,939.0830483255947,-0.06324243091365887,0.0,HOLD,closed,0.0,0.0,0.0,0.03097165894614104,True,False
2024-06-14 09:00:00+00:00,66920.01,0.0,939.0830483255947,-0.06324243091365887,0.0,HOLD,closed,0.0,0.0,0.0,0.030968355831303168,True,False
2024-06-14 10:00:00+00:00,66873.14,0.0,939.0830483255947,-0.06324243091365887,0.0,HOLD,closed,0.0,0.0,0.0,0.03093377923021834,True,False
2024-06-14 11:00:00+00:00,67036.0,0.0,939.0830483255947,-0.06324243091365887,0.0,HOLD,closed,0.0,0.0,0.0,0.030927321758636217,True,False
2024-06-14 12:00:00+00:00,67083.3,0.0,939.0830483255947,-0.06324243091365887,0.0,HOLD,closed,0.0,0.0,0.0,0.03092975847979118,True,False
2024-06-14 13:00:00+00:00,67070.5,0.0,939.0830483255947,-0.06324243091365887,0.0,HOLD,closed,0.0,0.0,0.0,0.03091425078513499,True,False
2024-06-14 14:00:00+00:00,66982.98,0.0,939.0830483255947,-0.06324243091365887,0.0,HOLD,closed,0.0,0.0,0.0,0.03091483252249902,True,False
2024-06-14 15:00:00+00:00,66392.0,0.0,939.0830483255947,-0.06324243091365887,0.0,HOLD,closed,0.0,0.0,0.0,0.0309352929539575,True,False
2024-06-14 16:00:00+00:00,65293.4,0.011481967391049201,928.3422257827336,-0.07395665563870134,0.811760770664272,BUY,closed,0.811760770664272,0.811760770664272,0.811760770664272,0.03100630269012264,False,False
2024-06-14 17:00:00+00:00,65416.01,0.014239573558740788,929.7279705361582,-0.0725743424461603,1.0,BUY,closed,1.0,1.0,0.19214361968835458,0.03100734044526257,False,False
2024-06-14 18:00:00+00:00,65524.86,0.014239573558740788,931.2779481180271,-0.07102820311980496,1.0,HOLD,closed,1.0,1.0018985908361064,0.0018985908361064396,0.031009407185476484,True,False
2024-06-14 19:00:00+00:00,65520.02,0.014239573558740788,931.2090285820027,-0.0710969519883357,1.0,HOLD,closed,1.0,1.0018987313523553,0.0018987313523552984,0.03100886751788859,True,False
2024-06-14 20:00:00+00:00,65766.41,0.01263789299910653,934.5803713126267,-0.0677339578138298,0.8858665713449594,SELL,closed,0.8858665713449594,0.8858665713449594,0.11602503306578216,0.031014052471233372,False,False
2024-06-14 21:00:00+00:00,66196.01,0.007977583869833917,938.761044436641,-0.0635636374148203,0.5581400933889707,SELL,closed,0.5581400933889707,0.5581400933889707,0.3318275008983924,0.031025671692625517,False,False
2024-06-14 22:00:00+00:00,66014.01,0.0,937.7051400355053,-0.06461692704853164,0.0,SELL,closed,0.0,0.0,0.5618555157286931,0.031026061721516895,False,False
2024-06-14 23:00:00+00:00,66043.99,0.003579360564761476,937.3397552330333,-0.06498140703776696,0.2519853352908174,BUY,closed,0.2519853352908174,0.2519853352908174,0.2519853352908174,0.031026408418402374,False,False
2024-06-15 00:00:00+00:00,66185.62,0.0,937.9211423661612,-0.06440145961086148,0.0,SELL,closed,0.0,0.0,0.25260226235764505,0.031027863454013788,False,False
2024-06-15 01:00:00+00:00,66076.01,0.0,937.9211423661612,-0.06440145961086148,0.0,HOLD,closed,0.0,0.0,0.0,0.031028576983587186,True,False
2024-06-15 02:00:00+00:00,66215.35,0.0,937.9211423661612,-0.06440145961086148,0.0,HOLD,closed,0.0,0.0,0.0,0.031029678857280724,True,False
2024-06-15 03:00:00+00:00,66267.87,0.0,937.9211423661612,-0.06440145961086148,0.0,HOLD,closed,0.0,0.0,0.0,0.03103076806538224,True,False
2024-06-15 04:00:00+00:00,66246.85,0.0,937.9211423661612,-0.06440145961086148,0.0,HOLD,closed,0.0,0.0,0.0,0.03103229856418424,True,False
2024-06-15 05:00:00+00:00,66231.82,0.0,937.9211423661612,-0.06440145961086148,0.0,HOLD,closed,0.0,0.0,0.0,0.031030801909891076,True,False
2024-06-15 06:00:00+00:00,66168.57,0.0,937.9211423661612,-0.06440145961086148,0.0,HOLD,closed,0.0,0.0,0.0,0.031026619723233784,True,False
2024-06-15 07:00:00+00:00,66076.99,0.0,937.9211423661612,-0.06440145961086148,0.0,HOLD,closed,0.0,0.0,0.0,0.03102360082771044,True,False
2024-06-15 08:00:00+00:00,66221.31,0.0,937.9211423661612,-0.06440145961086148,0.0,HOLD,closed,0.0,0.0,0.0,0.03102673413533036,True,False
2024-06-15 09:00:00+00:00,66227.0,0.0,937.9211423661612,-0.06440145961086148,0.0,HOLD,closed,0.0,0.0,0.0,0.03110509266834008,True,False
2024-06-15 10:00:00+00:00,66300.01,0.0,937.9211423661612,-0.06440145961086148,0.0,HOLD,closed,0.0,0.0,0.0,0.031186619346928013,True,False
2024-06-15 11:00:00+00:00,66319.95,0.0,937.9211423661612,-0.06440145961086148,0.0,HOLD,closed,0.0,0.0,0.0,0.03118645713421292,True,False
2024-06-15 12:00:00+00:00,66348.01,0.0,937.9211423661612,-0.06440145961086148,0.0,HOLD,closed,0.0,0.0,0.0,0.03118680962626702,True,False
2024-06-15 13:00:00+00:00,66313.47,0.0,937.9211423661612,-0.06440145961086148,0.0,HOLD,closed,0.0,0.0,0.0,0.031186355251839132,True,False
2024-06-15 14:00:00+00:00,66220.52,0.0,937.9211423661612,-0.06440145961086148,0.0,HOLD,closed,0.0,0.0,0.0,0.03118648471524571,True,False
2024-06-15 15:00:00+00:00,66316.02,0.0,937.9211423661612,-0.06440145961086148,0.0,HOLD,closed,0.0,0.0,0.0,0.03118746684907539,True,False
2024-06-15 16:00:00+00:00,66184.0,0.0,937.9211423661612,-0.06440145961086148,0.0,HOLD,closed,0.0,0.0,0.0,0.031188531510901507,True,False
2024-06-15 17:00:00+00:00,66250.01,0.0,937.9211423661612,-0.06440145961086148,0.0,HOLD,closed,0.0,0.0,0.0,0.031189054246625214,True,False
2024-06-15 18:00:00+00:00,66145.19,0.0,937.9211423661612,-0.06440145961086148,0.0,HOLD,closed,0.0,0.0,0.0,0.031190009170490723,True,False
2024-06-15 19:00:00+00:00,66154.7,0.0,937.9211423661612,-0.06440145961086148,0.0,HOLD,closed,0.0,0.0,0.0,0.031188587752317115,True,False
2024-06-15 20:00:00+00:00,66048.02,0.0,937.9211423661612,-0.06440145961086148,0.0,HOLD,closed,0.0,0.0,0.0,0.031189242709600745,True,False
2024-06-15 21:00:00+00:00,66126.89,0.00364017270931238,937.7272701748285,-0.06459485171072965,0.2563394608011264,BUY,closed,0.2563394608011264,0.2563394608011264,0.2563394608011264,0.031190656499153285,False,False
2024-06-15 22:00:00+00:00,66200.0,0.0,937.2459639308194,-0.06507496608179406,0.0,SELL,closed,0.0,0.0,0.25690951826948505,0.031190103716697615,False,False
2024-06-15 23:00:00+00:00,66228.25,0.0,937.2459639308194,-0.06507496608179406,0.0,HOLD,closed,0.0,0.0,0.0,0.03119265028962162,True,False
2024-06-16 00:00:00+00:00,66161.96,0.0,937.2459639308194,-0.06507496608179406,0.0,HOLD,closed,0.0,0.0,0.0,0.031193922844548,True,False
2024-06-16 01:00:00+00:00,66175.68,0.0,937.2459639308194,-0.06507496608179406,0.0,HOLD,closed,0.0,0.0,0.0,0.031193443365213624,True,False
2024-06-16 02:00:00+00:00,66142.86,0.0,937.2459639308194,-0.06507496608179406,0.0,HOLD,closed,0.0,0.0,0.0,0.031194831183606497,True,False
2024-06-16 03:00:00+00:00,66146.0,0.004006251396769916,936.7284412172198,-0.06559120723852972,0.2827271980452255,BUY,closed,0.2827271980452255,0.2827271980452255,0.2827271980452255,0.03119234186903569,False,False
2024-06-16 04:00:00+00:00,66166.02,0.0032575970554611397,936.6946346188208,-0.0656249301206452,0.23001173514939519,SELL,closed,0.23001173514939519,0.23001173514939519,0.05294648803822452,0.03119082309830082,False,False
2024-06-16 05:00:00+00:00,66264.0,0.0,936.2636579260895,-0.06605483957299414,0.0,SELL,closed,0.0,0.0,0.2303716424057678,0.031191580600650692,False,False
2024-06-16 06:00:00+00:00,66312.01,0.0,936.2636579260895,-0.06605483957299414,0.0,HOLD,closed,0.0,0.0,0.0,0.031190961535322637,True,False
2024-06-16 07:00:00+00:00,66266.3,0.0,936.2636579260895,-0.06605483957299414,0.0,HOLD,closed,0.0,0.0,0.0,0.03119136370512618,True,False
2024-06-16 08:00:00+00:00,66272.51,0.0,936.2636579260895,-0.06605483957299414,0.0,HOLD,closed,0.0,0.0,0.0,0.03119091858608658,True,False
2024-06-16 09:00:00+00:00,66409.97,0.0,936.2636579260895,-0.06605483957299414,0.0,HOLD,closed,0.0,0.0,0.0,0.03119112613632441,True,False
2024-06-16 10:00:00+00:00,66716.31,0.0,936.2636579260895,-0.06605483957299414,0.0,HOLD,closed,0.0,0.0,0.0,0.031196699983259968,True,False
2024-06-16 11:00:00+00:00,66492.83,0.0,936.2636579260895,-0.06605483957299414,0.0,HOLD,closed,0.0,0.0,0.0,0.03118953830015428,True,False
2024-06-16 12:00:00+00:00,66597.47,0.0,936.2636579260895,-0.06605483957299414,0.0,HOLD,closed,0.0,0.0,0.0,0.031194569513905368,True,False
2024-06-16 13:00:00+00:00,66762.49,0.0,936.2636579260895,-0.06605483957299414,0.0,HOLD,closed,0.0,0.0,0.0,0.031202764873746652,True,False
2024-06-16 14:00:00+00:00,66519.02,0.0,936.2636579260895,-0.06605483957299414,0.0,HOLD,closed,0.0,0.0,0.0,0.03121094336899019,True,False
2024-06-16 15:00:00+00:00,66712.8,0.0,936.2636579260895,-0.06605483957299414,0.0,HOLD,closed,0.0,0.0,0.0,0.031214758823191163,True,False
2024-06-16 16:00:00+00:00,66592.19,0.0,936.2636579260895,-0.06605483957299414,0.0,HOLD,closed,0.0,0.0,0.0,0.031215397337201634,True,False
2024-06-16 17:00:00+00:00,66578.02,0.0,936.2636579260895,-0.06605483957299414,0.0,HOLD,closed,0.0,0.0,0.0,0.03121523667506923,True,False
2024-06-16 18:00:00+00:00,66590.01,0.0,936.2636579260895,-0.06605483957299414,0.0,HOLD,closed,0.0,0.0,0.0,0.031215803795909075,True,False
2024-06-16 19:00:00+00:00,66562.52,0.0,936.2636579260895,-0.06605483957299414,0.0,HOLD,closed,0.0,0.0,0.0,0.031215943789442036,True,False
2024-06-16 20:00:00+00:00,66517.55,0.0,936.2636579260895,-0.06605483957299414,0.0,HOLD,closed,0.0,0.0,0.0,0.031210356072366968,True,False
2024-06-16 21:00:00+00:00,66525.0,0.0,936.2636579260895,-0.06605483957299414,0.0,HOLD,closed,0.0,0.0,0.0,0.031206699944845206,True,False
2024-06-16 22:00:00+00:00,66755.99,0.0,936.2636579260895,-0.06605483957299414,0.0,HOLD,closed,0.0,0.0,0.0,0.031210234506106993,True,False
2024-06-16 23:00:00+00:00,66676.87,0.0,936.2636579260895,-0.06605483957299414,0.0,HOLD,closed,0.0,0.0,0.0,0.031207293068943764,True,False
2024-06-17 00:00:00+00:00,66583.96,0.0,936.2636579260895,-0.06605483957299414,0.0,HOLD,closed,0.0,0.0,0.0,0.031207239625768823,True,False
2024-06-17 01:00:00+00:00,66472.26,0.0,936.2636579260895,-0.06605483957299414,0.0,HOLD,closed,0.0,0.0,0.0,0.031204645147530824,True,False
2024-06-17 02:00:00+00:00,66344.02,0.0,936.2636579260895,-0.06605483957299414,0.0,HOLD,closed,0.0,0.0,0.0,0.031204905104178282,True,False
2024-06-17 03:00:00+00:00,66222.0,0.0049893347627279604,934.992718734668,-0.06732263149995463,0.3535462180866815,BUY,closed,0.3535462180866815,0.3535462180866815,0.3535462180866815,0.031202107535687057,False,False
2024-06-17 04:00:00+00:00,66447.88,0.008665524233856395,936.4630763879878,-0.06585591493695492,0.6130074389911047,BUY,closed,0.6130074389911047,0.6130074389911047,0.25885324891413497,0.031205462985056942,False,False
2024-06-17 05:00:00+00:00,66351.62,0.0,935.3117528619883,-0.06700438740631766,0.0,SELL,closed,0.0,0.0,0.6145294900260656,0.03120609559498977,False,False
2024-06-17 06:00:00+00:00,66132.4,0.003427213534797725,935.1383890205327,-0.06717732194174454,0.2431287422871826,BUY,closed,0.2431287422871826,0.2431287422871826,0.2431287422871826,0.031209318686980903,False,False
2024-06-17 07:00:00+00:00,66172.0,0.010650771363543277,934.6044982794137,-0.06770989059336703,0.7531065674696491,BUY,closed,0.7531065674696491,0.7531065674696491,0.5106262374725792,0.03120825334529087,False,False
2024-06-17 08:00:00+00:00,66194.51,0.008146376356111228,934.4565144187394,-0.06785750799721271,0.5766329716251064,SELL,closed,0.5766329716251064,0.5766329716251064,0.177527514131276,0.031206193358295387,False,False
2024-06-17 09:00:00+00:00,65722.08,0.006557840583804884,931.1481258201806,-0.0711577039348402,0.46646172715558376,SELL,closed,0.46646172715558376,0.46646172715558376,0.10885768075327151,0.031215514618687212,False,False
2024-06-17 10:00:00+00:00,65890.0,0.014184722398594763,932.5273411259138,-0.0697819040209252,1.0,BUY,closed,1.0,1.0,0.536501547887,0.031197270621344614,False,False
2024-06-17 11:00:00+00:00,65817.2,0.011265547032136395,931.3226456777995,-0.07098361624592713,0.7968773326502974,SELL,closed,0.7968773326502974,0.7968773326502974,0.20538142172860474,0.03115268442465083,False,False
2024-06-17 12:00:00+00:00,65625.01,0.011265547032136395,929.1575201936932,-0.0731433801655023,0.782575400537225,HOLD,closed,0.782575400537225,0.7956687865856217,0.013093386048396716,0.031152603279899244,True,False
2024-06-17 13:00:00+00:00,65200.01,0.01299452983043475,923.9203039497953,-0.0783676273352929,0.9225447587130686,BUY,closed,0.9225447587130686,0.9225447587130686,0.12793432439687313,0.031164864685224336,False,False
2024-06-17 14:00:00+00:00,65472.98,0.014224960441067623,927.6428154420352,-0.0746543340088037,1.0,BUY,closed,1.0,1.0,0.0826733396171665,0.031167609816325936,False,False
2024-06-17 15:00:00+00:00,65368.0,0.009555619477725685,927.4053647082378,-0.0748911967362977,0.675522577159076,SELL,closed,0.675522577159076,0.675522577159076,0.3284808100915435,0.031137074676228116,False,False
2024-06-17 16:00:00+00:00,65898.0,0.009633095893145992,932.5007740427197,-0.06980840531526225,0.6679696540450988,BUY,closed,0.6679696540450988,0.6752992786297979,0.0073296245846991015,0.031146561201522704,True,False
2024-06-17 17:00:00+00:00,66607.28,0.0,934.1017153107798,-0.06821142850560527,0.0,SELL,closed,0.0,0.0,0.6830741448509591,0.03117866231209493,False,False
2024-06-17 18:00:00+00:00,67101.48,0.0,934.1017153107798,-0.06821142850560527,0.0,HOLD,closed,0.0,0.0,0.0,0.031191938306425998,True,False
2024-06-17 19:00:00+00:00,66691.99,0.0,934.1017153107798,-0.06821142850560527,0.0,HOLD,closed,0.0,0.0,0.0,0.031201334384790197,True,False
2024-06-17 20:00:00+00:00,66397.94,0.0,934.1017153107798,-0.06821142850560527,0.0,HOLD,closed,0.0,0.0,0.0,0.031206816472895443,True,False
2024-06-17 21:00:00+00:00,66572.0,0.0,934.1017153107798,-0.06821142850560527,0.0,HOLD,closed,0.0,0.0,0.0,0.031173725444187783,True,False
2024-06-17 22:00:00+00:00,66656.0,0.0,934.1017153107798,-0.06821142850560527,0.0,HOLD,closed,0.0,0.0,0.0,0.031174029894630056,True,False
2024-06-17 23:00:00+00:00,66504.33,0.0,934.1017153107798,-0.06821142850560527,0.0,HOLD,closed,0.0,0.0,0.0,0.031151217230505512,True,False
2024-06-18 00:00:00+00:00,65749.99,0.0,934.1017153107798,-0.06821142850560527,0.0,HOLD,closed,0.0,0.0,0.0,0.031184952461949744,True,False
2024-06-18 01:00:00+00:00,65133.99,0.007310684368690825,930.8195075522613,-0.0714855084355841,0.5145878046780065,BUY,closed,0.5145878046780065,0.5145878046780065,0.5145878046780065,0.03120649551336399,False,False
2024-06-18 02:00:00+00:00,65467.43,0.014328266733669433,936.7596531079541,-0.06556007263872729,1.0,BUY,closed,1.0,1.0,0.48715988870538407,0.031213716164257,False,False
2024-06-18 03:00:00+00:00,65500.0,0.008249968856878778,936.2326318159141,-0.06608578885229156,0.5762793488340403,SELL,closed,0.5762793488340403,0.5762793488340403,0.42508120439221586,0.03120907672850426,False,False
2024-06-18 04:00:00+00:00,65574.21,0.006787183003623773,936.9786171208384,-0.06534165085293041,0.4745294602844151,SELL,closed,0.4745294602844151,0.4745294602844151,0.10292494252541418,0.031196049521926505,False,False
2024-06-18 05:00:00+00:00,65596.01,0.005101316341423969,937.369336406326,-0.06495189911721208,0.356957957447208,SELL,closed,0.356957957447208,0.356957957447208,0.11812420836365012,0.03119457609178722,False,False
2024-06-18 06:00:00+00:00,65500.0,0.00427718484942055,936.8505914436205,-0.06546935949636203,0.29946886710454534,SELL,closed,0.29946886710454534,0.29946886710454534,0.05717913225112503,0.031191587466623927,False,False
2024-06-18 07:00:00+00:00,65672.51,0.005116398190706907,937.6232652724757,-0.06469859906265427,0.3574319103728426,BUY,closed,0.3574319103728426,0.3574319103728426,0.05784047959716471,0.031191551525534905,False,False
2024-06-18 08:00:00+00:00,65727.53,0.0,936.9514198531449,-0.06536878077122228,0.0,SELL,closed,0.0,0.0,0.35855262336556554,0.031190864768227522,False,False
2024-06-18 09:00:00+00:00,65469.92,0.0,936.9514198531449,-0.06536878077122228,0.0,HOLD,closed,0.0,0.0,0.0,0.031185300024026558,True,False
2024-06-18 10:00:00+00:00,65435.52,0.004468232377384773,936.2124967593771,-0.06610587404779016,0.3122198334836207,BUY,closed,0.3122198334836207,0.3122198334836207,0.3122198334836207,0.031183532010459453,False,False
2024-06-18 11:00:00+00:00,65366.0,0.004468232377384773,935.9018652445013,-0.06641573633662126,0.31019046768670816,HOLD,closed,0.31019046768670816,0.3120738278514175,0.0018833601647093579,0.03117485338318443,True,False
2024-06-18 12:00:00+00:00,65231.95,0.004468232377384773,935.302898694313,-0.06701321964815471,0.33974958665488214,HOLD,closed,0.33974958665488214,0.3116332809797127,0.02811630567516943,0.031150057147097565,True,False
2024-06-18 13:00:00+00:00,64844.0,0.006008154888614023,933.2253181972187,-0.06908565537096888,0.4198120023632587,BUY,closed,0.4198120023632587,0.4198120023632587,0.109456879969974,0.031160741707804723,False,False
2024-06-18 14:00:00+00:00,64633.99,0.010052193320431599,931.7757640657944,-0.07053161992845207,0.6994098935275465,BUY,closed,0.6994098935275465,0.6994098935275465,0.2827294076575979,0.031163948147519077,False,False
2024-06-18 15:00:00+00:00,64706.0,0.011004706316706317,932.7230627926228,-0.06958666702559155,0.7627651217293765,BUY,closed,0.7627651217293765,0.7627651217293765,0.06524503132622483,0.03114616184674754,False,False
2024-06-18 16:00:00+00:00,64700.99,0.008488737463965937,932.3549939465161,-0.06995382441188466,0.5889257518685295,SELL,closed,0.5889257518685295,0.5889257518685295,0.17449214966714022,0.031145899276326716,False,False
2024-06-18 17:00:00+00:00,64610.0,0.007286667364482088,931.5364687196126,-0.07077032270046213,0.5060792144440053,SELL,closed,0.5060792144440053,0.5060792144440053,0.08265797896642069,0.031146338718333277,False,False
2024-06-18 18:00:00+00:00,64678.01,0.007286667364482088,932.032034967071,-0.07027598363841844,0.4966862271095815,HOLD,closed,0.4966862271095815,0.5056555214685264,0.008969294358944946,0.031144713834215937,True,False
2024-06-18 19:00:00+00:00,64412.19,0.005435365176172082,930.3477705063094,-0.07195607730508051,0.37797054461636964,SELL,closed,0.37797054461636964,0.37797054461636964,0.12665549443690188,0.03114918112847259,False,False
2024-06-18 20:00:00+00:00,64936.51,0.007245443004657925,934.4411591592707,-0.06787282523199643,0.5001028275295534,BUY,closed,0.5001028275295534,0.5001028275295534,0.12188322051087225,0.03117034036778102,False,False
2024-06-18 21:00:00+00:00,65220.02,0.0,935.6271749618606,-0.06668974639555793,0.0,SELL,closed,0.0,0.0,0.5045918866355904,0.031176584555188402,False,False
2024-06-18 22:00:00+00:00,65279.99,0.0,935.6271749618606,-0.06668974639555793,0.0,HOLD,closed,0.0,0.0,0.0,0.03117635172101685,True,False
2024-06-18 23:00:00+00:00,65175.32,0.0,935.6271749618606,-0.06668974639555793,0.0,HOLD,closed,0.0,0.0,0.0,0.03117615802898241,True,False
2024-06-19 00:00:00+00:00,65142.54,0.0,935.6271749618606,-0.06668974639555793,0.0,HOLD,closed,0.0,0.0,0.0,0.031176463820740075,True,False
2024-06-19 01:00:00+00:00,65035.59,0.0,935.6271749618606,-0.06668974639555793,0.0,HOLD,closed,0.0,0.0,0.0,0.031173640476169107,True,False
2024-06-19 02:00:00+00:00,65327.94,0.0,935.6271749618606,-0.06668974639555793,0.0,HOLD,closed,0.0,0.0,0.0,0.031179569291572895,True,False
2024-06-19 03:00:00+00:00,65404.0,0.0,935.6271749618606,-0.06668974639555793,0.0,HOLD,closed,0.0,0.0,0.0,0.031159981445710416,True,False
2024-06-19 04:00:00+00:00,65425.56,0.0,935.6271749618606,-0.06668974639555793,0.0,HOLD,closed,0.0,0.0,0.0,0.031159887567816735,True,False
2024-06-19 05:00:00+00:00,65413.09,0.0,935.6271749618606,-0.06668974639555793,0.0,HOLD,closed,0.0,0.0,0.0,0.031160706268745342,True,False
2024-06-19 06:00:00+00:00,65599.99,0.0,935.6271749618606,-0.06668974639555793,0.0,HOLD,closed,0.0,0.0,0.0,0.03116367974473594,True,False
2024-06-19 07:00:00+00:00,65326.89,0.0,935.6271749618606,-0.06668974639555793,0.0,HOLD,closed,0.0,0.0,0.0,0.03116598998079756,True,False
2024-06-19 08:00:00+00:00,65183.89,0.0,935.6271749618606,-0.06668974639555793,0.0,HOLD,closed,0.0,0.0,0.0,0.031166364908383676,True,False
2024-06-19 09:00:00+00:00,65306.65,0.0,935.6271749618606,-0.06668974639555793,0.0,HOLD,closed,0.0,0.0,0.0,0.031167529976943692,True,False
2024-06-19 10:00:00+00:00,65520.0,0.0,935.6271749618606,-0.06668974639555793,0.0,HOLD,closed,0.0,0.0,0.0,0.031167303063042384,True,False
2024-06-19 11:00:00+00:00,65210.0,0.0,935.6271749618606,-0.06668974639555793,0.0,HOLD,closed,0.0,0.0,0.0,0.03117005877590867,True,False
2024-06-19 12:00:00+00:00,65192.21,0.0,935.6271749618606,-0.06668974639555793,0.0,HOLD,closed,0.0,0.0,0.0,0.031168525733276414,True,False
2024-06-19 13:00:00+00:00,65090.22,0.0,935.6271749618606,-0.06668974639555793,0.0,HOLD,closed,0.0,0.0,0.0,0.03116956514439259,True,False
2024-06-19 14:00:00+00:00,64952.02,0.0030189388013536133,935.7060176259987,-0.06661109897185037,0.21002317590300126,BUY,closed,0.21002317590300126,0.21002317590300126,0.21002317590300126,0.031167993078278944,False,False
2024-06-19 15:00:00+00:00,64922.0,0.005979544573724376,935.1418208985547,-0.06717389856218405,0.4151102079712665,BUY,closed,0.4151102079712665,0.4151102079712665,0.20562717985055862,0.031168159334756446,False,False
2024-06-19 16:00:00+00:00,64922.26,0.005979544573724376,935.1433755801438,-0.06717234773049909,0.42405674980035,HOLD,closed,0.42405674980035,0.4151294417886331,0.008927308011716928,0.03116628369976049,True,False
2024-06-19 17:00:00+00:00,65083.99,0.005530776336448,936.1111795461131,-0.06620694036623026,0.38357706651299184,SELL,closed,0.38357706651299184,0.38357706651299184,0.03215659007989535,0.031165264735896314,False,False
2024-06-19 18:00:00+00:00,64973.0,0.0,935.3914295450618,-0.06692490802898056,0.0,SELL,closed,0.0,0.0,0.38412844562171655,0.031166310027812838,False,False
2024-06-19 19:00:00+00:00,64882.01,0.003597252102193901,934.5965501924811,-0.06771781899821597,0.24986786649255358,BUY,closed,0.24986786649255358,0.24986786649255358,0.24986786649255358,0.03116720393267422,False,False
2024-06-19 20:00:00+00:00,64874.76,0.005353241467180025,934.3298003916843,-0.06798390823855974,0.37164572500965176,BUY,closed,0.37164572500965176,0.37164572500965176,0.12193650109133866,0.03118034184064175,False,False
2024-06-19 21:00:00+00:00,65004.38,0.005353241467180025,935.0236875506602,-0.06729173937296111,0.355166595841481,HOLD,closed,0.355166595841481,0.3721661249843725,0.01699952914289149,0.031194065972726726,True,False
2024-06-19 22:00:00+00:00,64836.01,0.0,934.3278932576028,-0.0679858106499485,0.0,SELL,closed,0.0,0.0,0.37156033439724767,0.031198740157331567,False,False
2024-06-19 23:00:00+00:00,64974.37,0.005598737528600391,934.3763534773753,-0.06793747043365723,0.38851435883615204,BUY,closed,0.38851435883615204,0.38851435883615204,0.38851435883615204,0.031201958844646216,False,False
2024-06-20 00:00:00+00:00,65098.01,0.0,933.648986477165,-0.06866303623336538,0.0,SELL,closed,0.0,0.0,0.3897753372102443,0.03120644653534574,False,False
2024-06-20 01:00:00+00:00,65158.56,0.0,933.648986477165,-0.06866303623336538,0.0,HOLD,closed,0.0,0.0,0.0,0.031209817308759852,True,False
2024-06-20 02:00:00+00:00,65197.45,0.0,933.648986477165,-0.06866303623336538,0.0,HOLD,closed,0.0,0.0,0.0,0.031205600677068374,True,False
2024-06-20 03:00:00+00:00,65189.99,0.0,933.648986477165,-0.06866303623336538,0.0,HOLD,closed,0.0,0.0,0.0,0.03120193093322285,True,False
2024-06-20 04:00:00+00:00,65306.01,0.0,933.648986477165,-0.06866303623336538,0.0,HOLD,closed,0.0,0.0,0.0,0.031202338267150215,True,False
2024-06-20 05:00:00+00:00,65513.93,0.0,933.648986477165,-0.06866303623336538,0.0,HOLD,closed,0.0,0.0,0.0,0.031205249900570775,True,False
2024-06-20 06:00:00+00:00,65465.24,0.0,933.648986477165,-0.06866303623336538,0.0,HOLD,closed,0.0,0.0,0.0,0.031203177700185963,True,False
2024-06-20 07:00:00+00:00,65858.84,0.0,933.648986477165,-0.06866303623336538,0.0,HOLD,closed,0.0,0.0,0.0,0.031213014411808543,True,False
2024-06-20 08:00:00+00:00,65690.63,0.0,933.648986477165,-0.06866303623336538,0.0,HOLD,closed,0.0,0.0,0.0,0.031208702208426226,True,False
2024-06-20 09:00:00+00:00,65719.99,0.0,933.648986477165,-0.06866303623336538,0.0,HOLD,closed,0.0,0.0,0.0,0.03119363509404574,True,False
2024-06-20 10:00:00+00:00,66209.49,0.0,933.648986477165,-0.06866303623336538,0.0,HOLD,closed,0.0,0.0,0.0,0.03120567877087807,True,False
2024-06-20 11:00:00+00:00,66169.85,0.0,933.648986477165,-0.06866303623336538,0.0,HOLD,closed,0.0,0.0,0.0,0.031204321492624254,True,False
2024-06-20 12:00:00+00:00,65979.99,0.0,933.648986477165,-0.06866303623336538,0.0,HOLD,closed,0.0,0.0,0.0,0.031205856212404764,True,False
2024-06-20 13:00:00+00:00,65142.65,0.0,933.648986477165,-0.06866303623336538,0.0,HOLD,closed,0.0,0.0,0.0,0.031228961251138443,True,False
2024-06-20 14:00:00+00:00,64952.02,0.006143245455453147,933.4986665278418,-0.06881298394093416,0.4286271332855591,BUY,closed,0.4286271332855591,0.4286271332855591,0.4286271332855591,0.031231507358497806,False,False
2024-06-20 15:00:00+00:00,64831.23,0.008848313651698532,932.0783915848635,-0.07022974181489514,0.6161476965585124,BUY,closed,0.6161476965585124,0.6161476965585124,0.18916154726725315,0.031201731889485718,False,False
2024-06-20 16:00:00+00:00,64888.0,0.009878954388521191,932.8087876467071,-0.06950115445450915,0.6867661488197678,BUY,closed,0.6867661488197678,0.6867661488197678,0.07110964868113778,0.03120056755424455,False,False
2024-06-20 17:00:00+00:00,64970.02,0.007783959618292908,933.1753950352502,-0.06913545490672893,0.5409974108181277,SELL,closed,0.5409974108181277,0.5409974108181277,0.14647341326177887,0.03120116119459654,False,False
2024-06-20 18:00:00+00:00,65116.01,0.0054561771411221725,934.3548072594115,-0.06795896329608174,0.3794106986468026,SELL,closed,0.3794106986468026,0.3794106986468026,0.16308529224622575,0.031202680847418618,False,False
2024-06-20 19:00:00+00:00,65050.0,0.0,933.6444159310879,-0.06866759546126344,0.0,SELL,closed,0.0,0.0,0.38000680724201946,0.03120374528951969,False,False
2024-06-20 20:00:00+00:00,65099.99,0.003122238149776215,933.3942231669555,-0.06891716866562439,0.21753630927896234,BUY,closed,0.21753630927896234,0.21753630927896234,0.21753630927896234,0.031203853438719092,False,False
2024-06-20 21:00:00+00:00,65050.46,0.0,932.9878406110879,-0.0693225448843011,0.0,SELL,closed,0.0,0.0,0.2176322484660726,0.03120506567115286,False,False
2024-06-20 22:00:00+00:00,64989.95,0.0,932.9878406110879,-0.0693225448843011,0.0,HOLD,closed,0.0,0.0,0.0,0.03120623658684804,True,False
2024-06-20 23:00:00+00:00,64869.99,0.0032574071826272865,932.1735787362379,-0.07013479037829036,0.2269040610324888,BUY,closed,0.2269040610324888,0.2269040610324888,0.2269040610324888,0.031209006517341736,False,False
2024-06-21 00:00:00+00:00,64832.0,0.004910890198442897,931.7724375334835,-0.07053493822317222,0.34179438466253975,BUY,closed,0.34179438466253975,0.34179438466253975,0.11521398552128242,0.031209875207399818,False,False
2024-06-21 01:00:00+00:00,64967.98,0.004910890198442897,932.4402203826678,-0.06986880902448762,0.34508723768443106,HOLD,closed,0.34508723768443106,0.34216736818119853,0.0029198695032325306,0.031210913917218724,True,False
2024-06-21 02:00:00+00:00,64786.0,0.0,931.8023276862953,-0.0705051220882335,0.0,SELL,closed,0.0,0.0,0.3415362731773854,0.03121233482046007,False,False
2024-06-21 03:00:00+00:00,64506.14,0.004899792537663999,931.2390723850529,-0.0710669825836472,0.3406709233419837,BUY,closed,0.3406709233419837,0.3406709233419837,0.3406709233419837,0.03121859441865185,False,False
2024-06-21 04:00:00+00:00,64670.0,0.00876834421905114,932.1765990604977,-0.07013177753334926,0.6068526486336814,BUY,closed,0.6068526486336814,0.6068526486336814,0.2668791285597181,0.03122183629785716,False,False
2024-06-21 05:00:00+00:00,64661.47,0.005023095598626554,931.6494627010898,-0.07065760852933671,0.3485065586090105,SELL,closed,0.3485065586090105,0.3485065586090105,0.25976822809045896,0.031222209502114046,False,False
2024-06-21 06:00:00+00:00,64627.64,0.0044709970823324655,931.4268277162485,-0.07087969219655375,0.3103677901348572,SELL,closed,0.3103677901348572,0.3103677901348572,0.038143157339990574,0.03121798627443767,False,False
2024-06-21 07:00:00+00:00,64201.63,0.0044709970823324655,929.5221382492041,-0.07277966502450989,0.30210284902777296,HOLD,closed,0.30210284902777296,0.3088095362114247,0.006706687183651749,0.031237350543431935,True,False
2024-06-21 08:00:00+00:00,63639.64,0.00969812553308974,924.9320525522569,-0.07735838415594014,0.6716602999824766,BUY,closed,0.6716602999824766,0.6716602999824766,0.3647242328745209,0.03126153208606586,False,False
2024-06-21 09:00:00+00:00,64100.0,0.014604053096822516,931.030595402134,-0.07127494330882234,1.0,BUY,closed,1.0,1.0,0.3311253860023585,0.031269131466690775,False,False
2024-06-21 10:00:00+00:00,63896.02,0.006869694838597585,928.6380182064347,-0.07366159569456283,0.47448591261073125,SELL,closed,0.47448591261073125,0.47448591261073125,0.5309978425722688,0.03125980722353022,False,False
2024-06-21 11:00:00+00:00,63770.0,0.008069964646384676,927.4676179881781,-0.0748290976160032,0.5557814378100842,BUY,closed,0.5557814378100842,0.5557814378100842,0.08359613953654466,0.03125631269901985,False,False
2024-06-21 12:00:00+00:00,63827.39,0.008069964646384676,927.930753259234,-0.07436710922057203,0.5629704280123221,HOLD,closed,0.5629704280123221,0.5550896755623623,0.007880752449959783,0.03125664539529574,True,False
2024-06-21 13:00:00+00:00,63615.21,0.006407964411463163,926.3590021366294,-0.07593496816919756,0.4415844184243552,SELL,closed,0.4415844184243552,0.4415844184243552,0.11268275861852523,0.031258703582764585,False,False
2024-06-21 14:00:00+00:00,64222.84,0.007801009893317664,930.9218477069302,-0.07138342170887925,0.5334710629539061,BUY,closed,0.5334710629539061,0.5334710629539061,0.09107763069240443,0.031285573794421956,False,False
2024-06-21 15:00:00+00:00,63732.02,0.0,929.9200143338837,-0.07238277421219393,0.0,SELL,closed,0.0,0.0,0.5362721346406665,0.03129857127836627,False,False
2024-06-21 16:00:00+00:00,63657.29,0.0056771431098589405,928.7719489249441,-0.07352799663266882,0.3890827088817596,BUY,closed,0.3890827088817596,0.3890827088817596,0.3890827088817596,0.03129916298151156,False,False
2024-06-21 17:00:00+00:00,63671.04,0.0061863915237269215,928.7921659544527,-0.07350782966719079,0.42397464964983467,BUY,closed,0.42397464964983467,0.42397464964983467,0.03481644080985474,0.03129806824828857,False,False
2024-06-21 18:00:00+00:00,64172.01,0.0061863915237269215,931.8913625160942,-0.07041630773802753,0.39976958791004996,HOLD,closed,0.39976958791004996,0.42600800339284506,0.026238415482795097,0.031316393780980806,True,False
2024-06-21 19:00:00+00:00,64232.01,0.0,931.0975746552347,-0.07120812991843517,0.0,SELL,closed,0.0,0.0,0.42623654025111773,0.03131676160181865,False,False
2024-06-21 20:00:00+00:00,64200.52,0.0,931.0975746552347,-0.07120812991843517,0.0,HOLD,closed,0.0,0.0,0.0,0.03131599182405273,True,False
2024-06-21 21:00:00+00:00,64084.43,0.0,931.0975746552347,-0.07120812991843517,0.0,HOLD,closed,0.0,0.0,0.0,0.03131641128176235,True,False
2024-06-21 22:00:00+00:00,64155.02,0.0,931.0975746552347,-0.07120812991843517,0.0,HOLD,closed,0.0,0.0,0.0,0.03131495635416645,True,False
2024-06-21 23:00:00+00:00,64143.56,0.0,931.0975746552347,-0.07120812991843517,0.0,HOLD,closed,0.0,0.0,0.0,0.03131503008294184,True,False
2024-06-22 00:00:00+00:00,64056.47,0.0,931.0975746552347,-0.07120812991843517,0.0,HOLD,closed,0.0,0.0,0.0,0.03131554512237811,True,False
2024-06-22 01:00:00+00:00,64144.33,0.0,931.0975746552347,-0.07120812991843517,0.0,HOLD,closed,0.0,0.0,0.0,0.03131616406064738,True,False
2024-06-22 02:00:00+00:00,64303.4,0.0,931.0975746552347,-0.07120812991843517,0.0,HOLD,closed,0.0,0.0,0.0,0.03131821008945876,True,False
2024-06-22 03:00:00+00:00,64327.45,0.0,931.0975746552347,-0.07120812991843517,0.0,HOLD,closed,0.0,0.0,0.0,0.03131819296707733,True,False
2024-06-22 04:00:00+00:00,64364.11,0.0,931.0975746552347,-0.07120812991843517,0.0,HOLD,closed,0.0,0.0,0.0,0.031317999183640616,True,False
2024-06-22 05:00:00+00:00,64424.21,0.0,931.0975746552347,-0.07120812991843517,0.0,HOLD,closed,0.0,0.0,0.0,0.03131837888310768,True,False
2024-06-22 06:00:00+00:00,64430.0,0.0,931.0975746552347,-0.07120812991843517,0.0,HOLD,closed,0.0,0.0,0.0,0.031318096813515744,True,False
2024-06-22 07:00:00+00:00,64520.0,0.0,931.0975746552347,-0.07120812991843517,0.0,HOLD,closed,0.0,0.0,0.0,0.031318678853624604,True,False
2024-06-22 08:00:00+00:00,64289.15,0.0,931.0975746552347,-0.07120812991843517,0.0,HOLD,closed,0.0,0.0,0.0,0.03132236274768457,True,False
2024-06-22 09:00:00+00:00,64325.99,0.0,931.0975746552347,-0.07120812991843517,0.0,HOLD,closed,0.0,0.0,0.0,0.03132249287793043,True,False
2024-06-22 10:00:00+00:00,64311.71,0.0,931.0975746552347,-0.07120812991843517,0.0,HOLD,closed,0.0,0.0,0.0,0.031322462665036716,True,False
2024-06-22 11:00:00+00:00,64265.26,0.0,931.0975746552347,-0.07120812991843517,0.0,HOLD,closed,0.0,0.0,0.0,0.0313226365838809,True,False
2024-06-22 12:00:00+00:00,64297.84,0.0,931.0975746552347,-0.07120812991843517,0.0,HOLD,closed,0.0,0.0,0.0,0.03132328024835146,True,False
2024-06-22 13:00:00+00:00,64284.0,0.0,931.0975746552347,-0.07120812991843517,0.0,HOLD,closed,0.0,0.0,0.0,0.031323219617409664,True,False
2024-06-22 14:00:00+00:00,64287.96,0.0,931.0975746552347,-0.07120812991843517,0.0,HOLD,closed,0.0,0.0,0.0,0.03132405388734957,True,False
2024-06-22 15:00:00+00:00,64307.08,0.0,931.0975746552347,-0.07120812991843517,0.0,HOLD,closed,0.0,0.0,0.0,0.03132481245700969,True,False
2024-06-22 16:00:00+00:00,64321.28,0.0,931.0975746552347,-0.07120812991843517,0.0,HOLD,closed,0.0,0.0,0.0,0.031324918311592675,True,False
2024-06-22 17:00:00+00:00,64256.37,0.0,931.0975746552347,-0.07120812991843517,0.0,HOLD,closed,0.0,0.0,0.0,0.03132523400325518,True,False
2024-06-22 18:00:00+00:00,64260.81,0.0,931.0975746552347,-0.07120812991843517,0.0,HOLD,closed,0.0,0.0,0.0,0.031325271280063155,True,False
2024-06-22 19:00:00+00:00,64295.01,0.0,931.0975746552347,-0.07120812991843517,0.0,HOLD,closed,0.0,0.0,0.0,0.031325424690123976,True,False
2024-06-22 20:00:00+00:00,64283.99,0.0,931.0975746552347,-0.07120812991843517,0.0,HOLD,closed,0.0,0.0,0.0,0.03132464166250032,True,False
2024-06-22 21:00:00+00:00,64330.0,0.0,931.0975746552347,-0.07120812991843517,0.0,HOLD,closed,0.0,0.0,0.0,0.03132453846840899,True,False
2024-06-22 22:00:00+00:00,64315.79,0.0,931.0975746552347,-0.07120812991843517,0.0,HOLD,closed,0.0,0.0,0.0,0.03132553762660836,True,False
2024-06-22 23:00:00+00:00,64262.01,0.0,931.0975746552347,-0.07120812991843517,0.0,HOLD,closed,0.0,0.0,0.0,0.0313263947970738,True,False
2024-06-23 00:00:00+00:00,64476.43,0.0,931.0975746552347,-0.07120812991843517,0.0,HOLD,closed,0.0,0.0,0.0,0.03133038237511937,True,False
2024-06-23 01:00:00+00:00,64476.19,0.0,931.0975746552347,-0.07120812991843517,0.0,HOLD,closed,0.0,0.0,0.0,0.03132990721490361,True,False
2024-06-23 02:00:00+00:00,64507.17,0.0,931.0975746552347,-0.07120812991843517,0.0,HOLD,closed,0.0,0.0,0.0,0.03132950651370106,True,False
2024-06-23 03:00:00+00:00,64416.14,0.0,931.0975746552347,-0.07120812991843517,0.0,HOLD,closed,0.0,0.0,0.0,0.03132973579841855,True,False
2024-06-23 04:00:00+00:00,64378.02,0.0,931.0975746552347,-0.07120812991843517,0.0,HOLD,closed,0.0,0.0,0.0,0.031330345994520975,True,False
2024-06-23 05:00:00+00:00,64380.0,0.0,931.0975746552347,-0.07120812991843517,0.0,HOLD,closed,0.0,0.0,0.0,0.03132732823625836,True,False
2024-06-23 06:00:00+00:00,64386.5,0.0,931.0975746552347,-0.07120812991843517,0.0,HOLD,closed,0.0,0.0,0.0,0.031327355910583665,True,False
2024-06-23 07:00:00+00:00,64415.27,0.0,931.0975746552347,-0.07120812991843517,0.0,HOLD,closed,0.0,0.0,0.0,0.03129479630563997,True,False
2024-06-23 08:00:00+00:00,64395.43,0.0,931.0975746552347,-0.07120812991843517,0.0,HOLD,closed,0.0,0.0,0.0,0.03129151594317725,True,False
2024-06-23 09:00:00+00:00,64418.81,0.0,931.0975746552347,-0.07120812991843517,0.0,HOLD,closed,0.0,0.0,0.0,0.03129163338390725,True,False
2024-06-23 10:00:00+00:00,64305.6,0.0,931.0975746552347,-0.07120812991843517,0.0,HOLD,closed,0.0,0.0,0.0,0.03129385733929499,True,False
2024-06-23 11:00:00+00:00,64341.45,0.0049152295758825145,930.6414740231069,-0.07166310109502343,0.33946687825054966,BUY,closed,0.33946687825054966,0.33946687825054966,0.33946687825054966,0.031293665613783384,False,False
2024-06-23 12:00:00+00:00,64375.99,0.0,930.0091752076314,-0.07229383413016559,0.0,SELL,closed,0.0,0.0,0.3399430028016833,0.03129402346203605,False,False
2024-06-23 13:00:00+00:00,64297.79,0.0,930.0091752076314,-0.07229383413016559,0.0,HOLD,closed,0.0,0.0,0.0,0.03129137823139966,True,False
2024-06-23 14:00:00+00:00,64192.01,0.005763502235251113,928.6581657381848,-0.07364149805474388,0.39846967778997644,BUY,closed,0.39846967778997644,0.39846967778997644,0.39846967778997644,0.03129068663759496,False,False
2024-06-23 15:00:00+00:00,64094.0,0.014458083326335181,926.1246917771094,-0.07616869829901629,1.0,BUY,closed,1.0,1.0,0.6019732948371532,0.03129271417999835,False,False
2024-06-23 16:00:00+00:00,63927.49,0.014458083326335181,923.7172763224413,-0.07857015219930426,1.0,HOLD,closed,1.0,1.000597261689436,0.0005972616894360794,0.031295204111597585,True,False
2024-06-23 17:00:00+00:00,64120.39,0.014458083326335181,926.5062405960914,-0.07578809432070512,1.0,HOLD,closed,1.0,1.0005954638154004,0.0005954638154004321,0.031298769295197176,True,False
2024-06-23 18:00:00+00:00,64111.98,0.008598945824779247,925.6827309434691,-0.07660956469191997,0.595182315461992,SELL,closed,0.595182315461992,0.595182315461992,0.40541322651092404,0.03129897163468573,False,False
2024-06-23 19:00:00+00:00,64149.78,0.007778603103228181,925.8716090323792,-0.07642115432743031,0.5385502583613028,SELL,closed,0.5385502583613028,0.5385502583613028,0.057147207804487454,0.031297884611011045,False,False
2024-06-23 20:00:00+00:00,63740.01,0.004626222307870918,923.5715739605535,-0.07871549375410664,0.3216389233286952,SELL,closed,0.3216389233286952,0.3216389233286952,0.2157153038876219,0.031310356657357596,False,False
2024-06-23 21:00:00+00:00,63844.67,0.014497261757798245,923.8300835716859,-0.07845762429800084,1.0,BUY,closed,1.0,1.0,0.6803660004384708,0.031283463733928374,False,False
2024-06-23 22:00:00+00:00,63657.99,0.012576166250430119,921.2371227644971,-0.0810441640793431,0.8716757085242286,SELL,closed,0.8716757085242286,0.8716757085242286,0.1302163383233561,0.03128622993529115,False,False
2024-06-23 23:00:00+00:00,63210.01,0.014383160825153625,915.0904824733952,-0.08717558326256364,1.0,BUY,closed,1.0,1.0,0.13178596419143218,0.031301703506091766,False,False
2024-06-24 00:00:00+00:00,63080.0,0.014383160825153625,913.220527734517,-0.08904090737699251,1.0,HOLD,closed,1.0,0.9935056837820553,0.006494316217944718,0.03130263552458698,True,False
2024-06-24 01:00:00+00:00,63315.99,0.014383160825153625,916.6148098576449,-0.0856550306154815,1.0,HOLD,closed,1.0,0.9935297326422782,0.006470267357721826,0.031305912925172485,True,False
2024-06-24 02:00:00+00:00,62880.94,0.010434709022355118,911.575314427814,-0.09068204659312844,0.7257412535875456,SELL,closed,0.7257412535875456,0.7257412535875456,0.2677440052994806,0.03131371755115675,False,False
2024-06-24 03:00:00+00:00,62862.0,0.014493700890952354,910.790168996909,-0.09146524774508748,1.0,BUY,closed,1.0,1.0,0.28026910005571226,0.03131335736080823,False,False
2024-06-24 04:00:00+00:00,62840.97,0.012192750607769257,910.244543099393,-0.09200952249299069,0.8418154941683249,SELL,closed,0.8418154941683249,0.8418154941683249,0.1585281208107403,0.03131159139684739,False,False
2024-06-24 05:00:00+00:00,62314.01,0.010191049350305703,904.6227329538533,-0.09761741118312368,0.708565547801153,SELL,closed,0.708565547801153,0.708565547801153,0.13206604322999116,0.031333844156890334,False,False
2024-06-24 06:00:00+00:00,62405.0,0.01401005132016311,905.421433880932,-0.09682068810286865,0.964079799155025,BUY,closed,0.964079799155025,0.964079799155025,0.2617746552162613,0.031337061380830616,False,False
2024-06-24 07:00:00+00:00,62456.0,0.010582552025212657,905.5334647937618,-0.0967089346155151,0.7288135535131468,SELL,closed,0.7288135535131468,0.7288135535131468,0.23683819955279017,0.03133804828370801,False,False
2024-06-24 08:00:00+00:00,62730.92,0.008439610791594642,908.1988118535219,-0.09405018783382836,0.5802284084339469,SELL,closed,0.5802284084339469,0.5802284084339469,0.15053109549607102,0.031316494442614556,False,False
2024-06-24 09:00:00+00:00,61402.28,0.004584162950755876,901.6245189383891,-0.10060820063218748,0.3205946193200948,SELL,closed,0.3205946193200948,0.3205946193200948,0.25713075403916974,0.031454022322534136,False,False
2024-06-24 10:00:00+00:00,61167.15,0.014666338850996705,899.7967261992848,-0.10243146715385446,1.0,BUY,closed,1.0,1.0,0.6886333601014516,0.03139436897942091,False,False
2024-06-24 11:00:00+00:00,61291.95,0.0138821132455268,901.4333002262618,-0.10079894582373951,0.9417743954918991,SELL,closed,0.9417743954918991,0.9417743954918991,0.0552325957647134,0.03135269650795383,False,False
2024-06-24 12:00:00+00:00,61215.21,0.010566270264838225,900.2160772990189,-0.10201315450570146,0.7192917987017158,SELL,closed,0.7192917987017158,0.7192917987017158,0.22454060091113848,0.03133619343304614,False,False
2024-06-24 13:00:00+00:00,61569.2,0.009438572347393507,903.7360415187189,-0.09850190687792634,0.6391726064811845,SELL,closed,0.6391726064811845,0.6391726064811845,0.0805045645159298,0.031344342463709596,False,False
2024-06-24 14:00:00+00:00,61303.41,0.005801934405611169,901.7462112543008,-0.10048680966657142,0.3963710116934922,SELL,closed,0.3963710116934922,0.3963710116934922,0.24566083725124777,0.031350324231593674,False,False
2024-06-24 15:00:00+00:00,60843.99,0.006711007496368822,898.8083129960237,-0.10341743272014872,0.45758701106326216,BUY,closed,0.45758701106326216,0.45758701106326216,0.0649494600216653,0.03136717756853091,False,False
2024-06-24 16:00:00+00:00,60168.01,0.0085674337712919,893.3133331963404,-0.10889880513817703,0.5829065068607455,BUY,closed,0.5829065068607455,0.5829065068607455,0.13137939466138748,0.03141000798449739,False,False
2024-06-24 17:00:00+00:00,60244.89,0.011126581742108874,894.5732568662432,-0.10764200145467223,0.748864934688876,BUY,closed,0.748864934688876,0.748864934688876,0.17150445072017628,0.03141643024823318,False,False
2024-06-24 18:00:00+00:00,60412.01,0.00908324252441755,896.4145087101807,-0.10580530915735308,0.610440613865209,SELL,closed,0.610440613865209,0.610440613865209,0.13939720895174246,0.03143142841308494,False,False
2024-06-24 19:00:00+00:00,59306.72,0.006914915198013766,888.5096015632221,-0.11369064114800231,0.47129485509990104,SELL,closed,0.47129485509990104,0.47129485509990104,0.13645850773199425,0.03154335024426519,False,False
2024-06-24 20:00:00+00:00,59514.0,0.011593324020061649,891.6564314623479,-0.11055160383720289,0.7725911427227548,BUY,closed,0.7725911427227548,0.7725911427227548,0.31016343927331563,0.03154657469639205,False,False
2024-06-24 21:00:00+00:00,60119.24,0.008982010727761513,897.5099767022409,-0.10471255390521225,0.594827353688499,SELL,closed,0.594827353688499,0.594827353688499,0.18074028161275335,0.031575182939995616,False,False
2024-06-24 22:00:00+00:00,60048.98,0.0048852927041116235,896.6742760344848,-0.1055461851025881,0.3274690533392174,SELL,closed,0.3274690533392174,0.3274690533392174,0.2739059842195515,0.03157612242199098,False,False
2024-06-24 23:00:00+00:00,60293.3,0.0048852927041116235,897.8678507479533,-0.10435556607362657,0.3112128783387838,HOLD,closed,0.3112128783387838,0.3280554241377985,0.016842545799014674,0.03158236525603644,True,False
2024-06-25 00:00:00+00:00,60409.11,0.0,898.6598634095527,-0.10356551469650041,0.0,SELL,closed,0.0,0.0,0.32847856416577553,0.03158469784327045,False,False
2024-06-25 01:00:00+00:00,60492.0,0.0,898.6598634095527,-0.10356551469650041,0.0,HOLD,closed,0.0,0.0,0.0,0.0315877656430876,True,False
2024-06-25 02:00:00+00:00,60676.01,0.0,898.6598634095527,-0.10356551469650041,0.0,HOLD,closed,0.0,0.0,0.0,0.03159442460271314,True,False
2024-06-25 03:00:00+00:00,61302.59,0.0,898.6598634095527,-0.10356551469650041,0.0,HOLD,closed,0.0,0.0,0.0,0.03162467879285502,True,False
2024-06-25 04:00:00+00:00,61371.27,0.0,898.6598634095527,-0.10356551469650041,0.0,HOLD,closed,0.0,0.0,0.0,0.03162311386895769,True,False
2024-06-25 05:00:00+00:00,61024.01,0.0,898.6598634095527,-0.10356551469650041,0.0,HOLD,closed,0.0,0.0,0.0,0.031631660152004304,True,False
2024-06-25 06:00:00+00:00,61139.67,0.0,898.6598634095527,-0.10356551469650041,0.0,HOLD,closed,0.0,0.0,0.0,0.0316308660194663,True,False
2024-06-25 07:00:00+00:00,60685.16,0.0,898.6598634095527,-0.10356551469650041,0.0,HOLD,closed,0.0,0.0,0.0,0.031646849915371394,True,False
2024-06-25 08:00:00+00:00,60860.12,0.0,898.6598634095527,-0.10356551469650041,0.0,HOLD,closed,0.0,0.0,0.0,0.03164925845379635,True,False
2024-06-25 09:00:00+00:00,61468.01,0.0,898.6598634095527,-0.10356551469650041,0.0,HOLD,closed,0.0,0.0,0.0,0.03165747941714231,True,False
2024-06-25 10:00:00+00:00,61317.17,0.0,898.6598634095527,-0.10356551469650041,0.0,HOLD,closed,0.0,0.0,0.0,0.031658318634628924,True,False
2024-06-25 11:00:00+00:00,61187.64,0.0,898.6598634095527,-0.10356551469650041,0.0,HOLD,closed,0.0,0.0,0.0,0.031622191546867184,True,False
2024-06-25 12:00:00+00:00,61048.51,0.0,898.6598634095527,-0.10356551469650041,0.0,HOLD,closed,0.0,0.0,0.0,0.03161630810120358,True,False
2024-06-25 13:00:00+00:00,61200.0,0.0,898.6598634095527,-0.10356551469650041,0.0,HOLD,closed,0.0,0.0,0.0,0.03161484075590584,True,False
2024-06-25 14:00:00+00:00,61763.44,0.0,898.6598634095527,-0.10356551469650041,0.0,HOLD,closed,0.0,0.0,0.0,0.03163841932283959,True,False
2024-06-25 15:00:00+00:00,61810.0,0.0,898.6598634095527,-0.10356551469650041,0.0,HOLD,closed,0.0,0.0,0.0,0.03163430840243747,True,False
2024-06-25 16:00:00+00:00,61390.01,0.0,898.6598634095527,-0.10356551469650041,0.0,HOLD,closed,0.0,0.0,0.0,0.03164783976841254,True,False
2024-06-25 17:00:00+00:00,61381.44,0.0,898.6598634095527,-0.10356551469650041,0.0,HOLD,closed,0.0,0.0,0.0,0.031645078354493233,True,False
2024-06-25 18:00:00+00:00,62159.09,0.0,898.6598634095527,-0.10356551469650041,0.0,HOLD,closed,0.0,0.0,0.0,0.0316908559772541,True,False
2024-06-25 19:00:00+00:00,61975.46,0.0,898.6598634095527,-0.10356551469650041,0.0,HOLD,closed,0.0,0.0,0.0,0.031693351188147645,True,False
2024-06-25 20:00:00+00:00,61924.01,0.0,898.6598634095527,-0.10356551469650041,0.0,HOLD,closed,0.0,0.0,0.0,0.03169026998977162,True,False
2024-06-25 21:00:00+00:00,61916.53,0.0,898.6598634095527,-0.10356551469650041,0.0,HOLD,closed,0.0,0.0,0.0,0.03168773119311827,True,False
2024-06-25 22:00:00+00:00,61909.99,0.0,898.6598634095527,-0.10356551469650041,0.0,HOLD,closed,0.0,0.0,0.0,0.03168646977226611,True,False
2024-06-25 23:00:00+00:00,61806.01,0.0,898.6598634095527,-0.10356551469650041,0.0,HOLD,closed,0.0,0.0,0.0,0.0316865953852874,True,False
2024-06-26 00:00:00+00:00,61767.72,0.0,898.6598634095527,-0.10356551469650041,0.0,HOLD,closed,0.0,0.0,0.0,0.03168391121277245,True,False
2024-06-26 01:00:00+00:00,62090.01,0.0,898.6598634095527,-0.10356551469650041,0.0,HOLD,closed,0.0,0.0,0.0,0.03169011382447218,True,False
2024-06-26 02:00:00+00:00,62028.01,0.0,898.6598634095527,-0.10356551469650041,0.0,HOLD,closed,0.0,0.0,0.0,0.03168959125666315,True,False
2024-06-26 03:00:00+00:00,61936.07,0.0,898.6598634095527,-0.10356551469650041,0.0,HOLD,closed,0.0,0.0,0.0,0.03168985300419069,True,False
2024-06-26 04:00:00+00:00,61712.96,0.0,898.6598634095527,-0.10356551469650041,0.0,HOLD,closed,0.0,0.0,0.0,0.031689369660056116,True,False
2024-06-26 05:00:00+00:00,61562.01,0.0,898.6598634095527,-0.10356551469650041,0.0,HOLD,closed,0.0,0.0,0.0,0.03169103788846872,True,False
2024-06-26 06:00:00+00:00,61577.21,0.0,898.6598634095527,-0.10356551469650041,0.0,HOLD,closed,0.0,0.0,0.0,0.03169054862350951,True,False
2024-06-26 07:00:00+00:00,61720.02,0.0,898.6598634095527,-0.10356551469650041,0.0,HOLD,closed,0.0,0.0,0.0,0.03169041030012279,True,False
2024-06-26 08:00:00+00:00,61472.48,0.0,898.6598634095527,-0.10356551469650041,0.0,HOLD,closed,0.0,0.0,0.0,0.03169501495377819,True,False
2024-06-26 09:00:00+00:00,61376.73,0.0,898.6598634095527,-0.10356551469650041,0.0,HOLD,closed,0.0,0.0,0.0,0.03169319637218174,True,False
2024-06-26 10:00:00+00:00,61264.3,0.0041640808437794505,897.6804126801601,-0.1045425399829664,0.28439866522707635,BUY,closed,0.28439866522707635,0.28439866522707635,0.28439866522707635,0.031693081308733745,False,False
2024-06-26 11:00:00+00:00,61445.26,0.005751343708247459,898.5266421197152,-0.10369840608650177,0.39218469916936194,BUY,closed,0.39218469916936194,0.39218469916936194,0.10739689523309787,0.031666676280779044,False,False
2024-06-26 12:00:00+00:00,61431.47,0.0,897.8200331971146,-0.10440326521244411,0.0,SELL,closed,0.0,0.0,0.393248982157095,0.03166262996857769,False,False
2024-06-26 13:00:00+00:00,61760.0,0.0,897.8200331971146,-0.10440326521244411,0.0,HOLD,closed,0.0,0.0,0.0,0.031665206065543655,True,False
2024-06-26 14:00:00+00:00,61728.13,0.0,897.8200331971146,-0.10440326521244411,0.0,HOLD,closed,0.0,0.0,0.0,0.03164911689838906,True,False
2024-06-26 15:00:00+00:00,61467.86,0.0,897.8200331971146,-0.10440326521244411,0.0,HOLD,closed,0.0,0.0,0.0,0.03165238713843163,True,False
2024-06-26 16:00:00+00:00,61274.01,0.0,897.8200331971146,-0.10440326521244411,0.0,HOLD,closed,0.0,0.0,0.0,0.03165488581362691,True,False
2024-06-26 17:00:00+00:00,61242.0,0.006534461279359907,898.7020096411836,-0.10352347283283445,0.4459608447426941,BUY,closed,0.4459608447426941,0.4459608447426941,0.4459608447426941,0.03165477470726932,False,False
2024-06-26 18:00:00+00:00,60910.02,0.006534461279359907,896.5326991856617,-0.10568741136045624,0.45489459456373244,HOLD,closed,0.45489459456373244,0.4439482994614269,0.010946295102305548,0.031663358112186846,True,False
2024-06-26 19:00:00+00:00,61000.01,0.013621003319880993,896.8949546188712,-0.10532605299113341,0.9247981369025124,BUY,closed,0.9247981369025124,0.9247981369025124,0.48048536195889596,0.03166391294659099,False,False
2024-06-26 20:00:00+00:00,60993.36,0.009659710649030014,896.3475605774318,-0.10587209150445284,0.6570468015646067,SELL,closed,0.6570468015646067,0.6570468015646067,0.26934337031650846,0.0316634513287998,False,False
2024-06-26 21:00:00+00:00,61054.35,0.008239655832156677,896.6769126642619,-0.10554355500197568,0.5603118825443362,SELL,closed,0.5603118825443362,0.5603118825443362,0.09722320404813312,0.03166309620297969,False,False
2024-06-26 22:00:00+00:00,60924.61,0.005791576477229384,895.6266564775259,-0.10659121040812838,0.39481667971488615,SELL,closed,0.39481667971488615,0.39481667971488615,0.1656940284501724,0.03166433567284099,False,False
2024-06-26 23:00:00+00:00,60864.99,0.0074052402972287655,894.9884832172766,-0.10722780334098239,0.5039325019683192,BUY,closed,0.5039325019683192,0.5039325019683192,0.11019679042344976,0.031663919176765004,False,False
2024-06-27 00:00:00+00:00,60982.0,0.0074052402972287655,895.8549703844553,-0.10636346188170662,0.49824580023133663,HOLD,closed,0.49824580023133663,0.5040842309685536,0.00583843073721696,0.03166498880344065,True,False
2024-06-27 01:00:00+00:00,61064.01,0.004415107899773079,895.8524560477194,-0.10636596999211577,0.30033847236001454,SELL,closed,0.30033847236001454,0.30033847236001454,0.20408171419558896,0.031664054976771994,False,False
2024-06-27 02:00:00+00:00,61029.49,0.0,895.3133824639303,-0.10690370865198119,0.0,SELL,closed,0.0,0.0,0.30082814493992244,0.03166414459006425,False,False
2024-06-27 03:00:00+00:00,61037.31,0.0,895.3133824639303,-0.10690370865198119,0.0,HOLD,closed,0.0,0.0,0.0,0.03166312187774806,True,False
2024-06-27 04:00:00+00:00,61114.02,0.0,895.3133824639303,-0.10690370865198119,0.0,HOLD,closed,0.0,0.0,0.0,0.03166278437044384,True,False
2024-06-27 05:00:00+00:00,60805.5,0.0,895.3133824639303,-0.10690370865198119,0.0,HOLD,closed,0.0,0.0,0.0,0.03166989396003847,True,False
2024-06-27 06:00:00+00:00,60742.01,0.006345561368425467,894.1386197865576,-0.10807556222965065,0.430960867273018,BUY,closed,0.430960867273018,0.430960867273018,0.430960867273018,0.03167020564206785,False,False
2024-06-27 07:00:00+00:00,60794.01,0.006345561368425467,894.4685889777157,-0.10774641015099919,0.456599541602731,HOLD,closed,0.456599541602731,0.4312863817035418,0.025313159899189197,0.03166851639844648,True,False
2024-06-27 08:00:00+00:00,60866.0,0.005281858918171242,894.719528859808,-0.10749609167878882,0.35880687011269685,SELL,closed,0.35880687011269685,0.35880687011269685,0.07276981291222079,0.03166890577400433,False,False
2024-06-27 09:00:00+00:00,61282.78,0.003518759833917389,896.478910905551,-0.1057410664430517,0.238786759868047,SELL,closed,0.238786759868047,0.238786759868047,0.12210013366340547,0.03168215989705353,False,False
2024-06-27 10:00:00+00:00,61110.01,0.0,896.0477399556937,-0.1061711696714819,0.0,SELL,closed,0.0,0.0,0.24002502000215484,0.031677827171704614,False,False
2024-06-27 11:00:00+00:00,61196.02,0.0,896.0477399556937,-0.1061711696714819,0.0,HOLD,closed,0.0,0.0,0.0,0.0316768609207472,True,False
2024-06-27 12:00:00+00:00,61341.88,0.0,896.0477399556937,-0.1061711696714819,0.0,HOLD,closed,0.0,0.0,0.0,0.03167144466324784,True,False
2024-06-27 13:00:00+00:00,61990.0,0.0,896.0477399556937,-0.1061711696714819,0.0,HOLD,closed,0.0,0.0,0.0,0.03170209288304171,True,False
2024-06-27 14:00:00+00:00,61729.99,0.0,896.0477399556937,-0.1061711696714819,0.0,HOLD,closed,0.0,0.0,0.0,0.031707150089501424,True,False
2024-06-27 15:00:00+00:00,61576.0,0.0,896.0477399556937,-0.1061711696714819,0.0,HOLD,closed,0.0,0.0,0.0,0.031688533068485764,True,False
2024-06-27 16:00:00+00:00,61714.57,0.0,896.0477399556937,-0.1061711696714819,0.0,HOLD,closed,0.0,0.0,0.0,0.031686639308334874,True,False
2024-06-27 17:00:00+00:00,61842.11,0.0,896.0477399556937,-0.1061711696714819,0.0,HOLD,closed,0.0,0.0,0.0,0.03168784672249489,True,False
2024-06-27 18:00:00+00:00,61882.39,0.0,896.0477399556937,-0.1061711696714819,0.0,HOLD,closed,0.0,0.0,0.0,0.0316864849618069,True,False
2024-06-27 19:00:00+00:00,61450.0,0.0,896.0477399556937,-0.1061711696714819,0.0,HOLD,closed,0.0,0.0,0.0,0.03170007872490771,True,False
2024-06-27 20:00:00+00:00,61493.11,0.0,896.0477399556937,-0.1061711696714819,0.0,HOLD,closed,0.0,0.0,0.0,0.031699815289065486,True,False
2024-06-27 21:00:00+00:00,61536.04,0.0,896.0477399556937,-0.1061711696714819,0.0,HOLD,closed,0.0,0.0,0.0,0.031699849342656655,True,False
2024-06-27 22:00:00+00:00,61640.01,0.0,896.0477399556937,-0.1061711696714819,0.0,HOLD,closed,0.0,0.0,0.0,0.031700656240531255,True,False
2024-06-27 23:00:00+00:00,61706.47,0.0,896.0477399556937,-0.1061711696714819,0.0,HOLD,closed,0.0,0.0,0.0,0.03169941869134443,True,False
2024-06-28 00:00:00+00:00,61560.0,0.0,896.0477399556937,-0.1061711696714819,0.0,HOLD,closed,0.0,0.0,0.0,0.03169784838708525,True,False
2024-06-28 01:00:00+00:00,62091.99,0.0,896.0477399556937,-0.1061711696714819,0.0,HOLD,closed,0.0,0.0,0.0,0.03171892404857776,True,False
2024-06-28 02:00:00+00:00,61730.67,0.0,896.0477399556937,-0.1061711696714819,0.0,HOLD,closed,0.0,0.0,0.0,0.031728661877720665,True,False
2024-06-28 03:00:00+00:00,61828.17,0.0,896.0477399556937,-0.1061711696714819,0.0,HOLD,closed,0.0,0.0,0.0,0.031728004524812364,True,False
2024-06-28 04:00:00+00:00,61750.44,0.0,896.0477399556937,-0.1061711696714819,0.0,HOLD,closed,0.0,0.0,0.0,0.03172845526702131,True,False
2024-06-28 05:00:00+00:00,61604.01,0.0,896.0477399556937,-0.1061711696714819,0.0,HOLD,closed,0.0,0.0,0.0,0.03172813894119525,True,False
2024-06-28 06:00:00+00:00,61620.96,0.0,896.0477399556937,-0.1061711696714819,0.0,HOLD,closed,0.0,0.0,0.0,0.0317278411454725,True,False
2024-06-28 07:00:00+00:00,61350.01,0.0,896.0477399556937,-0.1061711696714819,0.0,HOLD,closed,0.0,0.0,0.0,0.031727578199955864,True,False
2024-06-28 08:00:00+00:00,61480.21,0.003933078937542121,896.0771173218476,-0.10614186505337221,0.2692874736349758,BUY,closed,0.2692874736349758,0.2692874736349758,0.2692874736349758,0.03171667007460538,False,False
2024-06-28 09:00:00+00:00,61547.55,0.0,895.5936251870538,-0.10662415990223498,0.0,SELL,closed,0.0,0.0,0.27006586819842726,0.0317119201754448,False,False
2024-06-28 10:00:00+00:00,61548.14,0.0,895.5936251870538,-0.10662415990223498,0.0,HOLD,closed,0.0,0.0,0.0,0.03171131538206656,True,False
2024-06-28 11:00:00+00:00,61690.0,0.0,895.5936251870538,-0.10662415990223498,0.0,HOLD,closed,0.0,0.0,0.0,0.03170706146529892,True,False
2024-06-28 12:00:00+00:00,61395.09,0.0,895.5936251870538,-0.10662415990223498,0.0,HOLD,closed,0.0,0.0,0.0,0.031710433413328715,True,False
2024-06-28 13:00:00+00:00,61297.99,0.0035192702597996095,894.8196641832008,-0.10739620432347093,0.24125441300410422,BUY,closed,0.24125441300410422,0.24125441300410422,0.24125441300410422,0.031644165407271746,False,False
2024-06-28 14:00:00+00:00,60928.02,0.006226825665951827,892.966463059877,-0.10924481630982096,0.42717891669555336,BUY,closed,0.42717891669555336,0.42717891669555336,0.18720361096927116,0.03162938175463248,False,False
2024-06-28 15:00:00+00:00,61062.01,0.014669784807198822,893.9030693514605,-0.10831052936421041,1.0,BUY,closed,1.0,1.0,0.5746004109346083,0.03163017498789347,False,False
2024-06-28 16:00:00+00:00,60940.01,0.010172960452148843,892.1128903230631,-0.11009627531911932,0.6963031180133623,SELL,closed,0.6963031180133623,0.6963031180133623,0.30578571658579956,0.03163117296604029,False,False
2024-06-28 17:00:00+00:00,60826.63,0.011841335124595608,890.5669273728065,-0.1116384099554138,0.8099258126216289,BUY,closed,0.8099258126216289,0.8099258126216289,0.11540836792149645,0.03163198162690212,False,False
2024-06-28 18:00:00+00:00,60828.02,0.01243184478395963,890.5123522525769,-0.11169284992965256,0.8490919930407947,BUY,closed,0.8490919930407947,0.8490919930407947,0.04031318530832495,0.031628216812658705,False,False
2024-06-28 19:00:00+00:00,60123.73,0.01009781395450285,883.1166849018474,-0.11907020316970224,0.6965980632460642,SELL,closed,0.6965980632460642,0.6965980632460642,0.15108345163446557,0.0316664793237314,False,False
2024-06-28 20:00:00+00:00,60229.92,0.014706156317408719,884.1240516418773,-0.11806533100184513,1.0,BUY,closed,1.0,1.0,0.3121487079395847,0.03166725583703195,False,False
2024-06-28 21:00:00+00:00,60366.01,0.01395398343022471,885.9324652729105,-0.11626139559918848,0.9484518713386212,SELL,closed,0.9484518713386212,0.9484518713386212,0.05338372308208039,0.03166848899009023,False,False
2024-06-28 22:00:00+00:00,60367.99,0.009525243341621395,885.4167239916108,-0.11677585973503804,0.649014378131131,SELL,closed,0.649014378131131,0.649014378131131,0.3017890922831302,0.03166837736205866,False,False
2024-06-28 23:00:00+00:00,60427.84,0.007991801560840263,885.7099380042506,-0.11648337181696487,0.5445329336366111,SELL,closed,0.5445329336366111,0.5445329336366111,0.10512671618916036,0.03166865629449683,False,False
2024-06-29 00:00:00+00:00,60770.71,0.0061180083306416255,888.1163649135124,-0.11408290401411893,0.41611569848428137,SELL,closed,0.41611569848428137,0.41611569848428137,0.1305300412537242,0.03167713377487327,False,False
2024-06-29 01:00:00+00:00,60901.03,0.0,889.1303524513725,-0.11307142744370986,0.0,SELL,closed,0.0,0.0,0.4191554524080353,0.031678461725469925,False,False
2024-06-29 02:00:00+00:00,60766.05,0.0,889.1303524513725,-0.11307142744370986,0.0,HOLD,closed,0.0,0.0,0.0,0.03167987584444526,True,False
2024-06-29 03:00:00+00:00,60762.0,0.0,889.1303524513725,-0.11307142744370986,0.0,HOLD,closed,0.0,0.0,0.0,0.031676163882157965,True,False
2024-06-29 04:00:00+00:00,60773.55,0.0,889.1303524513725,-0.11307142744370986,0.0,HOLD,closed,0.0,0.0,0.0,0.03167490027852618,True,False
2024-06-29 05:00:00+00:00,60762.02,0.0,889.1303524513725,-0.11307142744370986,0.0,HOLD,closed,0.0,0.0,0.0,0.031674907913257166,True,False
2024-06-29 06:00:00+00:00,60847.75,0.0,889.1303524513725,-0.11307142744370986,0.0,HOLD,closed,0.0,0.0,0.0,0.03167547755127015,True,False
2024-06-29 07:00:00+00:00,61052.3,0.0,889.1303524513725,-0.11307142744370986,0.0,HOLD,closed,0.0,0.0,0.0,0.03167827918224303,True,False
2024-06-29 08:00:00+00:00,60982.03,0.0,889.1303524513725,-0.11307142744370986,0.0,HOLD,closed,0.0,0.0,0.0,0.03167866116340587,True,False
2024-06-29 09:00:00+00:00,60970.0,0.0,889.1303524513725,-0.11307142744370986,0.0,HOLD,closed,0.0,0.0,0.0,0.03167837972585419,True,False
2024-06-29 10:00:00+00:00,60994.36,0.0,889.1303524513725,-0.11307142744370986,0.0,HOLD,closed,0.0,0.0,0.0,0.031678365637618555,True,False
2024-06-29 11:00:00+00:00,61102.33,0.0,889.1303524513725,-0.11307142744370986,0.0,HOLD,closed,0.0,0.0,0.0,0.03167921084326383,True,False
2024-06-29 12:00:00+00:00,61045.43,0.0,889.1303524513725,-0.11307142744370986,0.0,HOLD,closed,0.0,0.0,0.0,0.031679351708193526,True,False
2024-06-29 13:00:00+00:00,61102.98,0.0,889.1303524513725,-0.11307142744370986,0.0,HOLD,closed,0.0,0.0,0.0,0.03167944098294345,True,False
2024-06-29 14:00:00+00:00,61018.01,0.0,889.1303524513725,-0.11307142744370986,0.0,HOLD,closed,0.0,0.0,0.0,0.03167998810804468,True,False
2024-06-29 15:00:00+00:00,61106.0,0.0,889.1303524513725,-0.11307142744370986,0.0,HOLD,closed,0.0,0.0,0.0,0.031680587432370705,True,False
2024-06-29 16:00:00+00:00,61009.91,0.0,889.1303524513725,-0.11307142744370986,0.0,HOLD,closed,0.0,0.0,0.0,0.031680846637369864,True,False
2024-06-29 17:00:00+00:00,61040.77,0.0,889.1303524513725,-0.11307142744370986,0.0,HOLD,closed,0.0,0.0,0.0,0.0316808583987907,True,False
2024-06-29 18:00:00+00:00,61059.04,0.0,889.1303524513725,-0.11307142744370986,0.0,HOLD,closed,0.0,0.0,0.0,0.031680616330544586,True,False
2024-06-29 19:00:00+00:00,61057.39,0.0,889.1303524513725,-0.11307142744370986,0.0,HOLD,closed,0.0,0.0,0.0,0.03168057037567809,True,False
2024-06-29 20:00:00+00:00,61050.0,0.0,889.1303524513725,-0.11307142744370986,0.0,HOLD,closed,0.0,0.0,0.0,0.03168046950608916,True,False
2024-06-29 21:00:00+00:00,61044.99,0.0,889.1303524513725,-0.11307142744370986,0.0,HOLD,closed,0.0,0.0,0.0,0.031680455435157684,True,False
2024-06-29 22:00:00+00:00,60970.0,0.0,889.1303524513725,-0.11307142744370986,0.0,HOLD,closed,0.0,0.0,0.0,0.03168016115393005,True,False
2024-06-29 23:00:00+00:00,60986.68,0.0,889.1303524513725,-0.11307142744370986,0.0,HOLD,closed,0.0,0.0,0.0,0.031679752008471035,True,False
2024-06-30 00:00:00+00:00,61024.55,0.0,889.1303524513725,-0.11307142744370986,0.0,HOLD,closed,0.0,0.0,0.0,0.03167974111021096,True,False
2024-06-30 01:00:00+00:00,60961.99,0.0,889.1303524513725,-0.11307142744370986,0.0,HOLD,closed,0.0,0.0,0.0,0.03168003832414734,True,False
2024-06-30 02:00:00+00:00,60834.27,0.0,889.1303524513725,-0.11307142744370986,0.0,HOLD,closed,0.0,0.0,0.0,0.031680738592519186,True,False
2024-06-30 03:00:00+00:00,60898.32,0.004672355400817547,888.8609960351513,-0.11334011684463884,0.3196824056288622,BUY,closed,0.3196824056288622,0.3196824056288622,0.3196824056288622,0.031680511676428325,False,False
2024-06-30 04:00:00+00:00,60777.55,0.0,888.2920611157431,-0.11390764289361122,0.0,SELL,closed,0.0,0.0,0.31968407512987934,0.03168145962184574,False,False
2024-06-30 05:00:00+00:00,60789.26,0.008408059989414645,887.3683056635598,-0.11482911082273674,0.5752851170224101,BUY,closed,0.5752851170224101,0.5752851170224101,0.5752851170224101,0.03168145124155977,False,False
2024-06-30 06:00:00+00:00,61040.18,0.009020599715395863,889.5572642529025,-0.11264557281655134,0.6164914105629244,BUY,closed,0.6164914105629244,0.6164914105629244,0.039490672097538315,0.03168632483075054,False,False
2024-06-30 07:00:00+00:00,61528.01,0.0,891.0647409042937,-0.11114182917435755,0.0,SELL,closed,0.0,0.0,0.6208565547429672,0.03170458000190468,False,False
2024-06-30 08:00:00+00:00,61556.01,0.0,891.0647409042937,-0.11114182917435755,0.0,HOLD,closed,0.0,0.0,0.0,0.03169753531069153,True,False
2024-06-30 09:00:00+00:00,61529.7,0.0,891.0647409042937,-0.11114182917435755,0.0,HOLD,closed,0.0,0.0,0.0,0.03169398516138042,True,False
2024-06-30 10:00:00+00:00,61540.0,0.0,891.0647409042937,-0.11114182917435755,0.0,HOLD,closed,0.0,0.0,0.0,0.03169396137228772,True,False
2024-06-30 11:00:00+00:00,61560.0,0.0,891.0647409042937,-0.11114182917435755,0.0,HOLD,closed,0.0,0.0,0.0,0.03169397135097249,True,False
2024-06-30 12:00:00+00:00,61496.0,0.0,891.0647409042937,-0.11114182917435755,0.0,HOLD,closed,0.0,0.0,0.0,0.03169350528364023,True,False
2024-06-30 13:00:00+00:00,61719.61,0.0,891.0647409042937,-0.11114182917435755,0.0,HOLD,closed,0.0,0.0,0.0,0.03169722206343123,True,False
2024-06-30 14:00:00+00:00,61587.11,0.0,891.0647409042937,-0.11114182917435755,0.0,HOLD,closed,0.0,0.0,0.0,0.031698196681325536,True,False
2024-06-30 15:00:00+00:00,61717.9,0.0,891.0647409042937,-0.11114182917435755,0.0,HOLD,closed,0.0,0.0,0.0,0.03169944831450844,True,False
2024-06-30 16:00:00+00:00,61603.54,0.0,891.0647409042937,-0.11114182917435755,0.0,HOLD,closed,0.0,0.0,0.0,0.0317004073813619,True,False
2024-06-30 17:00:00+00:00,61707.99,0.0,891.0647409042937,-0.11114182917435755,0.0,HOLD,closed,0.0,0.0,0.0,0.03170099839195656,True,False
2024-06-30 18:00:00+00:00,62055.31,0.0,891.0647409042937,-0.11114182917435755,0.0,HOLD,closed,0.0,0.0,0.0,0.031709277750228415,True,False
2024-06-30 19:00:00+00:00,62026.83,0.0,891.0647409042937,-0.11114182917435755,0.0,HOLD,closed,0.0,0.0,0.0,0.03170932710301841,True,False
2024-06-30 20:00:00+00:00,61990.01,0.0,891.0647409042937,-0.11114182917435755,0.0,HOLD,closed,0.0,0.0,0.0,0.03170896703908785,True,False
2024-06-30 21:00:00+00:00,61940.01,0.0,891.0647409042937,-0.11114182917435755,0.0,HOLD,closed,0.0,0.0,0.0,0.03170889925628473,True,False
2024-06-30 22:00:00+00:00,62901.01,0.0,891.0647409042937,-0.11114182917435755,0.0,HOLD,closed,0.0,0.0,0.0,0.0317761817309547,True,False
2024-06-30 23:00:00+00:00,62772.01,0.0,891.0647409042937,-0.11114182917435755,0.0,HOLD,closed,0.0,0.0,0.0,0.0317767603005332,True,False
2024-07-01 00:00:00+00:00,62931.99,0.0,891.0647409042937,-0.11114182917435755,0.0,HOLD,closed,0.0,0.0,0.0,0.031778381239963654,True,False
2024-07-01 01:00:00+00:00,63640.82,0.0,891.0647409042937,-0.11114182917435755,0.0,HOLD,closed,0.0,0.0,0.0,0.031813365355651074,True,False
2024-07-01 02:00:00+00:00,63435.86,0.0,891.0647409042937,-0.11114182917435755,0.0,HOLD,closed,0.0,0.0,0.0,0.03181497551352658,True,False
2024-07-01 03:00:00+00:00,63437.69,0.0,891.0647409042937,-0.11114182917435755,0.0,HOLD,closed,0.0,0.0,0.0,0.03181404721294759,True,False
2024-07-01 04:00:00+00:00,63279.79,0.0,891.0647409042937,-0.11114182917435755,0.0,HOLD,closed,0.0,0.0,0.0,0.03181538947297016,True,False
2024-07-01 05:00:00+00:00,63432.94,0.0,891.0647409042937,-0.11114182917435755,0.0,HOLD,closed,0.0,0.0,0.0,0.03181680812838461,True,False
2024-07-01 06:00:00+00:00,63404.0,0.0,891.0647409042937,-0.11114182917435755,0.0,HOLD,closed,0.0,0.0,0.0,0.0318168609741869,True,False
2024-07-01 07:00:00+00:00,63277.84,0.0,891.0647409042937,-0.11114182917435755,0.0,HOLD,closed,0.0,0.0,0.0,0.03181791180550139,True,False
2024-07-01 08:00:00+00:00,62923.91,0.0,891.0647409042937,-0.11114182917435755,0.0,HOLD,closed,0.0,0.0,0.0,0.031826064176633306,True,False
2024-07-01 09:00:00+00:00,62938.97,0.0,891.0647409042937,-0.11114182917435755,0.0,HOLD,closed,0.0,0.0,0.0,0.031825966018703994,True,False
2024-07-01 10:00:00+00:00,62852.24,0.0,891.0647409042937,-0.11114182917435755,0.0,HOLD,closed,0.0,0.0,0.0,0.03182274948681857,True,False
2024-07-01 11:00:00+00:00,62662.09,0.0,891.0647409042937,-0.11114182917435755,0.0,HOLD,closed,0.0,0.0,0.0,0.03181591431865796,True,False
2024-07-01 12:00:00+00:00,62882.0,0.0,891.0647409042937,-0.11114182917435755,0.0,HOLD,closed,0.0,0.0,0.0,0.03181886564125874,True,False
2024-07-01 13:00:00+00:00,62685.27,0.0,891.0647409042937,-0.11114182917435755,0.0,HOLD,closed,0.0,0.0,0.0,0.031821342842112216,True,False
2024-07-01 14:00:00+00:00,62826.02,0.0,891.0647409042937,-0.11114182917435755,0.0,HOLD,closed,0.0,0.0,0.0,0.03182083229742039,True,False
2024-07-01 15:00:00+00:00,63132.9,0.0,891.0647409042937,-0.11114182917435755,0.0,HOLD,closed,0.0,0.0,0.0,0.0318196109723384,True,False
2024-07-01 16:00:00+00:00,63119.33,0.0,891.0647409042937,-0.11114182917435755,0.0,HOLD,closed,0.0,0.0,0.0,0.03181845482092721,True,False
2024-07-01 17:00:00+00:00,63697.66,0.0,891.0647409042937,-0.11114182917435755,0.0,HOLD,closed,0.0,0.0,0.0,0.03184171312364678,True,False
2024-07-01 18:00:00+00:00,63649.99,0.0,891.0647409042937,-0.11114182917435755,0.0,HOLD,closed,0.0,0.0,0.0,0.03184140580205111,True,False
2024-07-01 19:00:00+00:00,63226.78,0.0,891.0647409042937,-0.11114182917435755,0.0,HOLD,closed,0.0,0.0,0.0,0.03185376383813071,True,False
2024-07-01 20:00:00+00:00,63292.53,0.0,891.0647409042937,-0.11114182917435755,0.0,HOLD,closed,0.0,0.0,0.0,0.03185309900236857,True,False
2024-07-01 21:00:00+00:00,63130.01,0.0,891.0647409042937,-0.11114182917435755,0.0,HOLD,closed,0.0,0.0,0.0,0.03182720471929873,True,False
2024-07-01 22:00:00+00:00,62975.1,0.0,891.0647409042937,-0.11114182917435755,0.0,HOLD,closed,0.0,0.0,0.0,0.03181645854414461,True,False
2024-07-01 23:00:00+00:00,62899.99,0.0,891.0647409042937,-0.11114182917435755,0.0,HOLD,closed,0.0,0.0,0.0,0.03181455762616195,True,False
2024-07-02 00:00:00+00:00,62926.65,0.0,891.0647409042937,-0.11114182917435755,0.0,HOLD,closed,0.0,0.0,0.0,0.03180287639310181,True,False
2024-07-02 01:00:00+00:00,62926.0,0.0,891.0647409042937,-0.11114182917435755,0.0,HOLD,closed,0.0,0.0,0.0,0.03180198846569923,True,False
2024-07-02 02:00:00+00:00,62999.56,0.0,891.0647409042937,-0.11114182917435755,0.0,HOLD,closed,0.0,0.0,0.0,0.03179962135944134,True,False
2024-07-02 03:00:00+00:00,63138.67,0.0,891.0647409042937,-0.11114182917435755,0.0,HOLD,closed,0.0,0.0,0.0,0.03180007956585687,True,False
2024-07-02 04:00:00+00:00,63038.01,0.0,891.0647409042937,-0.11114182917435755,0.0,HOLD,closed,0.0,0.0,0.0,0.031800622327988415,True,False
2024-07-02 05:00:00+00:00,63024.0,0.0,891.0647409042937,-0.11114182917435755,0.0,HOLD,closed,0.0,0.0,0.0,0.031788953126311525,True,False
2024-07-02 06:00:00+00:00,62866.0,0.0,891.0647409042937,-0.11114182917435755,0.0,HOLD,closed,0.0,0.0,0.0,0.03178979410995428,True,False
2024-07-02 07:00:00+00:00,62629.99,0.0,891.0647409042937,-0.11114182917435755,0.0,HOLD,closed,0.0,0.0,0.0,0.03179347287147774,True,False
2024-07-02 08:00:00+00:00,62670.01,0.008399100766722666,890.3484545460901,-0.11185634177138168,0.5903450746867116,BUY,closed,0.5903450746867116,0.5903450746867116,0.5903450746867116,0.031792521409613334,False,False
2024-07-02 09:00:00+00:00,62650.01,0.0064267154514795815,889.972763226904,-0.11223110275499769,0.45245018739440446,SELL,closed,0.45245018739440446,0.45245018739440446,0.138670111538015,0.03178981404661618,False,False
2024-07-02 10:00:00+00:00,62715.98,0.0064267154514795815,890.3967336452381,-0.11180818222720061,0.43677753896677246,HOLD,closed,0.43677753896677246,0.4526720982798161,0.01589455931304362,0.031790030063388514,True,False
2024-07-02 11:00:00+00:00,62832.01,0.0038450443229626537,890.5191310243237,-0.11168608794437955,0.2706028980039019,SELL,closed,0.2706028980039019,0.2706028980039019,0.18252719432175774,0.03176739727124456,False,False
2024-07-02 12:00:00+00:00,62878.45,0.0,890.0360680935537,-0.11216795465206918,0.0,SELL,closed,0.0,0.0,0.2714393767921851,0.03176373717823294,False,False
2024-07-02 13:00:00+00:00,62626.92,0.0,890.0360680935537,-0.11216795465206918,0.0,HOLD,closed,0.0,0.0,0.0,0.0317631562139184,True,False
2024-07-02 14:00:00+00:00,62035.43,0.005860135537937645,887.5889365711214,-0.11460902627004331,0.4123453561940384,BUY,closed,0.4123453561940384,0.4123453561940384,0.4123453561940384,0.03178114682949951,False,False
2024-07-02 15:00:00+00:00,61948.08,0.014299522929588505,885.2925294211537,-0.11689974675879218,1.0,BUY,closed,1.0,1.0,0.5907636844084938,0.031776443744661126,False,False
2024-07-02 16:00:00+00:00,61920.89,0.014299522929588505,884.9037253926982,-0.11728758798028625,1.0,HOLD,closed,1.0,1.0006051064849928,0.0006051064849927901,0.03177564213206582,True,False
2024-07-02 17:00:00+00:00,62147.98,0.012690829501325036,887.5865282671566,-0.11461142861025347,0.8847905152175339,SELL,closed,0.8847905152175339,0.8847905152175339,0.11581237886284734,0.03177873694397601,False,False
2024-07-02 18:00:00+00:00,62330.01,0.007028188804994396,888.162258587867,-0.11403712398763297,0.49082981995516606,SELL,closed,0.49082981995516606,0.49082981995516606,0.3980593995392461,0.03178108201235322,False,False
2024-07-02 19:00:00+00:00,61939.1,0.0031151286741513797,886.456843434221,-0.11573831597109054,0.2192938114583347,SELL,closed,0.2192938114583347,0.2192938114583347,0.2723623649898336,0.03179216983883679,False,False
2024-07-02 20:00:00+00:00,62012.01,0.008458190249161824,886.4114757626734,-0.1157835712973259,0.5908448904959303,BUY,closed,0.5908448904959303,0.5908448904959303,0.37298215971389276,0.03179174461666831,False,False
2024-07-02 21:00:00+00:00,61958.02,0.00610212679247952,885.7898865279899,-0.11640362127212904,0.4271156270704213,SELL,closed,0.4271156270704213,0.4271156270704213,0.1643961632964146,0.0317919344192297,False,False
2024-07-02 22:00:00+00:00,62090.01,0.00610212679247952,886.5953062433293,-0.11560019604154816,0.4172082318166156,HOLD,closed,0.4172082318166156,0.4273439199353668,0.010135688118751207,0.03178975629690456,True,False
2024-07-02 23:00:00+00:00,62135.47,0.003386018179671375,886.4120325295219,-0.11578301590921569,0.23705532994725148,SELL,closed,0.23705532994725148,0.23705532994725148,0.19046770964306903,0.031789903805522574,False,False
2024-07-03 00:00:00+00:00,62094.02,0.0,885.9913202709142,-0.11620268634556401,0.0,SELL,closed,0.0,0.0,0.23723140975958026,0.031789683453532475,False,False
2024-07-03 01:00:00+00:00,61617.91,0.003016373665774903,885.0769458107417,-0.1171147965131079,0.21140022756975632,BUY,closed,0.21140022756975632,0.21140022756975632,0.21140022756975632,0.031802903294856744,False,False
2024-07-03 02:00:00+00:00,61362.0,0.0095754983646117,883.7531906118015,-0.11843527365773912,0.6672155914337079,BUY,closed,0.6672155914337079,0.6672155914337079,0.4579091694236467,0.03180770345823103,False,False
2024-07-03 03:00:00+00:00,60987.99,0.01167543239792493,879.7461022309276,-0.1224324391666624,0.8139637647611426,BUY,closed,0.8139637647611426,0.8139637647611426,0.15046788848746828,0.03181640902338262,False,False
2024-07-03 04:00:00+00:00,60883.9,0.014153748715155906,877.9704430591155,-0.12420370122093798,0.982559541771542,BUY,closed,0.982559541771542,0.982559541771542,0.1734292832366986,0.03181700695293288,False,False
2024-07-03 05:00:00+00:00,61121.52,0.012740085566392128,881.237201730143,-0.12094503212141601,0.8801047846122032,SELL,closed,0.8801047846122032,0.8801047846122032,0.10147424447100317,0.031813288939802675,False,False
2024-07-03 06:00:00+00:00,61014.0,0.00817854393743149,879.8003673743586,-0.12237830840161747,0.5681367940369317,SELL,closed,0.5681367940369317,0.5681367940369317,0.3153185897945495,0.031810675484755135,False,False
2024-07-03 07:00:00+00:00,60870.01,0.00817854393743149,878.622738832808,-0.12355302074664026,0.5622442364999534,HOLD,closed,0.5622442364999534,0.5666004637191905,0.004356227219237119,0.03180945828978185,True,False
2024-07-03 08:00:00+00:00,60497.59,0.00817854393743149,875.5768854996296,-0.12659133154276106,0.5792288281508504,HOLD,closed,0.5792288281508504,0.565092804661442,0.014136023489408456,0.031671981846944336,True,False
2024-07-03 09:00:00+00:00,60606.01,0.010576818497058913,876.4333479234108,-0.1257369900023131,0.7300612739047523,BUY,closed,0.7300612739047523,0.7300612739047523,0.16452847387876102,0.03167288861649609,False,False
2024-07-03 10:00:00+00:00,60383.99,0.008180404451294046,874.3267568746618,-0.12783836443709148,0.5672007972756203,SELL,closed,0.5672007972756203,0.5672007972756203,0.16347235458679288,0.03165222962972736,False,False
2024-07-03 11:00:00+00:00,60386.01,0.009059430889460731,874.4895679803017,-0.12767595650542726,0.625663496860245,BUY,closed,0.625663496860245,0.625663496860245,0.06068862306681344,0.03164916712891594,False,False
2024-07-03 12:00:00+00:00,60028.01,0.007869943411817515,871.5285073476327,-0.13062968457572088,0.5454651412360378,SELL,closed,0.5454651412360378,0.5454651412360378,0.0787207097614887,0.031658618031764924,False,False
2024-07-03 13:00:00+00:00,60589.99,0.009801231113239016,877.3538019339456,-0.12481881533937801,0.6716679653191627,BUY,closed,0.6716679653191627,0.6716679653191627,0.12730001312084616,0.03168177609744646,False,False
2024-07-03 14:00:00+00:00,60281.15,0.003909389310607032,875.4326901613803,-0.12673516980581231,0.2709168941356215,SELL,closed,0.2709168941356215,0.2709168941356215,0.4048367140926151,0.03163219898600683,False,False
2024-07-03 15:00:00+00:00,60186.25,0.005963960852488857,875.1977704427634,-0.1269695077857539,0.4108447242683937,BUY,closed,0.4108447242683937,0.4108447242683937,0.14195912989016174,0.0315285318104504,False,False
2024-07-03 16:00:00+00:00,60495.98,0.005963960852488857,877.0449880376048,-0.12512686451069696,0.41379481377719807,HOLD,closed,0.41379481377719807,0.4113764531740066,0.0024183606031914495,0.03151552623513723,True,False
2024-07-03 17:00:00+00:00,60371.34,0.0,876.3236366428862,-0.12584642960153578,0.0,SELL,closed,0.0,0.0,0.4108771363134533,0.03150578462341516,False,False
2024-07-03 18:00:00+00:00,60248.01,0.0036674290386010684,875.4284067049223,-0.12673944265501988,0.2526550650436065,BUY,closed,0.2526550650436065,0.2526550650436065,0.2526550650436065,0.031505495640365255,False,False
2024-07-03 19:00:00+00:00,59671.1,0.00448121851137498,872.9743085802363,-0.12918746362364364,0.3091498319517535,BUY,closed,0.3091498319517535,0.3091498319517535,0.05856428293642013,0.03153293885544675,False,False
2024-07-03 20:00:00+00:00,59609.26,0.009108071287084378,871.8587022567285,-0.13030030733808387,0.6227689625565676,BUY,closed,0.6227689625565676,0.6227689625565676,0.3166809833424385,0.031533624072713706,False,False
2024-07-03 21:00:00+00:00,60247.59,0.008426462987148393,877.34640542174,-0.12482619353538085,0.5723035058467649,SELL,closed,0.5723035058467649,0.5723035058467649,0.05291745776365775,0.0315604363786651,False,False
2024-07-03 22:00:00+00:00,60316.01,0.0,876.331226988241,-0.12583885805237852,0.0,SELL,closed,0.0,0.0,0.5789239582583311,0.031558267801609585,False,False
2024-07-03 23:00:00+00:00,60208.58,0.0,876.331226988241,-0.12583885805237852,0.0,HOLD,closed,0.0,0.0,0.0,0.03155705346286722,True,False
2024-07-04 00:00:00+00:00,60430.01,0.0,876.331226988241,-0.12583885805237852,0.0,HOLD,closed,0.0,0.0,0.0,0.03156092027404622,True,False
2024-07-04 01:00:00+00:00,58561.1,0.0,876.331226988241,-0.12583885805237852,0.0,HOLD,closed,0.0,0.0,0.0,0.03184187416575407,True,False
2024-07-04 02:00:00+00:00,58972.13,0.01496439149859277,884.9419248103903,-0.11724948315694653,1.0,BUY,closed,1.0,1.0,1.0,0.031855194860404085,False,False
2024-07-04 03:00:00+00:00,59102.0,0.01064142642285023,885.814185410291,-0.11637938256187177,0.7075859153127333,SELL,closed,0.7075859153127333,0.7075859153127333,0.2896404635156513,0.03185393999283381,False,False
2024-07-04 04:00:00+00:00,58968.36,0.008324584909465221,884.4278964137254,-0.11776223864982836,0.5563139208144405,SELL,closed,0.5563139208144405,0.5563139208144405,0.1532214639090751,0.03185382251573168,False,False
2024-07-04 05:00:00+00:00,58902.0,0.008324584909465221,883.8754769591333,-0.11831329013172066,0.5804737870792018,HOLD,closed,0.5804737870792018,0.5547554074294013,0.025718379649800505,0.0318528684181657,True,False
2024-07-04 06:00:00+00:00,58795.99,0.008324584909465221,882.9929877128809,-0.11919359404364643,0.5740854802714888,HOLD,closed,0.5740854802714888,0.5543104168458256,0.019775063425663153,0.03184390464100856,True,False
2024-07-04 07:00:00+00:00,58219.99,0.008947195440975584,877.942386146801,-0.12423168865508731,0.5990212766264758,BUY,closed,0.5990212766264758,0.5990212766264758,0.047144324743029875,0.031870747729737886,False,False
2024-07-04 08:00:00+00:00,57688.46,0.012828566438895163,871.7615352506533,-0.1303972337266165,0.8553486030248674,BUY,closed,0.8553486030248674,0.8553486030248674,0.26423797783039904,0.031894271091292586,False,False
2024-07-04 09:00:00+00:00,57748.0,0.014989727483362072,873.0059114379515,-0.1291559390250235,0.9910706849049264,BUY,closed,0.9910706849049264,0.9910706849049264,0.1420133408064862,0.03189301640650541,False,False
2024-07-04 10:00:00+00:00,57946.43,0.012078256912168947,875.0664498742349,-0.1271005031612589,0.7962453979651276,SELL,closed,0.7962453979651276,0.7962453979651276,0.19533074988376398,0.0318932146988217,False,False
2024-07-04 11:00:00+00:00,57761.94,0.00882692987851338,873.0612581936193,-0.12910072932617025,0.5860067925743054,SELL,closed,0.5860067925743054,0.5860067925743054,0.21329782678467035,0.031845839278399096,False,False
2024-07-04 12:00:00+00:00,57247.98,0.00882692987851338,868.5245693132587,-0.13362618386913655,0.5953348186780103,HOLD,closed,0.5953348186780103,0.5818187798027354,0.01351603887527486,0.03185213702030232,True,False
2024-07-04 13:00:00+00:00,57420.02,0.0111679225148175,870.822048578624,-0.13133439391990112,0.7348382681804886,BUY,closed,0.7348382681804886,0.7348382681804886,0.15228958925501512,0.0318544726057228,False,False
2024-07-04 14:00:00+00:00,57450.25,0.008516067981594154,870.7750263678083,-0.13138129968821985,0.5613124885747378,SELL,closed,0.5613124885747378,0.5613124885747378,0.17517701351088943,0.03185434625304334,False,False
2024-07-04 15:00:00+00:00,58140.0,0.0071971584560731085,875.9524586908383,-0.12621668839459865,0.4716580524426559,SELL,closed,0.4716580524426559,0.4716580524426559,0.0931337870971981,0.031890042756260506,False,False
2024-07-04 16:00:00+00:00,58304.59,0.0,877.1300483759421,-0.12504201480980134,0.0,SELL,closed,0.0,0.0,0.47840571574111596,0.031891528270175606,False,False
2024-07-04 17:00:00+00:00,58240.0,0.0,877.1300483759421,-0.12504201480980134,0.0,HOLD,closed,0.0,0.0,0.0,0.031887741550567616,True,False
2024-07-04 18:00:00+00:00,58168.0,0.0,877.1300483759421,-0.12504201480980134,0.0,HOLD,closed,0.0,0.0,0.0,0.031887827688136694,True,False
2024-07-04 19:00:00+00:00,58283.62,0.0,877.1300483759421,-0.12504201480980134,0.0,HOLD,closed,0.0,0.0,0.0,0.031887983239537926,True,False
2024-07-04 20:00:00+00:00,58358.99,0.0,877.1300483759421,-0.12504201480980134,0.0,HOLD,closed,0.0,0.0,0.0,0.03188832131807845,True,False
2024-07-04 21:00:00+00:00,58494.01,0.0,877.1300483759421,-0.12504201480980134,0.0,HOLD,closed,0.0,0.0,0.0,0.031889427715901864,True,False
2024-07-04 22:00:00+00:00,58038.84,0.0,877.1300483759421,-0.12504201480980134,0.0,HOLD,closed,0.0,0.0,0.0,0.031905124132945106,True,False
2024-07-04 23:00:00+00:00,57050.01,0.0,877.1300483759421,-0.12504201480980134,0.0,HOLD,closed,0.0,0.0,0.0,0.03198409817451628,True,False
2024-07-05 00:00:00+00:00,57375.99,0.0094033006027624,881.7312284672277,-0.1204522287574109,0.6116065553185543,BUY,closed,0.6116065553185543,0.6116065553185543,0.6116065553185543,0.0319929588973894,False,False
2024-07-05 01:00:00+00:00,57172.01,0.0060679670252301665,880.1108441054719,-0.1220686005132533,0.39571540621634727,SELL,closed,0.39571540621634727,0.39571540621634727,0.2153297915543,0.03198955474763357,False,False
2024-07-05 02:00:00+00:00,55766.32,0.00690915366779973,870.5396019999041,-0.13161614106777075,0.4532111158473871,BUY,closed,0.4532111158473871,0.4532111158473871,0.06496478259150884,0.03215648077371966,False,False
2024-07-05 03:00:00+00:00,55227.99,0.01554379412709889,863.5874548466184,-0.13855107241261228,1.0,BUY,closed,1.0,1.0,0.5597949022650192,0.03218127696637174,False,False
2024-07-05 04:00:00+00:00,53941.1,0.01518159906911809,844.0104138268416,-0.15807963422435872,1.0,SELL,closed,1.0,0.9939129400306921,0.0060870599693079175,0.032323252417051807,True,False
2024-07-05 05:00:00+00:00,54806.02,0.015425028822439056,857.3255614531776,-0.1447974592934919,1.0,BUY,closed,1.0,0.970718642547916,0.029281357452084045,0.03238528292303877,True,False
2024-07-05 06:00:00+00:00,54283.99,0.012916288231323628,850.3079520808003,-0.15179769075138783,0.8335248575814491,SELL,closed,0.8335248575814491,0.8335248575814491,0.15241474013954892,0.032408560872493164,False,False
2024-07-05 07:00:00+00:00,54415.05,0.014212433508846099,852.383943529399,-0.14972684014206125,0.9055245417041629,BUY,closed,0.9055245417041629,0.9055245417041629,0.08059514933083145,0.032408534973942416,False,False
2024-07-05 08:00:00+00:00,54088.0,0.011084597458972946,848.4183771052085,-0.1536825865163554,0.7115056807635558,SELL,closed,0.7115056807635558,0.7115056807635558,0.1952887868221781,0.03241766872930474,False,False
2024-07-05 09:00:00+00:00,54528.0,0.011084597458972946,853.2955999871567,-0.14881744124626206,0.7000486773690155,HOLD,closed,0.7000486773690155,0.7083370994201472,0.008288422051131672,0.03243435065974626,True,False
2024-07-05 10:00:00+00:00,54987.99,0.007521853809101076,857.3463643223806,-0.14477670793905156,0.47781257963081303,SELL,closed,0.47781257963081303,0.47781257963081303,0.23225697744855933,0.03245181177393028,False,False
2024-07-05 11:00:00+00:00,55486.5,0.004461225252931618,860.0821854214121,-0.14204766163504964,0.28488552468142164,SELL,closed,0.28488552468142164,0.28488552468142164,0.19980062044936403,0.032452549775259604,False,False
2024-07-05 12:00:00+00:00,55052.81,0.0,860.8295849459308,-0.14130211291816797,0.0,SELL,closed,0.0,0.0,0.28620139987380117,0.032397404067932484,False,False
2024-07-05 13:00:00+00:00,55829.99,0.0034658167934935678,863.141481860669,-0.13899594102241303,0.2216500479369876,BUY,closed,0.2216500479369876,0.2216500479369876,0.2216500479369876,0.03244651013085567,False,False
2024-07-05 14:00:00+00:00,55753.98,0.0,862.7546201639514,-0.139381844722023,0.0,SELL,closed,0.0,0.0,0.22394019789881692,0.0324462799957321,False,False
2024-07-05 15:00:00+00:00,56662.0,0.0,862.7546201639514,-0.139381844722023,0.0,HOLD,closed,0.0,0.0,0.0,0.03251206584840416,True,False
2024-07-05 16:00:00+00:00,56448.15,0.0,862.7546201639514,-0.139381844722023,0.0,HOLD,closed,0.0,0.0,0.0,0.03251211836358475,True,False
2024-07-05 17:00:00+00:00,56453.18,0.0,862.7546201639514,-0.139381844722023,0.0,HOLD,closed,0.0,0.0,0.0,0.03250148204157008,True,False
2024-07-05 18:00:00+00:00,56546.16,0.0,862.7546201639514,-0.139381844722023,0.0,HOLD,closed,0.0,0.0,0.0,0.03250025829246303,True,False
2024-07-05 19:00:00+00:00,56465.42,0.0,862.7546201639514,-0.139381844722023,0.0,HOLD,closed,0.0,0.0,0.0,0.03250071938697585,True,False
2024-07-05 20:00:00+00:00,56351.1,0.0,862.7546201639514,-0.139381844722023,0.0,HOLD,closed,0.0,0.0,0.0,0.03250059840498154,True,False
2024-07-05 21:00:00+00:00,56517.61,0.0,862.7546201639514,-0.139381844722023,0.0,HOLD,closed,0.0,0.0,0.0,0.03250209493916975,True,False
2024-07-05 22:00:00+00:00,56621.09,0.0,862.7546201639514,-0.139381844722023,0.0,HOLD,closed,0.0,0.0,0.0,0.03250182083682035,True,False
2024-07-05 23:00:00+00:00,56628.79,0.0,862.7546201639514,-0.139381844722023,0.0,HOLD,closed,0.0,0.0,0.0,0.03250166760184672,True,False
2024-07-06 00:00:00+00:00,56601.1,0.0,862.7546201639514,-0.139381844722023,0.0,HOLD,closed,0.0,0.0,0.0,0.0325017024033985,True,False
2024-07-06 01:00:00+00:00,56219.64,0.0,862.7546201639514,-0.139381844722023,0.0,HOLD,closed,0.0,0.0,0.0,0.032513163640878695,True,False
2024-07-06 02:00:00+00:00,56440.0,0.0,862.7546201639514,-0.139381844722023,0.0,HOLD,closed,0.0,0.0,0.0,0.03251677015989343,True,False
2024-07-06 03:00:00+00:00,56410.0,0.0,862.7546201639514,-0.139381844722023,0.0,HOLD,closed,0.0,0.0,0.0,0.03251636037278091,True,False
2024-07-06 04:00:00+00:00,56059.49,0.0,862.7546201639514,-0.139381844722023,0.0,HOLD,closed,0.0,0.0,0.0,0.0325248961554708,True,False
2024-07-06 05:00:00+00:00,56362.54,0.0,862.7546201639514,-0.139381844722023,0.0,HOLD,closed,0.0,0.0,0.0,0.032532162859088026,True,False
2024-07-06 06:00:00+00:00,56417.35,0.0,862.7546201639514,-0.139381844722023,0.0,HOLD,closed,0.0,0.0,0.0,0.03253209556854686,True,False
2024-07-06 07:00:00+00:00,56606.0,0.0,862.7546201639514,-0.139381844722023,0.0,HOLD,closed,0.0,0.0,0.0,0.032534857507988124,True,False
2024-07-06 08:00:00+00:00,56557.81,0.0,862.7546201639514,-0.139381844722023,0.0,HOLD,closed,0.0,0.0,0.0,0.03253499401287027,True,False
2024-07-06 09:00:00+00:00,56766.0,0.0,862.7546201639514,-0.139381844722023,0.0,HOLD,closed,0.0,0.0,0.0,0.0325382978607211,True,False
2024-07-06 10:00:00+00:00,56780.0,0.0,862.7546201639514,-0.139381844722023,0.0,HOLD,closed,0.0,0.0,0.0,0.032537821797917504,True,False
2024-07-06 11:00:00+00:00,56731.42,0.0,862.7546201639514,-0.139381844722023,0.0,HOLD,closed,0.0,0.0,0.0,0.032537486158772555,True,False
2024-07-06 12:00:00+00:00,56755.47,0.0,862.7546201639514,-0.139381844722023,0.0,HOLD,closed,0.0,0.0,0.0,0.032536539330213776,True,False
2024-07-06 13:00:00+00:00,56991.1,0.0,862.7546201639514,-0.139381844722023,0.0,HOLD,closed,0.0,0.0,0.0,0.0325405767650227,True,False
2024-07-06 14:00:00+00:00,57058.91,0.0,862.7546201639514,-0.139381844722023,0.0,HOLD,closed,0.0,0.0,0.0,0.032540303896648304,True,False
2024-07-06 15:00:00+00:00,57317.98,0.0,862.7546201639514,-0.139381844722023,0.0,HOLD,closed,0.0,0.0,0.0,0.03254541885073009,True,False
2024-07-06 16:00:00+00:00,57852.62,0.0,862.7546201639514,-0.139381844722023,0.0,HOLD,closed,0.0,0.0,0.0,0.03256623207855605,True,False
2024-07-06 17:00:00+00:00,57965.19,0.0,862.7546201639514,-0.139381844722023,0.0,HOLD,closed,0.0,0.0,0.0,0.032566817308039286,True,False
2024-07-06 18:00:00+00:00,57786.98,0.0,862.7546201639514,-0.139381844722023,0.0,HOLD,closed,0.0,0.0,0.0,0.03256886997748892,True,False
2024-07-06 19:00:00+00:00,57857.99,0.0,862.7546201639514,-0.139381844722023,0.0,HOLD,closed,0.0,0.0,0.0,0.03256919945638087,True,False
2024-07-06 20:00:00+00:00,57971.99,0.0,862.7546201639514,-0.139381844722023,0.0,HOLD,closed,0.0,0.0,0.0,0.03256991288684974,True,False
2024-07-06 21:00:00+00:00,57868.01,0.0,862.7546201639514,-0.139381844722023,0.0,HOLD,closed,0.0,0.0,0.0,0.03257070277320365,True,False
2024-07-06 22:00:00+00:00,58106.46,0.0,862.7546201639514,-0.139381844722023,0.0,HOLD,closed,0.0,0.0,0.0,0.032574840368697816,True,False
2024-07-06 23:00:00+00:00,58230.13,0.0,862.7546201639514,-0.139381844722023,0.0,HOLD,closed,0.0,0.0,0.0,0.03257596172022892,True,False
2024-07-07 00:00:00+00:00,57931.79,0.0,862.7546201639514,-0.139381844722023,0.0,HOLD,closed,0.0,0.0,0.0,0.032582483785549704,True,False
2024-07-07 01:00:00+00:00,58114.0,0.0,862.7546201639514,-0.139381844722023,0.0,HOLD,closed,0.0,0.0,0.0,0.03258438554218862,True,False
2024-07-07 02:00:00+00:00,58359.99,0.0,862.7546201639514,-0.139381844722023,0.0,HOLD,closed,0.0,0.0,0.0,0.032588676078700834,True,False
2024-07-07 03:00:00+00:00,57963.45,0.0,862.7546201639514,-0.139381844722023,0.0,HOLD,closed,0.0,0.0,0.0,0.032600061016908405,True,False
2024-07-07 04:00:00+00:00,57598.0,0.0,862.7546201639514,-0.139381844722023,0.0,HOLD,closed,0.0,0.0,0.0,0.03260994106867934,True,False
2024-07-07 05:00:00+00:00,57648.0,0.0,862.7546201639514,-0.139381844722023,0.0,HOLD,closed,0.0,0.0,0.0,0.03260906709998615,True,False
2024-07-07 06:00:00+00:00,57646.15,0.0,862.7546201639514,-0.139381844722023,0.0,HOLD,closed,0.0,0.0,0.0,0.032603836129363795,True,False
2024-07-07 07:00:00+00:00,57369.99,0.0,862.7546201639514,-0.139381844722023,0.0,HOLD,closed,0.0,0.0,0.0,0.032606751549335566,True,False
2024-07-07 08:00:00+00:00,57650.45,0.0,862.7546201639514,-0.139381844722023,0.0,HOLD,closed,0.0,0.0,0.0,0.03261201216750126,True,False
2024-07-07 09:00:00+00:00,57733.4,0.0,862.7546201639514,-0.139381844722023,0.0,HOLD,closed,0.0,0.0,0.0,0.0326110108780808,True,False
2024-07-07 10:00:00+00:00,57510.2,0.0,862.7546201639514,-0.139381844722023,0.0,HOLD,closed,0.0,0.0,0.0,0.0326114196755071,True,False
2024-07-07 11:00:00+00:00,57460.0,0.0,862.7546201639514,-0.139381844722023,0.0,HOLD,closed,0.0,0.0,0.0,0.03260951933421974,True,False
2024-07-07 12:00:00+00:00,57341.09,0.0,862.7546201639514,-0.139381844722023,0.0,HOLD,closed,0.0,0.0,0.0,0.0326097703966749,True,False
2024-07-07 13:00:00+00:00,56872.0,0.0,862.7546201639514,-0.139381844722023,0.0,HOLD,closed,0.0,0.0,0.0,0.032626393731189945,True,False
2024-07-07 14:00:00+00:00,56771.51,0.0,862.7546201639514,-0.139381844722023,0.0,HOLD,closed,0.0,0.0,0.0,0.03262715573955957,True,False
2024-07-07 15:00:00+00:00,56825.42,0.0,862.7546201639514,-0.139381844722023,0.0,HOLD,closed,0.0,0.0,0.0,0.03262733553860331,True,False
2024-07-07 16:00:00+00:00,57122.0,0.0,862.7546201639514,-0.139381844722023,0.0,HOLD,closed,0.0,0.0,0.0,0.03263389036061892,True,False
2024-07-07 17:00:00+00:00,57231.1,0.0,862.7546201639514,-0.139381844722023,0.0,HOLD,closed,0.0,0.0,0.0,0.03263478257200761,True,False
2024-07-07 18:00:00+00:00,57172.01,0.0,862.7546201639514,-0.139381844722023,0.0,HOLD,closed,0.0,0.0,0.0,0.03263209023199792,True,False
2024-07-07 19:00:00+00:00,57151.1,0.0,862.7546201639514,-0.139381844722023,0.0,HOLD,closed,0.0,0.0,0.0,0.03263177719045535,True,False
2024-07-07 20:00:00+00:00,57274.18,0.0,862.7546201639514,-0.139381844722023,0.0,HOLD,closed,0.0,0.0,0.0,0.03263243731086132,True,False
2024-07-07 21:00:00+00:00,56596.0,0.0,862.7546201639514,-0.139381844722023,0.0,HOLD,closed,0.0,0.0,0.0,0.03266655223005327,True,False
2024-07-07 22:00:00+00:00,56395.54,0.0,862.7546201639514,-0.139381844722023,0.0,HOLD,closed,0.0,0.0,0.0,0.03266871975051913,True,False
2024-07-07 23:00:00+00:00,55857.81,0.0,862.7546201639514,-0.139381844722023,0.0,HOLD,closed,0.0,0.0,0.0,0.03269030427324582,True,False
2024-07-08 00:00:00+00:00,55094.0,0.0,862.7546201639514,-0.139381844722023,0.0,HOLD,closed,0.0,0.0,0.0,0.03273354225712091,True,False
2024-07-08 01:00:00+00:00,54958.19,0.0,862.7546201639514,-0.139381844722023,0.0,HOLD,closed,0.0,0.0,0.0,0.03273450826396421,True,False
2024-07-08 02:00:00+00:00,55384.79,0.0,862.7546201639514,-0.139381844722023,0.0,HOLD,closed,0.0,0.0,0.0,0.03274632060078522,True,False
2024-07-08 03:00:00+00:00,55160.01,0.0,862.7546201639514,-0.139381844722023,0.0,HOLD,closed,0.0,0.0,0.0,0.03275022950576195,True,False
2024-07-08 04:00:00+00:00,55496.0,0.0,862.7546201639514,-0.139381844722023,0.0,HOLD,closed,0.0,0.0,0.0,0.03275910196564699,True,False
2024-07-08 05:00:00+00:00,55478.7,0.0,862.7546201639514,-0.139381844722023,0.0,HOLD,closed,0.0,0.0,0.0,0.03274674034635794,True,False
2024-07-08 06:00:00+00:00,55633.98,0.0,862.7546201639514,-0.139381844722023,0.0,HOLD,closed,0.0,0.0,0.0,0.03274705462850441,True,False
2024-07-08 07:00:00+00:00,55852.01,0.0,862.7546201639514,-0.139381844722023,0.0,HOLD,closed,0.0,0.0,0.0,0.0327504550520569,True,False
2024-07-08 08:00:00+00:00,57792.0,0.0,862.7546201639514,-0.139381844722023,0.0,HOLD,closed,0.0,0.0,0.0,0.03302423581406913,True,False
2024-07-08 09:00:00+00:00,57512.14,0.0,862.7546201639514,-0.139381844722023,0.0,HOLD,closed,0.0,0.0,0.0,0.03301991047388639,True,False
2024-07-08 10:00:00+00:00,56815.98,0.0,862.7546201639514,-0.139381844722023,0.0,HOLD,closed,0.0,0.0,0.0,0.033050202567627085,True,False
2024-07-08 11:00:00+00:00,57154.01,0.0,862.7546201639514,-0.139381844722023,0.0,HOLD,closed,0.0,0.0,0.0,0.03305773139629925,True,False
2024-07-08 12:00:00+00:00,57151.11,0.0,862.7546201639514,-0.139381844722023,0.0,HOLD,closed,0.0,0.0,0.0,0.03304266981610143,True,False
2024-07-08 13:00:00+00:00,57236.01,0.0,862.7546201639514,-0.139381844722023,0.0,HOLD,closed,0.0,0.0,0.0,0.033016628019213595,True,False
2024-07-08 14:00:00+00:00,56185.24,0.0,862.7546201639514,-0.139381844722023,0.0,HOLD,closed,0.0,0.0,0.0,0.033083310949573286,True,False
2024-07-08 15:00:00+00:00,55761.52,0.0,862.7546201639514,-0.139381844722023,0.0,HOLD,closed,0.0,0.0,0.0,0.033087869512604645,True,False
2024-07-08 16:00:00+00:00,55812.0,0.0,862.7546201639514,-0.139381844722023,0.0,HOLD,closed,0.0,0.0,0.0,0.03308357048822594,True,False
2024-07-08 17:00:00+00:00,56287.38,0.0,862.7546201639514,-0.139381844722023,0.0,HOLD,closed,0.0,0.0,0.0,0.033098515087692126,True,False
2024-07-08 18:00:00+00:00,56280.32,0.0,862.7546201639514,-0.139381844722023,0.0,HOLD,closed,0.0,0.0,0.0,0.03309815393808688,True,False
2024-07-08 19:00:00+00:00,56477.31,0.0,862.7546201639514,-0.139381844722023,0.0,HOLD,closed,0.0,0.0,0.0,0.033099763907450785,True,False
2024-07-08 20:00:00+00:00,56259.9,0.0,862.7546201639514,-0.139381844722023,0.0,HOLD,closed,0.0,0.0,0.0,0.03307328045005542,True,False
2024-07-08 21:00:00+00:00,56642.47,0.0,862.7546201639514,-0.139381844722023,0.0,HOLD,closed,0.0,0.0,0.0,0.03306344880021639,True,False
2024-07-08 22:00:00+00:00,56684.48,0.0,862.7546201639514,-0.139381844722023,0.0,HOLD,closed,0.0,0.0,0.0,0.03305756199544446,True,False
2024-07-08 23:00:00+00:00,56714.62,0.0,862.7546201639514,-0.139381844722023,0.0,HOLD,closed,0.0,0.0,0.0,0.03305757011465729,True,False
2024-07-09 00:00:00+00:00,56531.05,0.0,862.7546201639514,-0.139381844722023,0.0,HOLD,closed,0.0,0.0,0.0,0.03305969907742978,True,False
2024-07-09 01:00:00+00:00,56560.39,0.0,862.7546201639514,-0.139381844722023,0.0,HOLD,closed,0.0,0.0,0.0,0.033059735693928366,True,False
2024-07-09 02:00:00+00:00,57261.9,0.0,862.7546201639514,-0.139381844722023,0.0,HOLD,closed,0.0,0.0,0.0,0.03309420348781311,True,False
2024-07-09 03:00:00+00:00,57168.36,0.0,862.7546201639514,-0.139381844722023,0.0,HOLD,closed,0.0,0.0,0.0,0.033093228956723314,True,False
2024-07-09 04:00:00+00:00,57286.0,0.0,862.7546201639514,-0.139381844722023,0.0,HOLD,closed,0.0,0.0,0.0,0.03309403798180066,True,False
2024-07-09 05:00:00+00:00,57291.49,0.0,862.7546201639514,-0.139381844722023,0.0,HOLD,closed,0.0,0.0,0.0,0.03309049938222758,True,False
2024-07-09 06:00:00+00:00,57475.99,0.0,862.7546201639514,-0.139381844722023,0.0,HOLD,closed,0.0,0.0,0.0,0.033092809562145525,True,False
2024-07-09 07:00:00+00:00,57116.84,0.0,862.7546201639514,-0.139381844722023,0.0,HOLD,closed,0.0,0.0,0.0,0.033101564974404196,True,False
2024-07-09 08:00:00+00:00,57615.54,0.0,862.7546201639514,-0.139381844722023,0.0,HOLD,closed,0.0,0.0,0.0,0.033117907737912095,True,False
2024-07-09 09:00:00+00:00,57588.01,0.0,862.7546201639514,-0.139381844722023,0.0,HOLD,closed,0.0,0.0,0.0,0.03310981602528193,True,False
2024-07-09 10:00:00+00:00,57426.46,0.0,862.7546201639514,-0.139381844722023,0.0,HOLD,closed,0.0,0.0,0.0,0.033109213331713766,True,False
2024-07-09 11:00:00+00:00,57428.01,0.0,862.7546201639514,-0.139381844722023,0.0,HOLD,closed,0.0,0.0,0.0,0.03310892951475208,True,False
2024-07-09 12:00:00+00:00,57338.01,0.0,862.7546201639514,-0.139381844722023,0.0,HOLD,closed,0.0,0.0,0.0,0.03310949155019097,True,False
2024-07-09 13:00:00+00:00,57325.27,0.0,862.7546201639514,-0.139381844722023,0.0,HOLD,closed,0.0,0.0,0.0,0.03310904925490879,True,False
2024-07-09 14:00:00+00:00,57060.0,0.0,862.7546201639514,-0.139381844722023,0.0,HOLD,closed,0.0,0.0,0.0,0.033113721525591694,True,False
2024-07-09 15:00:00+00:00,57477.01,0.0,862.7546201639514,-0.139381844722023,0.0,HOLD,closed,0.0,0.0,0.0,0.03312197093885014,True,False
2024-07-09 16:00:00+00:00,57690.01,0.0,862.7546201639514,-0.139381844722023,0.0,HOLD,closed,0.0,0.0,0.0,0.03311006272761774,True,False
2024-07-09 17:00:00+00:00,57523.01,0.0,862.7546201639514,-0.139381844722023,0.0,HOLD,closed,0.0,0.0,0.0,0.03310764063221883,True,False
2024-07-09 18:00:00+00:00,57907.5,0.0,862.7546201639514,-0.139381844722023,0.0,HOLD,closed,0.0,0.0,0.0,0.033117607077124495,True,False
2024-07-09 19:00:00+00:00,57862.01,0.0,862.7546201639514,-0.139381844722023,0.0,HOLD,closed,0.0,0.0,0.0,0.033117159275321856,True,False
2024-07-09 20:00:00+00:00,57929.25,0.0,862.7546201639514,-0.139381844722023,0.0,HOLD,closed,0.0,0.0,0.0,0.03311740995723092,True,False
2024-07-09 21:00:00+00:00,57800.01,0.0,862.7546201639514,-0.139381844722023,0.0,HOLD,closed,0.0,0.0,0.0,0.033117933497208735,True,False
2024-07-09 22:00:00+00:00,57936.0,0.0,862.7546201639514,-0.139381844722023,0.0,HOLD,closed,0.0,0.0,0.0,0.033114594262450336,True,False
2024-07-09 23:00:00+00:00,58050.0,0.0,862.7546201639514,-0.139381844722023,0.0,HOLD,closed,0.0,0.0,0.0,0.03311516873151135,True,False
2024-07-10 00:00:00+00:00,57486.37,0.0,862.7546201639514,-0.139381844722023,0.0,HOLD,closed,0.0,0.0,0.0,0.03313689516048626,True,False
2024-07-10 01:00:00+00:00,57798.89,0.0,862.7546201639514,-0.139381844722023,0.0,HOLD,closed,0.0,0.0,0.0,0.033143589765899845,True,False
2024-07-10 02:00:00+00:00,57882.55,0.0,862.7546201639514,-0.139381844722023,0.0,HOLD,closed,0.0,0.0,0.0,0.03314221105771195,True,False
2024-07-10 03:00:00+00:00,58180.01,0.0,862.7546201639514,-0.139381844722023,0.0,HOLD,closed,0.0,0.0,0.0,0.03314423296809105,True,False
2024-07-10 04:00:00+00:00,59347.44,0.0,862.7546201639514,-0.139381844722023,0.0,HOLD,closed,0.0,0.0,0.0,0.03323254174742579,True,False
2024-07-10 05:00:00+00:00,58975.01,0.0,862.7546201639514,-0.139381844722023,0.0,HOLD,closed,0.0,0.0,0.0,0.0332406608017021,True,False
2024-07-10 06:00:00+00:00,59238.47,0.0,862.7546201639514,-0.139381844722023,0.0,HOLD,closed,0.0,0.0,0.0,0.033242735878627805,True,False
2024-07-10 07:00:00+00:00,58977.99,0.0,862.7546201639514,-0.139381844722023,0.0,HOLD,closed,0.0,0.0,0.0,0.033242045298526285,True,False
2024-07-10 08:00:00+00:00,58756.01,0.0,862.7546201639514,-0.139381844722023,0.0,HOLD,closed,0.0,0.0,0.0,0.03324522442671332,True,False
2024-07-10 09:00:00+00:00,58490.0,0.0,862.7546201639514,-0.139381844722023,0.0,HOLD,closed,0.0,0.0,0.0,0.03324929912368349,True,False
2024-07-10 10:00:00+00:00,58656.01,0.0,862.7546201639514,-0.139381844722023,0.0,HOLD,closed,0.0,0.0,0.0,0.03325008853778619,True,False
2024-07-10 11:00:00+00:00,58492.0,0.0,862.7546201639514,-0.139381844722023,0.0,HOLD,closed,0.0,0.0,0.0,0.03324999989030794,True,False
2024-07-10 12:00:00+00:00,58150.44,0.0,862.7546201639514,-0.139381844722023,0.0,HOLD,closed,0.0,0.0,0.0,0.033241638613422914,True,False
2024-07-10 13:00:00+00:00,57760.0,0.0,862.7546201639514,-0.139381844722023,0.0,HOLD,closed,0.0,0.0,0.0,0.03323507278192983,True,False
2024-07-10 14:00:00+00:00,57713.03,0.0,862.7546201639514,-0.139381844722023,0.0,HOLD,closed,0.0,0.0,0.0,0.03322944390334076,True,False
2024-07-10 15:00:00+00:00,57699.69,0.0,862.7546201639514,-0.139381844722023,0.0,HOLD,closed,0.0,0.0,0.0,0.03322427979728257,True,False
2024-07-10 16:00:00+00:00,57696.73,0.0,862.7546201639514,-0.139381844722023,0.0,HOLD,closed,0.0,0.0,0.0,0.03322254768931268,True,False
2024-07-10 17:00:00+00:00,57627.81,0.0,862.7546201639514,-0.139381844722023,0.0,HOLD,closed,0.0,0.0,0.0,0.03321843422735682,True,False
2024-07-10 18:00:00+00:00,57630.16,0.0,862.7546201639514,-0.139381844722023,0.0,HOLD,closed,0.0,0.0,0.0,0.03321367751585766,True,False
2024-07-10 19:00:00+00:00,57392.03,0.0,862.7546201639514,-0.139381844722023,0.0,HOLD,closed,0.0,0.0,0.0,0.03321511658555848,True,False
2024-07-10 20:00:00+00:00,57409.23,0.0,862.7546201639514,-0.139381844722023,0.0,HOLD,closed,0.0,0.0,0.0,0.033213305626400985,True,False
2024-07-10 21:00:00+00:00,57434.41,0.0,862.7546201639514,-0.139381844722023,0.0,HOLD,closed,0.0,0.0,0.0,0.03321246495440289,True,False
2024-07-10 22:00:00+00:00,57710.73,0.0,862.7546201639514,-0.139381844722023,0.0,HOLD,closed,0.0,0.0,0.0,0.03321694413024989,True,False
2024-07-10 23:00:00+00:00,57725.85,0.0,862.7546201639514,-0.139381844722023,0.0,HOLD,closed,0.0,0.0,0.0,0.03321639580450034,True,False
2024-07-11 00:00:00+00:00,57628.89,0.0,862.7546201639514,-0.139381844722023,0.0,HOLD,closed,0.0,0.0,0.0,0.03321594787775789,True,False
2024-07-11 01:00:00+00:00,58280.35,0.0,862.7546201639514,-0.139381844722023,0.0,HOLD,closed,0.0,0.0,0.0,0.03324004973689976,True,False
2024-07-11 02:00:00+00:00,57869.99,0.0,862.7546201639514,-0.139381844722023,0.0,HOLD,closed,0.0,0.0,0.0,0.033246609592624154,True,False
2024-07-11 03:00:00+00:00,57568.0,0.0,862.7546201639514,-0.139381844722023,0.0,HOLD,closed,0.0,0.0,0.0,0.03323787244780177,True,False
2024-07-11 04:00:00+00:00,57779.99,0.0,862.7546201639514,-0.139381844722023,0.0,HOLD,closed,0.0,0.0,0.0,0.03323478539919114,True,False
2024-07-11 05:00:00+00:00,57994.01,0.0,862.7546201639514,-0.139381844722023,0.0,HOLD,closed,0.0,0.0,0.0,0.033235884449177466,True,False
2024-07-11 06:00:00+00:00,57996.0,0.0,862.7546201639514,-0.139381844722023,0.0,HOLD,closed,0.0,0.0,0.0,0.03322186741904423,True,False
2024-07-11 07:00:00+00:00,58191.5,0.0,862.7546201639514,-0.139381844722023,0.0,HOLD,closed,0.0,0.0,0.0,0.03322271199113938,True,False
2024-07-11 08:00:00+00:00,58159.09,0.0,862.7546201639514,-0.139381844722023,0.0,HOLD,closed,0.0,0.0,0.0,0.033220047753398124,True,False
2024-07-11 09:00:00+00:00,58290.13,0.0,862.7546201639514,-0.139381844722023,0.0,HOLD,closed,0.0,0.0,0.0,0.033185113915200876,True,False
2024-07-11 10:00:00+00:00,58462.29,0.0,862.7546201639514,-0.139381844722023,0.0,HOLD,closed,0.0,0.0,0.0,0.03318303640706061,True,False
2024-07-11 11:00:00+00:00,58777.99,0.0,862.7546201639514,-0.139381844722023,0.0,HOLD,closed,0.0,0.0,0.0,0.03318652696227009,True,False
2024-07-11 12:00:00+00:00,58816.35,0.0,862.7546201639514,-0.139381844722023,0.0,HOLD,closed,0.0,0.0,0.0,0.03318470613852592,True,False
2024-07-11 13:00:00+00:00,58566.16,0.0,862.7546201639514,-0.139381844722023,0.0,HOLD,closed,0.0,0.0,0.0,0.03318664662442447,True,False
2024-07-11 14:00:00+00:00,57790.01,0.0,862.7546201639514,-0.139381844722023,0.0,HOLD,closed,0.0,0.0,0.0,0.03322278705556769,True,False
2024-07-11 15:00:00+00:00,57402.01,0.0,862.7546201639514,-0.139381844722023,0.0,HOLD,closed,0.0,0.0,0.0,0.033230126903017854,True,False
2024-07-11 16:00:00+00:00,57640.84,0.0,862.7546201639514,-0.139381844722023,0.0,HOLD,closed,0.0,0.0,0.0,0.03323298076053105,True,False
2024-07-11 17:00:00+00:00,57797.32,0.0,862.7546201639514,-0.139381844722023,0.0,HOLD,closed,0.0,0.0,0.0,0.03323148290662384,True,False
2024-07-11 18:00:00+00:00,57841.27,0.0,862.7546201639514,-0.139381844722023,0.0,HOLD,closed,0.0,0.0,0.0,0.03322854535939007,True,False
2024-07-11 19:00:00+00:00,57378.01,0.0,862.7546201639514,-0.139381844722023,0.0,HOLD,closed,0.0,0.0,0.0,0.03324158219914233,True,False
2024-07-11 20:00:00+00:00,57554.0,0.0,862.7546201639514,-0.139381844722023,0.0,HOLD,closed,0.0,0.0,0.0,0.03324331739962719,True,False
2024-07-11 21:00:00+00:00,57460.02,0.0,862.7546201639514,-0.139381844722023,0.0,HOLD,closed,0.0,0.0,0.0,0.033242761853059244,True,False
2024-07-11 22:00:00+00:00,57338.58,0.0,862.7546201639514,-0.139381844722023,0.0,HOLD,closed,0.0,0.0,0.0,0.03324179529397797,True,False
2024-07-11 23:00:00+00:00,57339.89,0.0,862.7546201639514,-0.139381844722023,0.0,HOLD,closed,0.0,0.0,0.0,0.03323732852228148,True,False
2024-07-12 00:00:00+00:00,57178.0,0.0,862.7546201639514,-0.139381844722023,0.0,HOLD,closed,0.0,0.0,0.0,0.033237344898978144,True,False
2024-07-12 01:00:00+00:00,56950.01,0.0,862.7546201639514,-0.139381844722023,0.0,HOLD,closed,0.0,0.0,0.0,0.033240720835667203,True,False
2024-07-12 02:00:00+00:00,57332.88,0.0,862.7546201639514,-0.139381844722023,0.0,HOLD,closed,0.0,0.0,0.0,0.033250277643308984,True,False
2024-07-12 03:00:00+00:00,56914.01,0.0,862.7546201639514,-0.139381844722023,0.0,HOLD,closed,0.0,0.0,0.0,0.03325226463735503,True,False
2024-07-12 04:00:00+00:00,57018.0,0.0,862.7546201639514,-0.139381844722023,0.0,HOLD,closed,0.0,0.0,0.0,0.03323558012097444,True,False
2024-07-12 05:00:00+00:00,57026.0,0.0,862.7546201639514,-0.139381844722023,0.0,HOLD,closed,0.0,0.0,0.0,0.033223655206318314,True,False
2024-07-12 06:00:00+00:00,57210.0,0.0,862.7546201639514,-0.139381844722023,0.0,HOLD,closed,0.0,0.0,0.0,0.033222676728711986,True,False
2024-07-12 07:00:00+00:00,57106.94,0.0,862.7546201639514,-0.139381844722023,0.0,HOLD,closed,0.0,0.0,0.0,0.03322152383618224,True,False
2024-07-12 08:00:00+00:00,57323.02,0.0,862.7546201639514,-0.139381844722023,0.0,HOLD,closed,0.0,0.0,0.0,0.03322392366281615,True,False
2024-07-12 09:00:00+00:00,56949.99,0.0,862.7546201639514,-0.139381844722023,0.0,HOLD,closed,0.0,0.0,0.0,0.033229624721020534,True,False
2024-07-12 10:00:00+00:00,57172.84,0.0,862.7546201639514,-0.139381844722023,0.0,HOLD,closed,0.0,0.0,0.0,0.03321239945916549,True,False
2024-07-12 11:00:00+00:00,57203.54,0.0,862.7546201639514,-0.139381844722023,0.0,HOLD,closed,0.0,0.0,0.0,0.03319951009287775,True,False
2024-07-12 12:00:00+00:00,57382.3,0.0,862.7546201639514,-0.139381844722023,0.0,HOLD,closed,0.0,0.0,0.0,0.03320122271219916,True,False
2024-07-12 13:00:00+00:00,57850.2,0.0,862.7546201639514,-0.139381844722023,0.0,HOLD,closed,0.0,0.0,0.0,0.0332153460019976,True,False
2024-07-12 14:00:00+00:00,57820.01,0.0,862.7546201639514,-0.139381844722023,0.0,HOLD,closed,0.0,0.0,0.0,0.033201146663949105,True,False
2024-07-12 15:00:00+00:00,58214.0,0.0,862.7546201639514,-0.139381844722023,0.0,HOLD,closed,0.0,0.0,0.0,0.03321013375136317,True,False
2024-07-12 16:00:00+00:00,58116.01,0.0,862.7546201639514,-0.139381844722023,0.0,HOLD,closed,0.0,0.0,0.0,0.03320963657719375,True,False
2024-07-12 17:00:00+00:00,58161.82,0.0,862.7546201639514,-0.139381844722023,0.0,HOLD,closed,0.0,0.0,0.0,0.03320783952430956,True,False
2024-07-12 18:00:00+00:00,58296.9,0.0,862.7546201639514,-0.139381844722023,0.0,HOLD,closed,0.0,0.0,0.0,0.03320775880497348,True,False
2024-07-12 19:00:00+00:00,57576.01,0.0,862.7546201639514,-0.139381844722023,0.0,HOLD,closed,0.0,0.0,0.0,0.03323941520735313,True,False
2024-07-12 20:00:00+00:00,57542.01,0.0,862.7546201639514,-0.139381844722023,0.0,HOLD,closed,0.0,0.0,0.0,0.03323769941564292,True,False
2024-07-12 21:00:00+00:00,57597.03,0.0,862.7546201639514,-0.139381844722023,0.0,HOLD,closed,0.0,0.0,0.0,0.033237092532424045,True,False
2024-07-12 22:00:00+00:00,57792.01,0.0,862.7546201639514,-0.139381844722023,0.0,HOLD,closed,0.0,0.0,0.0,0.03323737403503446,True,False
2024-07-12 23:00:00+00:00,57889.1,0.0,862.7546201639514,-0.139381844722023,0.0,HOLD,closed,0.0,0.0,0.0,0.033237002137866595,True,False
2024-07-13 00:00:00+00:00,57835.58,0.0,862.7546201639514,-0.139381844722023,0.0,HOLD,closed,0.0,0.0,0.0,0.03323644964555053,True,False
2024-07-13 01:00:00+00:00,57880.0,0.0,862.7546201639514,-0.139381844722023,0.0,HOLD,closed,0.0,0.0,0.0,0.033235723712623566,True,False
2024-07-13 02:00:00+00:00,57946.43,0.0,862.7546201639514,-0.139381844722023,0.0,HOLD,closed,0.0,0.0,0.0,0.03323521904575369,True,False
2024-07-13 03:00:00+00:00,57814.0,0.0,862.7546201639514,-0.139381844722023,0.0,HOLD,closed,0.0,0.0,0.0,0.033235560592261876,True,False
2024-07-13 04:00:00+00:00,57775.86,0.0,862.7546201639514,-0.139381844722023,0.0,HOLD,closed,0.0,0.0,0.0,0.03323280228779041,True,False
2024-07-13 05:00:00+00:00,58076.02,0.0,862.7546201639514,-0.139381844722023,0.0,HOLD,closed,0.0,0.0,0.0,0.03323848117567643,True,False
2024-07-13 06:00:00+00:00,58038.55,0.0,862.7546201639514,-0.139381844722023,0.0,HOLD,closed,0.0,0.0,0.0,0.03323836700197058,True,False
2024-07-13 07:00:00+00:00,58170.32,0.0,862.7546201639514,-0.139381844722023,0.0,HOLD,closed,0.0,0.0,0.0,0.03323885182306502,True,False
2024-07-13 08:00:00+00:00,57949.93,0.0,862.7546201639514,-0.139381844722023,0.0,HOLD,closed,0.0,0.0,0.0,0.03324143902839899,True,False
2024-07-13 09:00:00+00:00,58678.02,0.0,862.7546201639514,-0.139381844722023,0.0,HOLD,closed,0.0,0.0,0.0,0.03327491898380963,True,False
2024-07-13 10:00:00+00:00,58436.67,0.0,862.7546201639514,-0.139381844722023,0.0,HOLD,closed,0.0,0.0,0.0,0.033278305496315774,True,False
2024-07-13 11:00:00+00:00,58534.0,0.0,862.7546201639514,-0.139381844722023,0.0,HOLD,closed,0.0,0.0,0.0,0.0332786669661051,True,False
2024-07-13 12:00:00+00:00,58768.01,0.0,862.7546201639514,-0.139381844722023,0.0,HOLD,closed,0.0,0.0,0.0,0.033281987953331066,True,False
2024-07-13 13:00:00+00:00,58617.72,0.0,862.7546201639514,-0.139381844722023,0.0,HOLD,closed,0.0,0.0,0.0,0.03328301515991955,True,False
2024-07-13 14:00:00+00:00,58800.0,0.0,862.7546201639514,-0.139381844722023,0.0,HOLD,closed,0.0,0.0,0.0,0.03328497416522622,True,False
2024-07-13 15:00:00+00:00,58830.63,0.0,862.7546201639514,-0.139381844722023,0.0,HOLD,closed,0.0,0.0,0.0,0.03328485158247302,True,False
2024-07-13 16:00:00+00:00,58621.99,0.0,862.7546201639514,-0.139381844722023,0.0,HOLD,closed,0.0,0.0,0.0,0.033287268788378704,True,False
2024-07-13 17:00:00+00:00,58708.0,0.0,862.7546201639514,-0.139381844722023,0.0,HOLD,closed,0.0,0.0,0.0,0.03328740671736655,True,False
2024-07-13 18:00:00+00:00,58643.8,0.0,862.7546201639514,-0.139381844722023,0.0,HOLD,closed,0.0,0.0,0.0,0.03328761443212311,True,False
2024-07-13 19:00:00+00:00,58624.38,0.0,862.7546201639514,-0.139381844722023,0.0,HOLD,closed,0.0,0.0,0.0,0.03328741765402468,True,False
2024-07-13 20:00:00+00:00,58596.01,0.0,862.7546201639514,-0.139381844722023,0.0,HOLD,closed,0.0,0.0,0.0,0.03328503094154267,True,False
2024-07-13 21:00:00+00:00,58686.0,0.0,862.7546201639514,-0.139381844722023,0.0,HOLD,closed,0.0,0.0,0.0,0.03328550519438053,True,False
2024-07-13 22:00:00+00:00,59464.53,0.0,862.7546201639514,-0.139381844722023,0.0,HOLD,closed,0.0,0.0,0.0,0.033322581070906826,True,False
2024-07-13 23:00:00+00:00,59204.02,0.0,862.7546201639514,-0.139381844722023,0.0,HOLD,closed,0.0,0.0,0.0,0.033326114582097804,True,False
2024-07-14 00:00:00+00:00,59753.99,0.0,862.7546201639514,-0.139381844722023,0.0,HOLD,closed,0.0,0.0,0.0,0.033344204318602216,True,False
2024-07-14 01:00:00+00:00,59705.99,0.0,862.7546201639514,-0.139381844722023,0.0,HOLD,closed,0.0,0.0,0.0,0.03334391813203694,True,False
2024-07-14 02:00:00+00:00,59356.0,0.0,862.7546201639514,-0.139381844722023,0.0,HOLD,closed,0.0,0.0,0.0,0.03335085790751585,True,False
2024-07-14 03:00:00+00:00,59466.15,0.0,862.7546201639514,-0.139381844722023,0.0,HOLD,closed,0.0,0.0,0.0,0.0333513193976345,True,False
2024-07-14 04:00:00+00:00,59950.0,0.0,862.7546201639514,-0.139381844722023,0.0,HOLD,closed,0.0,0.0,0.0,0.03336477409939603,True,False
2024-07-14 05:00:00+00:00,60265.38,0.0,862.7546201639514,-0.139381844722023,0.0,HOLD,closed,0.0,0.0,0.0,0.033369090990563954,True,False
2024-07-14 06:00:00+00:00,59875.99,0.0,862.7546201639514,-0.139381844722023,0.0,HOLD,closed,0.0,0.0,0.0,0.03337441586806403,True,False
2024-07-14 07:00:00+00:00,60062.01,0.0,862.7546201639514,-0.139381844722023,0.0,HOLD,closed,0.0,0.0,0.0,0.03337458814967553,True,False
2024-07-14 08:00:00+00:00,60202.0,0.0,862.7546201639514,-0.139381844722023,0.0,HOLD,closed,0.0,0.0,0.0,0.03337556221634319,True,False
2024-07-14 09:00:00+00:00,60186.01,0.0,862.7546201639514,-0.139381844722023,0.0,HOLD,closed,0.0,0.0,0.0,0.033375175940011687,True,False
2024-07-14 10:00:00+00:00,59920.51,0.0,862.7546201639514,-0.139381844722023,0.0,HOLD,closed,0.0,0.0,0.0,0.033378631278267956,True,False
2024-07-14 11:00:00+00:00,60099.1,0.0,862.7546201639514,-0.139381844722023,0.0,HOLD,closed,0.0,0.0,0.0,0.03337921182429601,True,False
2024-07-14 12:00:00+00:00,59583.86,0.0,862.7546201639514,-0.139381844722023,0.0,HOLD,closed,0.0,0.0,0.0,0.033392599739900025,True,False
2024-07-14 13:00:00+00:00,59701.93,0.0,862.7546201639514,-0.139381844722023,0.0,HOLD,closed,0.0,0.0,0.0,0.03339094484447391,True,False
2024-07-14 14:00:00+00:00,60012.0,0.0,862.7546201639514,-0.139381844722023,0.0,HOLD,closed,0.0,0.0,0.0,0.03339553031458861,True,False
2024-07-14 15:00:00+00:00,60084.0,0.0,862.7546201639514,-0.139381844722023,0.0,HOLD,closed,0.0,0.0,0.0,0.03339501365281461,True,False
2024-07-14 16:00:00+00:00,60107.33,0.0,862.7546201639514,-0.139381844722023,0.0,HOLD,closed,0.0,0.0,0.0,0.033386038617717106,True,False
2024-07-14 17:00:00+00:00,60005.56,0.0,862.7546201639514,-0.139381844722023,0.0,HOLD,closed,0.0,0.0,0.0,0.03338570854155992,True,False
2024-07-14 18:00:00+00:00,60020.11,0.0,862.7546201639514,-0.139381844722023,0.0,HOLD,closed,0.0,0.0,0.0,0.033383616738898086,True,False
2024-07-14 19:00:00+00:00,59915.99,0.0,862.7546201639514,-0.139381844722023,0.0,HOLD,closed,0.0,0.0,0.0,0.03337350609691636,True,False
2024-07-14 20:00:00+00:00,60084.0,0.0,862.7546201639514,-0.139381844722023,0.0,HOLD,closed,0.0,0.0,0.0,0.03337407184383537,True,False
2024-07-14 21:00:00+00:00,61276.36,0.0,862.7546201639514,-0.139381844722023,0.0,HOLD,closed,0.0,0.0,0.0,0.033452032425697276,True,False
2024-07-14 22:00:00+00:00,60861.4,0.0,862.7546201639514,-0.139381844722023,0.0,HOLD,closed,0.0,0.0,0.0,0.03345139806367797,True,False
2024-07-14 23:00:00+00:00,60797.91,0.0,862.7546201639514,-0.139381844722023,0.0,HOLD,closed,0.0,0.0,0.0,0.03345002259743826,True,False
2024-07-15 00:00:00+00:00,61211.99,0.0,862.7546201639514,-0.139381844722023,0.0,HOLD,closed,0.0,0.0,0.0,0.033458089903852545,True,False
2024-07-15 01:00:00+00:00,61390.0,0.0,862.7546201639514,-0.139381844722023,0.0,HOLD,closed,0.0,0.0,0.0,0.0334448399734307,True,False
2024-07-15 02:00:00+00:00,62482.0,0.0,862.7546201639514,-0.139381844722023,0.0,HOLD,closed,0.0,0.0,0.0,0.03350892229902622,True,False
2024-07-15 03:00:00+00:00,62647.87,0.0,862.7546201639514,-0.139381844722023,0.0,HOLD,closed,0.0,0.0,0.0,0.033509802809696926,True,False
2024-07-15 04:00:00+00:00,62610.0,0.0,862.7546201639514,-0.139381844722023,0.0,HOLD,closed,0.0,0.0,0.0,0.033505543108468705,True,False
2024-07-15 05:00:00+00:00,62799.99,0.0,862.7546201639514,-0.139381844722023,0.0,HOLD,closed,0.0,0.0,0.0,0.03341178874983733,True,False
2024-07-15 06:00:00+00:00,62870.02,0.0,862.7546201639514,-0.139381844722023,0.0,HOLD,closed,0.0,0.0,0.0,0.033408220225239926,True,False
2024-07-15 07:00:00+00:00,62840.12,0.0,862.7546201639514,-0.139381844722023,0.0,HOLD,closed,0.0,0.0,0.0,0.03340511002658511,True,False
2024-07-15 08:00:00+00:00,62879.54,0.0,862.7546201639514,-0.139381844722023,0.0,HOLD,closed,0.0,0.0,0.0,0.033403085138514005,True,False
2024-07-15 09:00:00+00:00,62637.64,0.0,862.7546201639514,-0.139381844722023,0.0,HOLD,closed,0.0,0.0,0.0,0.033398781361836494,True,False
2024-07-15 10:00:00+00:00,62535.96,0.0,862.7546201639514,-0.139381844722023,0.0,HOLD,closed,0.0,0.0,0.0,0.03339493769670074,True,False
2024-07-15 11:00:00+00:00,62454.0,0.0,862.7546201639514,-0.139381844722023,0.0,HOLD,closed,0.0,0.0,0.0,0.03338229582853436,True,False
2024-07-15 12:00:00+00:00,62616.0,0.0,862.7546201639514,-0.139381844722023,0.0,HOLD,closed,0.0,0.0,0.0,0.03335652573517739,True,False
2024-07-15 13:00:00+00:00,62908.01,0.0,862.7546201639514,-0.139381844722023,0.0,HOLD,closed,0.0,0.0,0.0,0.0333604726662689,True,False
2024-07-15 14:00:00+00:00,63218.06,0.0,862.7546201639514,-0.139381844722023,0.0,HOLD,closed,0.0,0.0,0.0,0.033363671833269826,True,False
2024-07-15 15:00:00+00:00,63026.0,0.0,862.7546201639514,-0.139381844722023,0.0,HOLD,closed,0.0,0.0,0.0,0.033293209311848065,True,False
2024-07-15 16:00:00+00:00,63411.77,0.0,862.7546201639514,-0.139381844722023,0.0,HOLD,closed,0.0,0.0,0.0,0.03329815689954274,True,False
2024-07-15 17:00:00+00:00,63081.97,0.0,862.7546201639514,-0.139381844722023,0.0,HOLD,closed,0.0,0.0,0.0,0.03328174669977618,True,False
2024-07-15 18:00:00+00:00,63499.0,0.0,862.7546201639514,-0.139381844722023,0.0,HOLD,closed,0.0,0.0,0.0,0.03329029659633964,True,False
2024-07-15 19:00:00+00:00,63342.0,0.0,862.7546201639514,-0.139381844722023,0.0,HOLD,closed,0.0,0.0,0.0,0.03328709899390611,True,False
2024-07-15 20:00:00+00:00,63731.36,0.0,862.7546201639514,-0.139381844722023,0.0,HOLD,closed,0.0,0.0,0.0,0.03329183273303196,True,False
2024-07-15 21:00:00+00:00,63532.44,0.0,862.7546201639514,-0.139381844722023,0.0,HOLD,closed,0.0,0.0,0.0,0.033290080104758174,True,False
2024-07-15 22:00:00+00:00,64343.6,0.0,862.7546201639514,-0.139381844722023,0.0,HOLD,closed,0.0,0.0,0.0,0.03332045976346623,True,False
2024-07-15 23:00:00+00:00,64724.14,0.0,862.7546201639514,-0.139381844722023,0.0,HOLD,closed,0.0,0.0,0.0,0.03330420847867541,True,False
2024-07-16 00:00:00+00:00,64611.44,0.0,862.7546201639514,-0.139381844722023,0.0,HOLD,closed,0.0,0.0,0.0,0.033303330224887906,True,False
2024-07-16 01:00:00+00:00,64848.08,0.0,862.7546201639514,-0.139381844722023,0.0,HOLD,closed,0.0,0.0,0.0,0.03329907929391507,True,False
2024-07-16 02:00:00+00:00,64819.91,0.0,862.7546201639514,-0.139381844722023,0.0,HOLD,closed,0.0,0.0,0.0,0.03329811098342822,True,False
2024-07-16 03:00:00+00:00,64752.14,0.0,862.7546201639514,-0.139381844722023,0.0,HOLD,closed,0.0,0.0,0.0,0.03328574018958255,True,False
2024-07-16 04:00:00+00:00,64487.01,0.0,862.7546201639514,-0.139381844722023,0.0,HOLD,closed,0.0,0.0,0.0,0.03328618364279992,True,False
2024-07-16 05:00:00+00:00,63654.92,0.0,862.7546201639514,-0.139381844722023,0.0,HOLD,closed,0.0,0.0,0.0,0.03329996465580479,True,False
2024-07-16 06:00:00+00:00,62899.64,0.0,862.7546201639514,-0.139381844722023,0.0,HOLD,closed,0.0,0.0,0.0,0.03332506790326101,True,False
2024-07-16 07:00:00+00:00,62895.01,0.0053375388195887104,862.0582809541054,-0.14007645956640538,0.38913645014657283,BUY,closed,0.38913645014657283,0.38913645014657283,0.38913645014657283,0.03331927890497477,False,False
2024-07-16 08:00:00+00:00,62820.67,0.0053375388195887104,861.6614883182572,-0.14047226961286643,0.3871032538340116,HOLD,closed,0.3871032538340116,0.389140943796858,0.0020376899628463674,0.03331094944547028,True,False
2024-07-16 09:00:00+00:00,63187.54,0.0053375388195887104,863.6196711849996,-0.1385189358525065,0.3957048384002987,HOLD,closed,0.3957048384002987,0.39052601384303953,0.005178824557259154,0.03331063425031949,True,False
2024-07-16 10:00:00+00:00,63443.54,0.0,864.7589657864709,-0.1373824625200889,0.0,SELL,closed,0.0,0.0,0.39148879385730684,0.033296133427647034,False,False
2024-07-16 11:00:00+00:00,63746.11,0.0,864.7589657864709,-0.1373824625200889,0.0,HOLD,closed,0.0,0.0,0.0,0.03330056707828327,True,False
2024-07-16 12:00:00+00:00,63743.31,0.0,864.7589657864709,-0.1373824625200889,0.0,HOLD,closed,0.0,0.0,0.0,0.033290484501059425,True,False
2024-07-16 13:00:00+00:00,63419.99,0.0,864.7589657864709,-0.1373824625200889,0.0,HOLD,closed,0.0,0.0,0.0,0.033295559169224415,True,False
2024-07-16 14:00:00+00:00,63836.09,0.0,864.7589657864709,-0.1373824625200889,0.0,HOLD,closed,0.0,0.0,0.0,0.0332475558230205,True,False
2024-07-16 15:00:00+00:00,64878.24,0.0,864.7589657864709,-0.1373824625200889,0.0,HOLD,closed,0.0,0.0,0.0,0.033276676415679135,True,False
2024-07-16 16:00:00+00:00,64500.0,0.0,864.7589657864709,-0.1373824625200889,0.0,HOLD,closed,0.0,0.0,0.0,0.03328074604628489,True,False
2024-07-16 17:00:00+00:00,64547.52,0.0,864.7589657864709,-0.1373824625200889,0.0,HOLD,closed,0.0,0.0,0.0,0.03327278014677271,True,False
2024-07-16 18:00:00+00:00,64795.44,0.0,864.7589657864709,-0.1373824625200889,0.0,HOLD,closed,0.0,0.0,0.0,0.03326987199442677,True,False
2024-07-16 19:00:00+00:00,65165.43,0.0,864.7589657864709,-0.1373824625200889,0.0,HOLD,closed,0.0,0.0,0.0,0.033275444609877386,True,False
2024-07-16 20:00:00+00:00,64651.82,0.0,864.7589657864709,-0.1373824625200889,0.0,HOLD,closed,0.0,0.0,0.0,0.03328789284615019,True,False
2024-07-16 21:00:00+00:00,64500.01,0.0,864.7589657864709,-0.1373824625200889,0.0,HOLD,closed,0.0,0.0,0.0,0.03328213446847947,True,False
2024-07-16 22:00:00+00:00,64616.92,0.0,864.7589657864709,-0.1373824625200889,0.0,HOLD,closed,0.0,0.0,0.0,0.03328126586378871,True,False
2024-07-16 23:00:00+00:00,65043.99,0.0,864.7589657864709,-0.1373824625200889,0.0,HOLD,closed,0.0,0.0,0.0,0.033287922610127946,True,False
2024-07-17 00:00:00+00:00,65505.41,0.0,864.7589657864709,-0.1373824625200889,0.0,HOLD,closed,0.0,0.0,0.0,0.033293889100228985,True,False
2024-07-17 01:00:00+00:00,65670.19,0.0,864.7589657864709,-0.1373824625200889,0.0,HOLD,closed,0.0,0.0,0.0,0.0332886192010958,True,False
2024-07-17 02:00:00+00:00,65612.86,0.0,864.7589657864709,-0.1373824625200889,0.0,HOLD,closed,0.0,0.0,0.0,0.03328298837195154,True,False
2024-07-17 03:00:00+00:00,65701.66,0.0,864.7589657864709,-0.1373824625200889,0.0,HOLD,closed,0.0,0.0,0.0,0.03328171995561777,True,False
2024-07-17 04:00:00+00:00,65830.0,0.0,864.7589657864709,-0.1373824625200889,0.0,HOLD,closed,0.0,0.0,0.0,0.033279112445340236,True,False
2024-07-17 05:00:00+00:00,65624.01,0.0,864.7589657864709,-0.1373824625200889,0.0,HOLD,closed,0.0,0.0,0.0,0.033280590508457414,True,False
2024-07-17 06:00:00+00:00,65575.87,0.0,864.7589657864709,-0.1373824625200889,0.0,HOLD,closed,0.0,0.0,0.0,0.033279937087724004,True,False
2024-07-17 07:00:00+00:00,65258.0,0.0,864.7589657864709,-0.1373824625200889,0.0,HOLD,closed,0.0,0.0,0.0,0.033282850742332976,True,False
2024-07-17 08:00:00+00:00,65179.63,0.0,864.7589657864709,-0.1373824625200889,0.0,HOLD,closed,0.0,0.0,0.0,0.033281893026031656,True,False
2024-07-17 09:00:00+00:00,65331.98,0.0,864.7589657864709,-0.1373824625200889,0.0,HOLD,closed,0.0,0.0,0.0,0.03327589051065344,True,False
2024-07-17 10:00:00+00:00,65120.02,0.0,864.7589657864709,-0.1373824625200889,0.0,HOLD,closed,0.0,0.0,0.0,0.033277715109961664,True,False
2024-07-17 11:00:00+00:00,64723.73,0.0,864.7589657864709,-0.1373824625200889,0.0,HOLD,closed,0.0,0.0,0.0,0.033281297889244194,True,False
2024-07-17 12:00:00+00:00,64730.72,0.0,864.7589657864709,-0.1373824625200889,0.0,HOLD,closed,0.0,0.0,0.0,0.03327837581231638,True,False
2024-07-17 13:00:00+00:00,65141.95,0.0,864.7589657864709,-0.1373824625200889,0.0,HOLD,closed,0.0,0.0,0.0,0.03328174341977633,True,False
2024-07-17 14:00:00+00:00,65032.09,0.0,864.7589657864709,-0.1373824625200889,0.0,HOLD,closed,0.0,0.0,0.0,0.0332718310932813,True,False
2024-07-17 15:00:00+00:00,64724.01,0.0,864.7589657864709,-0.1373824625200889,0.0,HOLD,closed,0.0,0.0,0.0,0.03327532322281784,True,False
2024-07-17 16:00:00+00:00,64242.0,0.0,864.7589657864709,-0.1373824625200889,0.0,HOLD,closed,0.0,0.0,0.0,0.033285447663595646,True,False
2024-07-17 17:00:00+00:00,64278.83,0.006770418919828012,866.4792622962825,-0.13566642603160983,0.502967112409423,BUY,closed,0.502967112409423,0.502967112409423,0.502967112409423,0.033283791588399364,False,False
2024-07-17 18:00:00+00:00,64504.0,0.0059550912514355295,867.9969790264129,-0.13415246766848787,0.44099613033613494,SELL,closed,0.44099613033613494,0.44099613033613494,0.06213429763586553,0.03328474644686327,False,False
2024-07-17 19:00:00+00:00,64585.78,0.0030689549771118147,867.8757165796303,-0.13427342982947252,0.22793727339373548,SELL,closed,0.22793727339373548,0.22793727339373548,0.2149197273948643,0.03328162737517698,False,False
2024-07-17 20:00:00+00:00,64510.31,0.0,867.4793939830925,-0.13466877100059552,0.0,SELL,closed,0.0,0.0,0.2281802369983674,0.03327674547587803,False,False
2024-07-17 21:00:00+00:00,64318.0,0.00312731066804218,867.5596815264487,-0.1345886822756671,0.2325631963837059,BUY,closed,0.2325631963837059,0.2325631963837059,0.2325631963837059,0.03327619585483413,False,False
2024-07-17 22:00:00+00:00,64269.2,0.005286154658626434,867.023942697271,-0.135123094438873,0.3919669409857147,BUY,closed,0.3919669409857147,0.3919669409857147,0.16025364047906115,0.03327367598886696,False,False
2024-07-17 23:00:00+00:00,64087.99,0.005286154658626434,866.0660386115812,-0.13607862643822974,0.38915876224911394,HOLD,closed,0.38915876224911394,0.3911699706452086,0.0020112083960946436,0.033273489420031416,True,False
2024-07-18 00:00:00+00:00,64443.54,0.006825430924280204,868.2954730083072,-0.13385471285610487,0.5039811062419409,BUY,closed,0.5039811062419409,0.5039811062419409,0.11149274486290306,0.03327888188837308,False,False
2024-07-18 01:00:00+00:00,64678.99,0.0,867.4159149563658,-0.13473209283232324,0.0,SELL,closed,0.0,0.0,0.507484422659347,0.03327557923487362,False,False
2024-07-18 02:00:00+00:00,64701.35,0.0,867.4159149563658,-0.13473209283232324,0.0,HOLD,closed,0.0,0.0,0.0,0.03327475890233056,True,False
2024-07-18 03:00:00+00:00,64865.08,0.0,867.4159149563658,-0.13473209283232324,0.0,HOLD,closed,0.0,0.0,0.0,0.033275349933699155,True,False
2024-07-18 04:00:00+00:00,64574.0,0.0,867.4159149563658,-0.13473209283232324,0.0,HOLD,closed,0.0,0.0,0.0,0.033278543770711405,True,False
2024-07-18 05:00:00+00:00,64756.77,0.0,867.4159149563658,-0.13473209283232324,0.0,HOLD,closed,0.0,0.0,0.0,0.03327002325938794,True,False
2024-07-18 06:00:00+00:00,65000.01,0.0,867.4159149563658,-0.13473209283232324,0.0,HOLD,closed,0.0,0.0,0.0,0.03327089521631821,True,False
2024-07-18 07:00:00+00:00,64668.0,0.0,867.4159149563658,-0.13473209283232324,0.0,HOLD,closed,0.0,0.0,0.0,0.03327555207007052,True,False
2024-07-18 08:00:00+00:00,64936.9,0.0,867.4159149563658,-0.13473209283232324,0.0,HOLD,closed,0.0,0.0,0.0,0.03327762693745079,True,False
2024-07-18 09:00:00+00:00,64865.99,0.0,867.4159149563658,-0.13473209283232324,0.0,HOLD,closed,0.0,0.0,0.0,0.033255282822652554,True,False
2024-07-18 10:00:00+00:00,64609.99,0.0,867.4159149563658,-0.13473209283232324,0.0,HOLD,closed,0.0,0.0,0.0,0.03325416760977107,True,False
2024-07-18 11:00:00+00:00,64758.0,0.0,867.4159149563658,-0.13473209283232324,0.0,HOLD,closed,0.0,0.0,0.0,0.03325299656048761,True,False
2024-07-18 12:00:00+00:00,64850.66,0.0,867.4159149563658,-0.13473209283232324,0.0,HOLD,closed,0.0,0.0,0.0,0.03325174745661055,True,False
2024-07-18 13:00:00+00:00,64594.2,0.0,867.4159149563658,-0.13473209283232324,0.0,HOLD,closed,0.0,0.0,0.0,0.03325330324584394,True,False
2024-07-18 14:00:00+00:00,63995.4,0.0,867.4159149563658,-0.13473209283232324,0.0,HOLD,closed,0.0,0.0,0.0,0.033269524547824336,True,False
2024-07-18 15:00:00+00:00,63538.12,0.013554347889947804,864.1462789230525,-0.13799363216883326,1.0,BUY,closed,1.0,1.0,1.0,0.03326882395278377,False,False
2024-07-18 16:00:00+00:00,63904.0,0.013554347889947804,869.1055437290265,-0.13304664813756686,1.0,HOLD,closed,1.0,0.9966304481763666,0.00336955182363341,0.03327412456285522,True,False
2024-07-18 17:00:00+00:00,63555.52,0.010879682951085918,864.9724336986202,-0.1371695232248695,0.8043378495904947,SELL,closed,0.8043378495904947,0.8043378495904947,0.1922741856581085,0.03327698402237117,False,False
2024-07-18 18:00:00+00:00,63520.01,0.013603634997511266,864.143037681233,-0.13799686538426942,1.0,BUY,closed,1.0,1.0,0.20068391925158513,0.033274252035643936,False,False
2024-07-18 19:00:00+00:00,63555.0,0.012356965310363866,864.4170705496895,-0.13772351111154266,0.9078155047200185,SELL,closed,0.9078155047200185,0.9078155047200185,0.09213822449292797,0.033273249902575075,False,False
2024-07-18 20:00:00+00:00,63826.01,0.01025514772185602,867.6463497887366,-0.1345022286325707,0.75108492928716,SELL,closed,0.75108492928716,0.75108492928716,0.15779586752756392,0.03327288076265825,False,False
2024-07-18 21:00:00+00:00,63850.0,0.005181630652607596,867.1231743168744,-0.13502410854947594,0.38106431279194697,SELL,closed,0.38106431279194697,0.38106431279194697,0.37339695923199956,0.033254465769475605,False,False
2024-07-18 22:00:00+00:00,64032.0,0.004179440934206358,867.7558749329085,-0.13439297470876582,0.30741578498894817,SELL,closed,0.30741578498894817,0.30741578498894817,0.07480179480216215,0.03324658127421007,False,False
2024-07-18 23:00:00+00:00,63987.92,0.0,867.2207728180913,-0.13492675173432583,0.0,SELL,closed,0.0,0.0,0.3082555010062665,0.03324072167457434,False,False
2024-07-19 00:00:00+00:00,63600.0,0.0,867.2207728180913,-0.13492675173432583,0.0,HOLD,closed,0.0,0.0,0.0,0.0332432233341986,True,False
2024-07-19 01:00:00+00:00,63816.0,0.006522563005861288,870.0261339322522,-0.132128337619199,0.4783498677033695,BUY,closed,0.4783498677033695,0.4783498677033695,0.4783498677033695,0.033243883906724,False,False
2024-07-19 02:00:00+00:00,63828.0,0.0027819167875598127,869.5821728004403,-0.13257119935687647,0.20403387563512207,SELL,closed,0.20403387563512207,0.20403387563512207,0.2744399135962332,0.03324363375239531,False,False
2024-07-19 03:00:00+00:00,64325.0,0.0,870.1788613944293,-0.13197598836057178,0.0,SELL,closed,0.0,0.0,0.20545813143133082,0.033251257465757605,False,False
2024-07-19 04:00:00+00:00,64141.92,0.0,870.1788613944293,-0.13197598836057178,0.0,HOLD,closed,0.0,0.0,0.0,0.03325152171397919,True,False
2024-07-19 05:00:00+00:00,64164.0,0.0,870.1788613944293,-0.13197598836057178,0.0,HOLD,closed,0.0,0.0,0.0,0.03325095735641723,True,False
2024-07-19 06:00:00+00:00,64210.01,0.0,870.1788613944293,-0.13197598836057178,0.0,HOLD,closed,0.0,0.0,0.0,0.033250708304813165,True,False
2024-07-19 07:00:00+00:00,63694.01,0.0,870.1788613944293,-0.13197598836057178,0.0,HOLD,closed,0.0,0.0,0.0,0.033262185109555725,True,False
2024-07-19 08:00:00+00:00,63809.0,0.0044840654712143165,871.6567634224978,-0.1305017461051827,0.328217707456721,BUY,closed,0.328217707456721,0.328217707456721,0.328217707456721,0.03325148267758121,False,False
2024-07-19 09:00:00+00:00,63700.0,0.0,872.6175336024385,-0.12954335510896928,0.0,SELL,closed,0.0,0.0,0.3278758751727968,0.0332448815276615,False,False
2024-07-19 10:00:00+00:00,63994.01,0.003690454374730903,873.2322826648406,-0.12893012836792578,0.2693986020426001,BUY,closed,0.2693986020426001,0.2693986020426001,0.2693986020426001,0.033237763267775305,False,False
2024-07-19 11:00:00+00:00,64116.0,0.0,872.7600299692524,-0.12940121161014,0.0,SELL,closed,0.0,0.0,0.2708274204684462,0.033222799165590705,False,False
2024-07-19 12:00:00+00:00,64414.0,0.0,872.7600299692524,-0.12940121161014,0.0,HOLD,closed,0.0,0.0,0.0,0.033215130213024635,True,False
2024-07-19 13:00:00+00:00,65135.9,0.0,872.7600299692524,-0.12940121161014,0.0,HOLD,closed,0.0,0.0,0.0,0.03323904295251659,True,False
2024-07-19 14:00:00+00:00,65747.04,0.0,872.7600299692524,-0.12940121161014,0.0,HOLD,closed,0.0,0.0,0.0,0.033256055052983985,True,False
2024-07-19 15:00:00+00:00,65836.77,0.0,872.7600299692524,-0.12940121161014,0.0,HOLD,closed,0.0,0.0,0.0,0.03322850325314894,True,False
2024-07-19 16:00:00+00:00,66419.43,0.0,872.7600299692524,-0.12940121161014,0.0,HOLD,closed,0.0,0.0,0.0,0.033242206707461336,True,False
2024-07-19 17:00:00+00:00,66755.42,0.0,872.7600299692524,-0.12940121161014,0.0,HOLD,closed,0.0,0.0,0.0,0.03324487643153326,True,False
2024-07-19 18:00:00+00:00,66787.99,0.0,872.7600299692524,-0.12940121161014,0.0,HOLD,closed,0.0,0.0,0.0,0.03324297410344909,True,False
2024-07-19 19:00:00+00:00,67157.26,0.0,872.7600299692524,-0.12940121161014,0.0,HOLD,closed,0.0,0.0,0.0,0.03324770711846681,True,False
2024-07-19 20:00:00+00:00,66931.8,0.0,872.7600299692524,-0.12940121161014,0.0,HOLD,closed,0.0,0.0,0.0,0.033242777055167455,True,False
2024-07-19 21:00:00+00:00,66892.28,0.0,872.7600299692524,-0.12940121161014,0.0,HOLD,closed,0.0,0.0,0.0,0.033234146161985306,True,False
2024-07-19 22:00:00+00:00,66721.19,0.0,872.7600299692524,-0.12940121161014,0.0,HOLD,closed,0.0,0.0,0.0,0.03317641100025226,True,False
2024-07-19 23:00:00+00:00,66660.0,0.0,872.7600299692524,-0.12940121161014,0.0,HOLD,closed,0.0,0.0,0.0,0.03312303395106389,True,False
2024-07-20 00:00:00+00:00,66419.88,0.0,872.7600299692524,-0.12940121161014,0.0,HOLD,closed,0.0,0.0,0.0,0.03311999558922779,True,False
2024-07-20 01:00:00+00:00,66361.99,0.0,872.7600299692524,-0.12940121161014,0.0,HOLD,closed,0.0,0.0,0.0,0.03301749418794017,True,False
2024-07-20 02:00:00+00:00,66570.57,0.0,872.7600299692524,-0.12940121161014,0.0,HOLD,closed,0.0,0.0,0.0,0.03290744274822552,True,False
2024-07-20 03:00:00+00:00,66602.01,0.0,872.7600299692524,-0.12940121161014,0.0,HOLD,closed,0.0,0.0,0.0,0.03281048446814919,True,False
2024-07-20 04:00:00+00:00,66660.84,0.0,872.7600299692524,-0.12940121161014,0.0,HOLD,closed,0.0,0.0,0.0,0.03269866261616061,True,False
2024-07-20 05:00:00+00:00,66537.32,0.0,872.7600299692524,-0.12940121161014,0.0,HOLD,closed,0.0,0.0,0.0,0.03265983098625794,True,False
2024-07-20 06:00:00+00:00,66625.77,0.0,872.7600299692524,-0.12940121161014,0.0,HOLD,closed,0.0,0.0,0.0,0.03264787506432981,True,False
2024-07-20 07:00:00+00:00,66562.28,0.0,872.7600299692524,-0.12940121161014,0.0,HOLD,closed,0.0,0.0,0.0,0.03264162851591554,True,False
2024-07-20 08:00:00+00:00,66510.71,0.0,872.7600299692524,-0.12940121161014,0.0,HOLD,closed,0.0,0.0,0.0,0.03263680015981346,True,False
2024-07-20 09:00:00+00:00,66582.79,0.0,872.7600299692524,-0.12940121161014,0.0,HOLD,closed,0.0,0.0,0.0,0.03262339931003316,True,False
2024-07-20 10:00:00+00:00,66524.99,0.0,872.7600299692524,-0.12940121161014,0.0,HOLD,closed,0.0,0.0,0.0,0.03260835011298985,True,False
2024-07-20 11:00:00+00:00,66483.69,0.0,872.7600299692524,-0.12940121161014,0.0,HOLD,closed,0.0,0.0,0.0,0.032601771715539435,True,False
2024-07-20 12:00:00+00:00,66476.28,0.0,872.7600299692524,-0.12940121161014,0.0,HOLD,closed,0.0,0.0,0.0,0.032598486586626924,True,False
2024-07-20 13:00:00+00:00,66539.89,0.0,872.7600299692524,-0.12940121161014,0.0,HOLD,closed,0.0,0.0,0.0,0.03259549245847593,True,False
2024-07-20 14:00:00+00:00,66590.0,0.0,872.7600299692524,-0.12940121161014,0.0,HOLD,closed,0.0,0.0,0.0,0.03257077346457171,True,False
2024-07-20 15:00:00+00:00,66825.0,0.0,872.7600299692524,-0.12940121161014,0.0,HOLD,closed,0.0,0.0,0.0,0.03254856118073493,True,False
2024-07-20 16:00:00+00:00,66804.91,0.0,872.7600299692524,-0.12940121161014,0.0,HOLD,closed,0.0,0.0,0.0,0.03254834158085965,True,False
2024-07-20 17:00:00+00:00,67403.01,0.0,872.7600299692524,-0.12940121161014,0.0,HOLD,closed,0.0,0.0,0.0,0.03256169487352617,True,False
2024-07-20 18:00:00+00:00,67467.99,0.0,872.7600299692524,-0.12940121161014,0.0,HOLD,closed,0.0,0.0,0.0,0.03256111395965905,True,False
2024-07-20 19:00:00+00:00,67224.0,0.0,872.7600299692524,-0.12940121161014,0.0,HOLD,closed,0.0,0.0,0.0,0.0325632664471488,True,False
2024-07-20 20:00:00+00:00,67339.28,0.0,872.7600299692524,-0.12940121161014,0.0,HOLD,closed,0.0,0.0,0.0,0.03256363120191491,True,False
2024-07-20 21:00:00+00:00,67092.41,0.0,872.7600299692524,-0.12940121161014,0.0,HOLD,closed,0.0,0.0,0.0,0.03256558903522547,True,False
2024-07-20 22:00:00+00:00,67114.0,0.0,872.7600299692524,-0.12940121161014,0.0,HOLD,closed,0.0,0.0,0.0,0.03255966250162892,True,False
2024-07-20 23:00:00+00:00,67139.96,0.0,872.7600299692524,-0.12940121161014,0.0,HOLD,closed,0.0,0.0,0.0,0.03255443680951958,True,False
2024-07-21 00:00:00+00:00,67066.02,0.0,872.7600299692524,-0.12940121161014,0.0,HOLD,closed,0.0,0.0,0.0,0.03255341155608535,True,False
2024-07-21 01:00:00+00:00,67276.33,0.0,872.7600299692524,-0.12940121161014,0.0,HOLD,closed,0.0,0.0,0.0,0.03255296287201423,True,False
2024-07-21 02:00:00+00:00,67287.01,0.0,872.7600299692524,-0.12940121161014,0.0,HOLD,closed,0.0,0.0,0.0,0.03254821726553794,True,False
2024-07-21 03:00:00+00:00,67171.33,0.0,872.7600299692524,-0.12940121161014,0.0,HOLD,closed,0.0,0.0,0.0,0.03253348096425179,True,False
2024-07-21 04:00:00+00:00,67040.01,0.0,872.7600299692524,-0.12940121161014,0.0,HOLD,closed,0.0,0.0,0.0,0.03252643649788614,True,False
2024-07-21 05:00:00+00:00,67046.0,0.0,872.7600299692524,-0.12940121161014,0.0,HOLD,closed,0.0,0.0,0.0,0.03252277698785602,True,False
2024-07-21 06:00:00+00:00,66721.99,0.0,872.7600299692524,-0.12940121161014,0.0,HOLD,closed,0.0,0.0,0.0,0.03252544364261983,True,False
2024-07-21 07:00:00+00:00,66701.99,0.003977781170078105,872.1495306922088,-0.13001019908969466,0.30409902646606074,BUY,closed,0.30409902646606074,0.30409902646606074,0.30409902646606074,0.03252402802908283,False,False
2024-07-21 08:00:00+00:00,66796.01,0.003977781170078105,872.5235216778195,-0.12963713422906756,0.3111652875297595,HOLD,closed,0.3111652875297595,0.3045189089039353,0.006646378625824234,0.032523344635229406,True,False
2024-07-21 09:00:00+00:00,66976.0,0.0,871.9922150078703,-0.1301671252085325,0.0,SELL,closed,0.0,0.0,0.30508912730467447,0.032521079313329926,False,False
2024-07-21 10:00:00+00:00,66798.87,0.0,871.9922150078703,-0.1301671252085325,0.0,HOLD,closed,0.0,0.0,0.0,0.03252085289772233,True,False
2024-07-21 11:00:00+00:00,66879.99,0.0,871.9922150078703,-0.1301671252085325,0.0,HOLD,closed,0.0,0.0,0.0,0.03251992664097847,True,False
2024-07-21 12:00:00+00:00,66928.02,0.0,871.9922150078703,-0.1301671252085325,0.0,HOLD,closed,0.0,0.0,0.0,0.03251818644671667,True,False
2024-07-21 13:00:00+00:00,66760.01,0.0,871.9922150078703,-0.1301671252085325,0.0,HOLD,closed,0.0,0.0,0.0,0.03251764604940438,True,False
2024-07-21 14:00:00+00:00,67290.76,0.0,871.9922150078703,-0.1301671252085325,0.0,HOLD,closed,0.0,0.0,0.0,0.03252047235988745,True,False
2024-07-21 15:00:00+00:00,67164.0,0.0,871.9922150078703,-0.1301671252085325,0.0,HOLD,closed,0.0,0.0,0.0,0.03250831013668229,True,False
2024-07-21 16:00:00+00:00,67554.0,0.0,871.9922150078703,-0.1301671252085325,0.0,HOLD,closed,0.0,0.0,0.0,0.03250341081626823,True,False
2024-07-21 17:00:00+00:00,66648.01,0.0,871.9922150078703,-0.1301671252085325,0.0,HOLD,closed,0.0,0.0,0.0,0.03253309814626115,True,False
2024-07-21 18:00:00+00:00,66864.42,0.0072820458016364595,875.056095343796,-0.1271108320504666,0.5565804981453238,BUY,closed,0.5565804981453238,0.5565804981453238,0.5565804981453238,0.032493257110895596,False,False
2024-07-21 19:00:00+00:00,67422.02,0.0,876.547085605529,-0.12562353397219464,0.0,SELL,closed,0.0,0.0,0.55848138658506,0.03250381783603187,False,False
2024-07-21 20:00:00+00:00,67723.91,0.0,876.547085605529,-0.12562353397219464,0.0,HOLD,closed,0.0,0.0,0.0,0.03250537881916832,True,False
2024-07-21 21:00:00+00:00,68193.99,0.0,876.547085605529,-0.12562353397219464,0.0,HOLD,closed,0.0,0.0,0.0,0.032489687245635696,True,False
2024-07-21 22:00:00+00:00,68012.0,0.0,876.547085605529,-0.12562353397219464,0.0,HOLD,closed,0.0,0.0,0.0,0.03248654436353762,True,False
2024-07-21 23:00:00+00:00,68165.34,0.0,876.547085605529,-0.12562353397219464,0.0,HOLD,closed,0.0,0.0,0.0,0.032483659481377686,True,False
2024-07-22 00:00:00+00:00,68188.01,0.0,876.547085605529,-0.12562353397219464,0.0,HOLD,closed,0.0,0.0,0.0,0.032478489522310444,True,False
2024-07-22 01:00:00+00:00,67850.01,0.0,876.547085605529,-0.12562353397219464,0.0,HOLD,closed,0.0,0.0,0.0,0.032478675032769716,True,False
2024-07-22 02:00:00+00:00,68070.62,0.0,876.547085605529,-0.12562353397219464,0.0,HOLD,closed,0.0,0.0,0.0,0.0324727756224967,True,False
2024-07-22 03:00:00+00:00,67880.01,0.0,876.547085605529,-0.12562353397219464,0.0,HOLD,closed,0.0,0.0,0.0,0.03246605107374617,True,False
2024-07-22 04:00:00+00:00,67923.98,0.0,876.547085605529,-0.12562353397219464,0.0,HOLD,closed,0.0,0.0,0.0,0.03245752386624018,True,False
2024-07-22 05:00:00+00:00,67626.01,0.0,876.547085605529,-0.12562353397219464,0.0,HOLD,closed,0.0,0.0,0.0,0.032458259217751084,True,False
2024-07-22 06:00:00+00:00,67412.0,0.0,876.547085605529,-0.12562353397219464,0.0,HOLD,closed,0.0,0.0,0.0,0.0324582990613895,True,False
2024-07-22 07:00:00+00:00,67236.0,0.0,876.547085605529,-0.12562353397219464,0.0,HOLD,closed,0.0,0.0,0.0,0.03245755973417461,True,False
2024-07-22 08:00:00+00:00,67080.48,0.003462683198083854,875.5427840749635,-0.1266253485210566,0.2656069547848251,BUY,closed,0.2656069547848251,0.2656069547848251,0.2656069547848251,0.032456182328536504,False,False
2024-07-22 09:00:00+00:00,67427.22,0.004996890659863531,877.0695237387666,-0.12510238956802047,0.3823168907214357,BUY,closed,0.3823168907214357,0.3823168907214357,0.11601423876233663,0.03245842522771636,False,False
2024-07-22 10:00:00+00:00,67422.01,0.0,876.3958393103126,-0.12577440573171886,0.0,SELL,closed,0.0,0.0,0.38413193405252577,0.032456855974388216,False,False
2024-07-22 11:00:00+00:00,67516.01,0.0,876.3958393103126,-0.12577440573171886,0.0,HOLD,closed,0.0,0.0,0.0,0.03245267142740621,True,False
2024-07-22 12:00:00+00:00,67697.11,0.0,876.3958393103126,-0.12577440573171886,0.0,HOLD,closed,0.0,0.0,0.0,0.03244663875231102,True,False
2024-07-22 13:00:00+00:00,67098.0,0.0,876.3958393103126,-0.12577440573171886,0.0,HOLD,closed,0.0,0.0,0.0,0.03243862942698256,True,False
2024-07-22 14:00:00+00:00,66712.0,0.004679535735495232,875.5458642403471,-0.126622275983178,0.3582713672199901,BUY,closed,0.3582713672199901,0.3582713672199901,0.3582713672199901,0.03244371031663365,False,False
2024-07-22 15:00:00+00:00,67063.87,0.009318674934604055,878.2056991379573,-0.12396902771371034,0.7087013123289112,BUY,closed,0.7087013123289112,0.7087013123289112,0.3509374312803491,0.0324386396250764,False,False
2024-07-22 16:00:00+00:00,67052.0,0.0036319949733138682,877.4000365116957,-0.1247726952536858,0.2773909596865417,SELL,closed,0.2773909596865417,0.2773909596865417,0.4341900539704807,0.03243617534214838,False,False
2024-07-22 17:00:00+00:00,67468.0,0.0036319949733138682,878.9109464205943,-0.12326552685586205,0.26315222125906834,HOLD,closed,0.26315222125906834,0.2788034872673857,0.015651266008317344,0.03244120197713396,True,False
2024-07-22 18:00:00+00:00,67445.49,0.0,878.4209458212656,-0.12375431405215576,0.0,SELL,closed,0.0,0.0,0.27873639540023953,0.03243933584505462,False,False
2024-07-22 19:00:00+00:00,68232.07,0.0,878.4209458212656,-0.12375431405215576,0.0,HOLD,closed,0.0,0.0,0.0,0.03246061598694025,True,False
2024-07-22 20:00:00+00:00,68124.0,0.0,878.4209458212656,-0.12375431405215576,0.0,HOLD,closed,0.0,0.0,0.0,0.03244528656189585,True,False
2024-07-22 21:00:00+00:00,67841.6,0.0,878.4209458212656,-0.12375431405215576,0.0,HOLD,closed,0.0,0.0,0.0,0.03243193413274692,True,False
2024-07-22 22:00:00+00:00,67635.01,0.0,878.4209458212656,-0.12375431405215576,0.0,HOLD,closed,0.0,0.0,0.0,0.032421953952495586,True,False
2024-07-22 23:00:00+00:00,67532.01,0.0,878.4209458212656,-0.12375431405215576,0.0,HOLD,closed,0.0,0.0,0.0,0.03239094473179627,True,False
2024-07-23 00:00:00+00:00,67490.01,0.0,878.4209458212656,-0.12375431405215576,0.0,HOLD,closed,0.0,0.0,0.0,0.03236994444682356,True,False
2024-07-23 01:00:00+00:00,67410.01,0.0,878.4209458212656,-0.12375431405215576,0.0,HOLD,closed,0.0,0.0,0.0,0.03236423477681166,True,False
2024-07-23 02:00:00+00:00,67647.65,0.0,878.4209458212656,-0.12375431405215576,0.0,HOLD,closed,0.0,0.0,0.0,0.032359568194263055,True,False
2024-07-23 03:00:00+00:00,67473.99,0.0,878.4209458212656,-0.12375431405215576,0.0,HOLD,closed,0.0,0.0,0.0,0.032357988997602505,True,False
2024-07-23 04:00:00+00:00,66936.0,0.0,878.4209458212656,-0.12375431405215576,0.0,HOLD,closed,0.0,0.0,0.0,0.032366831985635725,True,False
2024-07-23 05:00:00+00:00,66428.0,0.008891967319176004,875.700059537174,-0.1264684625247436,0.6775712899691526,BUY,closed,0.6775712899691526,0.6775712899691526,0.6775712899691526,0.032374752154392616,False,False
2024-07-23 06:00:00+00:00,66519.34,0.01319491961044908,876.3334244309222,-0.12583666605128999,1.0,BUY,closed,1.0,1.0,0.32518022864276597,0.032370767552595686,False,False
2024-07-23 07:00:00+00:00,66576.0,0.011649981685223132,876.7880272750784,-0.1253831889536564,0.8835547113590791,SELL,closed,0.8835547113590791,0.8835547113590791,0.11802315811085706,0.03225028125125001,False,False
2024-07-23 08:00:00+00:00,66888.0,0.00919935946272073,880.1339301292869,-0.12204557165804458,0.6956391186047342,SELL,closed,0.6956391186047342,0.6956391186047342,0.18944013636018475,0.032141362731692213,False,False
2024-07-23 09:00:00+00:00,66938.2,0.003940826960269405,881.356505021282,-0.12082602426455967,0.2993360316788046,SELL,closed,0.2993360316788046,0.2993360316788046,0.39995030032641987,0.032135758142412346,False,False
2024-07-23 10:00:00+00:00,66870.01,0.0028050469365076113,881.0132014083533,-0.12116847774455707,0.21310562812287298,SELL,closed,0.21310562812287298,0.21310562812287298,0.0859827762495659,0.03211239770608826,False,False
2024-07-23 11:00:00+00:00,66676.01,0.0035039609300339405,880.4693399173249,-0.12171099245522496,0.2661193766687944,BUY,closed,0.2661193766687944,0.2661193766687944,0.05369925415282306,0.03210262162178515,False,False
2024-07-23 12:00:00+00:00,66504.68,0.005793609697158536,879.9203412804883,-0.12225863159043428,0.4390366263678833,BUY,closed,0.4390366263678833,0.4390366263678833,0.17419061097443833,0.032097458569980586,False,False
2024-07-23 13:00:00+00:00,66092.01,0.0072617942526238596,877.2073529771774,-0.12496490164024573,0.5503443243964343,BUY,closed,0.5503443243964343,0.5503443243964343,0.11399282467879085,0.03209834285993318,False,False
2024-07-23 14:00:00+00:00,67227.8,0.011216848439656119,889.4244512356171,-0.11277805694501812,0.8372461137256337,BUY,closed,0.8372461137256337,0.8372461137256337,0.28589756760848706,0.03214174405132969,False,False
2024-07-23 15:00:00+00:00,66584.01,0.0,887.9167721347794,-0.11428200253532686,0.0,SELL,closed,0.0,0.0,0.8465881620060608,0.03214899618586156,False,False
2024-07-23 16:00:00+00:00,65857.99,0.0040102554357667785,885.7885930981151,-0.11640491149904497,0.3007251314733786,BUY,closed,0.3007251314733786,0.3007251314733786,0.3007251314733786,0.03216635867107473,False,False
2024-07-23 17:00:00+00:00,65940.29,0.011540484013633836,885.7462000798923,-0.11644719953817788,0.8577104287521731,BUY,closed,0.8577104287521731,0.8577104287521731,0.5592883040716106,0.03216491082830669,False,False
2024-07-23 18:00:00+00:00,65860.0,0.008818383892079602,884.6792696423843,-0.11751148790416034,0.6571811718095932,SELL,closed,0.6571811718095932,0.6571811718095932,0.2018145653788107,0.03215878260116081,False,False
2024-07-23 19:00:00+00:00,65536.01,0.008818383892079602,881.8222014451894,-0.12036148105853597,0.6234001256625799,HOLD,closed,0.6234001256625799,0.6553721305587803,0.031972004896200446,0.03215412746489946,True,False
2024-07-23 20:00:00+00:00,65836.01,0.00998685264585577,884.6650770987546,-0.11752564530237272,0.7399912542939298,BUY,closed,0.7399912542939298,0.7399912542939298,0.08358831363471508,0.032152952197917806,False,False
2024-07-23 21:00:00+00:00,65872.0,0.005759995737854724,884.3159175136764,-0.11787394025320194,0.4284797513689342,SELL,closed,0.4284797513689342,0.4284797513689342,0.3148374726965411,0.032142087757488,False,False
2024-07-23 22:00:00+00:00,65917.99,0.004601108881327264,884.3748842901998,-0.11781511949785825,0.34263035945944165,SELL,closed,0.34263035945944165,0.34263035945944165,0.08659818923228618,0.03213665325082379,False,False
2024-07-23 23:00:00+00:00,65936.01,0.0035469009629315634,884.2998516571399,-0.11788996632538076,0.26434792388165773,SELL,closed,0.26434792388165773,0.26434792388165773,0.07866308522352011,0.032128928955957814,False,False
2024-07-24 00:00:00+00:00,65784.7,0.002923868572407,883.7752948858538,-0.11841322412115711,0.21814463955815877,SELL,closed,0.21814463955815877,0.21814463955815877,0.0458761113371729,0.03212816098564905,False,False
2024-07-24 01:00:00+00:00,65666.01,0.0037943278541033576,883.2103916759817,-0.11897672844443545,0.2825455451498461,BUY,closed,0.2825455451498461,0.2825455451498461,0.06521178823184667,0.032125839588755145,False,False
2024-07-24 02:00:00+00:00,65878.16,0.004566503648716281,884.0777386653035,-0.1181115292922197,0.3392068604193001,BUY,closed,0.3392068604193001,0.3392068604193001,0.05644781657506154,0.03212654979614091,False,False
2024-07-24 03:00:00+00:00,66052.71,0.0,883.4762233657111,-0.11871155504161332,0.0,SELL,closed,0.0,0.0,0.34087300685391414,0.03212506765481471,False,False
2024-07-24 04:00:00+00:00,65860.0,0.0,883.4762233657111,-0.11871155504161332,0.0,HOLD,closed,0.0,0.0,0.0,0.03211885630322142,True,False
2024-07-24 05:00:00+00:00,65814.01,0.0,883.4762233657111,-0.11871155504161332,0.0,HOLD,closed,0.0,0.0,0.0,0.03211777965687446,True,False
2024-07-24 06:00:00+00:00,65898.0,0.0,883.4762233657111,-0.11871155504161332,0.0,HOLD,closed,0.0,0.0,0.0,0.032114721649859235,True,False
2024-07-24 07:00:00+00:00,66078.0,0.0,883.4762233657111,-0.11871155504161332,0.0,HOLD,closed,0.0,0.0,0.0,0.03211261707952229,True,False
2024-07-24 08:00:00+00:00,66437.01,0.0,883.4762233657111,-0.11871155504161332,0.0,HOLD,closed,0.0,0.0,0.0,0.03210868234057204,True,False
2024-07-24 09:00:00+00:00,66398.1,0.0,883.4762233657111,-0.11871155504161332,0.0,HOLD,closed,0.0,0.0,0.0,0.03209493930462606,True,False
2024-07-24 10:00:00+00:00,66491.53,0.0,883.4762233657111,-0.11871155504161332,0.0,HOLD,closed,0.0,0.0,0.0,0.03209114367551161,True,False
2024-07-24 11:00:00+00:00,66367.99,0.0,883.4762233657111,-0.11871155504161332,0.0,HOLD,closed,0.0,0.0,0.0,0.03209111188169145,True,False
2024-07-24 12:00:00+00:00,66215.1,0.0,883.4762233657111,-0.11871155504161332,0.0,HOLD,closed,0.0,0.0,0.0,0.032087658481671194,True,False
2024-07-24 13:00:00+00:00,66344.0,0.0,883.4762233657111,-0.11871155504161332,0.0,HOLD,closed,0.0,0.0,0.0,0.03208735347580299,True,False
2024-07-24 14:00:00+00:00,66760.01,0.0,883.4762233657111,-0.11871155504161332,0.0,HOLD,closed,0.0,0.0,0.0,0.032091079036962566,True,False
2024-07-24 15:00:00+00:00,66176.0,0.0,883.4762233657111,-0.11871155504161332,0.0,HOLD,closed,0.0,0.0,0.0,0.03208688738169008,True,False
2024-07-24 16:00:00+00:00,66394.0,0.0,883.4762233657111,-0.11871155504161332,0.0,HOLD,closed,0.0,0.0,0.0,0.032087781222868594,True,False
2024-07-24 17:00:00+00:00,66586.01,0.0,883.4762233657111,-0.11871155504161332,0.0,HOLD,closed,0.0,0.0,0.0,0.032070706760063794,True,False
2024-07-24 18:00:00+00:00,65754.0,0.0,883.4762233657111,-0.11871155504161332,0.0,HOLD,closed,0.0,0.0,0.0,0.03209368733594986,True,False
2024-07-24 19:00:00+00:00,65652.0,0.008803737103551857,881.4201908816702,-0.12076249611135874,0.6552309096691147,BUY,closed,0.6552309096691147,0.6552309096691147,0.6552309096691147,0.03209338785494775,False,False
2024-07-24 20:00:00+00:00,66044.01,0.009444362914073842,885.0383314079348,-0.11715331529392238,0.7007136266511969,BUY,closed,0.7007136266511969,0.7007136266511969,0.04363041863858219,0.03209652281004957,False,False
2024-07-24 21:00:00+00:00,65647.05,0.0,883.7911560822529,-0.11839740220230967,0.0,SELL,closed,0.0,0.0,0.7035085601000848,0.031950072812527375,False,False
2024-07-24 22:00:00+00:00,65288.01,0.010365538311151015,882.0046765771833,-0.12017945779513015,0.7699409607191368,BUY,closed,0.7699409607191368,0.7699409607191368,0.7699409607191368,0.03194552826734015,False,False
2024-07-24 23:00:00+00:00,65376.0,0.013523413262146932,882.7821558816752,-0.11940390378572775,1.0,BUY,closed,1.0,1.0,0.23247866791518113,0.031937585643630556,False,False
2024-07-25 00:00:00+00:00,65514.8,0.011540772999329887,884.124865589643,-0.11806451906968238,0.8528591419155491,SELL,closed,0.8528591419155491,0.8528591419155491,0.1486380555769935,0.031929541062114125,False,False
2024-07-25 01:00:00+00:00,64478.0,0.007431259506596032,875.8818434539992,-0.1262871287648298,0.558220847038684,SELL,closed,0.558220847038684,0.558220847038684,0.2949786577233823,0.031966124503500615,False,False
2024-07-25 02:00:00+00:00,64208.01,0.01355308187646379,873.3487910268236,-0.1288139085190593,1.0,BUY,closed,1.0,1.0,0.45398812887158446,0.03196754122313408,False,False
2024-07-25 03:00:00+00:00,64093.59,0.01355308187646379,871.7980473985187,-0.13036081199486707,1.0,HOLD,closed,1.0,0.996406995425873,0.0035930045741270344,0.03191833968806915,True,False
2024-07-25 04:00:00+00:00,64220.0,0.01355308187646379,873.5112924785224,-0.128651809474531,1.0,HOLD,closed,1.0,0.9964140424983746,0.003585957501625381,0.03186905671313853,True,False
2024-07-25 05:00:00+00:00,64263.01,0.011162262359851188,873.6843812931207,-0.1284791492849042,0.8200952255649525,SELL,closed,0.8200952255649525,0.8200952255649525,0.176321208345394,0.0318653553362466,False,False
2024-07-25 06:00:00+00:00,64324.01,0.008894811804684636,873.935611274403,-0.12822854143188506,0.6537397967267171,SELL,closed,0.6537397967267171,0.6537397967267171,0.1674289901159104,0.03186291313806905,False,False
2024-07-25 07:00:00+00:00,64134.0,0.006968949705820784,872.3637255144612,-0.12979653468444133,0.5139272334714703,SELL,closed,0.5139272334714703,0.5139272334714703,0.14008571929813352,0.031861492770102445,False,False
2024-07-25 08:00:00+00:00,64352.01,0.006968949705820784,873.8830262398271,-0.12828099624857822,0.5386931022797683,HOLD,closed,0.5386931022797683,0.5131875865447922,0.02550551573497606,0.031848590231657925,True,False
2024-07-25 09:00:00+00:00,64306.71,0.004628914596869116,873.3722397761072,-0.12879051783660989,0.34099255688270524,SELL,closed,0.34099255688270524,0.34099255688270524,0.1720191033530969,0.031845457801695065,False,False
2024-07-25 10:00:00+00:00,64165.68,0.004628914596869116,872.7194239505108,-0.12944171707499164,0.31670021875090704,HOLD,closed,0.31670021875090704,0.3403355587360866,0.023635339985179582,0.03184520757524223,True,False
2024-07-25 11:00:00+00:00,64096.0,0.004628914596869116,872.3968811814009,-0.12976346112186424,0.3430778311174747,HOLD,closed,0.3430778311174747,0.34009166745201824,0.002986163665456454,0.03182010363886062,True,False
2024-07-25 12:00:00+00:00,64124.0,0.004628914596869116,872.5264907901133,-0.12963417246927475,0.32811319456366883,HOLD,closed,0.32811319456366883,0.34018969365714824,0.01207649909347941,0.03181402523532853,True,False
2024-07-25 13:00:00+00:00,64050.01,0.0036503049645372257,872.1309216073128,-0.1300287620923612,0.26837470045420875,SELL,closed,0.26837470045420875,0.26837470045420875,0.0715558957304741,0.03181202741402181,False,False
2024-07-25 14:00:00+00:00,64835.0,0.0036503049645372257,874.9963745014248,-0.12717040500434232,0.2674409856073093,HOLD,closed,0.2674409856073093,0.2704782891364833,0.003037303529174029,0.03183426118435764,True,False
2024-07-25 15:00:00+00:00,64790.88,0.0,874.5231213603728,-0.12764248621458762,0.0,SELL,closed,0.0,0.0,0.2703439889660177,0.031833026092267847,False,False
2024-07-25 16:00:00+00:00,64868.0,0.0,874.5231213603728,-0.12764248621458762,0.0,HOLD,closed,0.0,0.0,0.0,0.03183228168669244,True,False
2024-07-25 17:00:00+00:00,65051.98,0.0,874.5231213603728,-0.12764248621458762,0.0,HOLD,closed,0.0,0.0,0.0,0.031832491950395225,True,False
2024-07-25 18:00:00+00:00,64568.0,0.0,874.5231213603728,-0.12764248621458762,0.0,HOLD,closed,0.0,0.0,0.0,0.031831618733490025,True,False
2024-07-25 19:00:00+00:00,64692.01,0.0,874.5231213603728,-0.12764248621458762,0.0,HOLD,closed,0.0,0.0,0.0,0.03178706958108585,True,False
2024-07-25 20:00:00+00:00,65298.01,0.0,874.5231213603728,-0.12764248621458762,0.0,HOLD,closed,0.0,0.0,0.0,0.03179525658123036,True,False
2024-07-25 21:00:00+00:00,65838.0,0.0,874.5231213603728,-0.12764248621458762,0.0,HOLD,closed,0.0,0.0,0.0,0.03180341626365732,True,False
2024-07-25 22:00:00+00:00,65644.0,0.0,874.5231213603728,-0.12764248621458762,0.0,HOLD,closed,0.0,0.0,0.0,0.031708989267626136,True,False
2024-07-25 23:00:00+00:00,65799.95,0.0,874.5231213603728,-0.12764248621458762,0.0,HOLD,closed,0.0,0.0,0.0,0.031694314216970776,True,False
2024-07-26 00:00:00+00:00,66384.0,0.0,874.5231213603728,-0.12764248621458762,0.0,HOLD,closed,0.0,0.0,0.0,0.03161837572966786,True,False
2024-07-26 01:00:00+00:00,66430.01,0.0,874.5231213603728,-0.12764248621458762,0.0,HOLD,closed,0.0,0.0,0.0,0.03157822162340057,True,False
2024-07-26 02:00:00+00:00,67014.01,0.0,874.5231213603728,-0.12764248621458762,0.0,HOLD,closed,0.0,0.0,0.0,0.03157582864533806,True,False
2024-07-26 03:00:00+00:00,67042.01,0.0,874.5231213603728,-0.12764248621458762,0.0,HOLD,closed,0.0,0.0,0.0,0.03157492772677334,True,False
2024-07-26 04:00:00+00:00,67075.83,0.0,874.5231213603728,-0.12764248621458762,0.0,HOLD,closed,0.0,0.0,0.0,0.03156915981435715,True,False
2024-07-26 05:00:00+00:00,66924.0,0.0,874.5231213603728,-0.12764248621458762,0.0,HOLD,closed,0.0,0.0,0.0,0.0315594737666397,True,False
2024-07-26 06:00:00+00:00,67062.01,0.0,874.5231213603728,-0.12764248621458762,0.0,HOLD,closed,0.0,0.0,0.0,0.03154883453498836,True,False
2024-07-26 07:00:00+00:00,66890.56,0.0,874.5231213603728,-0.12764248621458762,0.0,HOLD,closed,0.0,0.0,0.0,0.031536792291876975,True,False
2024-07-26 08:00:00+00:00,67106.01,0.0,874.5231213603728,-0.12764248621458762,0.0,HOLD,closed,0.0,0.0,0.0,0.031528537901977016,True,False
2024-07-26 09:00:00+00:00,67296.01,0.0,874.5231213603728,-0.12764248621458762,0.0,HOLD,closed,0.0,0.0,0.0,0.03149804310816076,True,False
2024-07-26 10:00:00+00:00,67304.01,0.0,874.5231213603728,-0.12764248621458762,0.0,HOLD,closed,0.0,0.0,0.0,0.03149774420505855,True,False
2024-07-26 11:00:00+00:00,67322.0,0.0,874.5231213603728,-0.12764248621458762,0.0,HOLD,closed,0.0,0.0,0.0,0.03145521630512163,True,False
2024-07-26 12:00:00+00:00,67314.01,0.0,874.5231213603728,-0.12764248621458762,0.0,HOLD,closed,0.0,0.0,0.0,0.03145287715388806,True,False
2024-07-26 13:00:00+00:00,67887.88,0.0,874.5231213603728,-0.12764248621458762,0.0,HOLD,closed,0.0,0.0,0.0,0.03146466569635592,True,False
2024-07-26 14:00:00+00:00,67328.01,0.0,874.5231213603728,-0.12764248621458762,0.0,HOLD,closed,0.0,0.0,0.0,0.0314754166175254,True,False
2024-07-26 15:00:00+00:00,67560.01,0.0,874.5231213603728,-0.12764248621458762,0.0,HOLD,closed,0.0,0.0,0.0,0.03147701263392544,True,False
2024-07-26 16:00:00+00:00,67396.0,0.0,874.5231213603728,-0.12764248621458762,0.0,HOLD,closed,0.0,0.0,0.0,0.031477306043255576,True,False
2024-07-26 17:00:00+00:00,67372.0,0.0,874.5231213603728,-0.12764248621458762,0.0,HOLD,closed,0.0,0.0,0.0,0.031475907788030166,True,False
2024-07-26 18:00:00+00:00,67573.75,0.0,874.5231213603728,-0.12764248621458762,0.0,HOLD,closed,0.0,0.0,0.0,0.03147681968913313,True,False
2024-07-26 19:00:00+00:00,67990.0,0.0,874.5231213603728,-0.12764248621458762,0.0,HOLD,closed,0.0,0.0,0.0,0.031482959319788784,True,False
2024-07-26 20:00:00+00:00,67435.17,0.0,874.5231213603728,-0.12764248621458762,0.0,HOLD,closed,0.0,0.0,0.0,0.031493837106748745,True,False
2024-07-26 21:00:00+00:00,67946.01,0.0,874.5231213603728,-0.12764248621458762,0.0,HOLD,closed,0.0,0.0,0.0,0.031495659821719035,True,False
2024-07-26 22:00:00+00:00,67926.0,0.0,874.5231213603728,-0.12764248621458762,0.0,HOLD,closed,0.0,0.0,0.0,0.031493188758945884,True,False
2024-07-26 23:00:00+00:00,67907.99,0.0,874.5231213603728,-0.12764248621458762,0.0,HOLD,closed,0.0,0.0,0.0,0.03149315426390517,True,False
2024-07-27 00:00:00+00:00,67872.27,0.0,874.5231213603728,-0.12764248621458762,0.0,HOLD,closed,0.0,0.0,0.0,0.03148688455516857,True,False
2024-07-27 01:00:00+00:00,67657.99,0.0,874.5231213603728,-0.12764248621458762,0.0,HOLD,closed,0.0,0.0,0.0,0.031483782357246276,True,False
2024-07-27 02:00:00+00:00,68028.0,0.0,874.5231213603728,-0.12764248621458762,0.0,HOLD,closed,0.0,0.0,0.0,0.03148846737040892,True,False
2024-07-27 03:00:00+00:00,67798.0,0.0,874.5231213603728,-0.12764248621458762,0.0,HOLD,closed,0.0,0.0,0.0,0.03148852033295932,True,False
2024-07-27 04:00:00+00:00,67866.01,0.0,874.5231213603728,-0.12764248621458762,0.0,HOLD,closed,0.0,0.0,0.0,0.03148856583947962,True,False
2024-07-27 05:00:00+00:00,67895.21,0.0,874.5231213603728,-0.12764248621458762,0.0,HOLD,closed,0.0,0.0,0.0,0.0314864004729343,True,False
2024-07-27 06:00:00+00:00,68092.89,0.0,874.5231213603728,-0.12764248621458762,0.0,HOLD,closed,0.0,0.0,0.0,0.03148776528095257,True,False
2024-07-27 07:00:00+00:00,68036.68,0.0,874.5231213603728,-0.12764248621458762,0.0,HOLD,closed,0.0,0.0,0.0,0.03148775704410306,True,False
2024-07-27 08:00:00+00:00,67986.0,0.0,874.5231213603728,-0.12764248621458762,0.0,HOLD,closed,0.0,0.0,0.0,0.031487818128650286,True,False
2024-07-27 09:00:00+00:00,68217.21,0.0,874.5231213603728,-0.12764248621458762,0.0,HOLD,closed,0.0,0.0,0.0,0.031486901140303336,True,False
2024-07-27 10:00:00+00:00,68155.41,0.0,874.5231213603728,-0.12764248621458762,0.0,HOLD,closed,0.0,0.0,0.0,0.03148680476081747,True,False
2024-07-27 11:00:00+00:00,68209.88,0.0,874.5231213603728,-0.12764248621458762,0.0,HOLD,closed,0.0,0.0,0.0,0.03148356962706528,True,False
2024-07-27 12:00:00+00:00,68400.0,0.0,874.5231213603728,-0.12764248621458762,0.0,HOLD,closed,0.0,0.0,0.0,0.03147078399653411,True,False
2024-07-27 13:00:00+00:00,69226.01,0.0,874.5231213603728,-0.12764248621458762,0.0,HOLD,closed,0.0,0.0,0.0,0.03149362741478648,True,False
2024-07-27 14:00:00+00:00,68981.69,0.0,874.5231213603728,-0.12764248621458762,0.0,HOLD,closed,0.0,0.0,0.0,0.03149411770705876,True,False
2024-07-27 15:00:00+00:00,68844.0,0.0,874.5231213603728,-0.12764248621458762,0.0,HOLD,closed,0.0,0.0,0.0,0.031494521092127165,True,False
2024-07-27 16:00:00+00:00,68684.01,0.0,874.5231213603728,-0.12764248621458762,0.0,HOLD,closed,0.0,0.0,0.0,0.03149477095391234,True,False
2024-07-27 17:00:00+00:00,68540.01,0.0,874.5231213603728,-0.12764248621458762,0.0,HOLD,closed,0.0,0.0,0.0,0.03149496286964837,True,False
2024-07-27 18:00:00+00:00,68542.76,0.0,874.5231213603728,-0.12764248621458762,0.0,HOLD,closed,0.0,0.0,0.0,0.0314922166986,True,False
2024-07-27 19:00:00+00:00,68246.0,0.0,874.5231213603728,-0.12764248621458762,0.0,HOLD,closed,0.0,0.0,0.0,0.031494540434425705,True,False
2024-07-27 20:00:00+00:00,67791.22,0.0,874.5231213603728,-0.12764248621458762,0.0,HOLD,closed,0.0,0.0,0.0,0.03149751436115497,True,False
2024-07-27 21:00:00+00:00,68860.0,0.005752025892801502,879.8907605554939,-0.12228813906380094,0.44588506089784596,BUY,closed,0.44588506089784596,0.44588506089784596,0.44588506089784596,0.03153547631418216,False,False
2024-07-27 22:00:00+00:00,68619.97,0.0,879.0988469970358,-0.12307809158319781,0.0,SELL,closed,0.0,0.0,0.44928776960370775,0.031534566641347905,False,False
2024-07-27 23:00:00+00:00,67896.5,0.0,879.0988469970358,-0.12307809158319781,0.0,HOLD,closed,0.0,0.0,0.0,0.031545161844968805,True,False
2024-07-28 00:00:00+00:00,67958.0,0.005250957544482923,880.3763995100471,-0.12180370271141223,0.4055534683355255,BUY,closed,0.4055534683355255,0.4055534683355255,0.4055534683355255,0.031538860747006625,False,False
2024-07-28 01:00:00+00:00,68090.01,0.003920816981949218,881.1353642947756,-0.12104661737371811,0.3024175240943936,SELL,closed,0.3024175240943936,0.3024175240943936,0.10338215446948273,0.031539345583640216,False,False
2024-07-28 02:00:00+00:00,68149.45,0.0,880.6015608439914,-0.12157909895116556,0.0,SELL,closed,0.0,0.0,0.30316666165672956,0.03153946792411175,False,False
2024-07-28 03:00:00+00:00,67940.95,0.0,880.6015608439914,-0.12157909895116556,0.0,HOLD,closed,0.0,0.0,0.0,0.0315372677836917,True,False
2024-07-28 04:00:00+00:00,67338.0,0.003648001300402033,879.0663852638345,-0.12311047293044525,0.2814537794289076,BUY,closed,0.2814537794289076,0.2814537794289076,0.2814537794289076,0.03154622241516766,False,False
2024-07-28 05:00:00+00:00,67422.0,0.012004237362405811,881.5830005989873,-0.12060008956457945,0.919224837907116,BUY,closed,0.919224837907116,0.919224837907116,0.6395305616950724,0.03154613996797628,False,False
2024-07-28 06:00:00+00:00,67486.01,0.009076366033405718,881.7693008289386,-0.1204142506754198,0.6935409714682819,SELL,closed,0.6935409714682819,0.6935409714682819,0.22459446774620007,0.0315438733102264,False,False
2024-07-28 07:00:00+00:00,67560.86,0.00695289864641502,882.0031670699523,-0.12018096356432362,0.531728740368983,SELL,closed,0.531728740368983,0.531728740368983,0.1631639122505667,0.031543948248112436,False,False
2024-07-28 08:00:00+00:00,67380.0,0.0051012501235045676,880.8304195888475,-0.12135080693601545,0.39131029398583794,SELL,closed,0.39131029398583794,0.39131029398583794,0.14060979256816686,0.03154441343910491,False,False
2024-07-28 09:00:00+00:00,67433.65,0.006695809326219861,880.9747132403417,-0.12120687060317535,0.5120435049067865,BUY,closed,0.5120435049067865,0.5120435049067865,0.12162889357588169,0.03153365800245714,False,False
2024-07-28 10:00:00+00:00,67560.01,0.005106614562811985,881.4057082321854,-0.12077694289702863,0.3905075280488873,SELL,closed,0.3905075280488873,0.3905075280488873,0.12248666219916787,0.03153371874362734,False,False
2024-07-28 11:00:00+00:00,67836.0,0.0028507288173466668,882.5992606506145,-0.11958634610789656,0.21816037261118187,SELL,closed,0.21816037261118187,0.21816037261118187,0.17423471922384437,0.03153625021286671,False,False
2024-07-28 12:00:00+00:00,68000.01,0.0,883.1151589228562,-0.1190717253698664,0.0,SELL,closed,0.0,0.0,0.21951859834451198,0.03153282508794808,False,False
2024-07-28 13:00:00+00:00,67988.01,0.0,883.1151589228562,-0.1190717253698664,0.0,HOLD,closed,0.0,0.0,0.0,0.0315322434679558,True,False
2024-07-28 14:00:00+00:00,67746.0,0.0,883.1151589228562,-0.1190717253698664,0.0,HOLD,closed,0.0,0.0,0.0,0.03153412011682874,True,False
2024-07-28 15:00:00+00:00,67645.0,0.0,883.1151589228562,-0.1190717253698664,0.0,HOLD,closed,0.0,0.0,0.0,0.0315344570929888,True,False
2024-07-28 16:00:00+00:00,67680.01,0.0,883.1151589228562,-0.1190717253698664,0.0,HOLD,closed,0.0,0.0,0.0,0.03153375478309872,True,False
2024-07-28 17:00:00+00:00,67988.47,0.0,883.1151589228562,-0.1190717253698664,0.0,HOLD,closed,0.0,0.0,0.0,0.03151419102588973,True,False
2024-07-28 18:00:00+00:00,68236.01,0.0,883.1151589228562,-0.1190717253698664,0.0,HOLD,closed,0.0,0.0,0.0,0.031514291001422945,True,False
2024-07-28 19:00:00+00:00,68112.0,0.0,883.1151589228562,-0.1190717253698664,0.0,HOLD,closed,0.0,0.0,0.0,0.03149996002188457,True,False
2024-07-28 20:00:00+00:00,68007.99,0.0,883.1151589228562,-0.1190717253698664,0.0,HOLD,closed,0.0,0.0,0.0,0.03146949317290845,True,False
2024-07-28 21:00:00+00:00,68021.93,0.0,883.1151589228562,-0.1190717253698664,0.0,HOLD,closed,0.0,0.0,0.0,0.03146850558423439,True,False
2024-07-28 22:00:00+00:00,68010.24,0.0,883.1151589228562,-0.1190717253698664,0.0,HOLD,closed,0.0,0.0,0.0,0.03145873898202278,True,False
2024-07-28 23:00:00+00:00,68249.88,0.0,883.1151589228562,-0.1190717253698664,0.0,HOLD,closed,0.0,0.0,0.0,0.031458057278903745,True,False
2024-07-29 00:00:00+00:00,68714.01,0.0,883.1151589228562,-0.1190717253698664,0.0,HOLD,closed,0.0,0.0,0.0,0.031459538786711566,True,False
2024-07-29 01:00:00+00:00,68547.99,0.0,883.1151589228562,-0.1190717253698664,0.0,HOLD,closed,0.0,0.0,0.0,0.03146047997041446,True,False
2024-07-29 02:00:00+00:00,69559.0,0.0,883.1151589228562,-0.1190717253698664,0.0,HOLD,closed,0.0,0.0,0.0,0.03149414172589027,True,False
2024-07-29 03:00:00+00:00,69347.67,0.0,883.1151589228562,-0.1190717253698664,0.0,HOLD,closed,0.0,0.0,0.0,0.031493160688067956,True,False
2024-07-29 04:00:00+00:00,69368.0,0.0,883.1151589228562,-0.1190717253698664,0.0,HOLD,closed,0.0,0.0,0.0,0.0312999188127038,True,False
2024-07-29 05:00:00+00:00,69662.07,0.0,883.1151589228562,-0.1190717253698664,0.0,HOLD,closed,0.0,0.0,0.0,0.03129895933131313,True,False
2024-07-29 06:00:00+00:00,69588.01,0.0,883.1151589228562,-0.1190717253698664,0.0,HOLD,closed,0.0,0.0,0.0,0.0312739764378481,True,False
2024-07-29 07:00:00+00:00,69528.01,0.0,883.1151589228562,-0.1190717253698664,0.0,HOLD,closed,0.0,0.0,0.0,0.031268110108922303,True,False
2024-07-29 08:00:00+00:00,69457.5,0.0,883.1151589228562,-0.1190717253698664,0.0,HOLD,closed,0.0,0.0,0.0,0.031268285119039285,True,False
2024-07-29 09:00:00+00:00,69520.0,0.0,883.1151589228562,-0.1190717253698664,0.0,HOLD,closed,0.0,0.0,0.0,0.03126804744987827,True,False
2024-07-29 10:00:00+00:00,69620.0,0.0,883.1151589228562,-0.1190717253698664,0.0,HOLD,closed,0.0,0.0,0.0,0.031209508640392042,True,False
2024-07-29 11:00:00+00:00,69580.01,0.0,883.1151589228562,-0.1190717253698664,0.0,HOLD,closed,0.0,0.0,0.0,0.03119966045341016,True,False
2024-07-29 12:00:00+00:00,69799.38,0.0,883.1151589228562,-0.1190717253698664,0.0,HOLD,closed,0.0,0.0,0.0,0.031201233096825404,True,False
2024-07-29 13:00:00+00:00,69273.6,0.0,883.1151589228562,-0.1190717253698664,0.0,HOLD,closed,0.0,0.0,0.0,0.031198678745054137,True,False
2024-07-29 14:00:00+00:00,68228.01,0.0,883.1151589228562,-0.1190717253698664,0.0,HOLD,closed,0.0,0.0,0.0,0.03123853153955955,True,False
2024-07-29 15:00:00+00:00,68104.0,0.005964392092117245,883.4144275773833,-0.11877319780319541,0.4607990239927974,BUY,closed,0.4607990239927974,0.4607990239927974,0.4607990239927974,0.031237004750095138,False,False
2024-07-29 16:00:00+00:00,66940.01,0.006483044187794408,875.959115398912,-0.12621004817072884,0.5037482194141454,BUY,closed,0.5037482194141454,0.5037482194141454,0.04822140740107772,0.03128519238976507,False,False
2024-07-29 17:00:00+00:00,67015.08,0.013093003683837064,878.0790592894906,-0.12409535396015958,1.0,BUY,closed,1.0,1.0,0.5042913935865563,0.03127760132003035,False,False
2024-07-29 18:00:00+00:00,67419.99,0.012112342763461103,883.1520571911735,-0.11903491847382658,0.9188675738706706,SELL,closed,0.9188675738706706,0.9188675738706706,0.08039619758234473,0.031283675201560446,False,False
2024-07-29 19:00:00+00:00,67303.05,0.007560043493855637,881.6543072205201,-0.12052895952175104,0.5780622147183472,SELL,closed,0.5780622147183472,0.5780622147183472,0.34647522462684954,0.03128413904829819,False,False
2024-07-29 20:00:00+00:00,67369.99,0.007560043493855637,882.1603765319987,-0.12002414340473645,0.5647358195559371,HOLD,closed,0.5647358195559371,0.5773553971930689,0.01261957763713184,0.031282521635610655,True,False
2024-07-29 21:00:00+00:00,67500.0,0.006029686756489379,882.7381626940512,-0.11944778803171481,0.45997067089972754,SELL,closed,0.45997067089972754,0.45997067089972754,0.11785510236631636,0.03128310731740985,False,False
2024-07-29 22:00:00+00:00,67227.36,0.004409019450817504,881.3173360679684,-0.12086509622263104,0.33777178317537015,SELL,closed,0.33777178317537015,0.33777178317537015,0.12229242899556209,0.031260021261310805,False,False
2024-07-29 23:00:00+00:00,66784.69,0.0056891884364097004,879.0197004436061,-0.12315704214366698,0.434937487001019,BUY,closed,0.434937487001019,0.434937487001019,0.10008813792725796,0.03126701108504801,False,False
2024-07-30 00:00:00+00:00,66610.0,0.007699886569993335,878.0191443693221,-0.12415512051123202,0.5856712043632228,BUY,closed,0.5856712043632228,0.5856712043632228,0.15407019955256768,0.03126746010144907,False,False
2024-07-30 01:00:00+00:00,66211.33,0.007699886569993335,874.949430590463,-0.12721723266670346,0.5738789802113379,HOLD,closed,0.5738789802113379,0.5826847961994136,0.008805815988075727,0.03127359699773097,True,False
2024-07-30 02:00:00+00:00,66418.01,0.008600011626586447,876.8799436581287,-0.125291500185875,0.6496196112977988,BUY,closed,0.6496196112977988,0.6496196112977988,0.06617715427693016,0.03127349078775654,False,False
2024-07-30 03:00:00+00:00,66610.0,0.0061519882376152996,878.4770780833962,-0.12369832079201272,0.4650976765886299,SELL,closed,0.4650976765886299,0.4650976765886299,0.18695300277886118,0.031268217586569336,False,False
2024-07-30 04:00:00+00:00,66808.04,0.004237647394023152,879.061337043247,-0.12311550864997417,0.3208720736671558,SELL,closed,0.3208720736671558,0.3208720736671558,0.1463376763507777,0.03125682579003333,False,False
2024-07-30 05:00:00+00:00,66484.01,0.0,878.4952607644938,-0.12368018313722834,0.0,SELL,closed,0.0,0.0,0.32099757957093267,0.031260823693140816,False,False
2024-07-30 06:00:00+00:00,66766.01,0.0038254629393264074,879.0652499147001,-0.12311160546808088,0.289508808609256,BUY,closed,0.289508808609256,0.289508808609256,0.289508808609256,0.031262534410187615,False,False
2024-07-30 07:00:00+00:00,66952.0,0.0,878.5545176482858,-0.1236210729930173,0.0,SELL,closed,0.0,0.0,0.29112203222456107,0.03126385456847211,False,False
2024-07-30 08:00:00+00:00,66772.01,0.0,878.5545176482858,-0.1236210729930173,0.0,HOLD,closed,0.0,0.0,0.0,0.031264671050590276,True,False
2024-07-30 09:00:00+00:00,66608.01,0.0,878.5545176482858,-0.1236210729930173,0.0,HOLD,closed,0.0,0.0,0.0,0.03126569392525308,True,False
2024-07-30 10:00:00+00:00,66581.87,0.0,878.5545176482858,-0.1236210729930173,0.0,HOLD,closed,0.0,0.0,0.0,0.03126205043082253,True,False
2024-07-30 11:00:00+00:00,66574.01,0.0,878.5545176482858,-0.1236210729930173,0.0,HOLD,closed,0.0,0.0,0.0,0.03125299516011737,True,False
2024-07-30 12:00:00+00:00,66668.0,0.0,878.5545176482858,-0.1236210729930173,0.0,HOLD,closed,0.0,0.0,0.0,0.03125099542862966,True,False
2024-07-30 13:00:00+00:00,66381.99,0.0,878.5545176482858,-0.1236210729930173,0.0,HOLD,closed,0.0,0.0,0.0,0.0312527194702171,True,False
2024-07-30 14:00:00+00:00,65810.0,0.0,878.5545176482858,-0.1236210729930173,0.0,HOLD,closed,0.0,0.0,0.0,0.031257934016515054,True,False
2024-07-30 15:00:00+00:00,66216.01,0.005665911114145614,881.8110285558844,-0.12037262628008344,0.4244172212319185,BUY,closed,0.4244172212319185,0.4244172212319185,0.4244172212319185,0.031264285496519106,False,False
2024-07-30 16:00:00+00:00,66180.01,0.0028885759272015165,882.177297288448,-0.12000726454965883,0.21695603640259536,SELL,closed,0.21695603640259536,0.21695603640259536,0.20836956840647386,0.031264105864491354,False,False
2024-07-30 17:00:00+00:00,65868.01,0.0028885759272015165,881.2760615991612,-0.12090626848224553,0.22996647148091554,HOLD,closed,0.22996647148091554,0.21589687539386335,0.014069596087052189,0.03126706312090369,True,False
2024-07-30 18:00:00+00:00,65824.01,0.005363338530293982,881.4582002445636,-0.12072458087217941,0.40092248901878663,BUY,closed,0.40092248901878663,0.40092248901878663,0.18513871302819143,0.031266197756035424,False,False
2024-07-30 19:00:00+00:00,65931.02,0.006308153917069914,882.2927652699241,-0.1198920825049742,0.47076280874149784,BUY,closed,0.47076280874149784,0.47076280874149784,0.06985861552768402,0.03126598879091477,False,False
2024-07-30 20:00:00+00:00,66186.01,0.006308153917069914,883.9012814372377,-0.11828754955401165,0.4437058939837686,HOLD,closed,0.4437058939837686,0.47235086881857213,0.02864497483480355,0.03125227719000864,True,False
2024-07-30 21:00:00+00:00,66304.0,0.002903517199783835,883.7932674833755,-0.11839529602971231,0.21723071206933103,SELL,closed,0.21723071206933103,0.21723071206933103,0.25556409584971956,0.0312477903346923,False,False
2024-07-30 22:00:00+00:00,66222.0,0.0,883.4083341319488,-0.11877927615925007,0.0,SELL,closed,0.0,0.0,0.21761710027642828,0.031247694355605315,False,False
2024-07-30 23:00:00+00:00,66188.0,0.0,883.4083341319488,-0.11877927615925007,0.0,HOLD,closed,0.0,0.0,0.0,0.031243239207614126,True,False
2024-07-31 00:00:00+00:00,66344.0,0.0,883.4083341319488,-0.11877927615925007,0.0,HOLD,closed,0.0,0.0,0.0,0.031176049037166198,True,False
2024-07-31 01:00:00+00:00,66296.0,0.0,883.4083341319488,-0.11877927615925007,0.0,HOLD,closed,0.0,0.0,0.0,0.03116924087763223,True,False
2024-07-31 02:00:00+00:00,66122.16,0.0,883.4083341319488,-0.11877927615925007,0.0,HOLD,closed,0.0,0.0,0.0,0.031166979786505594,True,False
2024-07-31 03:00:00+00:00,66058.0,0.0036087205596667745,882.6994103567604,-0.11948644440544202,0.2701088784307768,BUY,closed,0.2701088784307768,0.2701088784307768,0.2701088784307768,0.031163757557778476,False,False
2024-07-31 04:00:00+00:00,65804.0,0.0049467379254756905,881.6659144354428,-0.1205173810501193,0.3705806187305742,BUY,closed,0.3705806187305742,0.3705806187305742,0.10127592264813168,0.031163866127420725,False,False
2024-07-31 05:00:00+00:00,66175.52,0.009869866425062955,884.6846821333347,-0.11750608881632196,0.7351148283219466,BUY,closed,0.7351148283219466,0.7351148283219466,0.3645980498411607,0.03116580314603612,False,False
2024-07-31 06:00:00+00:00,66459.99,0.0,886.3288967676681,-0.11586594579951362,0.0,SELL,closed,0.0,0.0,0.7391063306366162,0.031167610424807035,False,False
2024-07-31 07:00:00+00:00,66224.0,0.0,886.3288967676681,-0.11586594579951362,0.0,HOLD,closed,0.0,0.0,0.0,0.031168449269678683,True,False
2024-07-31 08:00:00+00:00,66312.01,0.0,886.3288967676681,-0.11586594579951362,0.0,HOLD,closed,0.0,0.0,0.0,0.031162775945584142,True,False
2024-07-31 09:00:00+00:00,66262.0,0.0,886.3288967676681,-0.11586594579951362,0.0,HOLD,closed,0.0,0.0,0.0,0.031154948973156543,True,False
2024-07-31 10:00:00+00:00,65992.0,0.0,886.3288967676681,-0.11586594579951362,0.0,HOLD,closed,0.0,0.0,0.0,0.03115774650501002,True,False
2024-07-31 11:00:00+00:00,66094.01,0.005585408486744819,886.161295437548,-0.1160331320934829,0.41586399608708974,BUY,closed,0.41586399608708974,0.41586399608708974,0.41586399608708974,0.031158153914841086,False,False
2024-07-31 12:00:00+00:00,66153.82,0.002727716978490413,885.9467820459301,-0.11624711427921897,0.2033690887158196,SELL,closed,0.2033690887158196,0.2033690887158196,0.21343637340465726,0.031158296358147264,False,False
2024-07-31 13:00:00+00:00,66508.0,0.0,886.4006722079171,-0.11579434809891874,0.0,SELL,closed,0.0,0.0,0.2045465838925872,0.031163024211391555,False,False
2024-07-31 14:00:00+00:00,66440.0,0.0,886.4006722079171,-0.11579434809891874,0.0,HOLD,closed,0.0,0.0,0.0,0.031163206496908097,True,False
2024-07-31 15:00:00+00:00,66379.99,0.0,886.4006722079171,-0.11579434809891874,0.0,HOLD,closed,0.0,0.0,0.0,0.031160356835721825,True,False
2024-07-31 16:00:00+00:00,66362.0,0.0,886.4006722079171,-0.11579434809891874,0.0,HOLD,closed,0.0,0.0,0.0,0.031160353986565387,True,False
2024-07-31 17:00:00+00:00,66686.0,0.0,886.4006722079171,-0.11579434809891874,0.0,HOLD,closed,0.0,0.0,0.0,0.03116445979367974,True,False
2024-07-31 18:00:00+00:00,66527.99,0.0,886.4006722079171,-0.11579434809891874,0.0,HOLD,closed,0.0,0.0,0.0,0.03116142250158757,True,False
2024-07-31 19:00:00+00:00,65256.83,0.0,886.4006722079171,-0.11579434809891874,0.0,HOLD,closed,0.0,0.0,0.0,0.03122590015869381,True,False
2024-07-31 20:00:00+00:00,64595.81,0.0135832628126116,879.6871173030478,-0.1224912780284137,1.0,BUY,closed,1.0,1.0,1.0,0.031243212306398094,False,False
2024-07-31 21:00:00+00:00,64978.0,0.013663630056467696,884.8988347042068,-0.11729246655782051,1.0,BUY,closed,1.0,0.9974400401095078,0.0025599598904921805,0.03122749475004552,True,False
2024-07-31 22:00:00+00:00,64980.01,0.013663630056467696,884.9262986006204,-0.11726507067106919,1.0,HOLD,closed,1.0,1.003318377032748,0.0033183770327480655,0.031218900595000043,True,False
2024-07-31 23:00:00+00:00,64628.0,0.012647615784522757,880.342203143517,-0.12183781439646439,0.9337879021922553,SELL,closed,0.9337879021922553,0.9337879021922553,0.06954860938410867,0.031219267769952902,False,False
2024-08-01 00:00:00+00:00,64645.9,0.013625185046948839,880.7468542733143,-0.12143416531627625,1.0,BUY,closed,1.0,1.0,0.07149027406327335,0.031216952768254702,False,False
2024-08-01 01:00:00+00:00,64202.0,0.011337063164344678,875.4185704966897,-0.12674925450555796,0.837882469000435,SELL,closed,0.837882469000435,0.837882469000435,0.16219240907830268,0.031222776360055493,False,False
2024-08-01 02:00:00+00:00,64110.01,0.013242895025770881,874.5120344967277,-0.12765354562350306,0.9723741998681141,BUY,closed,0.9723741998681141,0.9723741998681141,0.14113054293393035,0.0312231300644574,False,False
2024-08-01 03:00:00+00:00,63936.01,0.011478335030589601,872.2885912361937,-0.12987148290546435,0.8436935366535423,SELL,closed,0.8436935366535423,0.8436935366535423,0.12705895739576833,0.03122245204285659,False,False
2024-08-01 04:00:00+00:00,63740.41,0.010753009922808376,870.0925768958004,-0.13206205919033442,0.7901956696812982,SELL,closed,0.7901956696812982,0.7901956696812982,0.05072072214595946,0.031224014585320703,False,False
2024-08-01 05:00:00+00:00,64303.99,0.010336737835884298,875.9857008671454,-0.1261835285368799,0.7520011796279125,SELL,closed,0.7520011796279125,0.7520011796279125,0.037200744411635234,0.03123646189936169,False,False
2024-08-01 06:00:00+00:00,64226.0,0.004830439287065092,874.9010529648772,-0.12726549049333838,0.35491753884322386,SELL,closed,0.35491753884322386,0.35491753884322386,0.40365518241383247,0.03123522179595728,False,False
2024-08-01 07:00:00+00:00,64328.59,0.004830439287065092,875.3966077313371,-0.12677116288386248,0.34557358100111246,HOLD,closed,0.34557358100111246,0.3549652188198433,0.009391637818730814,0.03123067767934251,True,False
2024-08-01 08:00:00+00:00,64507.17,0.0033908288403713895,875.8169863966551,-0.1263518252147168,0.24893007146220825,SELL,closed,0.24893007146220825,0.24893007146220825,0.10667014187445023,0.031231925014279682,False,False
2024-08-01 09:00:00+00:00,64466.0,0.0,875.3796640586366,-0.12678806459844305,0.0,SELL,closed,0.0,0.0,0.24962751753651863,0.031228872171836675,False,False
2024-08-01 10:00:00+00:00,64584.55,0.0,875.3796640586366,-0.12678806459844305,0.0,HOLD,closed,0.0,0.0,0.0,0.031198753279514546,True,False
2024-08-01 11:00:00+00:00,64674.25,0.0,875.3796640586366,-0.12678806459844305,0.0,HOLD,closed,0.0,0.0,0.0,0.031191225846180698,True,False
2024-08-01 12:00:00+00:00,64883.98,0.0,875.3796640586366,-0.12678806459844305,0.0,HOLD,closed,0.0,0.0,0.0,0.031190054221672536,True,False
2024-08-01 13:00:00+00:00,64754.03,0.0,875.3796640586366,-0.12678806459844305,0.0,HOLD,closed,0.0,0.0,0.0,0.03118947661366725,True,False
2024-08-01 14:00:00+00:00,63935.83,0.0,875.3796640586366,-0.12678806459844305,0.0,HOLD,closed,0.0,0.0,0.0,0.031217333258402924,True,False
2024-08-01 15:00:00+00:00,62906.6,0.005125978472531643,870.9425142194821,-0.13121422659168688,0.37439033788371145,BUY,closed,0.37439033788371145,0.37439033788371145,0.37439033788371145,0.0312514524204163,False,False
2024-08-01 16:00:00+00:00,62908.0,0.01125015425615334,871.9387240267274,-0.1302204837283703,0.812582416075974,BUY,closed,0.812582416075974,0.812582416075974,0.442337088206555,0.031249847911894252,False,False
2024-08-01 17:00:00+00:00,63220.0,0.009603096328273641,875.1994036390906,-0.1269678786337592,0.690059429020806,SELL,closed,0.690059429020806,0.690059429020806,0.12236361010634833,0.031253577648383574,False,False
2024-08-01 18:00:00+00:00,62954.0,0.006411094953516815,873.0905566267943,-0.12907150344557541,0.46446084288940576,SELL,closed,0.46446084288940576,0.46446084288940576,0.2283218351696759,0.031255851345083935,False,False
2024-08-01 19:00:00+00:00,63422.01,0.0073049794907435826,876.396793683868,-0.12577345372150694,0.5249198986111459,BUY,closed,0.5249198986111459,0.5249198986111459,0.06080769778068945,0.031265216235001,False,False
2024-08-01 20:00:00+00:00,64760.0,0.0037506906230262557,881.9984269806978,-0.12018569191555431,0.26843170945385797,SELL,closed,0.26843170945385797,0.26843170945385797,0.2654049739404878,0.03133760521391055,False,False
2024-08-01 21:00:00+00:00,64889.03,0.0,882.6267230671516,-0.11955895169735704,0.0,SELL,closed,0.0,0.0,0.27578870951127504,0.03133559026937871,False,False
2024-08-01 22:00:00+00:00,65184.37,0.0,882.6267230671516,-0.11955895169735704,0.0,HOLD,closed,0.0,0.0,0.0,0.031331512043506704,True,False
2024-08-01 23:00:00+00:00,65354.02,0.0,882.6267230671516,-0.11955895169735704,0.0,HOLD,closed,0.0,0.0,0.0,0.031323603092439894,True,False
2024-08-02 00:00:00+00:00,64897.99,0.0,882.6267230671516,-0.11955895169735704,0.0,HOLD,closed,0.0,0.0,0.0,0.03133129128951778,True,False
2024-08-02 01:00:00+00:00,64647.99,0.0,882.6267230671516,-0.11955895169735704,0.0,HOLD,closed,0.0,0.0,0.0,0.03133379134675443,True,False
2024-08-02 02:00:00+00:00,64359.91,0.0,882.6267230671516,-0.11955895169735704,0.0,HOLD,closed,0.0,0.0,0.0,0.03133539859488926,True,False
2024-08-02 03:00:00+00:00,64609.18,0.0,882.6267230671516,-0.11955895169735704,0.0,HOLD,closed,0.0,0.0,0.0,0.031337361722906826,True,False
2024-08-02 04:00:00+00:00,64531.99,0.0,882.6267230671516,-0.11955895169735704,0.0,HOLD,closed,0.0,0.0,0.0,0.031335206763130924,True,False
2024-08-02 05:00:00+00:00,64170.01,0.0,882.6267230671516,-0.11955895169735704,0.0,HOLD,closed,0.0,0.0,0.0,0.03133336177825968,True,False
2024-08-02 06:00:00+00:00,64477.21,0.0,882.6267230671516,-0.11955895169735704,0.0,HOLD,closed,0.0,0.0,0.0,0.03133463119855545,True,False
2024-08-02 07:00:00+00:00,64164.07,0.0,882.6267230671516,-0.11955895169735704,0.0,HOLD,closed,0.0,0.0,0.0,0.03133856231243998,True,False
2024-08-02 08:00:00+00:00,64598.01,0.0,882.6267230671516,-0.11955895169735704,0.0,HOLD,closed,0.0,0.0,0.0,0.031344549142667405,True,False
2024-08-02 09:00:00+00:00,64511.99,0.0,882.6267230671516,-0.11955895169735704,0.0,HOLD,closed,0.0,0.0,0.0,0.031333780082317964,True,False
2024-08-02 10:00:00+00:00,64764.93,0.0,882.6267230671516,-0.11955895169735704,0.0,HOLD,closed,0.0,0.0,0.0,0.031336306193935515,True,False
2024-08-02 11:00:00+00:00,64660.01,0.0,882.6267230671516,-0.11955895169735704,0.0,HOLD,closed,0.0,0.0,0.0,0.03132899825005683,True,False
2024-08-02 12:00:00+00:00,64846.0,0.0,882.6267230671516,-0.11955895169735704,0.0,HOLD,closed,0.0,0.0,0.0,0.031329908317148825,True,False
2024-08-02 13:00:00+00:00,65229.99,0.0,882.6267230671516,-0.11955895169735704,0.0,HOLD,closed,0.0,0.0,0.0,0.03133566154259623,True,False
2024-08-02 14:00:00+00:00,63157.95,0.0,882.6267230671516,-0.11955895169735704,0.0,HOLD,closed,0.0,0.0,0.0,0.031506605669470666,True,False
2024-08-02 15:00:00+00:00,63416.01,0.012981959923582382,888.1536802212806,-0.11404568111135538,0.9289475996221785,BUY,closed,0.9289475996221785,0.9289475996221785,0.9289475996221785,0.03148416772283816,False,False
2024-08-02 16:00:00+00:00,63307.38,0.00889176491220746,886.669088975138,-0.11552659602010926,0.6359000043662444,SELL,closed,0.6359000043662444,0.6359000043662444,0.2909225959089343,0.03148458925615841,False,False
2024-08-02 17:00:00+00:00,63098.01,0.00889176491220746,884.8074201554692,-0.11738365473399645,0.622509191071958,HOLD,closed,0.622509191071958,0.6340958027335859,0.011586611661627888,0.03148622603940021,True,False
2024-08-02 18:00:00+00:00,62898.25,0.00935865885050565,883.0161718232565,-0.11917046734477181,0.6687337309662249,BUY,closed,0.6687337309662249,0.6687337309662249,0.0353739452289028,0.03148600372401997,False,False
2024-08-02 19:00:00+00:00,62633.57,0.009795383297236622,880.496511810637,-0.12168388784847912,0.6996990299795978,BUY,closed,0.6996990299795978,0.6996990299795978,0.034008886776480174,0.031488437536810576,False,False
2024-08-02 20:00:00+00:00,62622.01,0.010544989074854736,880.4993354643177,-0.12168107118709588,0.7502078173665856,BUY,closed,0.7502078173665856,0.7502078173665856,0.05345833711928616,0.03148830397004079,False,False
2024-08-02 21:00:00+00:00,61987.01,0.008988947989230393,874.5965173715178,-0.1275692719561645,0.6442022041698716,SELL,closed,0.6442022041698716,0.6442022041698716,0.1038521549955701,0.03150506900310818,False,False
2024-08-02 22:00:00+00:00,61386.01,0.012224663517489364,867.7849458169953,-0.1343639758137725,0.8718080460578115,BUY,closed,0.8718080460578115,0.8718080460578115,0.2369721523246182,0.03152021311921713,False,False
2024-08-02 23:00:00+00:00,61498.33,0.013980629784317956,869.1396127328582,-0.13301266349982113,0.9874097229448027,BUY,closed,0.9874097229448027,0.9874097229448027,0.12243882718365506,0.031519907308883904,False,False
2024-08-03 00:00:00+00:00,61132.01,0.010734182323838905,864.8082970945957,-0.13733325337254734,0.7640283184450354,SELL,closed,0.7640283184450354,0.7640283184450354,0.22514525643886696,0.03152559956151524,False,False
2024-08-03 01:00:00+00:00,61342.01,0.010734182323838905,867.0624753826019,-0.13508465717317503,0.7718948160631012,HOLD,closed,0.7718948160631012,0.759410467117952,0.01248434894514916,0.031523164001259624,True,False
2024-08-03 02:00:00+00:00,61450.01,0.00800148491345056,868.3731718788044,-0.13377720639362797,0.565324651131603,SELL,closed,0.565324651131603,0.565324651131603,0.19440706276566644,0.03152359626578699,False,False
2024-08-03 03:00:00+00:00,61895.99,0.006295466019701665,871.4604135387838,-0.1306976097618489,0.4436723938622789,SELL,closed,0.4436723938622789,0.4436723938622789,0.12432411884900624,0.031531201218503446,False,False
2024-08-03 04:00:00+00:00,61566.25,0.0032238716856818114,870.0172304044681,-0.1321372190989128,0.2295241276196144,SELL,closed,0.2295241276196144,0.2295241276196144,0.2162949709174832,0.03153347692266997,False,False
2024-08-03 05:00:00+00:00,61693.99,0.004473129106137064,870.434752753549,-0.13172073067282355,0.3163886019962346,BUY,closed,0.3163886019962346,0.3163886019962346,0.08788806189308537,0.031508993994112916,False,False
2024-08-03 06:00:00+00:00,61827.89,0.0033517387945727426,870.745230275809,-0.13141102199527172,0.2373985898213779,SELL,closed,0.2373985898213779,0.2373985898213779,0.08011396201761284,0.031507004235377056,False,False
2024-08-03 07:00:00+00:00,61662.01,0.0,870.3308720162786,-0.13182435416713945,0.0,SELL,closed,0.0,0.0,0.23750575237545576,0.03150772462335805,False,False
2024-08-03 08:00:00+00:00,61629.68,0.0,870.3308720162786,-0.13182435416713945,0.0,HOLD,closed,0.0,0.0,0.0,0.03150519046634506,True,False
2024-08-03 09:00:00+00:00,61735.99,0.0,870.3308720162786,-0.13182435416713945,0.0,HOLD,closed,0.0,0.0,0.0,0.03150460933496438,True,False
2024-08-03 10:00:00+00:00,61822.01,0.0,870.3308720162786,-0.13182435416713945,0.0,HOLD,closed,0.0,0.0,0.0,0.0315033612031963,True,False
2024-08-03 11:00:00+00:00,61919.38,0.0,870.3308720162786,-0.13182435416713945,0.0,HOLD,closed,0.0,0.0,0.0,0.03150371868764468,True,False
2024-08-03 12:00:00+00:00,62002.71,0.0,870.3308720162786,-0.13182435416713945,0.0,HOLD,closed,0.0,0.0,0.0,0.03150196574051431,True,False
2024-08-03 13:00:00+00:00,62007.99,0.0,870.3308720162786,-0.13182435416713945,0.0,HOLD,closed,0.0,0.0,0.0,0.03150161838508436,True,False
2024-08-03 14:00:00+00:00,61990.0,0.0,870.3308720162786,-0.13182435416713945,0.0,HOLD,closed,0.0,0.0,0.0,0.03150143791525173,True,False
2024-08-03 15:00:00+00:00,60879.0,0.0,870.3308720162786,-0.13182435416713945,0.0,HOLD,closed,0.0,0.0,0.0,0.03155416815942205,True,False
2024-08-03 16:00:00+00:00,60912.01,0.0063834204570317665,871.584468726913,-0.13057386177526598,0.44651560726272027,BUY,closed,0.44651560726272027,0.44651560726272027,0.44651560726272027,0.03155417771142496,False,False
2024-08-03 17:00:00+00:00,60576.0,0.005811374728497615,869.5621172163442,-0.1325912052767341,0.40713871958717296,SELL,closed,0.40713871958717296,0.40713871958717296,0.037609930518605894,0.031558706229483646,False,False
2024-08-03 18:00:00+00:00,60243.97,0.00770139364759203,867.3114315077052,-0.13483631754551725,0.53769252401764,BUY,closed,0.53769252401764,0.53769252401764,0.13418037113858589,0.03153565878004261,False,False
2024-08-03 19:00:00+00:00,60246.0,0.009864014055555807,867.6799479353734,-0.13446871368602215,0.6851479569725152,BUY,closed,0.6851479569725152,0.6851479569725152,0.15019617207387082,0.03153255400394095,False,False
2024-08-03 20:00:00+00:00,60395.97,0.010678574184852888,869.1832330278853,-0.13296915122302588,0.7401882728330644,BUY,closed,0.7401882728330644,0.7401882728330644,0.054759573601354083,0.031519757522955244,False,False
2024-08-03 21:00:00+00:00,60648.0,0.008312057635075134,871.6587904598001,-0.13049972408749302,0.5757878598672603,SELL,closed,0.5757878598672603,0.5757878598672603,0.16701873327453343,0.031522453844242376,False,False
2024-08-03 22:00:00+00:00,60629.84,0.005591433542573858,871.2273317069478,-0.1309301144062232,0.3891063792734366,SELL,closed,0.3891063792734366,0.3891063792734366,0.18915430793441923,0.03151688452890242,False,False
2024-08-03 23:00:00+00:00,60697.99,0.005591433542573858,871.6083879028743,-0.13055000183107043,0.3825831646737811,HOLD,closed,0.3825831646737811,0.3893821835163794,0.006799018842598259,0.03151653288246076,True,False
2024-08-04 00:00:00+00:00,60747.0,0.004570364296639934,871.70845874372,-0.1304501787986195,0.3181758442632215,SELL,closed,0.3181758442632215,0.3181758442632215,0.07139825889251511,0.03150601124790395,False,False
2024-08-04 01:00:00+00:00,60743.58,0.003841279708683483,871.606764309038,-0.13055162140435306,0.2676931723444308,SELL,closed,0.2676931723444308,0.2676931723444308,0.05079090866826247,0.031501549719800265,False,False
2024-08-04 02:00:00+00:00,60886.95,0.003841279708683483,872.1574885808719,-0.1300022609073876,0.2544390368116447,HOLD,closed,0.2544390368116447,0.2681669407427654,0.013727903931120722,0.031495633784943106,True,False
2024-08-04 03:00:00+00:00,60735.0,0.0,871.6898762476482,-0.13046871527830453,0.0,SELL,closed,0.0,0.0,0.26767684098152467,0.03149508527116862,False,False
2024-08-04 04:00:00+00:00,60564.12,0.0034351187480664317,870.6855149656824,-0.1314705894306026,0.23934192979492877,BUY,closed,0.23934192979492877,0.23934192979492877,0.23934192979492877,0.03149549418167544,False,False
2024-08-04 05:00:00+00:00,60792.0,0.004999441569771009,871.6352566694993,-0.13052319960037004,0.34744439442101804,BUY,closed,0.34744439442101804,0.34744439442101804,0.10781693283936664,0.03149777209028015,False,False
2024-08-04 06:00:00+00:00,60819.61,0.0,871.0275565287063,-0.13112939487525835,0.0,SELL,closed,0.0,0.0,0.34878802728039854,0.0314946326296528,False,False
2024-08-04 07:00:00+00:00,60373.99,0.0,871.0275565287063,-0.13112939487525835,0.0,HOLD,closed,0.0,0.0,0.0,0.03150197056595702,True,False
2024-08-04 08:00:00+00:00,60565.41,0.006025118248207658,873.1476981018367,-0.12901450347166452,0.4176222513177179,BUY,closed,0.4176222513177179,0.4176222513177179,0.4176222513177179,0.03149156410270895,False,False
2024-08-04 09:00:00+00:00,60708.0,0.0030977095086106095,873.2366134470999,-0.12892580831011116,0.21466179652940306,SELL,closed,0.21466179652940306,0.21466179652940306,0.20383937572960023,0.03149182584564919,False,False
2024-08-04 10:00:00+00:00,60812.01,0.0,872.8605959772768,-0.12930089463670763,0.0,SELL,closed,0.0,0.0,0.21564425917855354,0.031487940377647905,False,False
2024-08-04 11:00:00+00:00,60896.0,0.0,872.8605959772768,-0.12930089463670763,0.0,HOLD,closed,0.0,0.0,0.0,0.03148801635175949,True,False
2024-08-04 12:00:00+00:00,61062.0,0.0,872.8605959772768,-0.12930089463670763,0.0,HOLD,closed,0.0,0.0,0.0,0.03148919672333264,True,False
2024-08-04 13:00:00+00:00,60822.01,0.0,872.8605959772768,-0.12930089463670763,0.0,HOLD,closed,0.0,0.0,0.0,0.03149125054307317,True,False
2024-08-04 14:00:00+00:00,59586.7,0.0,872.8605959772768,-0.12930089463670763,0.0,HOLD,closed,0.0,0.0,0.0,0.03155918264638219,True,False
2024-08-04 15:00:00+00:00,59086.01,0.014648583366138928,867.8745793496192,-0.13427456424332712,1.0,BUY,closed,1.0,1.0,1.0,0.03157009774435701,False,False
2024-08-04 16:00:00+00:00,58663.9,0.014543933999483762,861.7520462396842,-0.14038193594270942,1.0,SELL,closed,1.0,0.9972748521596622,0.002725147840337838,0.031577058262758056,True,False
2024-08-04 17:00:00+00:00,57864.43,0.014345729670849504,850.2598166756205,-0.15184570695743432,1.0,SELL,closed,1.0,0.989944819366816,0.010055180633184002,0.031545364581099605,True,False
2024-08-04 18:00:00+00:00,58770.6,0.01457038702694605,863.4370584482815,-0.1387010963798818,1.0,BUY,closed,1.0,0.9766555170811991,0.02334448291880087,0.0315766471994198,True,False
2024-08-04 19:00:00+00:00,59257.66,0.010591258778527849,869.2247016127933,-0.13292778532800614,0.7150264546843059,SELL,closed,0.7150264546843059,0.7150264546843059,0.2767869919965793,0.031587338824782485,False,False
2024-08-04 20:00:00+00:00,59158.0,0.005578462514388695,869.4670090960562,-0.13268607787795947,0.38076298909571266,SELL,closed,0.38076298909571266,0.38076298909571266,0.3409370016323012,0.031580444382808215,False,False
2024-08-04 21:00:00+00:00,58459.98,0.006029172811569766,865.3305966845797,-0.13681224716854795,0.4120667022017193,BUY,closed,0.4120667022017193,0.4120667022017193,0.035302688326564025,0.03160153322420853,False,False
2024-08-04 22:00:00+00:00,58715.83,0.010809025280530571,867.5370859280868,-0.1346112219198778,0.7289364009373049,BUY,closed,0.7289364009373049,0.7289364009373049,0.32056306334222656,0.0315549526246002,False,False
2024-08-04 23:00:00+00:00,58161.0,0.007220063244991977,863.1098258328001,-0.13902751865952012,0.492063105818889,SELL,closed,0.492063105818889,0.492063105818889,0.23763462357259602,0.03156826496834714,False,False
2024-08-05 00:00:00+00:00,56174.02,0.010019220173150191,843.6523070538651,-0.15843685420689907,0.6865607722803994,BUY,closed,0.6865607722803994,0.6865607722803994,0.2087128448260755,0.03175724858156412,False,False
2024-08-05 01:00:00+00:00,54432.65,0.014707960810007095,818.7851242764785,-0.18324245764112676,1.0,BUY,closed,1.0,1.0,0.33990642260054016,0.031905830254418704,False,False
2024-08-05 02:00:00+00:00,54697.98,0.014707960810007095,822.6875875181977,-0.17934965818501927,1.0,HOLD,closed,1.0,0.9778873030690481,0.02211269693095186,0.03190915491297411,True,False
2024-08-05 03:00:00+00:00,53890.87,0.014490933741560238,810.9680740370194,-0.19104015028694551,1.0,SELL,closed,1.0,0.9775635571891668,0.022436442810833235,0.03194131346987872,True,False
2024-08-05 04:00:00+00:00,53528.01,0.01492064472669083,805.6197761292093,-0.19637520404582529,0.9979851699107478,BUY,closed,0.9979851699107478,0.9979851699107478,0.03526787901287842,0.03194025173075937,False,False
2024-08-05 05:00:00+00:00,52718.0,0.012974522086528788,795.40258220025,-0.20656709683405208,0.8751666372925013,SELL,closed,0.8751666372925013,0.8751666372925013,0.11607840472604602,0.03196322452887915,False,False
2024-08-05 06:00:00+00:00,51588.0,0.012696418156303894,781.0977043812927,-0.22083655105927358,0.8573192442704711,SELL,closed,0.8573192442704711,0.8573000857856108,1.9158484860337666e-05,0.032028739293932934,True,False
2024-08-05 07:00:00+00:00,52674.19,0.0135507959678118,795.9443868530611,-0.20602663386819192,0.8794422447253771,BUY,closed,0.8794422447253771,0.8794422447253771,0.03809958615712705,0.03209035597104526,False,False
2024-08-05 08:00:00+00:00,52752.0,0.008568630126766046,797.3707336211007,-0.20460381920501033,0.5663066890245816,SELL,closed,0.5663066890245816,0.5663066890245816,0.3305975622187367,0.03208874052889635,False,False
2024-08-05 09:00:00+00:00,52667.8,0.0071336427670706725,796.6187218429427,-0.2053539687540706,0.4723708971086853,SELL,closed,0.4723708971086853,0.4723708971086853,0.0941154141232764,0.032083555464039126,False,False
2024-08-05 10:00:00+00:00,51386.0,0.006265718309617738,788.49592362603,-0.21345665224454693,0.41906304940314687,SELL,closed,0.41906304940314687,0.41906304940314687,0.046436746395288164,0.03216448084347562,False,False
2024-08-05 11:00:00+00:00,51340.0,0.0082951556274516,788.424169152768,-0.2135282290300761,0.5407689831566969,BUY,closed,0.5407689831566969,0.5407689831566969,0.13265069431288035,0.032162539647696,False,False
2024-08-05 12:00:00+00:00,49804.0,0.007132168706392249,777.3497723765693,-0.22457520194867645,0.47205576379180414,SELL,closed,0.47205576379180414,0.47205576379180414,0.06054844695710282,0.03228573230808032,False,False
2024-08-05 13:00:00+00:00,51951.0,0.009644043216492712,797.8052426464828,-0.2041703861672308,0.6059476781248048,BUY,closed,0.6059476781248048,0.6059476781248048,0.1385062658874444,0.03252327420104745,False,False
2024-08-05 14:00:00+00:00,54061.68,0.0039220596947328965,807.0201121230016,-0.19497833574563833,0.24904026129157913,SELL,closed,0.24904026129157913,0.24904026129157913,0.38821004665242703,0.03272495648128426,False,False
2024-08-05 15:00:00+00:00,54321.09,0.0,807.6882178003943,-0.19431188451817433,0.0,SELL,closed,0.0,0.0,0.26366418488789234,0.03272593070509719,False,False
2024-08-05 16:00:00+00:00,54039.11,0.0,807.6882178003943,-0.19431188451817433,0.0,HOLD,closed,0.0,0.0,0.0,0.032723000257956575,True,False
2024-08-05 17:00:00+00:00,54707.99,0.0,807.6882178003943,-0.19431188451817433,0.0,HOLD,closed,0.0,0.0,0.0,0.03273779079873748,True,False
2024-08-05 18:00:00+00:00,53096.84,0.0,807.6882178003943,-0.19431188451817433,0.0,HOLD,closed,0.0,0.0,0.0,0.032828132226504936,True,False
2024-08-05 19:00:00+00:00,53470.09,0.0,807.6882178003943,-0.19431188451817433,0.0,HOLD,closed,0.0,0.0,0.0,0.03282991232642743,True,False
2024-08-05 20:00:00+00:00,54393.85,0.0,807.6882178003943,-0.19431188451817433,0.0,HOLD,closed,0.0,0.0,0.0,0.032866245309312564,True,False
2024-08-05 21:00:00+00:00,54372.01,0.0,807.6882178003943,-0.19431188451817433,0.0,HOLD,closed,0.0,0.0,0.0,0.03286418624263046,True,False
2024-08-05 22:00:00+00:00,54695.87,0.0,807.6882178003943,-0.19431188451817433,0.0,HOLD,closed,0.0,0.0,0.0,0.03286733045518017,True,False
2024-08-05 23:00:00+00:00,54018.81,0.0,807.6882178003943,-0.19431188451817433,0.0,HOLD,closed,0.0,0.0,0.0,0.032885441359005285,True,False
2024-08-06 00:00:00+00:00,56038.0,0.0,807.6882178003943,-0.19431188451817433,0.0,HOLD,closed,0.0,0.0,0.0,0.03304832619026071,True,False
2024-08-06 01:00:00+00:00,55723.98,0.0,807.6882178003943,-0.19431188451817433,0.0,HOLD,closed,0.0,0.0,0.0,0.0330299875456411,True,False
2024-08-06 02:00:00+00:00,55845.44,0.0,807.6882178003943,-0.19431188451817433,0.0,HOLD,closed,0.0,0.0,0.0,0.03301303261142352,True,False
2024-08-06 03:00:00+00:00,55665.73,0.0,807.6882178003943,-0.19431188451817433,0.0,HOLD,closed,0.0,0.0,0.0,0.033014219997053035,True,False
2024-08-06 04:00:00+00:00,55493.98,0.0,807.6882178003943,-0.19431188451817433,0.0,HOLD,closed,0.0,0.0,0.0,0.03301447513568109,True,False
2024-08-06 05:00:00+00:00,55925.97,0.0,807.6882178003943,-0.19431188451817433,0.0,HOLD,closed,0.0,0.0,0.0,0.03301698034674813,True,False
2024-08-06 06:00:00+00:00,55782.0,0.0,807.6882178003943,-0.19431188451817433,0.0,HOLD,closed,0.0,0.0,0.0,0.03301519027892619,True,False
2024-08-06 07:00:00+00:00,55999.99,0.0,807.6882178003943,-0.19431188451817433,0.0,HOLD,closed,0.0,0.0,0.0,0.03301040404846295,True,False
2024-08-06 08:00:00+00:00,54992.0,0.0,807.6882178003943,-0.19431188451817433,0.0,HOLD,closed,0.0,0.0,0.0,0.033046618161980484,True,False
2024-08-06 09:00:00+00:00,55211.99,0.0,807.6882178003943,-0.19431188451817433,0.0,HOLD,closed,0.0,0.0,0.0,0.03304444345927915,True,False
2024-08-06 10:00:00+00:00,55062.0,0.0,807.6882178003943,-0.19431188451817433,0.0,HOLD,closed,0.0,0.0,0.0,0.033039781576961164,True,False
2024-08-06 11:00:00+00:00,55210.01,0.0,807.6882178003943,-0.19431188451817433,0.0,HOLD,closed,0.0,0.0,0.0,0.03300709509847938,True,False
2024-08-06 12:00:00+00:00,54772.01,0.0,807.6882178003943,-0.19431188451817433,0.0,HOLD,closed,0.0,0.0,0.0,0.03300900659766076,True,False
2024-08-06 13:00:00+00:00,55204.0,0.0,807.6882178003943,-0.19431188451817433,0.0,HOLD,closed,0.0,0.0,0.0,0.033016070151461685,True,False
2024-08-06 14:00:00+00:00,56132.01,0.0,807.6882178003943,-0.19431188451817433,0.0,HOLD,closed,0.0,0.0,0.0,0.03304764696859877,True,False
2024-08-06 15:00:00+00:00,56405.99,0.0,807.6882178003943,-0.19431188451817433,0.0,HOLD,closed,0.0,0.0,0.0,0.03304605088138507,True,False
2024-08-06 16:00:00+00:00,56775.52,0.0,807.6882178003943,-0.19431188451817433,0.0,HOLD,closed,0.0,0.0,0.0,0.033039427101780566,True,False
2024-08-06 17:00:00+00:00,56494.0,0.0,807.6882178003943,-0.19431188451817433,0.0,HOLD,closed,0.0,0.0,0.0,0.03303671933332847,True,False
2024-08-06 18:00:00+00:00,56729.99,0.0,807.6882178003943,-0.19431188451817433,0.0,HOLD,closed,0.0,0.0,0.0,0.03303738006738491,True,False
2024-08-06 19:00:00+00:00,56765.48,0.0,807.6882178003943,-0.19431188451817433,0.0,HOLD,closed,0.0,0.0,0.0,0.033032121637339096,True,False
2024-08-06 20:00:00+00:00,56541.99,0.0,807.6882178003943,-0.19431188451817433,0.0,HOLD,closed,0.0,0.0,0.0,0.03302786713140837,True,False
2024-08-06 21:00:00+00:00,56458.01,0.0,807.6882178003943,-0.19431188451817433,0.0,HOLD,closed,0.0,0.0,0.0,0.033027153169714746,True,False
2024-08-06 22:00:00+00:00,56200.26,0.0,807.6882178003943,-0.19431188451817433,0.0,HOLD,closed,0.0,0.0,0.0,0.03302915149659999,True,False
2024-08-06 23:00:00+00:00,56022.01,0.0,807.6882178003943,-0.19431188451817433,0.0,HOLD,closed,0.0,0.0,0.0,0.033029579861351605,True,False
2024-08-07 00:00:00+00:00,56269.99,0.0,807.6882178003943,-0.19431188451817433,0.0,HOLD,closed,0.0,0.0,0.0,0.033031179054449855,True,False
2024-08-07 01:00:00+00:00,56965.99,0.0,807.6882178003943,-0.19431188451817433,0.0,HOLD,closed,0.0,0.0,0.0,0.033048243392130805,True,False
2024-08-07 02:00:00+00:00,56762.01,0.0,807.6882178003943,-0.19431188451817433,0.0,HOLD,closed,0.0,0.0,0.0,0.03304959820802464,True,False
2024-08-07 03:00:00+00:00,56862.0,0.0,807.6882178003943,-0.19431188451817433,0.0,HOLD,closed,0.0,0.0,0.0,0.03304666444070714,True,False
2024-08-07 04:00:00+00:00,57048.02,0.0,807.6882178003943,-0.19431188451817433,0.0,HOLD,closed,0.0,0.0,0.0,0.03304595984266223,True,False
2024-08-07 05:00:00+00:00,56796.01,0.0,807.6882178003943,-0.19431188451817433,0.0,HOLD,closed,0.0,0.0,0.0,0.0330461565150075,True,False
2024-08-07 06:00:00+00:00,56838.57,0.0,807.6882178003943,-0.19431188451817433,0.0,HOLD,closed,0.0,0.0,0.0,0.033044426206311706,True,False
2024-08-07 07:00:00+00:00,56920.91,0.0,807.6882178003943,-0.19431188451817433,0.0,HOLD,closed,0.0,0.0,0.0,0.033038213989959236,True,False
2024-08-07 08:00:00+00:00,57348.0,0.0,807.6882178003943,-0.19431188451817433,0.0,HOLD,closed,0.0,0.0,0.0,0.03302741996247954,True,False
2024-08-07 09:00:00+00:00,57350.01,0.0,807.6882178003943,-0.19431188451817433,0.0,HOLD,closed,0.0,0.0,0.0,0.033006513827849665,True,False
2024-08-07 10:00:00+00:00,57323.0,0.0,807.6882178003943,-0.19431188451817433,0.0,HOLD,closed,0.0,0.0,0.0,0.033004347663458444,True,False
2024-08-07 11:00:00+00:00,56963.38,0.0,807.6882178003943,-0.19431188451817433,0.0,HOLD,closed,0.0,0.0,0.0,0.033004380966820984,True,False
2024-08-07 12:00:00+00:00,57292.0,0.0,807.6882178003943,-0.19431188451817433,0.0,HOLD,closed,0.0,0.0,0.0,0.03299974739151379,True,False
2024-08-07 13:00:00+00:00,56834.0,0.0,807.6882178003943,-0.19431188451817433,0.0,HOLD,closed,0.0,0.0,0.0,0.03300524578223596,True,False
2024-08-07 14:00:00+00:00,56085.83,0.0,807.6882178003943,-0.19431188451817433,0.0,HOLD,closed,0.0,0.0,0.0,0.03302324475119972,True,False
2024-08-07 15:00:00+00:00,56094.5,0.0,807.6882178003943,-0.19431188451817433,0.0,HOLD,closed,0.0,0.0,0.0,0.033022067629122576,True,False
2024-08-07 16:00:00+00:00,56125.47,0.0,807.6882178003943,-0.19431188451817433,0.0,HOLD,closed,0.0,0.0,0.0,0.03302153819586881,True,False
2024-08-07 17:00:00+00:00,55570.59,0.0,807.6882178003943,-0.19431188451817433,0.0,HOLD,closed,0.0,0.0,0.0,0.03303161421800557,True,False
2024-08-07 18:00:00+00:00,54805.01,0.0,807.6882178003943,-0.19431188451817433,0.0,HOLD,closed,0.0,0.0,0.0,0.03305356640233209,True,False
2024-08-07 19:00:00+00:00,54759.22,0.0,807.6882178003943,-0.19431188451817433,0.0,HOLD,closed,0.0,0.0,0.0,0.033051882999476784,True,False
2024-08-07 20:00:00+00:00,55141.31,0.0,807.6882178003943,-0.19431188451817433,0.0,HOLD,closed,0.0,0.0,0.0,0.03305376496801751,True,False
2024-08-07 21:00:00+00:00,55416.0,0.0,807.6882178003943,-0.19431188451817433,0.0,HOLD,closed,0.0,0.0,0.0,0.03305500006633777,True,False
2024-08-07 22:00:00+00:00,55284.01,0.0,807.6882178003943,-0.19431188451817433,0.0,HOLD,closed,0.0,0.0,0.0,0.03305340489584002,True,False
2024-08-07 23:00:00+00:00,55134.16,0.0,807.6882178003943,-0.19431188451817433,0.0,HOLD,closed,0.0,0.0,0.0,0.033043038184650514,True,False
2024-08-08 00:00:00+00:00,55300.0,0.0,807.6882178003943,-0.19431188451817433,0.0,HOLD,closed,0.0,0.0,0.0,0.033030220067229527,True,False
2024-08-08 01:00:00+00:00,56868.0,0.0,807.6882178003943,-0.19431188451817433,0.0,HOLD,closed,0.0,0.0,0.0,0.033116786373567686,True,False
2024-08-08 02:00:00+00:00,57364.0,0.0,807.6882178003943,-0.19431188451817433,0.0,HOLD,closed,0.0,0.0,0.0,0.03312203486291329,True,False
2024-08-08 03:00:00+00:00,57049.74,0.0,807.6882178003943,-0.19431188451817433,0.0,HOLD,closed,0.0,0.0,0.0,0.03312041654252629,True,False
2024-08-08 04:00:00+00:00,56765.34,0.0,807.6882178003943,-0.19431188451817433,0.0,HOLD,closed,0.0,0.0,0.0,0.03311972736943983,True,False
2024-08-08 05:00:00+00:00,56955.62,0.0,807.6882178003943,-0.19431188451817433,0.0,HOLD,closed,0.0,0.0,0.0,0.03311973025838824,True,False
2024-08-08 06:00:00+00:00,57216.0,0.0,807.6882178003943,-0.19431188451817433,0.0,HOLD,closed,0.0,0.0,0.0,0.033119339243056156,True,False
2024-08-08 07:00:00+00:00,57193.49,0.0,807.6882178003943,-0.19431188451817433,0.0,HOLD,closed,0.0,0.0,0.0,0.03311813816941478,True,False
2024-08-08 08:00:00+00:00,57230.0,0.0,807.6882178003943,-0.19431188451817433,0.0,HOLD,closed,0.0,0.0,0.0,0.03311750681398609,True,False
2024-08-08 09:00:00+00:00,57339.19,0.0,807.6882178003943,-0.19431188451817433,0.0,HOLD,closed,0.0,0.0,0.0,0.03311522379491,True,False
2024-08-08 10:00:00+00:00,57377.09,0.0,807.6882178003943,-0.19431188451817433,0.0,HOLD,closed,0.0,0.0,0.0,0.03309981228019965,True,False
2024-08-08 11:00:00+00:00,57320.51,0.0,807.6882178003943,-0.19431188451817433,0.0,HOLD,closed,0.0,0.0,0.0,0.033089233187604594,True,False
2024-08-08 12:00:00+00:00,57924.62,0.0,807.6882178003943,-0.19431188451817433,0.0,HOLD,closed,0.0,0.0,0.0,0.0330976140516544,True,False
2024-08-08 13:00:00+00:00,57266.73,0.0,807.6882178003943,-0.19431188451817433,0.0,HOLD,closed,0.0,0.0,0.0,0.033107198066057275,True,False
2024-08-08 14:00:00+00:00,58922.25,0.0,807.6882178003943,-0.19431188451817433,0.0,HOLD,closed,0.0,0.0,0.0,0.03319876092423063,True,False
2024-08-08 15:00:00+00:00,59428.03,0.0,807.6882178003943,-0.19431188451817433,0.0,HOLD,closed,0.0,0.0,0.0,0.03320672441406916,True,False
2024-08-08 16:00:00+00:00,59568.56,0.0,807.6882178003943,-0.19431188451817433,0.0,HOLD,closed,0.0,0.0,0.0,0.033204416204928866,True,False
2024-08-08 17:00:00+00:00,59469.88,0.0,807.6882178003943,-0.19431188451817433,0.0,HOLD,closed,0.0,0.0,0.0,0.03320393908603722,True,False
2024-08-08 18:00:00+00:00,59328.09,0.0,807.6882178003943,-0.19431188451817433,0.0,HOLD,closed,0.0,0.0,0.0,0.033200009111908096,True,False
2024-08-08 19:00:00+00:00,59414.51,0.0,807.6882178003943,-0.19431188451817433,0.0,HOLD,closed,0.0,0.0,0.0,0.03319627735679814,True,False
2024-08-08 20:00:00+00:00,59506.29,0.0,807.6882178003943,-0.19431188451817433,0.0,HOLD,closed,0.0,0.0,0.0,0.03319006514067424,True,False
2024-08-08 21:00:00+00:00,61173.69,0.0,807.6882178003943,-0.19431188451817433,0.0,HOLD,closed,0.0,0.0,0.0,0.03327306510114467,True,False
2024-08-08 22:00:00+00:00,62332.0,0.0,807.6882178003943,-0.19431188451817433,0.0,HOLD,closed,0.0,0.0,0.0,0.033310052929392625,True,False
2024-08-08 23:00:00+00:00,61685.99,0.0,807.6882178003943,-0.19431188451817433,0.0,HOLD,closed,0.0,0.0,0.0,0.03331326221971273,True,False
2024-08-09 00:00:00+00:00,61214.0,0.0,807.6882178003943,-0.19431188451817433,0.0,HOLD,closed,0.0,0.0,0.0,0.03331878732266583,True,False
2024-08-09 01:00:00+00:00,61400.0,0.0,807.6882178003943,-0.19431188451817433,0.0,HOLD,closed,0.0,0.0,0.0,0.03331747560619497,True,False
2024-08-09 02:00:00+00:00,61235.51,0.0,807.6882178003943,-0.19431188451817433,0.0,HOLD,closed,0.0,0.0,0.0,0.033316000132429996,True,False
2024-08-09 03:00:00+00:00,61358.39,0.0,807.6882178003943,-0.19431188451817433,0.0,HOLD,closed,0.0,0.0,0.0,0.03330730040088928,True,False
2024-08-09 04:00:00+00:00,60720.01,0.0,807.6882178003943,-0.19431188451817433,0.0,HOLD,closed,0.0,0.0,0.0,0.03331692792997157,True,False
2024-08-09 05:00:00+00:00,60989.0,0.0,807.6882178003943,-0.19431188451817433,0.0,HOLD,closed,0.0,0.0,0.0,0.033317913232910445,True,False
2024-08-09 06:00:00+00:00,60890.01,0.0,807.6882178003943,-0.19431188451817433,0.0,HOLD,closed,0.0,0.0,0.0,0.0333151854193354,True,False
2024-08-09 07:00:00+00:00,60863.57,0.0,807.6882178003943,-0.19431188451817433,0.0,HOLD,closed,0.0,0.0,0.0,0.03331275161103467,True,False
2024-08-09 08:00:00+00:00,61095.73,0.0,807.6882178003943,-0.19431188451817433,0.0,HOLD,closed,0.0,0.0,0.0,0.03330788678238719,True,False
2024-08-09 09:00:00+00:00,60759.99,0.0,807.6882178003943,-0.19431188451817433,0.0,HOLD,closed,0.0,0.0,0.0,0.03329423312465915,True,False
2024-08-09 10:00:00+00:00,60600.01,0.0,807.6882178003943,-0.19431188451817433,0.0,HOLD,closed,0.0,0.0,0.0,0.03328419488531861,True,False
2024-08-09 11:00:00+00:00,60655.24,0.0,807.6882178003943,-0.19431188451817433,0.0,HOLD,closed,0.0,0.0,0.0,0.03328369167153847,True,False
2024-08-09 12:00:00+00:00,60551.99,0.0,807.6882178003943,-0.19431188451817433,0.0,HOLD,closed,0.0,0.0,0.0,0.0332749192515184,True,False
2024-08-09 13:00:00+00:00,60450.01,0.0,807.6882178003943,-0.19431188451817433,0.0,HOLD,closed,0.0,0.0,0.0,0.03327064117287329,True,False
2024-08-09 14:00:00+00:00,60341.07,0.0,807.6882178003943,-0.19431188451817433,0.0,HOLD,closed,0.0,0.0,0.0,0.03326932249221226,True,False
2024-08-09 15:00:00+00:00,59810.23,0.0,807.6882178003943,-0.19431188451817433,0.0,HOLD,closed,0.0,0.0,0.0,0.033274592672193765,True,False
2024-08-09 16:00:00+00:00,60432.65,0.0,807.6882178003943,-0.19431188451817433,0.0,HOLD,closed,0.0,0.0,0.0,0.03328491195650468,True,False
2024-08-09 17:00:00+00:00,60197.5,0.0,807.6882178003943,-0.19431188451817433,0.0,HOLD,closed,0.0,0.0,0.0,0.033285943326731265,True,False
2024-08-09 18:00:00+00:00,60314.23,0.0,807.6882178003943,-0.19431188451817433,0.0,HOLD,closed,0.0,0.0,0.0,0.03328429060035756,True,False
2024-08-09 19:00:00+00:00,60681.42,0.0,807.6882178003943,-0.19431188451817433,0.0,HOLD,closed,0.0,0.0,0.0,0.033286848719112194,True,False
2024-08-09 20:00:00+00:00,60745.96,0.0,807.6882178003943,-0.19431188451817433,0.0,HOLD,closed,0.0,0.0,0.0,0.03328236880386842,True,False
2024-08-09 21:00:00+00:00,60732.01,0.0,807.6882178003943,-0.19431188451817433,0.0,HOLD,closed,0.0,0.0,0.0,0.03327881445726891,True,False
2024-08-09 22:00:00+00:00,60763.58,0.0,807.6882178003943,-0.19431188451817433,0.0,HOLD,closed,0.0,0.0,0.0,0.033277012599401246,True,False
2024-08-09 23:00:00+00:00,60837.99,0.0,807.6882178003943,-0.19431188451817433,0.0,HOLD,closed,0.0,0.0,0.0,0.03327697255640899,True,False
2024-08-10 00:00:00+00:00,60541.92,0.0,807.6882178003943,-0.19431188451817433,0.0,HOLD,closed,0.0,0.0,0.0,0.03327940327842502,True,False
2024-08-10 01:00:00+00:00,60464.0,0.0,807.6882178003943,-0.19431188451817433,0.0,HOLD,closed,0.0,0.0,0.0,0.03327918661249005,True,False
2024-08-10 02:00:00+00:00,60536.25,0.0,807.6882178003943,-0.19431188451817433,0.0,HOLD,closed,0.0,0.0,0.0,0.033277803472941375,True,False
2024-08-10 03:00:00+00:00,60437.84,0.0,807.6882178003943,-0.19431188451817433,0.0,HOLD,closed,0.0,0.0,0.0,0.03327662202043899,True,False
2024-08-10 04:00:00+00:00,60413.49,0.0,807.6882178003943,-0.19431188451817433,0.0,HOLD,closed,0.0,0.0,0.0,0.033276039531243196,True,False
2024-08-10 05:00:00+00:00,60355.46,0.0,807.6882178003943,-0.19431188451817433,0.0,HOLD,closed,0.0,0.0,0.0,0.03327328616763306,True,False
2024-08-10 06:00:00+00:00,60458.0,0.0,807.6882178003943,-0.19431188451817433,0.0,HOLD,closed,0.0,0.0,0.0,0.03327117290969098,True,False
2024-08-10 07:00:00+00:00,60842.0,0.0,807.6882178003943,-0.19431188451817433,0.0,HOLD,closed,0.0,0.0,0.0,0.033275263154532886,True,False
2024-08-10 08:00:00+00:00,60733.58,0.0,807.6882178003943,-0.19431188451817433,0.0,HOLD,closed,0.0,0.0,0.0,0.03327539388943185,True,False
2024-08-10 09:00:00+00:00,60896.5,0.0,807.6882178003943,-0.19431188451817433,0.0,HOLD,closed,0.0,0.0,0.0,0.03327489007978862,True,False
2024-08-10 10:00:00+00:00,60788.01,0.0,807.6882178003943,-0.19431188451817433,0.0,HOLD,closed,0.0,0.0,0.0,0.03327098651727933,True,False
2024-08-10 11:00:00+00:00,60920.88,0.0,807.6882178003943,-0.19431188451817433,0.0,HOLD,closed,0.0,0.0,0.0,0.03326689528475238,True,False
2024-08-10 12:00:00+00:00,60722.81,0.0,807.6882178003943,-0.19431188451817433,0.0,HOLD,closed,0.0,0.0,0.0,0.03326661818887294,True,False
2024-08-10 13:00:00+00:00,60431.56,0.0,807.6882178003943,-0.19431188451817433,0.0,HOLD,closed,0.0,0.0,0.0,0.03325840168618863,True,False
2024-08-10 14:00:00+00:00,60585.38,0.0,807.6882178003943,-0.19431188451817433,0.0,HOLD,closed,0.0,0.0,0.0,0.03325779609556506,True,False
2024-08-10 15:00:00+00:00,60515.89,0.0,807.6882178003943,-0.19431188451817433,0.0,HOLD,closed,0.0,0.0,0.0,0.03325561312720407,True,False
2024-08-10 16:00:00+00:00,60672.59,0.0,807.6882178003943,-0.19431188451817433,0.0,HOLD,closed,0.0,0.0,0.0,0.03325422918151813,True,False
2024-08-10 17:00:00+00:00,60767.8,0.0,807.6882178003943,-0.19431188451817433,0.0,HOLD,closed,0.0,0.0,0.0,0.03325112670151306,True,False
2024-08-10 18:00:00+00:00,60953.38,0.0,807.6882178003943,-0.19431188451817433,0.0,HOLD,closed,0.0,0.0,0.0,0.033251511307181264,True,False
2024-08-10 19:00:00+00:00,61016.45,0.0,807.6882178003943,-0.19431188451817433,0.0,HOLD,closed,0.0,0.0,0.0,0.03325109132937873,True,False
2024-08-10 20:00:00+00:00,60986.19,0.0,807.6882178003943,-0.19431188451817433,0.0,HOLD,closed,0.0,0.0,0.0,0.03324957724403299,True,False
2024-08-10 21:00:00+00:00,61075.99,0.0,807.6882178003943,-0.19431188451817433,0.0,HOLD,closed,0.0,0.0,0.0,0.033247510731492014,True,False
2024-08-10 22:00:00+00:00,60930.27,0.0,807.6882178003943,-0.19431188451817433,0.0,HOLD,closed,0.0,0.0,0.0,0.03324776802451257,True,False
2024-08-10 23:00:00+00:00,60923.51,0.0,807.6882178003943,-0.19431188451817433,0.0,HOLD,closed,0.0,0.0,0.0,0.03324726856036905,True,False
2024-08-11 00:00:00+00:00,61095.15,0.0,807.6882178003943,-0.19431188451817433,0.0,HOLD,closed,0.0,0.0,0.0,0.03324769056345053,True,False
2024-08-11 01:00:00+00:00,61112.1,0.0,807.6882178003943,-0.19431188451817433,0.0,HOLD,closed,0.0,0.0,0.0,0.03324740539502899,True,False
2024-08-11 02:00:00+00:00,61026.78,0.0,807.6882178003943,-0.19431188451817433,0.0,HOLD,closed,0.0,0.0,0.0,0.0332444561781538,True,False
2024-08-11 03:00:00+00:00,61085.01,0.0,807.6882178003943,-0.19431188451817433,0.0,HOLD,closed,0.0,0.0,0.0,0.0332441795744646,True,False
2024-08-11 04:00:00+00:00,60895.99,0.0,807.6882178003943,-0.19431188451817433,0.0,HOLD,closed,0.0,0.0,0.0,0.0332448073516069,True,False
2024-08-11 05:00:00+00:00,61114.29,0.0,807.6882178003943,-0.19431188451817433,0.0,HOLD,closed,0.0,0.0,0.0,0.033244997261193954,True,False
2024-08-11 06:00:00+00:00,61120.01,0.0,807.6882178003943,-0.19431188451817433,0.0,HOLD,closed,0.0,0.0,0.0,0.03324367641579515,True,False
2024-08-11 07:00:00+00:00,61257.0,0.0,807.6882178003943,-0.19431188451817433,0.0,HOLD,closed,0.0,0.0,0.0,0.03324377878912335,True,False
2024-08-11 08:00:00+00:00,61260.42,0.0,807.6882178003943,-0.19431188451817433,0.0,HOLD,closed,0.0,0.0,0.0,0.033243618632285366,True,False
2024-08-11 09:00:00+00:00,61110.0,0.0,807.6882178003943,-0.19431188451817433,0.0,HOLD,closed,0.0,0.0,0.0,0.033243340273444305,True,False
2024-08-11 10:00:00+00:00,61037.63,0.0,807.6882178003943,-0.19431188451817433,0.0,HOLD,closed,0.0,0.0,0.0,0.03323619478072115,True,False
2024-08-11 11:00:00+00:00,60669.15,0.0,807.6882178003943,-0.19431188451817433,0.0,HOLD,closed,0.0,0.0,0.0,0.03323952484376455,True,False
2024-08-11 12:00:00+00:00,60492.09,0.0,807.6882178003943,-0.19431188451817433,0.0,HOLD,closed,0.0,0.0,0.0,0.033235938813936244,True,False
2024-08-11 13:00:00+00:00,60457.54,0.0,807.6882178003943,-0.19431188451817433,0.0,HOLD,closed,0.0,0.0,0.0,0.033214784611810655,True,False
2024-08-11 14:00:00+00:00,60350.0,0.0,807.6882178003943,-0.19431188451817433,0.0,HOLD,closed,0.0,0.0,0.0,0.03321158890773712,True,False
2024-08-11 15:00:00+00:00,60127.29,0.0,807.6882178003943,-0.19431188451817433,0.0,HOLD,closed,0.0,0.0,0.0,0.03320291908679679,True,False
2024-08-11 16:00:00+00:00,60182.2,0.0,807.6882178003943,-0.19431188451817433,0.0,HOLD,closed,0.0,0.0,0.0,0.033200159770427284,True,False
2024-08-11 17:00:00+00:00,60265.07,0.0,807.6882178003943,-0.19431188451817433,0.0,HOLD,closed,0.0,0.0,0.0,0.03319475800780017,True,False
2024-08-11 18:00:00+00:00,60263.11,0.0,807.6882178003943,-0.19431188451817433,0.0,HOLD,closed,0.0,0.0,0.0,0.03319371946548927,True,False
2024-08-11 19:00:00+00:00,59621.11,0.0,807.6882178003943,-0.19431188451817433,0.0,HOLD,closed,0.0,0.0,0.0,0.033205572861997046,True,False
2024-08-11 20:00:00+00:00,58504.92,0.0,807.6882178003943,-0.19431188451817433,0.0,HOLD,closed,0.0,0.0,0.0,0.03324427170171812,True,False
2024-08-11 21:00:00+00:00,59009.8,0.0,807.6882178003943,-0.19431188451817433,0.0,HOLD,closed,0.0,0.0,0.0,0.033245176734565535,True,False
2024-08-11 22:00:00+00:00,58996.0,0.0,807.6882178003943,-0.19431188451817433,0.0,HOLD,closed,0.0,0.0,0.0,0.03324000315258416,True,False
2024-08-11 23:00:00+00:00,58712.59,0.0,807.6882178003943,-0.19431188451817433,0.0,HOLD,closed,0.0,0.0,0.0,0.0332410777351983,True,False
2024-08-12 00:00:00+00:00,58450.0,0.0,807.6882178003943,-0.19431188451817433,0.0,HOLD,closed,0.0,0.0,0.0,0.033242527709124864,True,False
2024-08-12 01:00:00+00:00,58584.01,0.0,807.6882178003943,-0.19431188451817433,0.0,HOLD,closed,0.0,0.0,0.0,0.03324074525354967,True,False
2024-08-12 02:00:00+00:00,58717.25,0.0,807.6882178003943,-0.19431188451817433,0.0,HOLD,closed,0.0,0.0,0.0,0.03323965886224245,True,False
2024-08-12 03:00:00+00:00,58509.5,0.0,807.6882178003943,-0.19431188451817433,0.0,HOLD,closed,0.0,0.0,0.0,0.03323977832051042,True,False
2024-08-12 04:00:00+00:00,58523.83,0.0,807.6882178003943,-0.19431188451817433,0.0,HOLD,closed,0.0,0.0,0.0,0.03323863725026771,True,False
2024-08-12 05:00:00+00:00,58571.57,0.0,807.6882178003943,-0.19431188451817433,0.0,HOLD,closed,0.0,0.0,0.0,0.03323505365654436,True,False
2024-08-12 06:00:00+00:00,58403.76,0.0,807.6882178003943,-0.19431188451817433,0.0,HOLD,closed,0.0,0.0,0.0,0.033235685981177265,True,False
2024-08-12 07:00:00+00:00,58674.61,0.0,807.6882178003943,-0.19431188451817433,0.0,HOLD,closed,0.0,0.0,0.0,0.03323759009666319,True,False
2024-08-12 08:00:00+00:00,58317.43,0.0,807.6882178003943,-0.19431188451817433,0.0,HOLD,closed,0.0,0.0,0.0,0.03324011461100557,True,False
2024-08-12 09:00:00+00:00,58296.67,0.0,807.6882178003943,-0.19431188451817433,0.0,HOLD,closed,0.0,0.0,0.0,0.033230134446702,True,False
2024-08-12 10:00:00+00:00,58969.6,0.0,807.6882178003943,-0.19431188451817433,0.0,HOLD,closed,0.0,0.0,0.0,0.033240233974378613,True,False
2024-08-12 11:00:00+00:00,59851.7,0.0,807.6882178003943,-0.19431188451817433,0.0,HOLD,closed,0.0,0.0,0.0,0.03326128114546906,True,False
2024-08-12 12:00:00+00:00,59728.23,0.0,807.6882178003943,-0.19431188451817433,0.0,HOLD,closed,0.0,0.0,0.0,0.033261642317568424,True,False
2024-08-12 13:00:00+00:00,58157.55,0.0,807.6882178003943,-0.19431188451817433,0.0,HOLD,closed,0.0,0.0,0.0,0.03333461820975531,True,False
2024-08-12 14:00:00+00:00,60299.98,0.0,807.6882178003943,-0.19431188451817433,0.0,HOLD,closed,0.0,0.0,0.0,0.03347480143962531,True,False
2024-08-12 15:00:00+00:00,60207.37,0.0,807.6882178003943,-0.19431188451817433,0.0,HOLD,closed,0.0,0.0,0.0,0.033460671255105046,True,False
2024-08-12 16:00:00+00:00,59608.06,0.0,807.6882178003943,-0.19431188451817433,0.0,HOLD,closed,0.0,0.0,0.0,0.033470930690935013,True,False
2024-08-12 17:00:00+00:00,59296.11,0.0,807.6882178003943,-0.19431188451817433,0.0,HOLD,closed,0.0,0.0,0.0,0.03347191467259228,True,False
2024-08-12 18:00:00+00:00,58526.78,0.0,807.6882178003943,-0.19431188451817433,0.0,HOLD,closed,0.0,0.0,0.0,0.03348886746371338,True,False
2024-08-12 19:00:00+00:00,59043.98,0.0,807.6882178003943,-0.19431188451817433,0.0,HOLD,closed,0.0,0.0,0.0,0.03349656594493189,True,False
2024-08-12 20:00:00+00:00,58841.96,0.0,807.6882178003943,-0.19431188451817433,0.0,HOLD,closed,0.0,0.0,0.0,0.03349761553773045,True,False
2024-08-12 21:00:00+00:00,58969.44,0.0,807.6882178003943,-0.19431188451817433,0.0,HOLD,closed,0.0,0.0,0.0,0.03349774157096641,True,False
2024-08-12 22:00:00+00:00,59051.68,0.0,807.6882178003943,-0.19431188451817433,0.0,HOLD,closed,0.0,0.0,0.0,0.033496225726197454,True,False
2024-08-12 23:00:00+00:00,59346.64,0.0,807.6882178003943,-0.19431188451817433,0.0,HOLD,closed,0.0,0.0,0.0,0.03349785081655135,True,False
2024-08-13 00:00:00+00:00,59798.17,0.0,807.6882178003943,-0.19431188451817433,0.0,HOLD,closed,0.0,0.0,0.0,0.033496991429825734,True,False
2024-08-13 01:00:00+00:00,59740.0,0.0,807.6882178003943,-0.19431188451817433,0.0,HOLD,closed,0.0,0.0,0.0,0.03349083036876885,True,False
2024-08-13 02:00:00+00:00,59481.99,0.0,807.6882178003943,-0.19431188451817433,0.0,HOLD,closed,0.0,0.0,0.0,0.03349246126796182,True,False
2024-08-13 03:00:00+00:00,59040.0,0.0,807.6882178003943,-0.19431188451817433,0.0,HOLD,closed,0.0,0.0,0.0,0.033498066306778956,True,False
2024-08-13 04:00:00+00:00,59219.99,0.0,807.6882178003943,-0.19431188451817433,0.0,HOLD,closed,0.0,0.0,0.0,0.03349633802789967,True,False
2024-08-13 05:00:00+00:00,59211.99,0.0,807.6882178003943,-0.19431188451817433,0.0,HOLD,closed,0.0,0.0,0.0,0.033495892788036497,True,False
2024-08-13 06:00:00+00:00,59368.0,0.0,807.6882178003943,-0.19431188451817433,0.0,HOLD,closed,0.0,0.0,0.0,0.03349596125353094,True,False
2024-08-13 07:00:00+00:00,59238.05,0.0,807.6882178003943,-0.19431188451817433,0.0,HOLD,closed,0.0,0.0,0.0,0.03349496266964255,True,False
2024-08-13 08:00:00+00:00,59099.98,0.0,807.6882178003943,-0.19431188451817433,0.0,HOLD,closed,0.0,0.0,0.0,0.03349469829621993,True,False
2024-08-13 09:00:00+00:00,58946.01,0.0,807.6882178003943,-0.19431188451817433,0.0,HOLD,closed,0.0,0.0,0.0,0.0334911383684372,True,False
2024-08-13 10:00:00+00:00,58672.1,0.0027942054826730366,807.491552317754,-0.1945080629922399,0.20392431224545127,BUY,closed,0.20392431224545127,0.20392431224545127,0.20392431224545127,0.033462255330558605,False,False
2024-08-13 11:00:00+00:00,58830.0,0.005834503243581125,808.0560003448716,-0.19394501272453354,0.4237017205859889,BUY,closed,0.4237017205859889,0.4237017205859889,0.2202403470403894,0.033452858233107535,False,False
2024-08-13 12:00:00+00:00,59124.0,0.0033123533539324043,809.5396993322393,-0.1924649878650277,0.2406429695338154,SELL,closed,0.2406429695338154,0.2406429695338154,0.18535280347335756,0.03344257897434655,False,False
2024-08-13 13:00:00+00:00,59395.25,0.0,810.2127802990448,-0.19179357366860786,0.0,SELL,closed,0.0,0.0,0.24275516821697185,0.033444605905556396,False,False
2024-08-13 14:00:00+00:00,59643.63,0.0,810.2127802990448,-0.19179357366860786,0.0,HOLD,closed,0.0,0.0,0.0,0.033444507862162215,True,False
2024-08-13 15:00:00+00:00,59472.26,0.0,810.2127802990448,-0.19179357366860786,0.0,HOLD,closed,0.0,0.0,0.0,0.03343908738725618,True,False
2024-08-13 16:00:00+00:00,61157.59,0.0,810.2127802990448,-0.19179357366860786,0.0,HOLD,closed,0.0,0.0,0.0,0.03351728468750409,True,False
2024-08-13 17:00:00+00:00,61167.58,0.0,810.2127802990448,-0.19179357366860786,0.0,HOLD,closed,0.0,0.0,0.0,0.033516932845292474,True,False
2024-08-13 18:00:00+00:00,60795.41,0.0,810.2127802990448,-0.19179357366860786,0.0,HOLD,closed,0.0,0.0,0.0,0.03352068560156973,True,False
2024-08-13 19:00:00+00:00,60820.15,0.0,810.2127802990448,-0.19179357366860786,0.0,HOLD,closed,0.0,0.0,0.0,0.033520230942002543,True,False
2024-08-13 20:00:00+00:00,60569.14,0.0,810.2127802990448,-0.19179357366860786,0.0,HOLD,closed,0.0,0.0,0.0,0.03352097926972261,True,False
2024-08-13 21:00:00+00:00,61030.03,0.0,810.2127802990448,-0.19179357366860786,0.0,HOLD,closed,0.0,0.0,0.0,0.033526408390519236,True,False
2024-08-13 22:00:00+00:00,60585.14,0.0,810.2127802990448,-0.19179357366860786,0.0,HOLD,closed,0.0,0.0,0.0,0.033530668868252955,True,False
2024-08-13 23:00:00+00:00,60587.15,0.0,810.2127802990448,-0.19179357366860786,0.0,HOLD,closed,0.0,0.0,0.0,0.03352928191801041,True,False
2024-08-14 00:00:00+00:00,60786.85,0.0,810.2127802990448,-0.19179357366860786,0.0,HOLD,closed,0.0,0.0,0.0,0.033528812613018155,True,False
2024-08-14 01:00:00+00:00,60520.4,0.0,810.2127802990448,-0.19179357366860786,0.0,HOLD,closed,0.0,0.0,0.0,0.033530389327665805,True,False
2024-08-14 02:00:00+00:00,60805.49,0.0,810.2127802990448,-0.19179357366860786,0.0,HOLD,closed,0.0,0.0,0.0,0.03353253574207707,True,False
2024-08-14 03:00:00+00:00,60952.83,0.0,810.2127802990448,-0.19179357366860786,0.0,HOLD,closed,0.0,0.0,0.0,0.03353236965542794,True,False
2024-08-14 04:00:00+00:00,60943.51,0.0,810.2127802990448,-0.19179357366860786,0.0,HOLD,closed,0.0,0.0,0.0,0.03352929176773897,True,False
2024-08-14 05:00:00+00:00,60834.64,0.0,810.2127802990448,-0.19179357366860786,0.0,HOLD,closed,0.0,0.0,0.0,0.03352860337341387,True,False
2024-08-14 06:00:00+00:00,60861.5,0.0,810.2127802990448,-0.19179357366860786,0.0,HOLD,closed,0.0,0.0,0.0,0.033527549749487545,True,False
2024-08-14 07:00:00+00:00,60914.02,0.0,810.2127802990448,-0.19179357366860786,0.0,HOLD,closed,0.0,0.0,0.0,0.03352710546858034,True,False
2024-08-14 08:00:00+00:00,60896.0,0.0,810.2127802990448,-0.19179357366860786,0.0,HOLD,closed,0.0,0.0,0.0,0.03352645862424977,True,False
2024-08-14 09:00:00+00:00,60857.21,0.0,810.2127802990448,-0.19179357366860786,0.0,HOLD,closed,0.0,0.0,0.0,0.03352455288325348,True,False
2024-08-14 10:00:00+00:00,61100.0,0.0,810.2127802990448,-0.19179357366860786,0.0,HOLD,closed,0.0,0.0,0.0,0.0335205876138904,True,False
2024-08-14 11:00:00+00:00,61296.87,0.0,810.2127802990448,-0.19179357366860786,0.0,HOLD,closed,0.0,0.0,0.0,0.0335134375237327,True,False
2024-08-14 12:00:00+00:00,61064.53,0.0,810.2127802990448,-0.19179357366860786,0.0,HOLD,closed,0.0,0.0,0.0,0.03351178823982673,True,False
2024-08-14 13:00:00+00:00,59611.92,0.0,810.2127802990448,-0.19179357366860786,0.0,HOLD,closed,0.0,0.0,0.0,0.03356463873208121,True,False
2024-08-14 14:00:00+00:00,59502.67,0.008095870178339926,811.0098998961603,-0.19099842800242167,0.5956588912139333,BUY,closed,0.5956588912139333,0.5956588912139333,0.5956588912139333,0.03354265070597551,False,False
2024-08-14 15:00:00+00:00,59435.69,0.008095870178339926,810.4676385116152,-0.1915393465689974,0.6128316048158129,HOLD,closed,0.6128316048158129,0.593711096329185,0.01912050848662794,0.03353666195129784,True,False
2024-08-14 16:00:00+00:00,59131.99,0.008095870178339926,808.0089227384533,-0.19399197375127705,0.6105307563625713,HOLD,closed,0.6105307563625713,0.5924747870412497,0.018055969321321585,0.03352836646967938,True,False
2024-08-14 17:00:00+00:00,59168.36,0.010536071668740076,808.1034595778037,-0.19389767101630923,0.7707735833295033,BUY,closed,0.7707735833295033,0.7707735833295033,0.1781503439883626,0.033521707592455735,False,False
2024-08-14 18:00:00+00:00,58990.05,0.009402366240585538,806.6594239751857,-0.19533813071068287,0.6900342230588921,SELL,closed,0.6900342230588921,0.6900342230588921,0.08087162805814374,0.033518031044593055,False,False
2024-08-14 19:00:00+00:00,58891.13,0.00995653128333973,805.7880957738976,-0.19620730121607152,0.728949720604189,BUY,closed,0.728949720604189,0.728949720604189,0.04172642640017232,0.0335160133732407,False,False
2024-08-14 20:00:00+00:00,59149.16,0.009454262851796484,808.3300779564604,-0.1936716138194732,0.6887700595119421,SELL,closed,0.6887700595119421,0.6887700595119421,0.039769844417298805,0.03351641618504292,False,False
2024-08-14 21:00:00+00:00,58913.56,0.005949967796211373,806.5137819909853,-0.1954834120373129,0.43658898291561155,SELL,closed,0.43658898291561155,0.43658898291561155,0.2543705112231107,0.03349111937690366,False,False
2024-08-14 22:00:00+00:00,58986.0,0.007046091607955894,807.2478356194254,-0.19475117616767115,0.5144223153509704,BUY,closed,0.5144223153509704,0.5144223153509704,0.07949194409649435,0.03348880938480306,False,False
2024-08-14 23:00:00+00:00,58683.39,0.005479564694162083,805.4048888018827,-0.19658955924128196,0.40145482349748274,SELL,closed,0.40145482349748274,0.40145482349748274,0.11212177673763046,0.033490977300997815,False,False
2024-08-15 00:00:00+00:00,58993.99,0.00702032633984488,807.404522721379,-0.19459487707464104,0.5104361991453199,BUY,closed,0.5104361991453199,0.5104361991453199,0.109917496896969,0.03349320457104232,False,False
2024-08-15 01:00:00+00:00,58204.93,0.0037088795979889483,804.0874139998239,-0.19790377154136524,0.2728659132584372,SELL,closed,0.2728659132584372,0.2728659132584372,0.23671808225755714,0.03351123513503887,False,False
2024-08-15 02:00:00+00:00,58412.25,0.00867651275050305,805.3078025730726,-0.19668640505258062,0.6274608186176437,BUY,closed,0.6274608186176437,0.6274608186176437,0.3582897978751696,0.03351179479216368,False,False
2024-08-15 03:00:00+00:00,58442.98,0.005968107832225958,805.1762250731256,-0.1968176567232573,0.43275155840487844,SELL,closed,0.43275155840487844,0.43275155840487844,0.19671387784056948,0.033510796984098395,False,False
2024-08-15 04:00:00+00:00,58388.71,0.004978349671305996,804.7904000036565,-0.19720252636264954,0.3614944345603065,SELL,closed,0.3614944345603065,0.3614944345603065,0.07146711868133204,0.03350950351015114,False,False
2024-08-15 05:00:00+00:00,58315.01,0.004978349671305996,804.4234956328812,-0.197568522157236,0.335473861497907,HOLD,closed,0.335473861497907,0.36089511611952874,0.02542125462162176,0.0335094726382891,True,False
2024-08-15 06:00:00+00:00,58101.44,0.0044360685096002895,803.4128540301161,-0.19857666107818847,0.32200917735339063,SELL,closed,0.32200917735339063,0.32200917735339063,0.03804010029976129,0.03351030590913254,False,False
2024-08-15 07:00:00+00:00,58060.37,0.005157302762477634,803.3465228954669,-0.1986428279550792,0.37305188930900324,BUY,closed,0.37305188930900324,0.37305188930900324,0.05239707577535463,0.033510066684262735,False,False
2024-08-15 08:00:00+00:00,58378.3,0.004709922799770716,804.9339181735816,-0.19705936359103052,0.3397074617017417,SELL,closed,0.3397074617017417,0.3397074617017417,0.034304631651006834,0.03351293672557101,False,False
2024-08-15 09:00:00+00:00,58412.64,0.0,804.3841410798609,-0.19760777925540798,0.0,SELL,closed,0.0,0.0,0.3417221575662699,0.03351271333029873,False,False
2024-08-15 10:00:00+00:00,58361.9,0.0,804.3841410798609,-0.19760777925540798,0.0,HOLD,closed,0.0,0.0,0.0,0.03349735083693789,True,False
2024-08-15 11:00:00+00:00,58745.36,0.0,804.3841410798609,-0.19760777925540798,0.0,HOLD,closed,0.0,0.0,0.0,0.03350173786388813,True,False
2024-08-15 12:00:00+00:00,58800.26,0.0,804.3841410798609,-0.19760777925540798,0.0,HOLD,closed,0.0,0.0,0.0,0.03350161970260504,True,False
2024-08-15 13:00:00+00:00,59451.34,0.0,804.3841410798609,-0.19760777925540798,0.0,HOLD,closed,0.0,0.0,0.0,0.03351330132456368,True,False
2024-08-15 14:00:00+00:00,59416.35,0.0,804.3841410798609,-0.19760777925540798,0.0,HOLD,closed,0.0,0.0,0.0,0.033507383185659406,True,False
2024-08-15 15:00:00+00:00,59682.84,0.0,804.3841410798609,-0.19760777925540798,0.0,HOLD,closed,0.0,0.0,0.0,0.03350832338546372,True,False
2024-08-15 16:00:00+00:00,59538.01,0.0,804.3841410798609,-0.19760777925540798,0.0,HOLD,closed,0.0,0.0,0.0,0.03349927882039655,True,False
2024-08-15 17:00:00+00:00,58875.1,0.0,804.3841410798609,-0.19760777925540798,0.0,HOLD,closed,0.0,0.0,0.0,0.03350519454477488,True,False
2024-08-15 18:00:00+00:00,57872.82,0.0,804.3841410798609,-0.19760777925540798,0.0,HOLD,closed,0.0,0.0,0.0,0.03353468994316705,True,False
2024-08-15 19:00:00+00:00,57047.46,0.013899169611570006,795.7189469939109,-0.20625151546392437,1.0,BUY,closed,1.0,1.0,1.0,0.03355435484244906,False,False
2024-08-15 20:00:00+00:00,56671.06,0.013807733765346917,790.5111840437831,-0.21144638227601079,1.0,SELL,closed,1.0,0.9964495007747174,0.0035504992252826106,0.033547695729158555,True,False
2024-08-15 21:00:00+00:00,57622.21,0.014039478609556814,803.8385611047082,-0.19815200819466686,1.0,BUY,closed,1.0,0.9900300739183445,0.009969926081655478,0.03357362120689883,True,False
2024-08-15 22:00:00+00:00,57617.36,0.008047810301276005,803.1091955123118,-0.19887956763738787,0.576946569624246,SELL,closed,0.576946569624246,0.576946569624246,0.4294572780165238,0.033565373875514504,False,False
2024-08-15 23:00:00+00:00,57541.06,0.0070644334730036755,802.4568786005437,-0.19953026919741632,0.5072104637517247,SELL,closed,0.5072104637517247,0.5072104637517247,0.06983917549799701,0.033563985870049357,False,False
2024-08-16 00:00:00+00:00,57469.99,0.0070644334730036755,801.9548093136174,-0.2000310951952582,0.49580532355945817,HOLD,closed,0.49580532355945817,0.5062541134913456,0.01044878993188747,0.03356227981118787,True,False
2024-08-16 01:00:00+00:00,57540.96,0.0070644334730036755,802.4561721571965,-0.1995309738913769,0.47827744593863447,HOLD,closed,0.47827744593863447,0.5065625986775208,0.028285152738886377,0.03356154896176686,True,False
2024-08-16 02:00:00+00:00,58199.99,0.00520990897010057,806.2618928738352,-0.19573467739396216,0.3714271043477528,SELL,closed,0.3714271043477528,0.3714271043477528,0.13798179560833407,0.033574355082509416,False,False
2024-08-16 03:00:00+00:00,57890.0,0.0,805.6555591873212,-0.19633950959836285,0.0,SELL,closed,0.0,0.0,0.37482483351064116,0.033576345060808394,False,False
2024-08-16 04:00:00+00:00,58309.99,0.0,805.6555591873212,-0.19633950959836285,0.0,HOLD,closed,0.0,0.0,0.0,0.03358011309677514,True,False
2024-08-16 05:00:00+00:00,58196.01,0.0,805.6555591873212,-0.19633950959836285,0.0,HOLD,closed,0.0,0.0,0.0,0.033579408905769575,True,False
2024-08-16 06:00:00+00:00,58527.59,0.0,805.6555591873212,-0.19633950959836285,0.0,HOLD,closed,0.0,0.0,0.0,0.03358261851071215,True,False
2024-08-16 07:00:00+00:00,58456.99,0.0,805.6555591873212,-0.19633950959836285,0.0,HOLD,closed,0.0,0.0,0.0,0.033581291946576136,True,False
2024-08-16 08:00:00+00:00,58360.0,0.0,805.6555591873212,-0.19633950959836285,0.0,HOLD,closed,0.0,0.0,0.0,0.03358009003344836,True,False
2024-08-16 09:00:00+00:00,58672.51,0.0,805.6555591873212,-0.19633950959836285,0.0,HOLD,closed,0.0,0.0,0.0,0.0335754206966698,True,False
2024-08-16 10:00:00+00:00,58433.95,0.0,805.6555591873212,-0.19633950959836285,0.0,HOLD,closed,0.0,0.0,0.0,0.03356982239422951,True,False
2024-08-16 11:00:00+00:00,58400.0,0.0,805.6555591873212,-0.19633950959836285,0.0,HOLD,closed,0.0,0.0,0.0,0.033568408851121084,True,False
2024-08-16 12:00:00+00:00,57868.13,0.0,805.6555591873212,-0.19633950959836285,0.0,HOLD,closed,0.0,0.0,0.0,0.033576121122818936,True,False
2024-08-16 13:00:00+00:00,58343.66,0.0031576802888286736,806.7894615454934,-0.19520841515627213,0.22681053586037794,BUY,closed,0.22681053586037794,0.22681053586037794,0.22681053586037794,0.03358271833269319,False,False
2024-08-16 14:00:00+00:00,58018.86,0.0,806.4210608968207,-0.19557590352347864,0.0,SELL,closed,0.0,0.0,0.22736811943997673,0.03358487689946302,False,False
2024-08-16 15:00:00+00:00,58071.06,0.0,806.4210608968207,-0.19557590352347864,0.0,HOLD,closed,0.0,0.0,0.0,0.03358073510915771,True,False
2024-08-16 16:00:00+00:00,58563.18,0.0,806.4210608968207,-0.19557590352347864,0.0,HOLD,closed,0.0,0.0,0.0,0.03358064649154108,True,False
2024-08-16 17:00:00+00:00,59215.85,0.0,806.4210608968207,-0.19557590352347864,0.0,HOLD,closed,0.0,0.0,0.0,0.03358707019382917,True,False
2024-08-16 18:00:00+00:00,59467.0,0.0,806.4210608968207,-0.19557590352347864,0.0,HOLD,closed,0.0,0.0,0.0,0.033588540984864856,True,False
2024-08-16 19:00:00+00:00,59683.39,0.0,806.4210608968207,-0.19557590352347864,0.0,HOLD,closed,0.0,0.0,0.0,0.03358944471550204,True,False
2024-08-16 20:00:00+00:00,59257.06,0.0,806.4210608968207,-0.19557590352347864,0.0,HOLD,closed,0.0,0.0,0.0,0.03359429654582613,True,False
2024-08-16 21:00:00+00:00,59023.98,0.0,806.4210608968207,-0.19557590352347864,0.0,HOLD,closed,0.0,0.0,0.0,0.033594627909062424,True,False
2024-08-16 22:00:00+00:00,58966.56,0.0,806.4210608968207,-0.19557590352347864,0.0,HOLD,closed,0.0,0.0,0.0,0.033591605391845886,True,False
2024-08-16 23:00:00+00:00,58874.6,0.0,806.4210608968207,-0.19557590352347864,0.0,HOLD,closed,0.0,0.0,0.0,0.03359060942176431,True,False
2024-08-17 00:00:00+00:00,59187.25,0.0,806.4210608968207,-0.19557590352347864,0.0,HOLD,closed,0.0,0.0,0.0,0.03359319649787951,True,False
2024-08-17 01:00:00+00:00,59248.49,0.0,806.4210608968207,-0.19557590352347864,0.0,HOLD,closed,0.0,0.0,0.0,0.03359307621992985,True,False
2024-08-17 02:00:00+00:00,59146.36,0.0,806.4210608968207,-0.19557590352347864,0.0,HOLD,closed,0.0,0.0,0.0,0.03359195700227666,True,False
2024-08-17 03:00:00+00:00,59158.37,0.0,806.4210608968207,-0.19557590352347864,0.0,HOLD,closed,0.0,0.0,0.0,0.03359137911570817,True,False
2024-08-17 04:00:00+00:00,59216.74,0.0,806.4210608968207,-0.19557590352347864,0.0,HOLD,closed,0.0,0.0,0.0,0.033591288659826996,True,False
2024-08-17 05:00:00+00:00,59163.17,0.0,806.4210608968207,-0.19557590352347864,0.0,HOLD,closed,0.0,0.0,0.0,0.03358999985766645,True,False
2024-08-17 06:00:00+00:00,59158.18,0.0,806.4210608968207,-0.19557590352347864,0.0,HOLD,closed,0.0,0.0,0.0,0.033589786674260935,True,False
2024-08-17 07:00:00+00:00,59248.0,0.0,806.4210608968207,-0.19557590352347864,0.0,HOLD,closed,0.0,0.0,0.0,0.03358991395413877,True,False
2024-08-17 08:00:00+00:00,59279.08,0.0,806.4210608968207,-0.19557590352347864,0.0,HOLD,closed,0.0,0.0,0.0,0.033589123296675405,True,False
2024-08-17 09:00:00+00:00,59326.34,0.0,806.4210608968207,-0.19557590352347864,0.0,HOLD,closed,0.0,0.0,0.0,0.03357437401953145,True,False
2024-08-17 10:00:00+00:00,59106.4,0.0,806.4210608968207,-0.19557590352347864,0.0,HOLD,closed,0.0,0.0,0.0,0.033574247644595295,True,False
2024-08-17 11:00:00+00:00,59137.12,0.0,806.4210608968207,-0.19557590352347864,0.0,HOLD,closed,0.0,0.0,0.0,0.033573582825630555,True,False
2024-08-17 12:00:00+00:00,59230.07,0.0,806.4210608968207,-0.19557590352347864,0.0,HOLD,closed,0.0,0.0,0.0,0.03357299913821951,True,False
2024-08-17 13:00:00+00:00,59324.28,0.0,806.4210608968207,-0.19557590352347864,0.0,HOLD,closed,0.0,0.0,0.0,0.033572457605979655,True,False
2024-08-17 14:00:00+00:00,59535.37,0.0,806.4210608968207,-0.19557590352347864,0.0,HOLD,closed,0.0,0.0,0.0,0.03357350556476854,True,False
2024-08-17 15:00:00+00:00,59388.11,0.0,806.4210608968207,-0.19557590352347864,0.0,HOLD,closed,0.0,0.0,0.0,0.0335712307411179,True,False
2024-08-17 16:00:00+00:00,59610.1,0.0,806.4210608968207,-0.19557590352347864,0.0,HOLD,closed,0.0,0.0,0.0,0.03356687985674772,True,False
2024-08-17 17:00:00+00:00,59428.57,0.0,806.4210608968207,-0.19557590352347864,0.0,HOLD,closed,0.0,0.0,0.0,0.03354197214561902,True,False
2024-08-17 18:00:00+00:00,59417.67,0.0,806.4210608968207,-0.19557590352347864,0.0,HOLD,closed,0.0,0.0,0.0,0.03353958207258523,True,False
2024-08-17 19:00:00+00:00,59473.19,0.0,806.4210608968207,-0.19557590352347864,0.0,HOLD,closed,0.0,0.0,0.0,0.033526622770619796,True,False
2024-08-17 20:00:00+00:00,59397.12,0.0,806.4210608968207,-0.19557590352347864,0.0,HOLD,closed,0.0,0.0,0.0,0.033524404292043675,True,False
2024-08-17 21:00:00+00:00,59303.8,0.0,806.4210608968207,-0.19557590352347864,0.0,HOLD,closed,0.0,0.0,0.0,0.033517147872084346,True,False
2024-08-17 22:00:00+00:00,59314.19,0.0,806.4210608968207,-0.19557590352347864,0.0,HOLD,closed,0.0,0.0,0.0,0.03350905526609371,True,False
2024-08-17 23:00:00+00:00,59491.99,0.0,806.4210608968207,-0.19557590352347864,0.0,HOLD,closed,0.0,0.0,0.0,0.03350399836328255,True,False
2024-08-18 00:00:00+00:00,59678.93,0.0,806.4210608968207,-0.19557590352347864,0.0,HOLD,closed,0.0,0.0,0.0,0.033493924289470484,True,False
2024-08-18 01:00:00+00:00,59435.95,0.0,806.4210608968207,-0.19557590352347864,0.0,HOLD,closed,0.0,0.0,0.0,0.033493473012333685,True,False
2024-08-18 02:00:00+00:00,60126.0,0.0,806.4210608968207,-0.19557590352347864,0.0,HOLD,closed,0.0,0.0,0.0,0.03350491127401384,True,False
2024-08-18 03:00:00+00:00,59337.42,0.0,806.4210608968207,-0.19557590352347864,0.0,HOLD,closed,0.0,0.0,0.0,0.0335222161092755,True,False
2024-08-18 04:00:00+00:00,59456.0,0.0,806.4210608968207,-0.19557590352347864,0.0,HOLD,closed,0.0,0.0,0.0,0.03352174156085588,True,False
2024-08-18 05:00:00+00:00,59490.0,0.0,806.4210608968207,-0.19557590352347864,0.0,HOLD,closed,0.0,0.0,0.0,0.03352148972894947,True,False
2024-08-18 06:00:00+00:00,59595.99,0.0,806.4210608968207,-0.19557590352347864,0.0,HOLD,closed,0.0,0.0,0.0,0.03352111384947562,True,False
2024-08-18 07:00:00+00:00,59573.39,0.0,806.4210608968207,-0.19557590352347864,0.0,HOLD,closed,0.0,0.0,0.0,0.033518897435281525,True,False
2024-08-18 08:00:00+00:00,59706.02,0.0,806.4210608968207,-0.19557590352347864,0.0,HOLD,closed,0.0,0.0,0.0,0.03351717515501612,True,False
2024-08-18 09:00:00+00:00,59880.0,0.0,806.4210608968207,-0.19557590352347864,0.0,HOLD,closed,0.0,0.0,0.0,0.03351508004777545,True,False
2024-08-18 10:00:00+00:00,59870.73,0.0,806.4210608968207,-0.19557590352347864,0.0,HOLD,closed,0.0,0.0,0.0,0.03351153187061626,True,False
2024-08-18 11:00:00+00:00,60024.01,0.0,806.4210608968207,-0.19557590352347864,0.0,HOLD,closed,0.0,0.0,0.0,0.03351065927210428,True,False
2024-08-18 12:00:00+00:00,59969.55,0.0,806.4210608968207,-0.19557590352347864,0.0,HOLD,closed,0.0,0.0,0.0,0.03350860898125052,True,False
2024-08-18 13:00:00+00:00,59828.0,0.0,806.4210608968207,-0.19557590352347864,0.0,HOLD,closed,0.0,0.0,0.0,0.03350450186729198,True,False
2024-08-18 14:00:00+00:00,59806.01,0.0,806.4210608968207,-0.19557590352347864,0.0,HOLD,closed,0.0,0.0,0.0,0.033497498741027365,True,False
2024-08-18 15:00:00+00:00,59863.99,0.0,806.4210608968207,-0.19557590352347864,0.0,HOLD,closed,0.0,0.0,0.0,0.03349251780922341,True,False
2024-08-18 16:00:00+00:00,59840.45,0.0,806.4210608968207,-0.19557590352347864,0.0,HOLD,closed,0.0,0.0,0.0,0.033492024930873276,True,False
2024-08-18 17:00:00+00:00,59527.58,0.0,806.4210608968207,-0.19557590352347864,0.0,HOLD,closed,0.0,0.0,0.0,0.033494413430112946,True,False
2024-08-18 18:00:00+00:00,59602.17,0.003812987134459613,806.2514023248606,-0.19574514196487885,0.2814632549813286,BUY,closed,0.2814632549813286,0.2814632549813286,0.2814632549813286,0.03349269014856612,False,False
2024-08-18 19:00:00+00:00,59708.38,0.0,805.7970293948532,-0.19619838971770676,0.0,SELL,closed,0.0,0.0,0.2822357703875931,0.033487133223497806,False,False
2024-08-18 20:00:00+00:00,59814.53,0.0,805.7970293948532,-0.19619838971770676,0.0,HOLD,closed,0.0,0.0,0.0,0.0334761632172661,True,False
2024-08-18 21:00:00+00:00,59439.33,0.0,805.7970293948532,-0.19619838971770676,0.0,HOLD,closed,0.0,0.0,0.0,0.033475042706897634,True,False
2024-08-18 22:00:00+00:00,59350.0,0.006528115215326472,804.4376252601472,-0.19755442751958557,0.4815440866705802,BUY,closed,0.4815440866705802,0.4815440866705802,0.4815440866705802,0.033446021329962244,False,False
2024-08-18 23:00:00+00:00,58427.35,0.008159575321263999,797.2435523532729,-0.2047306855300879,0.6065406123338168,BUY,closed,0.6065406123338168,0.6065406123338168,0.12881821156163842,0.03346324558567906,False,False
2024-08-19 00:00:00+00:00,58346.03,0.013633683808835204,795.4950259620294,-0.20647488199350508,1.0,BUY,closed,1.0,1.0,0.4023465099479616,0.03346149254444819,False,False
2024-08-19 01:00:00+00:00,58564.0,0.013633683808835204,798.4667600218413,-0.20351050692699313,1.0,HOLD,closed,1.0,0.9999703163082008,2.9683691799231582e-05,0.03345909842975037,True,False
2024-08-19 02:00:00+00:00,58670.51,0.012295717077239296,799.6197026587416,-0.20236041935618196,0.9001992446969369,SELL,closed,0.9001992446969369,0.9001992446969369,0.09977112549721667,0.033459120048708935,False,False
2024-08-19 03:00:00+00:00,58736.85,0.008752318252331021,799.7846493657278,-0.2021958811116245,0.6415295665418925,SELL,closed,0.6415295665418925,0.6415295665418925,0.26074398249199293,0.03345830706832048,False,False
2024-08-19 04:00:00+00:00,58582.0,0.0065123331305292995,798.5131410250974,-0.2034642407783927,0.47908300572378104,SELL,closed,0.47908300572378104,0.47908300572378104,0.16308815945922062,0.0334575766422652,False,False
2024-08-19 05:00:00+00:00,58475.18,0.0075141685032127405,797.5930791996147,-0.20438202422745508,0.5517489245907301,BUY,closed,0.5517489245907301,0.5517489245907301,0.07443443213796735,0.03345630337080244,False,False
2024-08-19 06:00:00+00:00,58570.0,0.0075141685032127405,798.3055726570893,-0.2036712951386872,0.5586097435553685,HOLD,closed,0.5586097435553685,0.5512987310965652,0.007311012458803279,0.03345253472435522,True,False
2024-08-19 07:00:00+00:00,58502.19,0.005377945125470963,797.6907195509641,-0.20428462566580727,0.39482051982405947,SELL,closed,0.39482051982405947,0.39482051982405947,0.1561916350872719,0.03344912422623039,False,False
2024-08-19 08:00:00+00:00,58608.27,0.005377945125470963,798.261211969874,-0.20371554597421546,0.3919725049621482,HOLD,closed,0.3919725049621482,0.3948482717592963,0.002875766797148127,0.033447724372900084,True,False
2024-08-19 09:00:00+00:00,58006.59,0.0035253779102292562,795.9229838462691,-0.2060479838740827,0.2598864553050727,SELL,closed,0.2598864553050727,0.2598864553050727,0.13249881192377622,0.03345051158535492,False,False
2024-08-19 10:00:00+00:00,58046.01,0.00936480351199092,795.614466193621,-0.20635573753530592,0.6823845914290466,BUY,closed,0.6823845914290466,0.6823845914290466,0.42532655676211745,0.033422816104753755,False,False
2024-08-19 11:00:00+00:00,58396.95,0.00747951262272364,798.614523733665,-0.20336310912683694,0.5434414169991847,SELL,closed,0.5434414169991847,0.5434414169991847,0.14109395902972566,0.03342343625771049,False,False
2024-08-19 12:00:00+00:00,58412.0,0.0029703330553917254,798.132669238212,-0.2038437703916939,0.21716849634980567,SELL,closed,0.21716849634980567,0.21716849634980567,0.32981844896650253,0.03339304394948517,False,False
2024-08-19 13:00:00+00:00,58199.99,0.0,798.725510574602,-0.20325239712590998,0.0,SELL,closed,0.0,0.0,0.21676829996477914,0.033393526637564785,False,False
2024-08-19 14:00:00+00:00,58617.42,0.004077084309361459,799.9526758502527,-0.20202827071607285,0.2970811670133504,BUY,closed,0.2970811670133504,0.2970811670133504,0.2970811670133504,0.033394005289280604,False,False
2024-08-19 15:00:00+00:00,58539.24,0.0,799.4748190176599,-0.20250494421760085,0.0,SELL,closed,0.0,0.0,0.2984733490052668,0.03339318698064081,False,False
2024-08-19 16:00:00+00:00,58705.99,0.0,799.4748190176599,-0.20250494421760085,0.0,HOLD,closed,0.0,0.0,0.0,0.033392949950039136,True,False
2024-08-19 17:00:00+00:00,59021.61,0.0,799.4748190176599,-0.20250494421760085,0.0,HOLD,closed,0.0,0.0,0.0,0.03339348741275064,True,False
2024-08-19 18:00:00+00:00,59011.99,0.0,799.4748190176599,-0.20250494421760085,0.0,HOLD,closed,0.0,0.0,0.0,0.03338983132844464,True,False
2024-08-19 19:00:00+00:00,58967.53,0.0,799.4748190176599,-0.20250494421760085,0.0,HOLD,closed,0.0,0.0,0.0,0.0333846412033961,True,False
2024-08-19 20:00:00+00:00,59080.01,0.0,799.4748190176599,-0.20250494421760085,0.0,HOLD,closed,0.0,0.0,0.0,0.033384097462460294,True,False
2024-08-19 21:00:00+00:00,58967.54,0.0,799.4748190176599,-0.20250494421760085,0.0,HOLD,closed,0.0,0.0,0.0,0.033380519829515676,True,False
2024-08-19 22:00:00+00:00,59241.0,0.0,799.4748190176599,-0.20250494421760085,0.0,HOLD,closed,0.0,0.0,0.0,0.0333780830332569,True,False
2024-08-19 23:00:00+00:00,59438.5,0.0,799.4748190176599,-0.20250494421760085,0.0,HOLD,closed,0.0,0.0,0.0,0.0333733488636572,True,False
2024-08-20 00:00:00+00:00,60482.78,0.0,799.4748190176599,-0.20250494421760085,0.0,HOLD,closed,0.0,0.0,0.0,0.03339988150419007,True,False
2024-08-20 01:00:00+00:00,60446.03,0.0,799.4748190176599,-0.20250494421760085,0.0,HOLD,closed,0.0,0.0,0.0,0.033395901440276404,True,False
2024-08-20 02:00:00+00:00,60528.83,0.0,799.4748190176599,-0.20250494421760085,0.0,HOLD,closed,0.0,0.0,0.0,0.03339399832035375,True,False
2024-08-20 03:00:00+00:00,60619.18,0.0,799.4748190176599,-0.20250494421760085,0.0,HOLD,closed,0.0,0.0,0.0,0.03339136086165925,True,False
2024-08-20 04:00:00+00:00,60865.61,0.0,799.4748190176599,-0.20250494421760085,0.0,HOLD,closed,0.0,0.0,0.0,0.033388306140674284,True,False
2024-08-20 05:00:00+00:00,61119.99,0.0,799.4748190176599,-0.20250494421760085,0.0,HOLD,closed,0.0,0.0,0.0,0.03335586126541751,True,False
2024-08-20 06:00:00+00:00,60960.84,0.0,799.4748190176599,-0.20250494421760085,0.0,HOLD,closed,0.0,0.0,0.0,0.03328742638244642,True,False
2024-08-20 07:00:00+00:00,60924.33,0.0,799.4748190176599,-0.20250494421760085,0.0,HOLD,closed,0.0,0.0,0.0,0.0332483998332804,True,False
2024-08-20 08:00:00+00:00,60765.13,0.0,799.4748190176599,-0.20250494421760085,0.0,HOLD,closed,0.0,0.0,0.0,0.033246744576565096,True,False
2024-08-20 09:00:00+00:00,60856.04,0.0,799.4748190176599,-0.20250494421760085,0.0,HOLD,closed,0.0,0.0,0.0,0.033195947519201435,True,False
2024-08-20 10:00:00+00:00,60716.01,0.0,799.4748190176599,-0.20250494421760085,0.0,HOLD,closed,0.0,0.0,0.0,0.033140531524029904,True,False
2024-08-20 11:00:00+00:00,60518.82,0.0,799.4748190176599,-0.20250494421760085,0.0,HOLD,closed,0.0,0.0,0.0,0.033063946154633206,True,False
2024-08-20 12:00:00+00:00,60693.71,0.0,799.4748190176599,-0.20250494421760085,0.0,HOLD,closed,0.0,0.0,0.0,0.03286002383302403,True,False
2024-08-20 13:00:00+00:00,60891.99,0.0,799.4748190176599,-0.20250494421760085,0.0,HOLD,closed,0.0,0.0,0.0,0.032628818896354383,True,False
2024-08-20 14:00:00+00:00,59461.8,0.0,799.4748190176599,-0.20250494421760085,0.0,HOLD,closed,0.0,0.0,0.0,0.032577375905322725,True,False
2024-08-20 15:00:00+00:00,58825.53,0.0042808504972585175,797.5409081213761,-0.20443406611290343,0.31839291601349196,BUY,closed,0.31839291601349196,0.31839291601349196,0.31839291601349196,0.03258592250590012,False,False
2024-08-20 16:00:00+00:00,58801.15,0.008064533504708796,798.0340909595786,-0.20394210455800854,0.594906846168002,BUY,closed,0.594906846168002,0.594906846168002,0.27924670359972703,0.03257583379706569,False,False
2024-08-20 17:00:00+00:00,59039.48,0.008064533504708796,799.9561112297558,-0.202024843843702,0.563684765962086,HOLD,closed,0.563684765962086,0.5951899833962723,0.03150521743418622,0.03252406724768281,True,False
2024-08-20 18:00:00+00:00,59191.45,0.00539530774330486,801.2570181804506,-0.20072715836752056,0.3975828682117748,SELL,closed,0.3975828682117748,0.3975828682117748,0.19822635283613244,0.03247967320391443,False,False
2024-08-20 19:00:00+00:00,59511.99,0.0038924389326988273,802.7756962854667,-0.19921224101019405,0.28692776841468726,SELL,closed,0.28692776841468726,0.28692776841468726,0.1129363991736772,0.03246496922742109,False,False
2024-08-20 20:00:00+00:00,59317.57,0.0,802.3125573817434,-0.1996742330292968,0.0,SELL,closed,0.0,0.0,0.287885997090046,0.03244847330890438,False,False
2024-08-20 21:00:00+00:00,59296.94,0.0,802.3125573817434,-0.1996742330292968,0.0,HOLD,closed,0.0,0.0,0.0,0.032446409552176564,True,False
2024-08-20 22:00:00+00:00,59368.0,0.0,802.3125573817434,-0.1996742330292968,0.0,HOLD,closed,0.0,0.0,0.0,0.03243581917733579,True,False
2024-08-20 23:00:00+00:00,59013.8,0.0,802.3125573817434,-0.1996742330292968,0.0,HOLD,closed,0.0,0.0,0.0,0.03237076839413722,True,False
2024-08-21 00:00:00+00:00,58989.0,0.00432659598383113,801.6944723967681,-0.20029078743206938,0.31824114894057065,BUY,closed,0.31824114894057065,0.31824114894057065,0.31824114894057065,0.03231131503623702,False,False
2024-08-21 01:00:00+00:00,59281.58,0.00432659598383113,802.9603478497174,-0.19902804670409519,0.2958536715200156,HOLD,closed,0.2958536715200156,0.3194272875740661,0.02357361605405045,0.03230974654336044,True,False
2024-08-21 02:00:00+00:00,59363.32,0.0,802.4474580221046,-0.19953966644739735,0.0,SELL,closed,0.0,0.0,0.31972690713990043,0.03230750462955309,False,False
2024-08-21 03:00:00+00:00,59320.0,0.0,802.4474580221046,-0.19953966644739735,0.0,HOLD,closed,0.0,0.0,0.0,0.03230565278732392,True,False
2024-08-21 04:00:00+00:00,59358.0,0.0,802.4474580221046,-0.19953966644739735,0.0,HOLD,closed,0.0,0.0,0.0,0.03230463081136414,True,False
2024-08-21 05:00:00+00:00,59379.99,0.0,802.4474580221046,-0.19953966644739735,0.0,HOLD,closed,0.0,0.0,0.0,0.03230341356287936,True,False
2024-08-21 06:00:00+00:00,59627.32,0.0,802.4474580221046,-0.19953966644739735,0.0,HOLD,closed,0.0,0.0,0.0,0.032301239594439896,True,False
2024-08-21 07:00:00+00:00,59712.0,0.0,802.4474580221046,-0.19953966644739735,0.0,HOLD,closed,0.0,0.0,0.0,0.03229693187645108,True,False
2024-08-21 08:00:00+00:00,59443.0,0.0,802.4474580221046,-0.19953966644739735,0.0,HOLD,closed,0.0,0.0,0.0,0.03229524889389679,True,False
2024-08-21 09:00:00+00:00,59290.51,0.0,802.4474580221046,-0.19953966644739735,0.0,HOLD,closed,0.0,0.0,0.0,0.03228625586803052,True,False
2024-08-21 10:00:00+00:00,59468.4,0.0,802.4474580221046,-0.19953966644739735,0.0,HOLD,closed,0.0,0.0,0.0,0.032278221480451785,True,False
2024-08-21 11:00:00+00:00,59361.14,0.0,802.4474580221046,-0.19953966644739735,0.0,HOLD,closed,0.0,0.0,0.0,0.03227531343743972,True,False
2024-08-21 12:00:00+00:00,59506.9,0.0,802.4474580221046,-0.19953966644739735,0.0,HOLD,closed,0.0,0.0,0.0,0.032274433901556404,True,False
2024-08-21 13:00:00+00:00,59928.0,0.0,802.4474580221046,-0.19953966644739735,0.0,HOLD,closed,0.0,0.0,0.0,0.03227578489018154,True,False
2024-08-21 14:00:00+00:00,59410.41,0.0,802.4474580221046,-0.19953966644739735,0.0,HOLD,closed,0.0,0.0,0.0,0.03228047078799734,True,False
2024-08-21 15:00:00+00:00,59511.8,0.0,802.4474580221046,-0.19953966644739735,0.0,HOLD,closed,0.0,0.0,0.0,0.03225057563296549,True,False
2024-08-21 16:00:00+00:00,59885.58,0.0,802.4474580221046,-0.19953966644739735,0.0,HOLD,closed,0.0,0.0,0.0,0.032245003580803594,True,False
2024-08-21 17:00:00+00:00,59928.42,0.0,802.4474580221046,-0.19953966644739735,0.0,HOLD,closed,0.0,0.0,0.0,0.03224149078432659,True,False
2024-08-21 18:00:00+00:00,60771.28,0.0,802.4474580221046,-0.19953966644739735,0.0,HOLD,closed,0.0,0.0,0.0,0.03225622515426613,True,False
2024-08-21 19:00:00+00:00,61570.0,0.0,802.4474580221046,-0.19953966644739735,0.0,HOLD,closed,0.0,0.0,0.0,0.032266931095086104,True,False
2024-08-21 20:00:00+00:00,61236.0,0.0,802.4474580221046,-0.19953966644739735,0.0,HOLD,closed,0.0,0.0,0.0,0.03226806020730735,True,False
2024-08-21 21:00:00+00:00,61235.97,0.0,802.4474580221046,-0.19953966644739735,0.0,HOLD,closed,0.0,0.0,0.0,0.03226324836139041,True,False
2024-08-21 22:00:00+00:00,61176.47,0.0,802.4474580221046,-0.19953966644739735,0.0,HOLD,closed,0.0,0.0,0.0,0.03226266505337694,True,False
2024-08-21 23:00:00+00:00,61156.03,0.0,802.4474580221046,-0.19953966644739735,0.0,HOLD,closed,0.0,0.0,0.0,0.03226139438829417,True,False
2024-08-22 00:00:00+00:00,60818.15,0.0,802.4474580221046,-0.19953966644739735,0.0,HOLD,closed,0.0,0.0,0.0,0.03225900244215196,True,False
2024-08-22 01:00:00+00:00,60970.0,0.0,802.4474580221046,-0.19953966644739735,0.0,HOLD,closed,0.0,0.0,0.0,0.03224912821737505,True,False
2024-08-22 02:00:00+00:00,60186.48,0.0,802.4474580221046,-0.19953966644739735,0.0,HOLD,closed,0.0,0.0,0.0,0.0322615870422264,True,False
2024-08-22 03:00:00+00:00,60548.9,0.0,802.4474580221046,-0.19953966644739735,0.0,HOLD,closed,0.0,0.0,0.0,0.032263803684678016,True,False
2024-08-22 04:00:00+00:00,60834.52,0.0,802.4474580221046,-0.19953966644739735,0.0,HOLD,closed,0.0,0.0,0.0,0.03226449839534992,True,False
2024-08-22 05:00:00+00:00,60724.0,0.0,802.4474580221046,-0.19953966644739735,0.0,HOLD,closed,0.0,0.0,0.0,0.032263990245933405,True,False
2024-08-22 06:00:00+00:00,60762.91,0.0,802.4474580221046,-0.19953966644739735,0.0,HOLD,closed,0.0,0.0,0.0,0.032263319928737405,True,False
2024-08-22 07:00:00+00:00,60984.31,0.0,802.4474580221046,-0.19953966644739735,0.0,HOLD,closed,0.0,0.0,0.0,0.03226415948851638,True,False
2024-08-22 08:00:00+00:00,60926.81,0.0,802.4474580221046,-0.19953966644739735,0.0,HOLD,closed,0.0,0.0,0.0,0.0322631433863316,True,False
2024-08-22 09:00:00+00:00,60887.98,0.0,802.4474580221046,-0.19953966644739735,0.0,HOLD,closed,0.0,0.0,0.0,0.03226227247981325,True,False
2024-08-22 10:00:00+00:00,61350.01,0.0,802.4474580221046,-0.19953966644739735,0.0,HOLD,closed,0.0,0.0,0.0,0.0322534850027556,True,False
2024-08-22 11:00:00+00:00,61336.09,0.0,802.4474580221046,-0.19953966644739735,0.0,HOLD,closed,0.0,0.0,0.0,0.03223190734556544,True,False
2024-08-22 12:00:00+00:00,60879.19,0.0,802.4474580221046,-0.19953966644739735,0.0,HOLD,closed,0.0,0.0,0.0,0.03223498939097394,True,False
2024-08-22 13:00:00+00:00,60815.99,0.0,802.4474580221046,-0.19953966644739735,0.0,HOLD,closed,0.0,0.0,0.0,0.03222408753459949,True,False
2024-08-22 14:00:00+00:00,60510.48,0.0,802.4474580221046,-0.19953966644739735,0.0,HOLD,closed,0.0,0.0,0.0,0.032216419709783756,True,False
2024-08-22 15:00:00+00:00,60407.4,0.0,802.4474580221046,-0.19953966644739735,0.0,HOLD,closed,0.0,0.0,0.0,0.032212176174093665,True,False
2024-08-22 16:00:00+00:00,60329.7,0.0,802.4474580221046,-0.19953966644739735,0.0,HOLD,closed,0.0,0.0,0.0,0.032173245452387395,True,False
2024-08-22 17:00:00+00:00,60164.7,0.003069290658517969,801.5705937094745,-0.20041435935489105,0.230755774462296,BUY,closed,0.230755774462296,0.230755774462296,0.230755774462296,0.03215989747458317,False,False
2024-08-22 18:00:00+00:00,60331.16,0.004781182724690449,802.1604269429029,-0.19982598674301405,0.35863989066839164,BUY,closed,0.35863989066839164,0.35863989066839164,0.1277732468207378,0.032149301485982995,False,False
2024-08-22 19:00:00+00:00,60308.0,0.0,801.5836625701479,-0.20040132285702536,0.0,SELL,closed,0.0,0.0,0.3595083567111755,0.032147897655530444,False,False
2024-08-22 20:00:00+00:00,60680.01,0.0,801.5836625701479,-0.20040132285702536,0.0,HOLD,closed,0.0,0.0,0.0,0.03214615683202343,True,False
2024-08-22 21:00:00+00:00,60545.47,0.0,801.5836625701479,-0.20040132285702536,0.0,HOLD,closed,0.0,0.0,0.0,0.03214480302407574,True,False
2024-08-22 22:00:00+00:00,60435.05,0.0,801.5836625701479,-0.20040132285702536,0.0,HOLD,closed,0.0,0.0,0.0,0.03214298150192835,True,False
2024-08-22 23:00:00+00:00,60375.84,0.0,801.5836625701479,-0.20040132285702536,0.0,HOLD,closed,0.0,0.0,0.0,0.03214155071851124,True,False
2024-08-23 00:00:00+00:00,60726.16,0.0,801.5836625701479,-0.20040132285702536,0.0,HOLD,closed,0.0,0.0,0.0,0.03211005481150811,True,False
2024-08-23 01:00:00+00:00,60768.45,0.0,801.5836625701479,-0.20040132285702536,0.0,HOLD,closed,0.0,0.0,0.0,0.03207171988182608,True,False
2024-08-23 02:00:00+00:00,60625.7,0.0,801.5836625701479,-0.20040132285702536,0.0,HOLD,closed,0.0,0.0,0.0,0.03206718307726608,True,False
2024-08-23 03:00:00+00:00,60593.31,0.0,801.5836625701479,-0.20040132285702536,0.0,HOLD,closed,0.0,0.0,0.0,0.03206410512611321,True,False
2024-08-23 04:00:00+00:00,60707.51,0.0,801.5836625701479,-0.20040132285702536,0.0,HOLD,closed,0.0,0.0,0.0,0.03205794449316873,True,False
2024-08-23 05:00:00+00:00,60856.26,0.0,801.5836625701479,-0.20040132285702536,0.0,HOLD,closed,0.0,0.0,0.0,0.03205564828968843,True,False
2024-08-23 06:00:00+00:00,61189.58,0.0,801.5836625701479,-0.20040132285702536,0.0,HOLD,closed,0.0,0.0,0.0,0.032056397552779003,True,False
2024-08-23 07:00:00+00:00,61069.27,0.0,801.5836625701479,-0.20040132285702536,0.0,HOLD,closed,0.0,0.0,0.0,0.0320561291307751,True,False
2024-08-23 08:00:00+00:00,61321.4,0.0,801.5836625701479,-0.20040132285702536,0.0,HOLD,closed,0.0,0.0,0.0,0.03205623993423229,True,False
2024-08-23 09:00:00+00:00,61022.13,0.0,801.5836625701479,-0.20040132285702536,0.0,HOLD,closed,0.0,0.0,0.0,0.032054919003499466,True,False
2024-08-23 10:00:00+00:00,61060.75,0.0,801.5836625701479,-0.20040132285702536,0.0,HOLD,closed,0.0,0.0,0.0,0.03197318987850176,True,False
2024-08-23 11:00:00+00:00,60741.68,0.0,801.5836625701479,-0.20040132285702536,0.0,HOLD,closed,0.0,0.0,0.0,0.03197380563500135,True,False
2024-08-23 12:00:00+00:00,61146.58,0.0,801.5836625701479,-0.20040132285702536,0.0,HOLD,closed,0.0,0.0,0.0,0.03197580687152127,True,False
2024-08-23 13:00:00+00:00,61119.99,0.0,801.5836625701479,-0.20040132285702536,0.0,HOLD,closed,0.0,0.0,0.0,0.03193703107882262,True,False
2024-08-23 14:00:00+00:00,60994.91,0.0,801.5836625701479,-0.20040132285702536,0.0,HOLD,closed,0.0,0.0,0.0,0.031899033722748715,True,False
2024-08-23 15:00:00+00:00,61533.05,0.0,801.5836625701479,-0.20040132285702536,0.0,HOLD,closed,0.0,0.0,0.0,0.031900985642687646,True,False
2024-08-23 16:00:00+00:00,61731.99,0.0,801.5836625701479,-0.20040132285702536,0.0,HOLD,closed,0.0,0.0,0.0,0.031900340328515936,True,False
2024-08-23 17:00:00+00:00,62999.89,0.0,801.5836625701479,-0.20040132285702536,0.0,HOLD,closed,0.0,0.0,0.0,0.03192416557325073,True,False
2024-08-23 18:00:00+00:00,63152.6,0.0,801.5836625701479,-0.20040132285702536,0.0,HOLD,closed,0.0,0.0,0.0,0.03191719009826344,True,False
2024-08-23 19:00:00+00:00,63628.84,0.0,801.5836625701479,-0.20040132285702536,0.0,HOLD,closed,0.0,0.0,0.0,0.03192081502414412,True,False
2024-08-23 20:00:00+00:00,63627.74,0.0,801.5836625701479,-0.20040132285702536,0.0,HOLD,closed,0.0,0.0,0.0,0.031886836127397844,True,False
2024-08-23 21:00:00+00:00,64392.58,0.0,801.5836625701479,-0.20040132285702536,0.0,HOLD,closed,0.0,0.0,0.0,0.031864877214362985,True,False
2024-08-23 22:00:00+00:00,64084.96,0.0,801.5836625701479,-0.20040132285702536,0.0,HOLD,closed,0.0,0.0,0.0,0.03186454480190254,True,False
2024-08-23 23:00:00+00:00,64037.24,0.0,801.5836625701479,-0.20040132285702536,0.0,HOLD,closed,0.0,0.0,0.0,0.03185836954248861,True,False
2024-08-24 00:00:00+00:00,63961.78,0.0,801.5836625701479,-0.20040132285702536,0.0,HOLD,closed,0.0,0.0,0.0,0.0318535576942828,True,False
2024-08-24 01:00:00+00:00,63836.48,0.0,801.5836625701479,-0.20040132285702536,0.0,HOLD,closed,0.0,0.0,0.0,0.031851136565939187,True,False
2024-08-24 02:00:00+00:00,63949.99,0.0,801.5836625701479,-0.20040132285702536,0.0,HOLD,closed,0.0,0.0,0.0,0.03184868853714834,True,False
2024-08-24 03:00:00+00:00,63832.01,0.0,801.5836625701479,-0.20040132285702536,0.0,HOLD,closed,0.0,0.0,0.0,0.031847338366152056,True,False
2024-08-24 04:00:00+00:00,63897.61,0.0,801.5836625701479,-0.20040132285702536,0.0,HOLD,closed,0.0,0.0,0.0,0.0318447345940196,True,False
2024-08-24 05:00:00+00:00,63987.98,0.0,801.5836625701479,-0.20040132285702536,0.0,HOLD,closed,0.0,0.0,0.0,0.03184218290558061,True,False
2024-08-24 06:00:00+00:00,64048.0,0.0,801.5836625701479,-0.20040132285702536,0.0,HOLD,closed,0.0,0.0,0.0,0.031841154332984595,True,False
2024-08-24 07:00:00+00:00,64315.0,0.0,801.5836625701479,-0.20040132285702536,0.0,HOLD,closed,0.0,0.0,0.0,0.03184027840055473,True,False
2024-08-24 08:00:00+00:00,64416.0,0.0,801.5836625701479,-0.20040132285702536,0.0,HOLD,closed,0.0,0.0,0.0,0.03183720177770197,True,False
2024-08-24 09:00:00+00:00,64328.66,0.0,801.5836625701479,-0.20040132285702536,0.0,HOLD,closed,0.0,0.0,0.0,0.03183534817077652,True,False
2024-08-24 10:00:00+00:00,64117.76,0.0,801.5836625701479,-0.20040132285702536,0.0,HOLD,closed,0.0,0.0,0.0,0.03183530075415897,True,False
2024-08-24 11:00:00+00:00,63905.01,0.0,801.5836625701479,-0.20040132285702536,0.0,HOLD,closed,0.0,0.0,0.0,0.031810296182348236,True,False
2024-08-24 12:00:00+00:00,64086.99,0.0,801.5836625701479,-0.20040132285702536,0.0,HOLD,closed,0.0,0.0,0.0,0.031810549757496615,True,False
2024-08-24 13:00:00+00:00,64221.49,0.0,801.5836625701479,-0.20040132285702536,0.0,HOLD,closed,0.0,0.0,0.0,0.03180766271056337,True,False
2024-08-24 14:00:00+00:00,64171.84,0.0,801.5836625701479,-0.20040132285702536,0.0,HOLD,closed,0.0,0.0,0.0,0.031804383766766586,True,False
2024-08-24 15:00:00+00:00,63976.0,0.0,801.5836625701479,-0.20040132285702536,0.0,HOLD,closed,0.0,0.0,0.0,0.03180459368563668,True,False
2024-08-24 16:00:00+00:00,64298.01,0.0,801.5836625701479,-0.20040132285702536,0.0,HOLD,closed,0.0,0.0,0.0,0.031805603073252114,True,False
2024-08-24 17:00:00+00:00,64050.99,0.0,801.5836625701479,-0.20040132285702536,0.0,HOLD,closed,0.0,0.0,0.0,0.03180496572784702,True,False
2024-08-24 18:00:00+00:00,64223.06,0.0,801.5836625701479,-0.20040132285702536,0.0,HOLD,closed,0.0,0.0,0.0,0.03180514039079152,True,False
2024-08-24 19:00:00+00:00,64210.6,0.0,801.5836625701479,-0.20040132285702536,0.0,HOLD,closed,0.0,0.0,0.0,0.03180492224387391,True,False
2024-08-24 20:00:00+00:00,64131.0,0.0,801.5836625701479,-0.20040132285702536,0.0,HOLD,closed,0.0,0.0,0.0,0.031804866184140856,True,False
2024-08-24 21:00:00+00:00,63612.37,0.0,801.5836625701479,-0.20040132285702536,0.0,HOLD,closed,0.0,0.0,0.0,0.03180980521358484,True,False
2024-08-24 22:00:00+00:00,63833.98,0.002809243598487873,801.8487525549078,-0.2001368893224667,0.22293694776877698,BUY,closed,0.22293694776877698,0.22293694776877698,0.22293694776877698,0.031810167517077326,False,False
2024-08-24 23:00:00+00:00,64157.01,0.0,802.3475610027538,-0.19963931608879262,0.0,SELL,closed,0.0,0.0,0.22451731246139398,0.031811451763514464,False,False
2024-08-25 00:00:00+00:00,64175.99,0.0,802.3475610027538,-0.19963931608879262,0.0,HOLD,closed,0.0,0.0,0.0,0.03181076478856146,True,False
2024-08-25 01:00:00+00:00,64150.08,0.0,802.3475610027538,-0.19963931608879262,0.0,HOLD,closed,0.0,0.0,0.0,0.031809672007854284,True,False
2024-08-25 02:00:00+00:00,64137.0,0.0,802.3475610027538,-0.19963931608879262,0.0,HOLD,closed,0.0,0.0,0.0,0.03180963868446546,True,False
2024-08-25 03:00:00+00:00,64101.01,0.0,802.3475610027538,-0.19963931608879262,0.0,HOLD,closed,0.0,0.0,0.0,0.031805541451273706,True,False
2024-08-25 04:00:00+00:00,64150.99,0.0,802.3475610027538,-0.19963931608879262,0.0,HOLD,closed,0.0,0.0,0.0,0.031804796129138696,True,False
2024-08-25 05:00:00+00:00,64137.5,0.0,802.3475610027538,-0.19963931608879262,0.0,HOLD,closed,0.0,0.0,0.0,0.03180427390398624,True,False
2024-08-25 06:00:00+00:00,63994.0,0.0,802.3475610027538,-0.19963931608879262,0.0,HOLD,closed,0.0,0.0,0.0,0.03180432527812552,True,False
2024-08-25 07:00:00+00:00,63868.26,0.0,802.3475610027538,-0.19963931608879262,0.0,HOLD,closed,0.0,0.0,0.0,0.03180444473389449,True,False
2024-08-25 08:00:00+00:00,63931.0,0.004311429665257148,802.0671521959852,-0.1999190305109061,0.343197346549556,BUY,closed,0.343197346549556,0.343197346549556,0.343197346549556,0.03180392002569307,False,False
2024-08-25 09:00:00+00:00,63861.31,0.0,801.5160219931311,-0.2004687959336727,0.0,SELL,closed,0.0,0.0,0.34340856297665967,0.031802781365090405,False,False
2024-08-25 10:00:00+00:00,63881.01,0.003855502495575958,801.0994560355766,-0.20088433033657627,0.30718961912758247,BUY,closed,0.30718961912758247,0.30718961912758247,0.30718961912758247,0.03177065883981786,False,False
2024-08-25 11:00:00+00:00,63873.91,0.0026909205317228,800.9316099755139,-0.20105176075445616,0.21458586833174897,SELL,closed,0.21458586833174897,0.21458586833174897,0.09283468089302754,0.03176499768071889,False,False
2024-08-25 12:00:00+00:00,63924.0,0.0026909205317228,801.0663981849478,-0.20091730632506785,0.20266612989775198,HOLD,closed,0.20266612989775198,0.21473176812758296,0.012065638229830977,0.03176099730582982,True,False
2024-08-25 13:00:00+00:00,64082.02,0.0,800.7224285286098,-0.20126042419913145,0.0,SELL,closed,0.0,0.0,0.215148380318019,0.031747023104842564,False,False
2024-08-25 14:00:00+00:00,64148.01,0.0,800.7224285286098,-0.20126042419913145,0.0,HOLD,closed,0.0,0.0,0.0,0.03172854259826696,True,False
2024-08-25 15:00:00+00:00,64132.16,0.0,800.7224285286098,-0.20126042419913145,0.0,HOLD,closed,0.0,0.0,0.0,0.03172327840168754,True,False
2024-08-25 16:00:00+00:00,64033.99,0.0,800.7224285286098,-0.20126042419913145,0.0,HOLD,closed,0.0,0.0,0.0,0.03172320859817049,True,False
2024-08-25 17:00:00+00:00,64140.99,0.0,800.7224285286098,-0.20126042419913145,0.0,HOLD,closed,0.0,0.0,0.0,0.03171253881694766,True,False
2024-08-25 18:00:00+00:00,64166.99,0.0,800.7224285286098,-0.20126042419913145,0.0,HOLD,closed,0.0,0.0,0.0,0.031711007516567,True,False
2024-08-25 19:00:00+00:00,64187.41,0.0,800.7224285286098,-0.20126042419913145,0.0,HOLD,closed,0.0,0.0,0.0,0.03170398284034903,True,False
2024-08-25 20:00:00+00:00,64206.99,0.0,800.7224285286098,-0.20126042419913145,0.0,HOLD,closed,0.0,0.0,0.0,0.031609818366913595,True,False
2024-08-25 21:00:00+00:00,64383.73,0.0,800.7224285286098,-0.20126042419913145,0.0,HOLD,closed,0.0,0.0,0.0,0.03153182351258557,True,False
2024-08-25 22:00:00+00:00,64482.01,0.0,800.7224285286098,-0.20126042419913145,0.0,HOLD,closed,0.0,0.0,0.0,0.031530120104087955,True,False
2024-08-25 23:00:00+00:00,64220.0,0.0,800.7224285286098,-0.20126042419913145,0.0,HOLD,closed,0.0,0.0,0.0,0.03151375678978319,True,False
2024-08-26 00:00:00+00:00,64111.01,0.0,800.7224285286098,-0.20126042419913145,0.0,HOLD,closed,0.0,0.0,0.0,0.031510326964280744,True,False
2024-08-26 01:00:00+00:00,63939.98,0.0,800.7224285286098,-0.20126042419913145,0.0,HOLD,closed,0.0,0.0,0.0,0.031492209004715305,True,False
2024-08-26 02:00:00+00:00,64070.0,0.006045896334422847,800.735173701356,-0.20124771058763508,0.4827821438890266,BUY,closed,0.4827821438890266,0.4827821438890266,0.4827821438890266,0.03145458007607427,False,False
2024-08-26 03:00:00+00:00,64114.99,0.0,799.9606462253522,-0.2020203200782499,0.0,SELL,closed,0.0,0.0,0.48393147201374437,0.03141924613565236,False,False
2024-08-26 04:00:00+00:00,64019.0,0.0,799.9606462253522,-0.2020203200782499,0.0,HOLD,closed,0.0,0.0,0.0,0.031419251528822606,True,False
2024-08-26 05:00:00+00:00,63950.01,0.0031437743519017935,799.3411340217006,-0.20263829816543483,0.25158898901347304,BUY,closed,0.25158898901347304,0.25158898901347304,0.25158898901347304,0.031419137919192736,False,False
2024-08-26 06:00:00+00:00,63728.44,0.005616328693253934,798.5091031303427,-0.20346826867398868,0.4497172966742212,BUY,closed,0.4497172966742212,0.4497172966742212,0.19885747341661442,0.03137022360153496,False,False
2024-08-26 07:00:00+00:00,63627.01,0.012520933575658241,796.3589146161462,-0.20561313261251626,1.0,BUY,closed,1.0,1.0,0.5521587422515919,0.03137036698711779,False,False
2024-08-26 08:00:00+00:00,63738.0,0.012520933575658241,797.7486130337086,-0.2042268755464133,1.0,HOLD,closed,1.0,1.0003894099049764,0.00038940990497637884,0.031293747276120415,True,False
2024-08-26 09:00:00+00:00,63856.99,0.008308500075979275,798.20034949088,-0.20377625773764543,0.6625895883709767,SELL,closed,0.6625895883709767,0.6625895883709767,0.33779909563234645,0.031141851269116172,False,False
2024-08-26 10:00:00+00:00,63780.0,0.0034214846698226754,797.3129940057939,-0.20466141583799313,0.2739424755613168,SELL,closed,0.2739424755613168,0.2739424755613168,0.3904786141647598,0.031001886841767384,False,False
2024-08-26 11:00:00+00:00,63859.0,0.005395545906617656,797.487348148135,-0.20448749345399234,0.4314633664415327,BUY,closed,0.4314633664415327,0.4314633664415327,0.15752007811671198,0.030999966312663163,False,False
2024-08-26 12:00:00+00:00,63633.0,0.0,796.7984120931166,-0.2051747234761993,0.0,SELL,closed,0.0,0.0,0.43117994466269327,0.03099866187145367,False,False
2024-08-26 13:00:00+00:00,63766.0,0.008583365503121335,796.847356018263,-0.20512590075234813,0.6854748814387583,BUY,closed,0.6854748814387583,0.6854748814387583,0.6854748814387583,0.030985433053784345,False,False
2024-08-26 14:00:00+00:00,63500.6,0.003616741145624198,795.2542277315385,-0.20671508392818716,0.29025172121315673,SELL,closed,0.29025172121315673,0.29025172121315673,0.39571593237008823,0.03090568488293602,False,False
2024-08-26 15:00:00+00:00,63532.53,0.010074401267211857,796.5656465659849,-0.20540691259914395,0.8043184406487711,BUY,closed,0.8043184406487711,0.8043184406487711,0.5154204447007283,0.03090119567347796,False,False
2024-08-26 16:00:00+00:00,63705.0,0.0076877123567976975,798.2548547746202,-0.2037218874269579,0.6118225580691437,SELL,closed,0.6118225580691437,0.6118225580691437,0.19211979111629351,0.030874791497712772,False,False
2024-08-26 17:00:00+00:00,63375.99,0.0,797.2756082160986,-0.20469870904814724,0.0,SELL,closed,0.0,0.0,0.6122920138611119,0.030877258815307423,False,False
2024-08-26 18:00:00+00:00,63643.94,0.009456099624243614,798.6103963649615,-0.20336722627481477,0.7516720235891476,BUY,closed,0.7516720235891476,0.7516720235891476,0.7516720235891476,0.030875641763173478,False,False
2024-08-26 19:00:00+00:00,63342.99,0.0,797.4070504024414,-0.20456759235599373,0.0,SELL,closed,0.0,0.0,0.7527070651241681,0.030863337840391664,False,False
2024-08-26 20:00:00+00:00,63417.01,0.008112649443496815,796.979532829367,-0.20499405125460649,0.6444380850577829,BUY,closed,0.6444380850577829,0.6444380850577829,0.6444380850577829,0.030736383035131876,False,False
2024-08-26 21:00:00+00:00,63155.81,0.005450565792061912,795.2182601164773,-0.20675096247557517,0.43486690684800056,SELL,closed,0.43486690684800056,0.43486690684800056,0.20972537215073994,0.030734987884517728,False,False
2024-08-26 22:00:00+00:00,62973.01,0.009380220451666671,794.0853558725961,-0.2078810612750349,0.7459068012037477,BUY,closed,0.7459068012037477,0.7459068012037477,0.31373723302665696,0.030735339158060065,False,False
2024-08-26 23:00:00+00:00,62834.0,0.01062567441101413,792.4513816884556,-0.20951098920038125,0.844029251060002,BUY,closed,0.844029251060002,0.844029251060002,0.10057492258544709,0.030734810974108545,False,False
2024-08-27 00:00:00+00:00,62722.0,0.01062567441101413,791.2613061544221,-0.2106981177150298,0.8520641843565602,HOLD,closed,0.8520641843565602,0.8422799715136856,0.009784212842874562,0.0307342001036974,True,False
2024-08-27 01:00:00+00:00,62994.8,0.01062567441101413,794.1599901337468,-0.20780661183292143,0.8203762159260184,HOLD,closed,0.8203762159260184,0.8428556496207065,0.022479433694688078,0.030730235312304927,True,False
2024-08-27 02:00:00+00:00,62900.07,0.0,792.8217063903738,-0.20914158154451945,0.0,SELL,closed,0.0,0.0,0.8426562218602063,0.030729814598675437,False,False
2024-08-27 03:00:00+00:00,62970.0,0.0,792.8217063903738,-0.20914158154451945,0.0,HOLD,closed,0.0,0.0,0.0,0.03072847150841726,True,False
2024-08-27 04:00:00+00:00,63038.99,0.0,792.8217063903738,-0.20914158154451945,0.0,HOLD,closed,0.0,0.0,0.0,0.0306967485687705,True,False
2024-08-27 05:00:00+00:00,63150.02,0.0,792.8217063903738,-0.20914158154451945,0.0,HOLD,closed,0.0,0.0,0.0,0.03069550385751299,True,False
2024-08-27 06:00:00+00:00,62761.0,0.0,792.8217063903738,-0.20914158154451945,0.0,HOLD,closed,0.0,0.0,0.0,0.03069848671885317,True,False
2024-08-27 07:00:00+00:00,62902.31,0.0,792.8217063903738,-0.20914158154451945,0.0,HOLD,closed,0.0,0.0,0.0,0.030698278641665078,True,False
2024-08-27 08:00:00+00:00,62813.38,0.0,792.8217063903738,-0.20914158154451945,0.0,HOLD,closed,0.0,0.0,0.0,0.030692322682452283,True,False
2024-08-27 09:00:00+00:00,62679.99,0.0,792.8217063903738,-0.20914158154451945,0.0,HOLD,closed,0.0,0.0,0.0,0.030686769373404615,True,False
2024-08-27 10:00:00+00:00,62332.05,0.0,792.8217063903738,-0.20914158154451945,0.0,HOLD,closed,0.0,0.0,0.0,0.030662702050587687,True,False
2024-08-27 11:00:00+00:00,62417.0,0.0,792.8217063903738,-0.20914158154451945,0.0,HOLD,closed,0.0,0.0,0.0,0.030660564689298536,True,False
2024-08-27 12:00:00+00:00,62419.56,0.0,792.8217063903738,-0.20914158154451945,0.0,HOLD,closed,0.0,0.0,0.0,0.03065639104747761,True,False
2024-08-27 13:00:00+00:00,62232.64,0.0,792.8217063903738,-0.20914158154451945,0.0,HOLD,closed,0.0,0.0,0.0,0.030654851646922138,True,False
2024-08-27 14:00:00+00:00,61851.01,0.0,792.8217063903738,-0.20914158154451945,0.0,HOLD,closed,0.0,0.0,0.0,0.030656855819509554,True,False
2024-08-27 15:00:00+00:00,61709.13,0.0,792.8217063903738,-0.20914158154451945,0.0,HOLD,closed,0.0,0.0,0.0,0.03065733396718867,True,False
2024-08-27 16:00:00+00:00,61560.12,0.0,792.8217063903738,-0.20914158154451945,0.0,HOLD,closed,0.0,0.0,0.0,0.030656382414264022,True,False
2024-08-27 17:00:00+00:00,61933.32,0.0,792.8217063903738,-0.20914158154451945,0.0,HOLD,closed,0.0,0.0,0.0,0.03065974237161781,True,False
2024-08-27 18:00:00+00:00,62096.01,0.0,792.8217063903738,-0.20914158154451945,0.0,HOLD,closed,0.0,0.0,0.0,0.03065836673657754,True,False
2024-08-27 19:00:00+00:00,62102.01,0.0,792.8217063903738,-0.20914158154451945,0.0,HOLD,closed,0.0,0.0,0.0,0.03065737966146495,True,False
2024-08-27 20:00:00+00:00,61859.0,0.0,792.8217063903738,-0.20914158154451945,0.0,HOLD,closed,0.0,0.0,0.0,0.030656974764506073,True,False
2024-08-27 21:00:00+00:00,60419.99,0.0,792.8217063903738,-0.20914158154451945,0.0,HOLD,closed,0.0,0.0,0.0,0.03069622445232309,True,False
2024-08-27 22:00:00+00:00,59506.94,0.0,792.8217063903738,-0.20914158154451945,0.0,HOLD,closed,0.0,0.0,0.0,0.03071739024150366,True,False
2024-08-27 23:00:00+00:00,59415.0,0.0,792.8217063903738,-0.20914158154451945,0.0,HOLD,closed,0.0,0.0,0.0,0.03071732211300951,True,False
2024-08-28 00:00:00+00:00,59088.94,0.0,792.8217063903738,-0.20914158154451945,0.0,HOLD,closed,0.0,0.0,0.0,0.030719212250903266,True,False
2024-08-28 01:00:00+00:00,59383.63,0.0,792.8217063903738,-0.20914158154451945,0.0,HOLD,closed,0.0,0.0,0.0,0.030719708167998017,True,False
2024-08-28 02:00:00+00:00,59336.02,0.0,792.8217063903738,-0.20914158154451945,0.0,HOLD,closed,0.0,0.0,0.0,0.03071971608532184,True,False
2024-08-28 03:00:00+00:00,59629.01,0.0,792.8217063903738,-0.20914158154451945,0.0,HOLD,closed,0.0,0.0,0.0,0.030721850679603147,True,False
2024-08-28 04:00:00+00:00,59325.33,0.0,792.8217063903738,-0.20914158154451945,0.0,HOLD,closed,0.0,0.0,0.0,0.03071897983668223,True,False
2024-08-28 05:00:00+00:00,59287.94,0.0,792.8217063903738,-0.20914158154451945,0.0,HOLD,closed,0.0,0.0,0.0,0.03071901801169971,True,False
2024-08-28 06:00:00+00:00,59186.91,0.0,792.8217063903738,-0.20914158154451945,0.0,HOLD,closed,0.0,0.0,0.0,0.03071927686023762,True,False
2024-08-28 07:00:00+00:00,58600.98,0.0,792.8217063903738,-0.20914158154451945,0.0,HOLD,closed,0.0,0.0,0.0,0.030724992668418993,True,False
2024-08-28 08:00:00+00:00,59223.99,0.0,792.8217063903738,-0.20914158154451945,0.0,HOLD,closed,0.0,0.0,0.0,0.03073256008856451,True,False
2024-08-28 09:00:00+00:00,60200.12,0.0,792.8217063903738,-0.20914158154451945,0.0,HOLD,closed,0.0,0.0,0.0,0.030751983357004187,True,False
2024-08-28 10:00:00+00:00,59756.99,0.0,792.8217063903738,-0.20914158154451945,0.0,HOLD,closed,0.0,0.0,0.0,0.03074040591234664,True,False
2024-08-28 11:00:00+00:00,59935.0,0.0,792.8217063903738,-0.20914158154451945,0.0,HOLD,closed,0.0,0.0,0.0,0.03074125120633378,True,False
2024-08-28 12:00:00+00:00,59946.22,0.0,792.8217063903738,-0.20914158154451945,0.0,HOLD,closed,0.0,0.0,0.0,0.03074122538035781,True,False
2024-08-28 13:00:00+00:00,59334.0,0.0,792.8217063903738,-0.20914158154451945,0.0,HOLD,closed,0.0,0.0,0.0,0.030741863337305997,True,False
2024-08-28 14:00:00+00:00,59195.26,0.0,792.8217063903738,-0.20914158154451945,0.0,HOLD,closed,0.0,0.0,0.0,0.030723915337683372,True,False
2024-08-28 15:00:00+00:00,59000.0,0.0,792.8217063903738,-0.20914158154451945,0.0,HOLD,closed,0.0,0.0,0.0,0.0307248983803127,True,False
2024-08-28 16:00:00+00:00,59198.01,0.0,792.8217063903738,-0.20914158154451945,0.0,HOLD,closed,0.0,0.0,0.0,0.03072132555877599,True,False
2024-08-28 17:00:00+00:00,58650.0,0.0,792.8217063903738,-0.20914158154451945,0.0,HOLD,closed,0.0,0.0,0.0,0.030727271698173964,True,False
2024-08-28 18:00:00+00:00,59487.0,0.0,792.8217063903738,-0.20914158154451945,0.0,HOLD,closed,0.0,0.0,0.0,0.03074598330984596,True,False
2024-08-28 19:00:00+00:00,58898.85,0.0,792.8217063903738,-0.20914158154451945,0.0,HOLD,closed,0.0,0.0,0.0,0.030754714260012667,True,False
2024-08-28 20:00:00+00:00,59312.01,0.0,792.8217063903738,-0.20914158154451945,0.0,HOLD,closed,0.0,0.0,0.0,0.030758515716048707,True,False
2024-08-28 21:00:00+00:00,59113.91,0.0,792.8217063903738,-0.20914158154451945,0.0,HOLD,closed,0.0,0.0,0.0,0.030684324009711633,True,False
2024-08-28 22:00:00+00:00,59195.43,0.0,792.8217063903738,-0.20914158154451945,0.0,HOLD,closed,0.0,0.0,0.0,0.03067717012425522,True,False
2024-08-28 23:00:00+00:00,59034.9,0.0,792.8217063903738,-0.20914158154451945,0.0,HOLD,closed,0.0,0.0,0.0,0.03067494834764173,True,False
2024-08-29 00:00:00+00:00,59205.83,0.0,792.8217063903738,-0.20914158154451945,0.0,HOLD,closed,0.0,0.0,0.0,0.03067332852393448,True,False
2024-08-29 01:00:00+00:00,58997.99,0.0,792.8217063903738,-0.20914158154451945,0.0,HOLD,closed,0.0,0.0,0.0,0.03067344241514977,True,False
2024-08-29 02:00:00+00:00,59137.0,0.0,792.8217063903738,-0.20914158154451945,0.0,HOLD,closed,0.0,0.0,0.0,0.03067195368767417,True,False
2024-08-29 03:00:00+00:00,59141.1,0.0,792.8217063903738,-0.20914158154451945,0.0,HOLD,closed,0.0,0.0,0.0,0.030671939053593916,True,False
2024-08-29 04:00:00+00:00,59197.96,0.0,792.8217063903738,-0.20914158154451945,0.0,HOLD,closed,0.0,0.0,0.0,0.030671989403950106,True,False
2024-08-29 05:00:00+00:00,59436.17,0.0,792.8217063903738,-0.20914158154451945,0.0,HOLD,closed,0.0,0.0,0.0,0.030673207841160205,True,False
2024-08-29 06:00:00+00:00,59570.65,0.0,792.8217063903738,-0.20914158154451945,0.0,HOLD,closed,0.0,0.0,0.0,0.030673663278201035,True,False
2024-08-29 07:00:00+00:00,59583.88,0.0,792.8217063903738,-0.20914158154451945,0.0,HOLD,closed,0.0,0.0,0.0,0.030673573187579517,True,False
2024-08-29 08:00:00+00:00,59551.97,0.0,792.8217063903738,-0.20914158154451945,0.0,HOLD,closed,0.0,0.0,0.0,0.030662869832895928,True,False
2024-08-29 09:00:00+00:00,59586.0,0.0,792.8217063903738,-0.20914158154451945,0.0,HOLD,closed,0.0,0.0,0.0,0.030650123132752533,True,False
2024-08-29 10:00:00+00:00,59673.01,0.0,792.8217063903738,-0.20914158154451945,0.0,HOLD,closed,0.0,0.0,0.0,0.03056979386655892,True,False
2024-08-29 11:00:00+00:00,60067.06,0.0,792.8217063903738,-0.20914158154451945,0.0,HOLD,closed,0.0,0.0,0.0,0.03056681168379982,True,False
2024-08-29 12:00:00+00:00,60322.0,0.0,792.8217063903738,-0.20914158154451945,0.0,HOLD,closed,0.0,0.0,0.0,0.03056805147037872,True,False
2024-08-29 13:00:00+00:00,60626.01,0.0,792.8217063903738,-0.20914158154451945,0.0,HOLD,closed,0.0,0.0,0.0,0.030570309814333063,True,False
2024-08-29 14:00:00+00:00,60814.99,0.0,792.8217063903738,-0.20914158154451945,0.0,HOLD,closed,0.0,0.0,0.0,0.03057070955932087,True,False
2024-08-29 15:00:00+00:00,60779.99,0.0,792.8217063903738,-0.20914158154451945,0.0,HOLD,closed,0.0,0.0,0.0,0.030570530419887304,True,False
2024-08-29 16:00:00+00:00,60295.0,0.0,792.8217063903738,-0.20914158154451945,0.0,HOLD,closed,0.0,0.0,0.0,0.030576719493599885,True,False
2024-08-29 17:00:00+00:00,60533.0,0.0,792.8217063903738,-0.20914158154451945,0.0,HOLD,closed,0.0,0.0,0.0,0.030501074310436083,True,False
2024-08-29 18:00:00+00:00,59161.0,0.0,792.8217063903738,-0.20914158154451945,0.0,HOLD,closed,0.0,0.0,0.0,0.03051878345996803,True,False
2024-08-29 19:00:00+00:00,59258.0,0.0,792.8217063903738,-0.20914158154451945,0.0,HOLD,closed,0.0,0.0,0.0,0.030508005290680457,True,False
2024-08-29 20:00:00+00:00,59529.0,0.0,792.8217063903738,-0.20914158154451945,0.0,HOLD,closed,0.0,0.0,0.0,0.030504110029717174,True,False
2024-08-29 21:00:00+00:00,59496.0,0.0,792.8217063903738,-0.20914158154451945,0.0,HOLD,closed,0.0,0.0,0.0,0.030503201638327898,True,False
2024-08-29 22:00:00+00:00,59211.99,0.0,792.8217063903738,-0.20914158154451945,0.0,HOLD,closed,0.0,0.0,0.0,0.0305048044620628,True,False
2024-08-29 23:00:00+00:00,59359.01,0.0,792.8217063903738,-0.20914158154451945,0.0,HOLD,closed,0.0,0.0,0.0,0.030505021962816403,True,False
2024-08-30 00:00:00+00:00,59204.01,0.0,792.8217063903738,-0.20914158154451945,0.0,HOLD,closed,0.0,0.0,0.0,0.030494540724422037,True,False
2024-08-30 01:00:00+00:00,59217.0,0.0,792.8217063903738,-0.20914158154451945,0.0,HOLD,closed,0.0,0.0,0.0,0.030492545149140904,True,False
2024-08-30 02:00:00+00:00,59202.51,0.0,792.8217063903738,-0.20914158154451945,0.0,HOLD,closed,0.0,0.0,0.0,0.030492281028126733,True,False
2024-08-30 03:00:00+00:00,59032.01,0.0,792.8217063903738,-0.20914158154451945,0.0,HOLD,closed,0.0,0.0,0.0,0.030493113582540282,True,False
2024-08-30 04:00:00+00:00,59013.01,0.0,792.8217063903738,-0.20914158154451945,0.0,HOLD,closed,0.0,0.0,0.0,0.030491639631651357,True,False
2024-08-30 05:00:00+00:00,58784.0,0.0,792.8217063903738,-0.20914158154451945,0.0,HOLD,closed,0.0,0.0,0.0,0.030490077340854516,True,False
2024-08-30 06:00:00+00:00,59361.0,0.0,792.8217063903738,-0.20914158154451945,0.0,HOLD,closed,0.0,0.0,0.0,0.03049913170255958,True,False
2024-08-30 07:00:00+00:00,59271.1,0.0,792.8217063903738,-0.20914158154451945,0.0,HOLD,closed,0.0,0.0,0.0,0.030499281689469915,True,False
2024-08-30 08:00:00+00:00,59445.0,0.0,792.8217063903738,-0.20914158154451945,0.0,HOLD,closed,0.0,0.0,0.0,0.030499862321204302,True,False
2024-08-30 09:00:00+00:00,59580.64,0.0,792.8217063903738,-0.20914158154451945,0.0,HOLD,closed,0.0,0.0,0.0,0.03050010284922322,True,False
2024-08-30 10:00:00+00:00,59581.13,0.0,792.8217063903738,-0.20914158154451945,0.0,HOLD,closed,0.0,0.0,0.0,0.030499770320157965,True,False
2024-08-30 11:00:00+00:00,59396.0,0.0,792.8217063903738,-0.20914158154451945,0.0,HOLD,closed,0.0,0.0,0.0,0.03049277285568916,True,False
2024-08-30 12:00:00+00:00,59539.0,0.0,792.8217063903738,-0.20914158154451945,0.0,HOLD,closed,0.0,0.0,0.0,0.030482373448090377,True,False
2024-08-30 13:00:00+00:00,59653.0,0.0,792.8217063903738,-0.20914158154451945,0.0,HOLD,closed,0.0,0.0,0.0,0.03048118789835405,True,False
2024-08-30 14:00:00+00:00,58462.89,0.0,792.8217063903738,-0.20914158154451945,0.0,HOLD,closed,0.0,0.0,0.0,0.03052229056241529,True,False
2024-08-30 15:00:00+00:00,58094.99,0.0,792.8217063903738,-0.20914158154451945,0.0,HOLD,closed,0.0,0.0,0.0,0.030522596505349775,True,False
2024-08-30 16:00:00+00:00,58551.11,0.0,792.8217063903738,-0.20914158154451945,0.0,HOLD,closed,0.0,0.0,0.0,0.03052868832827141,True,False
2024-08-30 17:00:00+00:00,58630.91,0.0,792.8217063903738,-0.20914158154451945,0.0,HOLD,closed,0.0,0.0,0.0,0.03052887105486357,True,False
2024-08-30 18:00:00+00:00,59370.99,0.0,792.8217063903738,-0.20914158154451945,0.0,HOLD,closed,0.0,0.0,0.0,0.030544761120232716,True,False
2024-08-30 19:00:00+00:00,58700.02,0.0,792.8217063903738,-0.20914158154451945,0.0,HOLD,closed,0.0,0.0,0.0,0.030557626555436646,True,False
2024-08-30 20:00:00+00:00,59048.0,0.0,792.8217063903738,-0.20914158154451945,0.0,HOLD,closed,0.0,0.0,0.0,0.03055874653311183,True,False
2024-08-30 21:00:00+00:00,59055.99,0.0,792.8217063903738,-0.20914158154451945,0.0,HOLD,closed,0.0,0.0,0.0,0.030558581590021894,True,False
2024-08-30 22:00:00+00:00,59237.5,0.0,792.8217063903738,-0.20914158154451945,0.0,HOLD,closed,0.0,0.0,0.0,0.030559385111303683,True,False
2024-08-30 23:00:00+00:00,59123.99,0.0,792.8217063903738,-0.20914158154451945,0.0,HOLD,closed,0.0,0.0,0.0,0.030559488844669302,True,False
2024-08-31 00:00:00+00:00,59246.01,0.0,792.8217063903738,-0.20914158154451945,0.0,HOLD,closed,0.0,0.0,0.0,0.03055989981332677,True,False
2024-08-31 01:00:00+00:00,59285.0,0.0,792.8217063903738,-0.20914158154451945,0.0,HOLD,closed,0.0,0.0,0.0,0.030559850484431744,True,False
2024-08-31 02:00:00+00:00,59196.5,0.0,792.8217063903738,-0.20914158154451945,0.0,HOLD,closed,0.0,0.0,0.0,0.030559785170246573,True,False
2024-08-31 03:00:00+00:00,59232.01,0.0,792.8217063903738,-0.20914158154451945,0.0,HOLD,closed,0.0,0.0,0.0,0.03055578936665565,True,False
2024-08-31 04:00:00+00:00,59350.0,0.0,792.8217063903738,-0.20914158154451945,0.0,HOLD,closed,0.0,0.0,0.0,0.03055586776073707,True,False
2024-08-31 05:00:00+00:00,59212.0,0.0,792.8217063903738,-0.20914158154451945,0.0,HOLD,closed,0.0,0.0,0.0,0.030555690879152053,True,False
2024-08-31 06:00:00+00:00,59154.01,0.0,792.8217063903738,-0.20914158154451945,0.0,HOLD,closed,0.0,0.0,0.0,0.030555467506904327,True,False
2024-08-31 07:00:00+00:00,59095.0,0.0,792.8217063903738,-0.20914158154451945,0.0,HOLD,closed,0.0,0.0,0.0,0.030555087942460896,True,False
2024-08-31 08:00:00+00:00,58985.01,0.0,792.8217063903738,-0.20914158154451945,0.0,HOLD,closed,0.0,0.0,0.0,0.03055436974503678,True,False
2024-08-31 09:00:00+00:00,58905.01,0.0,792.8217063903738,-0.20914158154451945,0.0,HOLD,closed,0.0,0.0,0.0,0.030552227340255506,True,False
2024-08-31 10:00:00+00:00,59136.99,0.0,792.8217063903738,-0.20914158154451945,0.0,HOLD,closed,0.0,0.0,0.0,0.030553132445383435,True,False
2024-08-31 11:00:00+00:00,59120.99,0.0,792.8217063903738,-0.20914158154451945,0.0,HOLD,closed,0.0,0.0,0.0,0.03055300717677173,True,False
2024-08-31 12:00:00+00:00,59192.26,0.0,792.8217063903738,-0.20914158154451945,0.0,HOLD,closed,0.0,0.0,0.0,0.030552479785232706,True,False
2024-08-31 13:00:00+00:00,58954.99,0.0,792.8217063903738,-0.20914158154451945,0.0,HOLD,closed,0.0,0.0,0.0,0.0305538568444651,True,False
2024-08-31 14:00:00+00:00,59126.0,0.0,792.8217063903738,-0.20914158154451945,0.0,HOLD,closed,0.0,0.0,0.0,0.030553765379469078,True,False
2024-08-31 15:00:00+00:00,59006.54,0.0,792.8217063903738,-0.20914158154451945,0.0,HOLD,closed,0.0,0.0,0.0,0.030554069541608414,True,False
2024-08-31 16:00:00+00:00,58971.55,0.0,792.8217063903738,-0.20914158154451945,0.0,HOLD,closed,0.0,0.0,0.0,0.03055408019081482,True,False
2024-08-31 17:00:00+00:00,59013.16,0.0,792.8217063903738,-0.20914158154451945,0.0,HOLD,closed,0.0,0.0,0.0,0.03055391230306767,True,False
2024-08-31 18:00:00+00:00,58920.52,0.0,792.8217063903738,-0.20914158154451945,0.0,HOLD,closed,0.0,0.0,0.0,0.030553586279279094,True,False
2024-08-31 19:00:00+00:00,58856.0,0.0,792.8217063903738,-0.20914158154451945,0.0,HOLD,closed,0.0,0.0,0.0,0.030553705915387697,True,False
2024-08-31 20:00:00+00:00,58951.08,0.0,792.8217063903738,-0.20914158154451945,0.0,HOLD,closed,0.0,0.0,0.0,0.03055317125862672,True,False
2024-08-31 21:00:00+00:00,59061.01,0.0,792.8217063903738,-0.20914158154451945,0.0,HOLD,closed,0.0,0.0,0.0,0.030553513038903385,True,False
2024-08-31 22:00:00+00:00,59024.0,0.0,792.8217063903738,-0.20914158154451945,0.0,HOLD,closed,0.0,0.0,0.0,0.030553356050411512,True,False
2024-08-31 23:00:00+00:00,58973.99,0.0,792.8217063903738,-0.20914158154451945,0.0,HOLD,closed,0.0,0.0,0.0,0.030553336808182563,True,False
2024-09-01 00:00:00+00:00,58930.0,0.0,792.8217063903738,-0.20914158154451945,0.0,HOLD,closed,0.0,0.0,0.0,0.03055242552253698,True,False
2024-09-01 01:00:00+00:00,58828.01,0.0,792.8217063903738,-0.20914158154451945,0.0,HOLD,closed,0.0,0.0,0.0,0.030551437806361048,True,False
2024-09-01 02:00:00+00:00,58540.25,0.0,792.8217063903738,-0.20914158154451945,0.0,HOLD,closed,0.0,0.0,0.0,0.030553858778235327,True,False
2024-09-01 03:00:00+00:00,58524.21,0.0,792.8217063903738,-0.20914158154451945,0.0,HOLD,closed,0.0,0.0,0.0,0.03055336162028502,True,False
2024-09-01 04:00:00+00:00,58442.0,0.0,792.8217063903738,-0.20914158154451945,0.0,HOLD,closed,0.0,0.0,0.0,0.03055356029051451,True,False
2024-09-01 05:00:00+00:00,57986.0,0.0,792.8217063903738,-0.20914158154451945,0.0,HOLD,closed,0.0,0.0,0.0,0.030559126130899283,True,False
2024-09-01 06:00:00+00:00,58201.1,0.0,792.8217063903738,-0.20914158154451945,0.0,HOLD,closed,0.0,0.0,0.0,0.030560363161789922,True,False
2024-09-01 07:00:00+00:00,58478.64,0.0,792.8217063903738,-0.20914158154451945,0.0,HOLD,closed,0.0,0.0,0.0,0.030558952354453467,True,False
2024-09-01 08:00:00+00:00,58233.99,0.0,792.8217063903738,-0.20914158154451945,0.0,HOLD,closed,0.0,0.0,0.0,0.03055986055068946,True,False
2024-09-01 09:00:00+00:00,58205.0,0.0,792.8217063903738,-0.20914158154451945,0.0,HOLD,closed,0.0,0.0,0.0,0.030559852664595516,True,False
2024-09-01 10:00:00+00:00,57931.0,0.0,792.8217063903738,-0.20914158154451945,0.0,HOLD,closed,0.0,0.0,0.0,0.030561771725483217,True,False
2024-09-01 11:00:00+00:00,58240.52,0.0,792.8217063903738,-0.20914158154451945,0.0,HOLD,closed,0.0,0.0,0.0,0.03056325096831955,True,False
2024-09-01 12:00:00+00:00,58020.0,0.0,792.8217063903738,-0.20914158154451945,0.0,HOLD,closed,0.0,0.0,0.0,0.030564612328045138,True,False
2024-09-01 13:00:00+00:00,58175.01,0.0,792.8217063903738,-0.20914158154451945,0.0,HOLD,closed,0.0,0.0,0.0,0.03056513687121068,True,False
2024-09-01 14:00:00+00:00,57879.99,0.0,792.8217063903738,-0.20914158154451945,0.0,HOLD,closed,0.0,0.0,0.0,0.03056773048283129,True,False
2024-09-01 15:00:00+00:00,58217.0,0.0,792.8217063903738,-0.20914158154451945,0.0,HOLD,closed,0.0,0.0,0.0,0.030559595806954998,True,False
2024-09-01 16:00:00+00:00,58132.06,0.0,792.8217063903738,-0.20914158154451945,0.0,HOLD,closed,0.0,0.0,0.0,0.030523727452078014,True,False
2024-09-01 17:00:00+00:00,58127.98,0.0,792.8217063903738,-0.20914158154451945,0.0,HOLD,closed,0.0,0.0,0.0,0.030516223754866456,True,False
2024-09-01 18:00:00+00:00,58541.1,0.0,792.8217063903738,-0.20914158154451945,0.0,HOLD,closed,0.0,0.0,0.0,0.03052131733500993,True,False
2024-09-01 19:00:00+00:00,58514.0,0.0,792.8217063903738,-0.20914158154451945,0.0,HOLD,closed,0.0,0.0,0.0,0.030518982437928943,True,False
2024-09-01 20:00:00+00:00,58431.1,0.0,792.8217063903738,-0.20914158154451945,0.0,HOLD,closed,0.0,0.0,0.0,0.030517143606108882,True,False
2024-09-01 21:00:00+00:00,58351.11,0.0,792.8217063903738,-0.20914158154451945,0.0,HOLD,closed,0.0,0.0,0.0,0.030516801015493117,True,False
2024-09-01 22:00:00+00:00,57309.01,0.0,792.8217063903738,-0.20914158154451945,0.0,HOLD,closed,0.0,0.0,0.0,0.03054916478392275,True,False
2024-09-01 23:00:00+00:00,57301.86,0.0,792.8217063903738,-0.20914158154451945,0.0,HOLD,closed,0.0,0.0,0.0,0.030547899554616675,True,False
2024-09-02 00:00:00+00:00,57467.24,0.0,792.8217063903738,-0.20914158154451945,0.0,HOLD,closed,0.0,0.0,0.0,0.030548731076401603,True,False
2024-09-02 01:00:00+00:00,57423.23,0.0,792.8217063903738,-0.20914158154451945,0.0,HOLD,closed,0.0,0.0,0.0,0.030548723217463214,True,False
2024-09-02 02:00:00+00:00,57509.01,0.0,792.8217063903738,-0.20914158154451945,0.0,HOLD,closed,0.0,0.0,0.0,0.03054811778862704,True,False
2024-09-02 03:00:00+00:00,57742.01,0.0,792.8217063903738,-0.20914158154451945,0.0,HOLD,closed,0.0,0.0,0.0,0.030547607583647912,True,False
2024-09-02 04:00:00+00:00,57459.51,0.0,792.8217063903738,-0.20914158154451945,0.0,HOLD,closed,0.0,0.0,0.0,0.030546272886453008,True,False
2024-09-02 05:00:00+00:00,57785.01,0.0,792.8217063903738,-0.20914158154451945,0.0,HOLD,closed,0.0,0.0,0.0,0.03054947835587246,True,False
2024-09-02 06:00:00+00:00,57688.0,0.0,792.8217063903738,-0.20914158154451945,0.0,HOLD,closed,0.0,0.0,0.0,0.030536460557132328,True,False
2024-09-02 07:00:00+00:00,57547.99,0.0,792.8217063903738,-0.20914158154451945,0.0,HOLD,closed,0.0,0.0,0.0,0.030514688247440053,True,False
2024-09-02 08:00:00+00:00,58056.01,0.0,792.8217063903738,-0.20914158154451945,0.0,HOLD,closed,0.0,0.0,0.0,0.03052210914003753,True,False
2024-09-02 09:00:00+00:00,58402.35,0.0,792.8217063903738,-0.20914158154451945,0.0,HOLD,closed,0.0,0.0,0.0,0.03045290044650706,True,False
2024-09-02 10:00:00+00:00,58498.51,0.0,792.8217063903738,-0.20914158154451945,0.0,HOLD,closed,0.0,0.0,0.0,0.030314922727443377,True,False
2024-09-02 11:00:00+00:00,58422.01,0.0,792.8217063903738,-0.20914158154451945,0.0,HOLD,closed,0.0,0.0,0.0,0.03031485264507805,True,False
2024-09-02 12:00:00+00:00,58393.94,0.0,792.8217063903738,-0.20914158154451945,0.0,HOLD,closed,0.0,0.0,0.0,0.030304069428338687,True,False
2024-09-02 13:00:00+00:00,58181.22,0.0,792.8217063903738,-0.20914158154451945,0.0,HOLD,closed,0.0,0.0,0.0,0.030302531627526108,True,False
2024-09-02 14:00:00+00:00,58597.0,0.0,792.8217063903738,-0.20914158154451945,0.0,HOLD,closed,0.0,0.0,0.0,0.03028953740091786,True,False
2024-09-02 15:00:00+00:00,58537.99,0.0,792.8217063903738,-0.20914158154451945,0.0,HOLD,closed,0.0,0.0,0.0,0.030281227395439064,True,False
2024-09-02 16:00:00+00:00,58345.0,0.0,792.8217063903738,-0.20914158154451945,0.0,HOLD,closed,0.0,0.0,0.0,0.030281135695920558,True,False
2024-09-02 17:00:00+00:00,58514.01,0.0,792.8217063903738,-0.20914158154451945,0.0,HOLD,closed,0.0,0.0,0.0,0.030281536861081898,True,False
2024-09-02 18:00:00+00:00,58486.01,0.0,792.8217063903738,-0.20914158154451945,0.0,HOLD,closed,0.0,0.0,0.0,0.030281350279993846,True,False
2024-09-02 19:00:00+00:00,58439.99,0.0,792.8217063903738,-0.20914158154451945,0.0,HOLD,closed,0.0,0.0,0.0,0.03027871290066239,True,False
2024-09-02 20:00:00+00:00,58992.0,0.0,792.8217063903738,-0.20914158154451945,0.0,HOLD,closed,0.0,0.0,0.0,0.03028208333351387,True,False
2024-09-02 21:00:00+00:00,59047.0,0.0,792.8217063903738,-0.20914158154451945,0.0,HOLD,closed,0.0,0.0,0.0,0.030282074755452193,True,False
2024-09-02 22:00:00+00:00,59349.99,0.0,792.8217063903738,-0.20914158154451945,0.0,HOLD,closed,0.0,0.0,0.0,0.030282887242179007,True,False
2024-09-02 23:00:00+00:00,59132.13,0.0,792.8217063903738,-0.20914158154451945,0.0,HOLD,closed,0.0,0.0,0.0,0.030278300571284972,True,False
2024-09-03 00:00:00+00:00,59257.99,0.0,792.8217063903738,-0.20914158154451945,0.0,HOLD,closed,0.0,0.0,0.0,0.03027778325241348,True,False
2024-09-03 01:00:00+00:00,59388.01,0.0,792.8217063903738,-0.20914158154451945,0.0,HOLD,closed,0.0,0.0,0.0,0.03027830496989109,True,False
2024-09-03 02:00:00+00:00,59311.01,0.0,792.8217063903738,-0.20914158154451945,0.0,HOLD,closed,0.0,0.0,0.0,0.030277733633176873,True,False
2024-09-03 03:00:00+00:00,59110.99,0.0,792.8217063903738,-0.20914158154451945,0.0,HOLD,closed,0.0,0.0,0.0,0.030278454231328272,True,False
2024-09-03 04:00:00+00:00,59099.01,0.0,792.8217063903738,-0.20914158154451945,0.0,HOLD,closed,0.0,0.0,0.0,0.03027786508903127,True,False
2024-09-03 05:00:00+00:00,59186.0,0.0,792.8217063903738,-0.20914158154451945,0.0,HOLD,closed,0.0,0.0,0.0,0.030277358984084013,True,False
2024-09-03 06:00:00+00:00,58891.0,0.0,792.8217063903738,-0.20914158154451945,0.0,HOLD,closed,0.0,0.0,0.0,0.030277715981555958,True,False
2024-09-03 07:00:00+00:00,59112.0,0.0,792.8217063903738,-0.20914158154451945,0.0,HOLD,closed,0.0,0.0,0.0,0.030278458062175162,True,False
2024-09-03 08:00:00+00:00,58789.02,0.0,792.8217063903738,-0.20914158154451945,0.0,HOLD,closed,0.0,0.0,0.0,0.030279021313877857,True,False
2024-09-03 09:00:00+00:00,58874.0,0.0,792.8217063903738,-0.20914158154451945,0.0,HOLD,closed,0.0,0.0,0.0,0.030276964536769507,True,False
2024-09-03 10:00:00+00:00,59078.94,0.0,792.8217063903738,-0.20914158154451945,0.0,HOLD,closed,0.0,0.0,0.0,0.030276382175851657,True,False
2024-09-03 11:00:00+00:00,59072.0,0.0,792.8217063903738,-0.20914158154451945,0.0,HOLD,closed,0.0,0.0,0.0,0.030275480483600015,True,False
2024-09-03 12:00:00+00:00,59135.01,0.0,792.8217063903738,-0.20914158154451945,0.0,HOLD,closed,0.0,0.0,0.0,0.030189278638158568,True,False
2024-09-03 13:00:00+00:00,58398.99,0.0,792.8217063903738,-0.20914158154451945,0.0,HOLD,closed,0.0,0.0,0.0,0.03020680296655945,True,False
2024-09-03 14:00:00+00:00,57672.84,0.008229836958497608,787.8682800879003,-0.21408274153034493,0.6062071237039073,BUY,closed,0.6062071237039073,0.6062071237039073,0.6062071237039073,0.030220070391774434,False,False
2024-09-03 15:00:00+00:00,57725.0,0.013668436449178775,787.9537499468502,-0.21399748332294485,1.0,BUY,closed,1.0,1.0,0.39735022720372015,0.030220142711326864,False,False
2024-09-03 16:00:00+00:00,57708.0,0.013668436449178775,787.721386527214,-0.2142292713341448,1.0,HOLD,closed,1.0,1.0013415201111315,0.0013415201111315334,0.030218253803553585,True,False
2024-09-03 17:00:00+00:00,57698.0,0.012094569131549557,787.7928037160053,-0.21415803099785885,0.8861945547966812,SELL,closed,0.8861945547966812,0.8861945547966812,0.11514719813362939,0.030211870234595428,False,False
2024-09-03 18:00:00+00:00,57926.0,0.010288152640919741,790.3590821849614,-0.2115981074804828,0.7508766765503538,SELL,closed,0.7508766765503538,0.7508766765503538,0.13532873439842819,0.030207642428046966,False,False
2024-09-03 19:00:00+00:00,58046.0,0.00606524665274801,791.6046110827896,-0.2103556629228511,0.44383303516082656,SELL,closed,0.44383303516082656,0.44383303516082656,0.310576882442872,0.030208119370390057,False,False
2024-09-03 20:00:00+00:00,58228.0,0.003868799277436777,792.5785536343814,-0.20938413217412166,0.2832923932866592,SELL,closed,0.2832923932866592,0.2832923932866592,0.16222722501597292,0.03020800484649272,False,False
2024-09-03 21:00:00+00:00,58134.61,0.0,792.1281599925865,-0.20983341049276666,0.0,SELL,closed,0.0,0.0,0.28390083422732604,0.030206141675254927,False,False
2024-09-03 22:00:00+00:00,57865.0,0.0,792.1281599925865,-0.20983341049276666,0.0,HOLD,closed,0.0,0.0,0.0,0.030206088423996635,True,False
2024-09-03 23:00:00+00:00,57487.73,0.004827805272027277,790.9000437467977,-0.21105848551782627,0.3526714061882018,BUY,closed,0.3526714061882018,0.3526714061882018,0.3526714061882018,0.030210201815755927,False,False
2024-09-04 00:00:00+00:00,57140.02,0.008100848465558922,788.4831795017986,-0.21346936481012505,0.5900745842677714,BUY,closed,0.5900745842677714,0.5900745842677714,0.2405390785995245,0.030214293608113757,False,False
2024-09-04 01:00:00+00:00,56784.01,0.010053590655634142,785.1413399254598,-0.21680292888988295,0.7312410370813474,BUY,closed,0.7312410370813474,0.7312410370813474,0.14570242863883776,0.030218278365339413,False,False
2024-09-04 02:00:00+00:00,56648.01,0.011265245780070085,783.7556332878223,-0.21818520406102415,0.8161610195248554,BUY,closed,0.8161610195248554,0.8161610195248554,0.0895282573960885,0.030218895120961597,False,False
2024-09-04 03:00:00+00:00,56653.98,0.01033434521029586,783.9291805937032,-0.2180120865154904,0.746878026492019,SELL,closed,0.746878026492019,0.746878026492019,0.0673633281085988,0.03021881375527352,False,False
2024-09-04 04:00:00+00:00,56694.0,0.008587553355763451,784.0749959717659,-0.21786663222437846,0.620288968137326,SELL,closed,0.620288968137326,0.620288968137326,0.12669997141638167,0.03021885939393365,False,False
2024-09-04 05:00:00+00:00,56252.01,0.00704493849092162,780.7863333223725,-0.22114715106079424,0.5118752992466912,SELL,closed,0.5118752992466912,0.5118752992466912,0.10721979362014922,0.03022560760180315,False,False
2024-09-04 06:00:00+00:00,56277.0,0.009051026634812926,780.7867690740691,-0.2211467163881625,0.6519372119327579,BUY,closed,0.6519372119327579,0.6519372119327579,0.14427127258571792,0.03022387275049171,False,False
2024-09-04 07:00:00+00:00,56746.0,0.007621415092078903,784.5322526530949,-0.21741050786134797,0.5463605824169846,SELL,closed,0.5463605824169846,0.5463605824169846,0.10789268792728324,0.03023035379391384,False,False
2024-09-04 08:00:00+00:00,56783.01,0.0035666494476685852,784.2041859325035,-0.21773776218057705,0.2578865906031405,SELL,closed,0.2578865906031405,0.2578865906031405,0.29353924055627395,0.030228805081439464,False,False
2024-09-04 09:00:00+00:00,56596.99,0.0029129304565580437,783.5881009050216,-0.2183523215784103,0.211099379376204,SELL,closed,0.211099379376204,0.211099379376204,0.046528103837949475,0.030165221653371738,False,False
2024-09-04 10:00:00+00:00,56456.45,0.0038330895184533675,782.9452159985326,-0.21899361448991453,0.2770010525740083,BUY,closed,0.2770010525740083,0.2770010525740083,0.06701869610014102,0.03016553960799831,False,False
2024-09-04 11:00:00+00:00,56573.0,0.004359570775815031,783.3938573099134,-0.21854608416233579,0.3141798038248782,BUY,closed,0.3141798038248782,0.3141798038248782,0.03737153454832248,0.030165876485808096,False,False
2024-09-04 12:00:00+00:00,56599.99,0.003116342060998607,783.6254894401744,-0.2183150256295974,0.22501369084999,SELL,closed,0.22501369084999,0.22501369084999,0.08991679242630907,0.030162938736664063,False,False
2024-09-04 13:00:00+00:00,56490.0,0.0,783.2728388747704,-0.21866680291593413,0.0,SELL,closed,0.0,0.0,0.22474919701631965,0.030163323462494812,False,False
2024-09-04 14:00:00+00:00,57511.1,0.003143812718054755,786.8592782252738,-0.21508924477169605,0.2267331894974334,BUY,closed,0.2267331894974334,0.2267331894974334,0.2267331894974334,0.030198352345918528,False,False
2024-09-04 15:00:00+00:00,58134.0,0.0,787.2422084711959,-0.21470726278731328,0.0,SELL,closed,0.0,0.0,0.23169160780892498,0.03021097861613828,False,False
2024-09-04 16:00:00+00:00,58406.07,0.0,787.2422084711959,-0.21470726278731328,0.0,HOLD,closed,0.0,0.0,0.0,0.030211277657375524,True,False
2024-09-04 17:00:00+00:00,57878.0,0.0,787.2422084711959,-0.21470726278731328,0.0,HOLD,closed,0.0,0.0,0.0,0.03021867599075742,True,False
2024-09-04 18:00:00+00:00,57684.01,0.0,787.2422084711959,-0.21470726278731328,0.0,HOLD,closed,0.0,0.0,0.0,0.0302197595609289,True,False
2024-09-04 19:00:00+00:00,58058.01,0.0,787.2422084711959,-0.21470726278731328,0.0,HOLD,closed,0.0,0.0,0.0,0.03022145844987112,True,False
2024-09-04 20:00:00+00:00,58048.01,0.0,787.2422084711959,-0.21470726278731328,0.0,HOLD,closed,0.0,0.0,0.0,0.030218369172949178,True,False
2024-09-04 21:00:00+00:00,58100.0,0.0,787.2422084711959,-0.21470726278731328,0.0,HOLD,closed,0.0,0.0,0.0,0.030198263227919103,True,False
2024-09-04 22:00:00+00:00,58130.99,0.0,787.2422084711959,-0.21470726278731328,0.0,HOLD,closed,0.0,0.0,0.0,0.030196882229221983,True,False
2024-09-04 23:00:00+00:00,57970.9,0.0,787.2422084711959,-0.21470726278731328,0.0,HOLD,closed,0.0,0.0,0.0,0.030197701283042305,True,False
2024-09-05 00:00:00+00:00,57997.75,0.0,787.2422084711959,-0.21470726278731328,0.0,HOLD,closed,0.0,0.0,0.0,0.0301976287946151,True,False
2024-09-05 01:00:00+00:00,58021.99,0.0,787.2422084711959,-0.21470726278731328,0.0,HOLD,closed,0.0,0.0,0.0,0.030197470035122964,True,False
2024-09-05 02:00:00+00:00,57692.99,0.0,787.2422084711959,-0.21470726278731328,0.0,HOLD,closed,0.0,0.0,0.0,0.030199578509699482,True,False
2024-09-05 03:00:00+00:00,57135.42,0.0,787.2422084711959,-0.21470726278731328,0.0,HOLD,closed,0.0,0.0,0.0,0.030210038571490516,True,False
2024-09-05 04:00:00+00:00,57206.4,0.004596021543610577,787.0431115401043,-0.2149058666887621,0.3335639507098998,BUY,closed,0.3335639507098998,0.3335639507098998,0.3335639507098998,0.03020688890754994,False,False
2024-09-05 05:00:00+00:00,57194.99,0.0034267723367952495,786.8702684363609,-0.215078281775995,0.24909229073188235,SELL,closed,0.24909229073188235,0.24909229073188235,0.08492616200850509,0.030206854807652145,False,False
2024-09-05 06:00:00+00:00,56914.01,0.0034267723367952495,785.9074139451682,-0.2160387519220186,0.22764481161031327,HOLD,closed,0.22764481161031327,0.24816072680247714,0.020515915192163864,0.030209472131870307,True,False
2024-09-05 07:00:00+00:00,57155.1,0.0055154854603944705,786.9993288170876,-0.2149495409913216,0.3990021588338797,BUY,closed,0.3990021588338797,0.3990021588338797,0.15005191450972336,0.030206685267549382,False,False
2024-09-05 08:00:00+00:00,57004.0,0.0,786.3690101900744,-0.21557829874160106,0.0,SELL,closed,0.0,0.0,0.3999215911066262,0.030207368853417488,False,False
2024-09-05 09:00:00+00:00,56797.0,0.003771583964228694,786.0435173182575,-0.21590298558575374,0.2734026513136951,BUY,closed,0.2734026513136951,0.2734026513136951,0.2734026513136951,0.03019531078817736,False,False
2024-09-05 10:00:00+00:00,56771.0,0.005457602115849407,785.7100502369436,-0.21623562689263162,0.394398141695702,BUY,closed,0.394398141695702,0.394398141695702,0.12196626800547761,0.03019529547364047,False,False
2024-09-05 11:00:00+00:00,56698.01,0.005457602115849407,785.3116998585078,-0.21663299082419601,0.3709478306820213,HOLD,closed,0.3709478306820213,0.39402848499035836,0.023080654308337056,0.03019324031539561,True,False
2024-09-05 12:00:00+00:00,56662.0,0.005457602115849407,785.1151716063162,-0.21682903240764076,0.3961031645758223,HOLD,closed,0.3961031645758223,0.39387679957269006,0.0022263650031322246,0.03019262485900498,True,False
2024-09-05 13:00:00+00:00,57028.62,0.005457602115849407,787.1160376940288,-0.21483312112403813,0.39150938365398624,HOLD,closed,0.39150938365398624,0.3954175779314488,0.003908194277462584,0.030183235119607604,True,False
2024-09-05 14:00:00+00:00,56558.01,0.0,787.7681720188447,-0.2141826016988164,0.0,SELL,closed,0.0,0.0,0.3934383344651928,0.030157745922899742,False,False
2024-09-05 15:00:00+00:00,55976.01,0.005784283610161359,785.087710526504,-0.21685642548476552,0.41528399349406603,BUY,closed,0.41528399349406603,0.41528399349406603,0.41528399349406603,0.030146484287807307,False,False
2024-09-05 16:00:00+00:00,56335.0,0.010910259304105472,788.4303777148436,-0.21352203584244703,0.7758391143335923,BUY,closed,0.7758391143335923,0.7758391143335923,0.3618751499765545,0.030146148704933456,False,False
2024-09-05 17:00:00+00:00,56602.99,0.006000865814355832,790.6132932954476,-0.21134452588051839,0.4271902113075742,SELL,closed,0.4271902113075742,0.4271902113075742,0.35318510502790246,0.030117107486455102,False,False
2024-09-05 18:00:00+00:00,56548.99,0.0,789.9341891222298,-0.21202194836790567,0.0,SELL,closed,0.0,0.0,0.42939076093013984,0.03011721110843449,False,False
2024-09-05 19:00:00+00:00,56060.01,0.0,789.9341891222298,-0.21202194836790567,0.0,HOLD,closed,0.0,0.0,0.0,0.030125644343066277,True,False
2024-09-05 20:00:00+00:00,56094.0,0.007215527981790123,789.370309825043,-0.21258443131404406,0.5120711373546638,BUY,closed,0.5120711373546638,0.5120711373546638,0.5120711373546638,0.03012551172398467,False,False
2024-09-05 21:00:00+00:00,56150.6,0.0057959210438232895,789.5391359086826,-0.21241602329944875,0.4116550515317734,SELL,closed,0.4116550515317734,0.4116550515317734,0.10134462929867516,0.030125453871665653,False,False
2024-09-05 22:00:00+00:00,56104.6,0.004570091241368262,789.1912717355201,-0.21276302604622924,0.3251263814499663,SELL,closed,0.3251263814499663,0.3251263814499663,0.08687051708204441,0.03011066809875207,False,False
2024-09-05 23:00:00+00:00,56180.0,0.004570091241368262,789.5358566151192,-0.21241929447240016,0.32642286724511094,HOLD,closed,0.32642286724511094,0.3251881770649305,0.0012346901801804644,0.030107597389372937,True,False
2024-09-06 00:00:00+00:00,56182.0,0.003321708383455396,789.4022668010456,-0.21255255347405014,0.23635584765837242,SELL,closed,0.23635584765837242,0.23635584765837242,0.08884014137829893,0.030101582897548412,False,False
2024-09-06 01:00:00+00:00,56558.99,0.0028737491259182763,790.5378311081422,-0.2114198011985685,0.2042017069741459,SELL,closed,0.2042017069741459,0.2042017069741459,0.033414681790025685,0.03010629124199335,False,False
2024-09-06 02:00:00+00:00,56738.0,0.0,790.8747081467036,-0.21108375837862148,0.0,SELL,closed,0.0,0.0,0.20611884442725686,0.030103725589420316,False,False
2024-09-06 03:00:00+00:00,56588.0,0.0,790.8747081467036,-0.21108375837862148,0.0,HOLD,closed,0.0,0.0,0.0,0.030104364628285862,True,False
2024-09-06 04:00:00+00:00,56594.66,0.0,790.8747081467036,-0.21108375837862148,0.0,HOLD,closed,0.0,0.0,0.0,0.030104048801456423,True,False
2024-09-06 05:00:00+00:00,56491.01,0.0,790.8747081467036,-0.21108375837862148,0.0,HOLD,closed,0.0,0.0,0.0,0.030101150822427564,True,False
2024-09-06 06:00:00+00:00,56430.01,0.0,790.8747081467036,-0.21108375837862148,0.0,HOLD,closed,0.0,0.0,0.0,0.030099372064771174,True,False
2024-09-06 07:00:00+00:00,55804.29,0.0,790.8747081467036,-0.21108375837862148,0.0,HOLD,closed,0.0,0.0,0.0,0.03011363496790445,True,False
2024-09-06 08:00:00+00:00,55783.01,0.010899628635738961,789.4260770660877,-0.2125288021710744,0.7690800097908406,BUY,closed,0.7690800097908406,0.7690800097908406,0.7690800097908406,0.030104030240449248,False,False
2024-09-06 09:00:00+00:00,55889.86,0.010899628635738961,790.5907023858165,-0.21136706084760917,0.7607302810843706,HOLD,closed,0.7607302810843706,0.7705361531132149,0.009805872028844309,0.030096732765893253,True,False
2024-09-06 10:00:00+00:00,56178.01,0.00785182041672424,793.2056855562971,-0.20875855323760725,0.5528786275066757,SELL,closed,0.5528786275066757,0.5528786275066757,0.21856549459875418,0.030096188001550256,False,False
2024-09-06 11:00:00+00:00,55999.09,0.0,792.3237068143421,-0.2096383479094126,0.0,SELL,closed,0.0,0.0,0.5553098420246352,0.030097268913336056,False,False
2024-09-06 12:00:00+00:00,56873.99,0.0053751527548387985,797.6537513276515,-0.20432150234361063,0.3798998569564412,BUY,closed,0.3798998569564412,0.3798998569564412,0.3798998569564412,0.03011671980519623,False,False
2024-09-06 13:00:00+00:00,55896.01,0.0,797.0424914127893,-0.20493124857739392,0.0,SELL,closed,0.0,0.0,0.37916550354971895,0.03013706340281086,False,False
2024-09-06 14:00:00+00:00,54733.24,0.008070156558391335,788.6119110978711,-0.21334095199592668,0.5659542076481188,BUY,closed,0.5659542076481188,0.5659542076481188,0.5659542076481188,0.030184993853197117,False,False
2024-09-06 15:00:00+00:00,54045.01,0.014306606263925338,779.4845757794171,-0.22244568502288942,1.0,BUY,closed,1.0,1.0,0.4430146803958007,0.03020143596055111,False,False
2024-09-06 16:00:00+00:00,54074.0,0.014306606263925338,779.8993242950083,-0.2220319635613636,1.0,HOLD,closed,1.0,0.9919426815952304,0.008057318404769642,0.03019572672824264,True,False
2024-09-06 17:00:00+00:00,53935.0,0.014306606263925338,777.9107060243227,-0.22401565735757217,1.0,HOLD,closed,1.0,0.9919220842047222,0.008077915795277835,0.03019473054459429,True,False
2024-09-06 18:00:00+00:00,53352.67,0.014152136855432889,769.6528352614636,-0.23225307890983843,1.0,SELL,closed,1.0,0.9918346358590554,0.008165364140944598,0.030207778981164723,True,False
2024-09-06 19:00:00+00:00,53534.28,0.014152136855432889,772.2230048357787,-0.22968927392276298,1.0,HOLD,closed,1.0,0.9810954248613462,0.018904575138653845,0.030208793835003106,True,False
2024-09-06 20:00:00+00:00,52887.99,0.011960323998835742,764.7421853748697,-0.23715156840829318,0.839086399977959,SELL,closed,0.839086399977959,0.839086399977959,0.14178243097530419,0.030222071071769524,False,False
2024-09-06 21:00:00+00:00,53766.57,0.01385976880754313,777.1341921138315,-0.22479024836360773,0.9455210338419622,BUY,closed,0.9455210338419622,0.9455210338419622,0.11602685831259363,0.030251919544916656,False,False
2024-09-06 22:00:00+00:00,53644.01,0.006406783539756215,775.5478085565376,-0.22637270351219008,0.4442288526579415,SELL,closed,0.4442288526579415,0.4442288526579415,0.5145788615375302,0.030252164753592048,False,False
2024-09-06 23:00:00+00:00,53962.97,0.006406783539756215,777.5913162343782,-0.22433425623309544,0.42779678752415184,HOLD,closed,0.42779678752415184,0.4446153920887541,0.01681860456460227,0.030256019731874084,True,False
2024-09-07 00:00:00+00:00,53914.0,0.0035902478328562913,777.1116005286084,-0.22481278400461752,0.24925514651140931,SELL,closed,0.24925514651140931,0.24925514651140931,0.1951360702277051,0.030256003454401076,False,False
2024-09-07 01:00:00+00:00,53813.37,0.0035902478328562913,776.7503138891881,-0.225173175979204,0.23568888874136013,HOLD,closed,0.23568888874136013,0.2487328702241842,0.013043981482824069,0.03025629661682261,True,False
2024-09-07 02:00:00+00:00,53802.0,0.0035902478328562913,776.7094927713285,-0.22521389601051717,0.24070716000375642,HOLD,closed,0.24070716000375642,0.2486933862673972,0.007986226263640789,0.03025630073629776,True,False
2024-09-07 03:00:00+00:00,53818.91,0.003060013648483376,776.7041965467789,-0.22521917911986866,0.21194795255678064,SELL,closed,0.21194795255678064,0.21194795255678064,0.03680415460884165,0.030256058959956034,False,False
2024-09-07 04:00:00+00:00,54060.59,0.0,777.0562746457858,-0.22486797288231353,0.0,SELL,closed,0.0,0.0,0.2127821404899937,0.030258231395089707,False,False
2024-09-07 05:00:00+00:00,54185.01,0.0,777.0562746457858,-0.22486797288231353,0.0,HOLD,closed,0.0,0.0,0.0,0.030258741325746713,True,False
2024-09-07 06:00:00+00:00,54320.23,0.0,777.0562746457858,-0.22486797288231353,0.0,HOLD,closed,0.0,0.0,0.0,0.030257909643685826,True,False
2024-09-07 07:00:00+00:00,54286.0,0.0,777.0562746457858,-0.22486797288231353,0.0,HOLD,closed,0.0,0.0,0.0,0.03025792361302343,True,False
2024-09-07 08:00:00+00:00,54370.99,0.0,777.0562746457858,-0.22486797288231353,0.0,HOLD,closed,0.0,0.0,0.0,0.03025792149336004,True,False
2024-09-07 09:00:00+00:00,54251.11,0.0,777.0562746457858,-0.22486797288231353,0.0,HOLD,closed,0.0,0.0,0.0,0.030258178839223604,True,False
2024-09-07 10:00:00+00:00,54346.01,0.0,777.0562746457858,-0.22486797288231353,0.0,HOLD,closed,0.0,0.0,0.0,0.030257129940104738,True,False
2024-09-07 11:00:00+00:00,54326.0,0.0,777.0562746457858,-0.22486797288231353,0.0,HOLD,closed,0.0,0.0,0.0,0.03025647182414301,True,False
2024-09-07 12:00:00+00:00,54578.71,0.0,777.0562746457858,-0.22486797288231353,0.0,HOLD,closed,0.0,0.0,0.0,0.030257307725948562,True,False
2024-09-07 13:00:00+00:00,54546.99,0.0,777.0562746457858,-0.22486797288231353,0.0,HOLD,closed,0.0,0.0,0.0,0.030256324110958938,True,False
2024-09-07 14:00:00+00:00,54632.17,0.0,777.0562746457858,-0.22486797288231353,0.0,HOLD,closed,0.0,0.0,0.0,0.030256587608503693,True,False
2024-09-07 15:00:00+00:00,54780.0,0.0,777.0562746457858,-0.22486797288231353,0.0,HOLD,closed,0.0,0.0,0.0,0.030257293122187834,True,False
2024-09-07 16:00:00+00:00,54465.97,0.0,777.0562746457858,-0.22486797288231353,0.0,HOLD,closed,0.0,0.0,0.0,0.03026073775377275,True,False
2024-09-07 17:00:00+00:00,54134.0,0.0,777.0562746457858,-0.22486797288231353,0.0,HOLD,closed,0.0,0.0,0.0,0.030264560930264056,True,False
2024-09-07 18:00:00+00:00,54291.1,0.0,777.0562746457858,-0.22486797288231353,0.0,HOLD,closed,0.0,0.0,0.0,0.03026547671671878,True,False
2024-09-07 19:00:00+00:00,54404.01,0.0,777.0562746457858,-0.22486797288231353,0.0,HOLD,closed,0.0,0.0,0.0,0.030264968610189374,True,False
2024-09-07 20:00:00+00:00,54166.01,0.0,777.0562746457858,-0.22486797288231353,0.0,HOLD,closed,0.0,0.0,0.0,0.030265995025214237,True,False
2024-09-07 21:00:00+00:00,53926.99,0.003128941932493408,776.6723371565633,-0.22525095961573016,0.21810814162991513,BUY,closed,0.21810814162991513,0.21810814162991513,0.21810814162991513,0.030266313861876087,False,False
2024-09-07 22:00:00+00:00,53954.0,0.006910222619848514,776.4510162529028,-0.2254717324558647,0.47974803862884935,BUY,closed,0.47974803862884935,0.47974803862884935,0.2624098419303203,0.030251730724698306,False,False
2024-09-07 23:00:00+00:00,54160.86,0.005683270134058502,777.7674974104393,-0.22415851133971237,0.3941931577505515,SELL,closed,0.3941931577505515,0.3941931577505515,0.08693937709028143,0.030234137548012546,False,False
2024-09-08 00:00:00+00:00,54137.5,0.0,777.1520297196926,-0.22477245492953982,0.0,SELL,closed,0.0,0.0,0.3956588132599887,0.030233745744151053,False,False
2024-09-08 01:00:00+00:00,54275.0,0.0,777.1520297196926,-0.22477245492953982,0.0,HOLD,closed,0.0,0.0,0.0,0.03023447283247449,True,False
2024-09-08 02:00:00+00:00,54337.43,0.0,777.1520297196926,-0.22477245492953982,0.0,HOLD,closed,0.0,0.0,0.0,0.03023431737101623,True,False
2024-09-08 03:00:00+00:00,54402.99,0.0,777.1520297196926,-0.22477245492953982,0.0,HOLD,closed,0.0,0.0,0.0,0.030234462129918815,True,False
2024-09-08 04:00:00+00:00,54491.99,0.0,777.1520297196926,-0.22477245492953982,0.0,HOLD,closed,0.0,0.0,0.0,0.03023423653920526,True,False
2024-09-08 05:00:00+00:00,54344.01,0.0,777.1520297196926,-0.22477245492953982,0.0,HOLD,closed,0.0,0.0,0.0,0.03023413927857055,True,False
2024-09-08 06:00:00+00:00,54292.01,0.0,777.1520297196926,-0.22477245492953982,0.0,HOLD,closed,0.0,0.0,0.0,0.03023425962013271,True,False
2024-09-08 07:00:00+00:00,54436.25,0.0,777.1520297196926,-0.22477245492953982,0.0,HOLD,closed,0.0,0.0,0.0,0.030234344631205473,True,False
2024-09-08 08:00:00+00:00,54480.0,0.0,777.1520297196926,-0.22477245492953982,0.0,HOLD,closed,0.0,0.0,0.0,0.030234355008149888,True,False
2024-09-08 09:00:00+00:00,54456.02,0.0,777.1520297196926,-0.22477245492953982,0.0,HOLD,closed,0.0,0.0,0.0,0.03023375926120178,True,False
2024-09-08 10:00:00+00:00,54608.01,0.0,777.1520297196926,-0.22477245492953982,0.0,HOLD,closed,0.0,0.0,0.0,0.03023460280559645,True,False
2024-09-08 11:00:00+00:00,54556.08,0.0,777.1520297196926,-0.22477245492953982,0.0,HOLD,closed,0.0,0.0,0.0,0.03023459907382542,True,False
2024-09-08 12:00:00+00:00,54194.7,0.0,777.1520297196926,-0.22477245492953982,0.0,HOLD,closed,0.0,0.0,0.0,0.030239458947574765,True,False
2024-09-08 13:00:00+00:00,54399.0,0.0061756115605374595,777.7441071074641,-0.22418184372058578,0.43065637712699695,BUY,closed,0.43065637712699695,0.43065637712699695,0.43065637712699695,0.030237988758051476,False,False
2024-09-08 14:00:00+00:00,54149.5,0.0,777.0723192618132,-0.2248519679980453,0.0,SELL,closed,0.0,0.0,0.4308230609608995,0.0302401475966686,False,False
2024-09-08 15:00:00+00:00,53687.0,0.00709494560194259,774.6128446951423,-0.22730535209481106,0.4944042121932859,BUY,closed,0.4944042121932859,0.4944042121932859,0.4944042121932859,0.030247905097539635,False,False
2024-09-08 16:00:00+00:00,53907.18,0.014457413422093097,777.0054165002574,-0.2249187050863059,1.0,BUY,closed,1.0,1.0,0.5072393405916027,0.03024940093104736,False,False
2024-09-08 17:00:00+00:00,54510.01,0.010268301868020831,783.678233362735,-0.21826241231837853,0.7044935196630917,SELL,closed,0.7044935196630917,0.7044935196630917,0.2985011461796845,0.03025863564361045,False,False
2024-09-08 18:00:00+00:00,54412.01,0.0,782.5589602726321,-0.21937891371929083,0.0,SELL,closed,0.0,0.0,0.7138609620820875,0.030258742694038998,False,False
2024-09-08 19:00:00+00:00,54337.01,0.0,782.5589602726321,-0.21937891371929083,0.0,HOLD,closed,0.0,0.0,0.0,0.030231996513867793,True,False
2024-09-08 20:00:00+00:00,54379.02,0.0,782.5589602726321,-0.21937891371929083,0.0,HOLD,closed,0.0,0.0,0.0,0.030231848035636527,True,False
2024-09-08 21:00:00+00:00,54464.0,0.0,782.5589602726321,-0.21937891371929083,0.0,HOLD,closed,0.0,0.0,0.0,0.030230579697353738,True,False
2024-09-08 22:00:00+00:00,54530.0,0.0,782.5589602726321,-0.21937891371929083,0.0,HOLD,closed,0.0,0.0,0.0,0.03023037667593101,True,False
2024-09-08 23:00:00+00:00,54869.95,0.0,782.5589602726321,-0.21937891371929083,0.0,HOLD,closed,0.0,0.0,0.0,0.030234506333876976,True,False
2024-09-09 00:00:00+00:00,55045.0,0.0,782.5589602726321,-0.21937891371929083,0.0,HOLD,closed,0.0,0.0,0.0,0.030235007848935513,True,False
2024-09-09 01:00:00+00:00,55103.99,0.0,782.5589602726321,-0.21937891371929083,0.0,HOLD,closed,0.0,0.0,0.0,0.030234855486692136,True,False
2024-09-09 02:00:00+00:00,55113.0,0.0,782.5589602726321,-0.21937891371929083,0.0,HOLD,closed,0.0,0.0,0.0,0.030234608279766262,True,False
2024-09-09 03:00:00+00:00,55115.0,0.0,782.5589602726321,-0.21937891371929083,0.0,HOLD,closed,0.0,0.0,0.0,0.030234551885371608,True,False
2024-09-09 04:00:00+00:00,54849.65,0.0,782.5589602726321,-0.21937891371929083,0.0,HOLD,closed,0.0,0.0,0.0,0.030236844797119383,True,False
2024-09-09 05:00:00+00:00,54668.0,0.0,782.5589602726321,-0.21937891371929083,0.0,HOLD,closed,0.0,0.0,0.0,0.030226301671557376,True,False
2024-09-09 06:00:00+00:00,54898.0,0.0,782.5589602726321,-0.21937891371929083,0.0,HOLD,closed,0.0,0.0,0.0,0.030228245257839237,True,False
2024-09-09 07:00:00+00:00,54974.01,0.0,782.5589602726321,-0.21937891371929083,0.0,HOLD,closed,0.0,0.0,0.0,0.030224503631736593,True,False
2024-09-09 08:00:00+00:00,55244.0,0.0,782.5589602726321,-0.21937891371929083,0.0,HOLD,closed,0.0,0.0,0.0,0.030227358183147146,True,False
2024-09-09 09:00:00+00:00,55152.0,0.0,782.5589602726321,-0.21937891371929083,0.0,HOLD,closed,0.0,0.0,0.0,0.030226385695250435,True,False
2024-09-09 10:00:00+00:00,55364.0,0.0,782.5589602726321,-0.21937891371929083,0.0,HOLD,closed,0.0,0.0,0.0,0.030222861245666394,True,False
2024-09-09 11:00:00+00:00,55264.87,0.0,782.5589602726321,-0.21937891371929083,0.0,HOLD,closed,0.0,0.0,0.0,0.030224167089504345,True,False
2024-09-09 12:00:00+00:00,55341.1,0.0,782.5589602726321,-0.21937891371929083,0.0,HOLD,closed,0.0,0.0,0.0,0.030224354835604456,True,False
2024-09-09 13:00:00+00:00,55686.92,0.0,782.5589602726321,-0.21937891371929083,0.0,HOLD,closed,0.0,0.0,0.0,0.030230302609496107,True,False
2024-09-09 14:00:00+00:00,54840.01,0.0,782.5589602726321,-0.21937891371929083,0.0,HOLD,closed,0.0,0.0,0.0,0.030261196531271656,True,False
2024-09-09 15:00:00+00:00,55386.0,0.0,782.5589602726321,-0.21937891371929083,0.0,HOLD,closed,0.0,0.0,0.0,0.030272650028672105,True,False
2024-09-09 16:00:00+00:00,56430.11,0.0,782.5589602726321,-0.21937891371929083,0.0,HOLD,closed,0.0,0.0,0.0,0.030311998158978753,True,False
2024-09-09 17:00:00+00:00,56514.0,0.0,782.5589602726321,-0.21937891371929083,0.0,HOLD,closed,0.0,0.0,0.0,0.03031339790609891,True,False
2024-09-09 18:00:00+00:00,56530.0,0.0,782.5589602726321,-0.21937891371929083,0.0,HOLD,closed,0.0,0.0,0.0,0.030312861928617152,True,False
2024-09-09 19:00:00+00:00,57089.54,0.0,782.5589602726321,-0.21937891371929083,0.0,HOLD,closed,0.0,0.0,0.0,0.030323704493603526,True,False
2024-09-09 20:00:00+00:00,57007.98,0.0,782.5589602726321,-0.21937891371929083,0.0,HOLD,closed,0.0,0.0,0.0,0.030304970004109977,True,False
2024-09-09 21:00:00+00:00,57454.27,0.0,782.5589602726321,-0.21937891371929083,0.0,HOLD,closed,0.0,0.0,0.0,0.030326486335854774,True,False
2024-09-09 22:00:00+00:00,57216.0,0.0,782.5589602726321,-0.21937891371929083,0.0,HOLD,closed,0.0,0.0,0.0,0.030334594792332747,True,False
2024-09-09 23:00:00+00:00,57042.0,0.0,782.5589602726321,-0.21937891371929083,0.0,HOLD,closed,0.0,0.0,0.0,0.030342424002301333,True,False
2024-09-10 00:00:00+00:00,56982.01,0.0,782.5589602726321,-0.21937891371929083,0.0,HOLD,closed,0.0,0.0,0.0,0.030348419337343335,True,False
2024-09-10 01:00:00+00:00,56900.0,0.0,782.5589602726321,-0.21937891371929083,0.0,HOLD,closed,0.0,0.0,0.0,0.030366822010162442,True,False
2024-09-10 02:00:00+00:00,56775.28,0.0,782.5589602726321,-0.21937891371929083,0.0,HOLD,closed,0.0,0.0,0.0,0.030393341000681057,True,False
2024-09-10 03:00:00+00:00,56524.74,0.0,782.5589602726321,-0.21937891371929083,0.0,HOLD,closed,0.0,0.0,0.0,0.03040865527220843,True,False
2024-09-10 04:00:00+00:00,56609.99,0.0,782.5589602726321,-0.21937891371929083,0.0,HOLD,closed,0.0,0.0,0.0,0.03040817614353236,True,False
2024-09-10 05:00:00+00:00,56945.45,0.0,782.5589602726321,-0.21937891371929083,0.0,HOLD,closed,0.0,0.0,0.0,0.030430289663424898,True,False
2024-09-10 06:00:00+00:00,56825.99,0.0,782.5589602726321,-0.21937891371929083,0.0,HOLD,closed,0.0,0.0,0.0,0.030448808566446744,True,False
2024-09-10 07:00:00+00:00,57218.57,0.0,782.5589602726321,-0.21937891371929083,0.0,HOLD,closed,0.0,0.0,0.0,0.0304827493956214,True,False
2024-09-10 08:00:00+00:00,57046.99,0.0,782.5589602726321,-0.21937891371929083,0.0,HOLD,closed,0.0,0.0,0.0,0.030574913993950292,True,False
2024-09-10 09:00:00+00:00,57086.01,0.0,782.5589602726321,-0.21937891371929083,0.0,HOLD,closed,0.0,0.0,0.0,0.030699673559941132,True,False
2024-09-10 10:00:00+00:00,57170.0,0.0,782.5589602726321,-0.21937891371929083,0.0,HOLD,closed,0.0,0.0,0.0,0.03069243595374399,True,False
2024-09-10 11:00:00+00:00,57228.0,0.0,782.5589602726321,-0.21937891371929083,0.0,HOLD,closed,0.0,0.0,0.0,0.030679027584745,True,False
2024-09-10 12:00:00+00:00,57203.19,0.0,782.5589602726321,-0.21937891371929083,0.0,HOLD,closed,0.0,0.0,0.0,0.030685659175858165,True,False
2024-09-10 13:00:00+00:00,56741.09,0.0,782.5589602726321,-0.21937891371929083,0.0,HOLD,closed,0.0,0.0,0.0,0.030735249298999345,True,False
2024-09-10 14:00:00+00:00,56941.09,0.0,782.5589602726321,-0.21937891371929083,0.0,HOLD,closed,0.0,0.0,0.0,0.03077608519992403,True,False
2024-09-10 15:00:00+00:00,56596.0,0.0,782.5589602726321,-0.21937891371929083,0.0,HOLD,closed,0.0,0.0,0.0,0.030790877586921422,True,False
2024-09-10 16:00:00+00:00,56819.6,0.0,782.5589602726321,-0.21937891371929083,0.0,HOLD,closed,0.0,0.0,0.0,0.030803986354548757,True,False
2024-09-10 17:00:00+00:00,57175.96,0.0,782.5589602726321,-0.21937891371929083,0.0,HOLD,closed,0.0,0.0,0.0,0.030810426538095542,True,False
2024-09-10 18:00:00+00:00,57581.99,0.0,782.5589602726321,-0.21937891371929083,0.0,HOLD,closed,0.0,0.0,0.0,0.03082300648542491,True,False
2024-09-10 19:00:00+00:00,57952.01,0.0,782.5589602726321,-0.21937891371929083,0.0,HOLD,closed,0.0,0.0,0.0,0.030882093895868518,True,False
2024-09-10 20:00:00+00:00,57567.89,0.0,782.5589602726321,-0.21937891371929083,0.0,HOLD,closed,0.0,0.0,0.0,0.030944526052459148,True,False
2024-09-10 21:00:00+00:00,57507.99,0.0,782.5589602726321,-0.21937891371929083,0.0,HOLD,closed,0.0,0.0,0.0,0.030944735262808942,True,False
2024-09-10 22:00:00+00:00,57615.85,0.0,782.5589602726321,-0.21937891371929083,0.0,HOLD,closed,0.0,0.0,0.0,0.030949581934346743,True,False
2024-09-10 23:00:00+00:00,57635.99,0.0,782.5589602726321,-0.21937891371929083,0.0,HOLD,closed,0.0,0.0,0.0,0.03095489830686271,True,False
2024-09-11 00:00:00+00:00,57640.5,0.0,782.5589602726321,-0.21937891371929083,0.0,HOLD,closed,0.0,0.0,0.0,0.03095736027487994,True,False
2024-09-11 01:00:00+00:00,56717.99,0.0,782.5589602726321,-0.21937891371929083,0.0,HOLD,closed,0.0,0.0,0.0,0.030993769788604714,True,False
2024-09-11 02:00:00+00:00,56921.1,0.008548489220456998,783.3252952393942,-0.21861447645056375,0.6195739244389611,BUY,closed,0.6195739244389611,0.6195739244389611,0.6195739244389611,0.03099360353777303,False,False
2024-09-11 03:00:00+00:00,56819.55,0.003835232653134485,782.3994410468783,-0.21953803792284884,0.2790001814748253,SELL,closed,0.2790001814748253,0.2790001814748253,0.34176388468820174,0.030996373610790107,False,False
2024-09-11 04:00:00+00:00,56530.5,0.005287126676997284,781.0736842512082,-0.22086051170759666,0.3845075171377923,BUY,closed,0.3845075171377923,0.3845075171377923,0.1070082801160403,0.030999884125770844,False,False
2024-09-11 05:00:00+00:00,56244.0,0.009689124781112963,778.908900308503,-0.22301993493153985,0.7026167612869436,BUY,closed,0.7026167612869436,0.7026167612869436,0.3211585491439587,0.03100329428972562,False,False
2024-09-11 06:00:00+00:00,56460.0,0.012835805121063932,781.327381945628,-0.2206074422523113,0.9243731170426681,BUY,closed,0.9243731170426681,0.9243731170426681,0.22392912410894994,0.031004369928580133,False,False
2024-09-11 07:00:00+00:00,56712.0,0.0076196288030032176,783.9692932578347,-0.21797207318354028,0.5483368294229521,SELL,closed,0.5483368294229521,0.5483368294229521,0.379498288182337,0.031007085837429088,False,False
2024-09-11 08:00:00+00:00,56398.0,0.0,783.105336586611,-0.21883389041320328,0.0,SELL,closed,0.0,0.0,0.5498267909463128,0.031011731317607732,False,False
2024-09-11 09:00:00+00:00,56677.99,0.007140044759969077,784.2988363448029,-0.21764334615390432,0.514214751144972,BUY,closed,0.514214751144972,0.514214751144972,0.514214751144972,0.03101039926161031,False,False
2024-09-11 10:00:00+00:00,56510.0,0.0,783.4897431731679,-0.21845043574409187,0.0,SELL,closed,0.0,0.0,0.515239750629897,0.031002689670460465,False,False
2024-09-11 11:00:00+00:00,56797.99,0.00435797431335425,784.2521348042113,-0.2176899320460841,0.314323359805896,BUY,closed,0.314323359805896,0.314323359805896,0.314323359805896,0.03100682313270836,False,False
2024-09-11 12:00:00+00:00,56748.01,0.0,783.7572536959672,-0.2181835876655441,0.0,SELL,closed,0.0,0.0,0.31542798903171815,0.03100287255785622,False,False
2024-09-11 13:00:00+00:00,55740.0,0.0,783.7572536959672,-0.2181835876655441,0.0,HOLD,closed,0.0,0.0,0.0,0.031049055736443065,True,False
2024-09-11 14:00:00+00:00,55974.0,0.013978462659515977,785.469365296991,-0.21647571581732017,0.9941338912676865,BUY,closed,0.9941338912676865,0.9941338912676865,0.9941338912676865,0.0310258885410524,False,False
2024-09-11 15:00:00+00:00,56701.23,0.008775947361500041,792.5674524370013,-0.209395205881277,0.617399844576399,SELL,closed,0.617399844576399,0.617399844576399,0.37878069463002106,0.03102594208309875,False,False
2024-09-11 16:00:00+00:00,57312.0,0.0,793.7935471757002,-0.20817214735738926,0.0,SELL,closed,0.0,0.0,0.6303418184621621,0.03103937815138741,False,False
2024-09-11 17:00:00+00:00,57694.0,0.0,793.7935471757002,-0.20817214735738926,0.0,HOLD,closed,0.0,0.0,0.0,0.031046884876120506,True,False
2024-09-11 18:00:00+00:00,57500.0,0.0,793.7935471757002,-0.20817214735738926,0.0,HOLD,closed,0.0,0.0,0.0,0.031049491589528494,True,False
2024-09-11 19:00:00+00:00,57585.5,0.0,793.7935471757002,-0.20817214735738926,0.0,HOLD,closed,0.0,0.0,0.0,0.031050670237484312,True,False
2024-09-11 20:00:00+00:00,57486.0,0.0,793.7935471757002,-0.20817214735738926,0.0,HOLD,closed,0.0,0.0,0.0,0.03104709104466996,True,False
2024-09-11 21:00:00+00:00,57352.0,0.0,793.7935471757002,-0.20817214735738926,0.0,HOLD,closed,0.0,0.0,0.0,0.031047257141258805,True,False
2024-09-11 22:00:00+00:00,57467.99,0.0,793.7935471757002,-0.20817214735738926,0.0,HOLD,closed,0.0,0.0,0.0,0.031024815732153155,True,False
2024-09-11 23:00:00+00:00,57338.0,0.0,793.7935471757002,-0.20817214735738926,0.0,HOLD,closed,0.0,0.0,0.0,0.031020651296372798,True,False
2024-09-12 00:00:00+00:00,57626.01,0.0,793.7935471757002,-0.20817214735738926,0.0,HOLD,closed,0.0,0.0,0.0,0.03102195078476891,True,False
2024-09-12 01:00:00+00:00,58137.74,0.0,793.7935471757002,-0.20817214735738926,0.0,HOLD,closed,0.0,0.0,0.0,0.031033244322279996,True,False
2024-09-12 02:00:00+00:00,57946.28,0.0,793.7935471757002,-0.20817214735738926,0.0,HOLD,closed,0.0,0.0,0.0,0.031045089502841378,True,False
2024-09-12 03:00:00+00:00,58232.72,0.0,793.7935471757002,-0.20817214735738926,0.0,HOLD,closed,0.0,0.0,0.0,0.03105716401941991,True,False
2024-09-12 04:00:00+00:00,58181.98,0.0,793.7935471757002,-0.20817214735738926,0.0,HOLD,closed,0.0,0.0,0.0,0.031058110556119206,True,False
2024-09-12 05:00:00+00:00,57968.01,0.0,793.7935471757002,-0.20817214735738926,0.0,HOLD,closed,0.0,0.0,0.0,0.031061086378981945,True,False
2024-09-12 06:00:00+00:00,57947.99,0.0,793.7935471757002,-0.20817214735738926,0.0,HOLD,closed,0.0,0.0,0.0,0.031053823622233856,True,False
2024-09-12 07:00:00+00:00,58138.16,0.0,793.7935471757002,-0.20817214735738926,0.0,HOLD,closed,0.0,0.0,0.0,0.031057481613026627,True,False
2024-09-12 08:00:00+00:00,58171.06,0.0,793.7935471757002,-0.20817214735738926,0.0,HOLD,closed,0.0,0.0,0.0,0.031054561210904247,True,False
2024-09-12 09:00:00+00:00,58022.0,0.0,793.7935471757002,-0.20817214735738926,0.0,HOLD,closed,0.0,0.0,0.0,0.031059785280747543,True,False
2024-09-12 10:00:00+00:00,57930.41,0.0,793.7935471757002,-0.20817214735738926,0.0,HOLD,closed,0.0,0.0,0.0,0.031061931148607003,True,False
2024-09-12 11:00:00+00:00,58057.99,0.0,793.7935471757002,-0.20817214735738926,0.0,HOLD,closed,0.0,0.0,0.0,0.031067447489657424,True,False
2024-09-12 12:00:00+00:00,57691.56,0.0,793.7935471757002,-0.20817214735738926,0.0,HOLD,closed,0.0,0.0,0.0,0.031074821762972632,True,False
2024-09-12 13:00:00+00:00,57627.99,0.0,793.7935471757002,-0.20817214735738926,0.0,HOLD,closed,0.0,0.0,0.0,0.03107471002846074,True,False
2024-09-12 14:00:00+00:00,57541.29,0.0,793.7935471757002,-0.20817214735738926,0.0,HOLD,closed,0.0,0.0,0.0,0.031074078856188125,True,False
2024-09-12 15:00:00+00:00,57512.03,0.0,793.7935471757002,-0.20817214735738926,0.0,HOLD,closed,0.0,0.0,0.0,0.031074231947292474,True,False
2024-09-12 16:00:00+00:00,58065.99,0.0,793.7935471757002,-0.20817214735738926,0.0,HOLD,closed,0.0,0.0,0.0,0.03108196773152133,True,False
2024-09-12 17:00:00+00:00,58389.1,0.0,793.7935471757002,-0.20817214735738926,0.0,HOLD,closed,0.0,0.0,0.0,0.031086355036247793,True,False
2024-09-12 18:00:00+00:00,58181.99,0.0,793.7935471757002,-0.20817214735738926,0.0,HOLD,closed,0.0,0.0,0.0,0.03108836723736158,True,False
2024-09-12 19:00:00+00:00,58388.0,0.0,793.7935471757002,-0.20817214735738926,0.0,HOLD,closed,0.0,0.0,0.0,0.03109001438471662,True,False
2024-09-12 20:00:00+00:00,58199.99,0.0,793.7935471757002,-0.20817214735738926,0.0,HOLD,closed,0.0,0.0,0.0,0.03109190533723119,True,False
2024-09-12 21:00:00+00:00,57921.11,0.0,793.7935471757002,-0.20817214735738926,0.0,HOLD,closed,0.0,0.0,0.0,0.031100316131365907,True,False
2024-09-12 22:00:00+00:00,58143.34,0.0,793.7935471757002,-0.20817214735738926,0.0,HOLD,closed,0.0,0.0,0.0,0.031102910746373613,True,False
2024-09-12 23:00:00+00:00,58132.32,0.0,793.7935471757002,-0.20817214735738926,0.0,HOLD,closed,0.0,0.0,0.0,0.031104558064678295,True,False
2024-09-13 00:00:00+00:00,58031.14,0.0,793.7935471757002,-0.20817214735738926,0.0,HOLD,closed,0.0,0.0,0.0,0.031105736576302334,True,False
2024-09-13 01:00:00+00:00,58129.99,0.0,793.7935471757002,-0.20817214735738926,0.0,HOLD,closed,0.0,0.0,0.0,0.031106645861702087,True,False
2024-09-13 02:00:00+00:00,58050.8,0.0,793.7935471757002,-0.20817214735738926,0.0,HOLD,closed,0.0,0.0,0.0,0.031103288661724765,True,False
2024-09-13 03:00:00+00:00,57845.97,0.0,793.7935471757002,-0.20817214735738926,0.0,HOLD,closed,0.0,0.0,0.0,0.031104735211608725,True,False
2024-09-13 04:00:00+00:00,57844.0,0.0,793.7935471757002,-0.20817214735738926,0.0,HOLD,closed,0.0,0.0,0.0,0.03110261234300582,True,False
2024-09-13 05:00:00+00:00,57946.0,0.0,793.7935471757002,-0.20817214735738926,0.0,HOLD,closed,0.0,0.0,0.0,0.031100003153738676,True,False
2024-09-13 06:00:00+00:00,57767.01,0.0,793.7935471757002,-0.20817214735738926,0.0,HOLD,closed,0.0,0.0,0.0,0.031101567631411225,True,False
2024-09-13 07:00:00+00:00,58109.31,0.004974289613524655,794.9214530022028,-0.20704703459757864,0.36199562106150013,BUY,closed,0.36199562106150013,0.36199562106150013,0.36199562106150013,0.031103496729549818,False,False
2024-09-13 08:00:00+00:00,57953.64,0.0,794.3434924541073,-0.20762356392480608,0.0,SELL,closed,0.0,0.0,0.3630035135558771,0.03110183852712073,False,False
2024-09-13 09:00:00+00:00,58058.6,0.0,794.3434924541073,-0.20762356392480608,0.0,HOLD,closed,0.0,0.0,0.0,0.03114735066424884,True,False
2024-09-13 10:00:00+00:00,58343.99,0.0,794.3434924541073,-0.20762356392480608,0.0,HOLD,closed,0.0,0.0,0.0,0.031197156230772266,True,False
2024-09-13 11:00:00+00:00,57871.1,0.0,794.3434924541073,-0.20762356392480608,0.0,HOLD,closed,0.0,0.0,0.0,0.031199281151689323,True,False
2024-09-13 12:00:00+00:00,57910.0,0.003041898890480916,794.9084113444881,-0.20706004395984914,0.22161449870640265,BUY,closed,0.22161449870640265,0.22161449870640265,0.22161449870640265,0.031198073668490034,False,False
2024-09-13 13:00:00+00:00,58056.01,0.0,795.3497850906033,-0.20661976320064832,0.0,SELL,closed,0.0,0.0,0.22204054089730885,0.031139002265405447,False,False
2024-09-13 14:00:00+00:00,58456.89,0.0,795.3497850906033,-0.20661976320064832,0.0,HOLD,closed,0.0,0.0,0.0,0.03114644240486611,True,False
2024-09-13 15:00:00+00:00,59667.38,0.0,795.3497850906033,-0.20661976320064832,0.0,HOLD,closed,0.0,0.0,0.0,0.031200839068372482,True,False
2024-09-13 16:00:00+00:00,59452.31,0.0,795.3497850906033,-0.20661976320064832,0.0,HOLD,closed,0.0,0.0,0.0,0.031203479282720936,True,False
2024-09-13 17:00:00+00:00,59584.0,0.0,795.3497850906033,-0.20661976320064832,0.0,HOLD,closed,0.0,0.0,0.0,0.03118494868026242,True,False
2024-09-13 18:00:00+00:00,59752.17,0.0,795.3497850906033,-0.20661976320064832,0.0,HOLD,closed,0.0,0.0,0.0,0.031184075374616982,True,False
2024-09-13 19:00:00+00:00,59743.99,0.0,795.3497850906033,-0.20661976320064832,0.0,HOLD,closed,0.0,0.0,0.0,0.031185126290259546,True,False
2024-09-13 20:00:00+00:00,59838.52,0.0,795.3497850906033,-0.20661976320064832,0.0,HOLD,closed,0.0,0.0,0.0,0.031186990797092112,True,False
2024-09-13 21:00:00+00:00,60283.86,0.0,795.3497850906033,-0.20661976320064832,0.0,HOLD,closed,0.0,0.0,0.0,0.03119619972005122,True,False
2024-09-13 22:00:00+00:00,60608.0,0.0,795.3497850906033,-0.20661976320064832,0.0,HOLD,closed,0.0,0.0,0.0,0.031201065244977566,True,False
2024-09-13 23:00:00+00:00,60498.0,0.0,795.3497850906033,-0.20661976320064832,0.0,HOLD,closed,0.0,0.0,0.0,0.031201351927131776,True,False
2024-09-14 00:00:00+00:00,60414.39,0.0,795.3497850906033,-0.20661976320064832,0.0,HOLD,closed,0.0,0.0,0.0,0.031201505556583714,True,False
2024-09-14 01:00:00+00:00,60406.06,0.0,795.3497850906033,-0.20661976320064832,0.0,HOLD,closed,0.0,0.0,0.0,0.031201222714824978,True,False
2024-09-14 02:00:00+00:00,60287.99,0.0,795.3497850906033,-0.20661976320064832,0.0,HOLD,closed,0.0,0.0,0.0,0.03120169400696332,True,False
2024-09-14 03:00:00+00:00,60329.37,0.0,795.3497850906033,-0.20661976320064832,0.0,HOLD,closed,0.0,0.0,0.0,0.031199388286374558,True,False
2024-09-14 04:00:00+00:00,60213.05,0.0,795.3497850906033,-0.20661976320064832,0.0,HOLD,closed,0.0,0.0,0.0,0.031199751159406125,True,False
2024-09-14 05:00:00+00:00,59926.0,0.0,795.3497850906033,-0.20661976320064832,0.0,HOLD,closed,0.0,0.0,0.0,0.031202944599587085,True,False
2024-09-14 06:00:00+00:00,60046.0,0.0,795.3497850906033,-0.20661976320064832,0.0,HOLD,closed,0.0,0.0,0.0,0.031202172794284694,True,False
2024-09-14 07:00:00+00:00,60138.14,0.0,795.3497850906033,-0.20661976320064832,0.0,HOLD,closed,0.0,0.0,0.0,0.031201163300404733,True,False
2024-09-14 08:00:00+00:00,59973.99,0.0,795.3497850906033,-0.20661976320064832,0.0,HOLD,closed,0.0,0.0,0.0,0.03120130210450628,True,False
2024-09-14 09:00:00+00:00,60070.2,0.0,795.3497850906033,-0.20661976320064832,0.0,HOLD,closed,0.0,0.0,0.0,0.03120125867560694,True,False
2024-09-14 10:00:00+00:00,59851.09,0.0,795.3497850906033,-0.20661976320064832,0.0,HOLD,closed,0.0,0.0,0.0,0.03120379762654163,True,False
2024-09-14 11:00:00+00:00,59706.39,0.0,795.3497850906033,-0.20661976320064832,0.0,HOLD,closed,0.0,0.0,0.0,0.031204925926920507,True,False
2024-09-14 12:00:00+00:00,59794.03,0.0,795.3497850906033,-0.20661976320064832,0.0,HOLD,closed,0.0,0.0,0.0,0.031202662426808025,True,False
2024-09-14 13:00:00+00:00,59769.11,0.0,795.3497850906033,-0.20661976320064832,0.0,HOLD,closed,0.0,0.0,0.0,0.03120062583679309,True,False
2024-09-14 14:00:00+00:00,59914.0,0.0,795.3497850906033,-0.20661976320064832,0.0,HOLD,closed,0.0,0.0,0.0,0.03120062441431176,True,False
2024-09-14 15:00:00+00:00,59876.0,0.0,795.3497850906033,-0.20661976320064832,0.0,HOLD,closed,0.0,0.0,0.0,0.031201041487247394,True,False
2024-09-14 16:00:00+00:00,59981.99,0.0,795.3497850906033,-0.20661976320064832,0.0,HOLD,closed,0.0,0.0,0.0,0.031201936514836326,True,False
2024-09-14 17:00:00+00:00,59885.26,0.0,795.3497850906033,-0.20661976320064832,0.0,HOLD,closed,0.0,0.0,0.0,0.031193258782762384,True,False
2024-09-14 18:00:00+00:00,59786.0,0.0,795.3497850906033,-0.20661976320064832,0.0,HOLD,closed,0.0,0.0,0.0,0.0311920679319789,True,False
2024-09-14 19:00:00+00:00,59810.0,0.0,795.3497850906033,-0.20661976320064832,0.0,HOLD,closed,0.0,0.0,0.0,0.031188449669260848,True,False
2024-09-14 20:00:00+00:00,60024.01,0.0,795.3497850906033,-0.20661976320064832,0.0,HOLD,closed,0.0,0.0,0.0,0.031190438154572092,True,False
2024-09-14 21:00:00+00:00,60036.0,0.0,795.3497850906033,-0.20661976320064832,0.0,HOLD,closed,0.0,0.0,0.0,0.031190453431571813,True,False
2024-09-14 22:00:00+00:00,60006.97,0.0,795.3497850906033,-0.20661976320064832,0.0,HOLD,closed,0.0,0.0,0.0,0.031190537893153653,True,False
2024-09-14 23:00:00+00:00,59993.03,0.0,795.3497850906033,-0.20661976320064832,0.0,HOLD,closed,0.0,0.0,0.0,0.031190590364445298,True,False
2024-09-15 00:00:00+00:00,60025.95,0.0,795.3497850906033,-0.20661976320064832,0.0,HOLD,closed,0.0,0.0,0.0,0.031190653114437084,True,False
2024-09-15 01:00:00+00:00,60235.22,0.0,795.3497850906033,-0.20661976320064832,0.0,HOLD,closed,0.0,0.0,0.0,0.031192513493339846,True,False
2024-09-15 02:00:00+00:00,60238.01,0.0,795.3497850906033,-0.20661976320064832,0.0,HOLD,closed,0.0,0.0,0.0,0.031191820997790304,True,False
2024-09-15 03:00:00+00:00,60155.93,0.0,795.3497850906033,-0.20661976320064832,0.0,HOLD,closed,0.0,0.0,0.0,0.03119164546405262,True,False
2024-09-15 04:00:00+00:00,60117.99,0.0,795.3497850906033,-0.20661976320064832,0.0,HOLD,closed,0.0,0.0,0.0,0.03119165682420258,True,False
2024-09-15 05:00:00+00:00,60160.0,0.0,795.3497850906033,-0.20661976320064832,0.0,HOLD,closed,0.0,0.0,0.0,0.031191568685588256,True,False
2024-09-15 06:00:00+00:00,60164.01,0.0,795.3497850906033,-0.20661976320064832,0.0,HOLD,closed,0.0,0.0,0.0,0.03119166661524092,True,False
2024-09-15 07:00:00+00:00,60196.0,0.0,795.3497850906033,-0.20661976320064832,0.0,HOLD,closed,0.0,0.0,0.0,0.031191829360357415,True,False
2024-09-15 08:00:00+00:00,60069.99,0.0,795.3497850906033,-0.20661976320064832,0.0,HOLD,closed,0.0,0.0,0.0,0.031192483036061563,True,False
2024-09-15 09:00:00+00:00,60016.0,0.0,795.3497850906033,-0.20661976320064832,0.0,HOLD,closed,0.0,0.0,0.0,0.031192099237707327,True,False
2024-09-15 10:00:00+00:00,59991.3,0.0,795.3497850906033,-0.20661976320064832,0.0,HOLD,closed,0.0,0.0,0.0,0.031192318773889477,True,False
2024-09-15 11:00:00+00:00,60000.51,0.0,795.3497850906033,-0.20661976320064832,0.0,HOLD,closed,0.0,0.0,0.0,0.0311924653218289,True,False
2024-09-15 12:00:00+00:00,60104.39,0.0,795.3497850906033,-0.20661976320064832,0.0,HOLD,closed,0.0,0.0,0.0,0.03119315527773356,True,False
2024-09-15 13:00:00+00:00,60189.98,0.0,795.3497850906033,-0.20661976320064832,0.0,HOLD,closed,0.0,0.0,0.0,0.031194700340881287,True,False
2024-09-15 14:00:00+00:00,60279.52,0.0,795.3497850906033,-0.20661976320064832,0.0,HOLD,closed,0.0,0.0,0.0,0.0311963725811778,True,False
2024-09-15 15:00:00+00:00,60335.41,0.0,795.3497850906033,-0.20661976320064832,0.0,HOLD,closed,0.0,0.0,0.0,0.031196935141329596,True,False
2024-09-15 16:00:00+00:00,59950.05,0.0,795.3497850906033,-0.20661976320064832,0.0,HOLD,closed,0.0,0.0,0.0,0.031203224620996117,True,False
2024-09-15 17:00:00+00:00,59814.07,0.005130410047882793,795.4330768239513,-0.206536677725093,0.38670826931327934,BUY,closed,0.38670826931327934,0.38670826931327934,0.38670826931327934,0.031203242906494788,False,False
2024-09-15 18:00:00+00:00,59971.09,0.010471882416566249,796.4382216490725,-0.2055340219699507,0.7866559917674973,BUY,closed,0.7866559917674973,0.7866559917674973,0.4002438510777925,0.03120440939771954,False,False
2024-09-15 19:00:00+00:00,59878.22,0.0029685951594879342,795.2627925759884,-0.20670654029311591,0.22380586359249294,SELL,closed,0.22380586359249294,0.22380586359249294,0.5644590242408176,0.03120263422230382,False,False
2024-09-15 20:00:00+00:00,59795.99,0.006912222836366307,794.2219680970138,-0.2077447873475253,0.5206062154492183,BUY,closed,0.5206062154492183,0.5206062154492183,0.2973283355441985,0.031203471844909986,False,False
2024-09-15 21:00:00+00:00,59651.69,0.009496295212503463,793.244063100638,-0.2087202707287191,0.7158634711142555,BUY,closed,0.7158634711142555,0.7158634711142555,0.19605381319939952,0.031205004228266525,False,False
2024-09-15 22:00:00+00:00,59430.31,0.013262686114000001,790.8792298119322,-0.21107924791052676,1.0,BUY,closed,1.0,1.0,0.28664142458258113,0.03121238624938444,False,False
2024-09-15 23:00:00+00:00,59132.0,0.013262686114000001,786.9228379172648,-0.21502584247445775,1.0,HOLD,closed,1.0,0.9966023573146089,0.0033976426853911113,0.031225735895033607,True,False
2024-09-16 00:00:00+00:00,58666.36,0.013158247955944752,780.783483152553,-0.22114999417265355,1.0,SELL,closed,1.0,0.9965754822795,0.003424517720500009,0.031239391002367195,True,False
2024-09-16 01:00:00+00:00,58607.07,0.013158247955944752,780.003330631245,-0.22192821477910585,1.0,HOLD,closed,1.0,0.9886705976079839,0.011329402392016075,0.031242533867957473,True,False
2024-09-16 02:00:00+00:00,58263.99,0.013158247955944752,775.4889989225195,-0.22643136751416504,1.0,HOLD,closed,1.0,0.9886046460850993,0.011395353914900652,0.031249599454119648,True,False
2024-09-16 03:00:00+00:00,58575.09,0.013158247955944752,779.5825298616139,-0.22234797350729518,1.0,HOLD,closed,1.0,0.9886644822564165,0.011335517743583545,0.03125429862457019,True,False
2024-09-16 04:00:00+00:00,58352.0,0.00971411357160693,777.0120281720956,-0.224912109787147,0.7326430610829469,SELL,closed,0.7326430610829469,0.7326430610829469,0.25597857659936385,0.03125630022260553,False,False
2024-09-16 05:00:00+00:00,58670.0,0.010241153524700118,780.2071972262897,-0.22172485302496442,0.7660438827538449,BUY,closed,0.7660438827538449,0.7660438827538449,0.03546289607587083,0.03126074565674486,False,False
2024-09-16 06:00:00+00:00,58707.43,0.005524789068173579,779.860710230334,-0.2220704820048829,0.4152489235120593,SELL,closed,0.4152489235120593,0.4152489235120593,0.3549779566397446,0.031262528619480506,False,False
2024-09-16 07:00:00+00:00,58911.1,0.004366487999752635,780.9239596977188,-0.22100986549372806,0.32823290938102057,SELL,closed,0.32823290938102057,0.32823290938102057,0.08851134032830404,0.03126564370107984,False,False
2024-09-16 08:00:00+00:00,58924.98,0.0,781.5818176636576,-0.22035363660100585,0.0,SELL,closed,0.0,0.0,0.3294498112707723,0.03126493863249233,False,False
2024-09-16 09:00:00+00:00,58636.54,0.0,781.5818176636576,-0.22035363660100585,0.0,HOLD,closed,0.0,0.0,0.0,0.03126908071455431,True,False
2024-09-16 10:00:00+00:00,58749.99,0.003953263335006984,781.5665881188249,-0.22036882843246441,0.2965853074302512,BUY,closed,0.2965853074302512,0.2965853074302512,0.2965853074302512,0.031267636239076746,False,False
2024-09-16 11:00:00+00:00,58663.99,0.0,781.1021958831176,-0.22083207067988805,0.0,SELL,closed,0.0,0.0,0.2968590656463581,0.03126922951108646,False,False
2024-09-16 12:00:00+00:00,58527.99,0.002876293711107553,781.1443555323473,-0.2207900154318497,0.2160215336197347,BUY,closed,0.2160215336197347,0.2160215336197347,0.2160215336197347,0.03127405821367374,False,False
2024-09-16 13:00:00+00:00,58497.1,0.0037743676727618604,781.1628080062575,-0.2207716086523486,0.28283028732137067,BUY,closed,0.28283028732137067,0.28283028732137067,0.06741046199660158,0.03127616346243661,False,False
2024-09-16 14:00:00+00:00,57604.0,0.0037743676727618604,777.7919202377138,-0.2241341489914103,0.27141462378780923,HOLD,closed,0.27141462378780923,0.2795332141729182,0.008118590385108981,0.031310523233398335,True,False
2024-09-16 15:00:00+00:00,57881.69,0.010841440841253392,779.9880930334846,-0.2219434146435505,0.8018467703984062,BUY,closed,0.8018467703984062,0.8018467703984062,0.5213440063679713,0.03131119602626986,False,False
2024-09-16 16:00:00+00:00,57809.98,0.00699084874601243,779.041171582279,-0.22288799120504696,0.5192975842191054,SELL,closed,0.5192975842191054,0.5192975842191054,0.28503366502793126,0.03131223328730537,False,False
2024-09-16 17:00:00+00:00,58176.01,0.00699084874601243,781.600031948782,-0.22033546742045662,0.4935511675297473,HOLD,closed,0.4935511675297473,0.5203424640893023,0.026791296559554978,0.03131751160687757,True,False
2024-09-16 18:00:00+00:00,57896.0,0.0028883012677074077,780.3140174160417,-0.22161829735722047,0.2155216131666371,SELL,closed,0.2155216131666371,0.2155216131666371,0.30361653840491476,0.031321665083052036,False,False
2024-09-16 19:00:00+00:00,57943.99,0.004885107960641495,780.3171817029245,-0.22161514090615525,0.36238997820878394,BUY,closed,0.36238997820878394,0.36238997820878394,0.14795069773937766,0.031321814625477146,False,False
2024-09-16 20:00:00+00:00,57687.99,0.004016878381737116,779.4187556169377,-0.22251134219294594,0.2987600322690413,SELL,closed,0.2987600322690413,0.2987600322690413,0.06297035294998443,0.03132444522235156,False,False
2024-09-16 21:00:00+00:00,57995.5,0.005911544034438875,781.0179419822293,-0.22091611594033955,0.4368454634491423,BUY,closed,0.4368454634491423,0.4368454634491423,0.1384278874176711,0.031326202432063716,False,False
2024-09-16 22:00:00+00:00,57970.01,0.0027820495313238204,780.5841250910644,-0.22134885855785444,0.20662456032620594,SELL,closed,0.20662456032620594,0.20662456032620594,0.23223654422211834,0.03132630258825164,False,False
2024-09-16 23:00:00+00:00,58213.99,0.0027820495313238204,781.2628895357168,-0.22067177495775267,0.2086230896182014,HOLD,closed,0.2086230896182014,0.2072979604755507,0.0013251291426506773,0.03133173143143131,True,False
2024-09-17 00:00:00+00:00,57630.01,0.0,780.9390621056266,-0.2209948004843615,0.0,SELL,closed,0.0,0.0,0.20564607596331252,0.031350354414594245,False,False
2024-09-17 01:00:00+00:00,57896.0,0.00633294330848725,781.893444040063,-0.22004278191425036,0.46734451368522956,BUY,closed,0.46734451368522956,0.46734451368522956,0.46734451368522956,0.0313541477986706,False,False
2024-09-17 02:00:00+00:00,58115.52,0.003099608257672635,783.0592524338629,-0.21887986044639546,0.22910591748481082,SELL,closed,0.22910591748481082,0.22910591748481082,0.24076510903101975,0.03135100321751441,False,False
2024-09-17 03:00:00+00:00,58060.0,0.0,782.6991027442598,-0.2192391182866273,0.0,SELL,closed,0.0,0.0,0.22987125620833151,0.031350708282800344,False,False
2024-09-17 04:00:00+00:00,58246.01,0.0,782.6991027442598,-0.2192391182866273,0.0,HOLD,closed,0.0,0.0,0.0,0.03135249879134744,True,False
2024-09-17 05:00:00+00:00,58642.76,0.0,782.6991027442598,-0.2192391182866273,0.0,HOLD,closed,0.0,0.0,0.0,0.03136002357630768,True,False
2024-09-17 06:00:00+00:00,58488.0,0.0,782.6991027442598,-0.2192391182866273,0.0,HOLD,closed,0.0,0.0,0.0,0.03136244618035183,True,False
2024-09-17 07:00:00+00:00,58695.39,0.0,782.6991027442598,-0.2192391182866273,0.0,HOLD,closed,0.0,0.0,0.0,0.03136974694926489,True,False
2024-09-17 08:00:00+00:00,58792.0,0.0,782.6991027442598,-0.2192391182866273,0.0,HOLD,closed,0.0,0.0,0.0,0.03138926436619832,True,False
2024-09-17 09:00:00+00:00,58966.48,0.0,782.6991027442598,-0.2192391182866273,0.0,HOLD,closed,0.0,0.0,0.0,0.03150070917481676,True,False
2024-09-17 10:00:00+00:00,59236.0,0.0,782.6991027442598,-0.2192391182866273,0.0,HOLD,closed,0.0,0.0,0.0,0.031595353009919946,True,False
2024-09-17 11:00:00+00:00,59080.99,0.0,782.6991027442598,-0.2192391182866273,0.0,HOLD,closed,0.0,0.0,0.0,0.03159716892241626,True,False
2024-09-17 12:00:00+00:00,59381.1,0.0,782.6991027442598,-0.2192391182866273,0.0,HOLD,closed,0.0,0.0,0.0,0.03160228857757666,True,False
2024-09-17 13:00:00+00:00,58966.0,0.0,782.6991027442598,-0.2192391182866273,0.0,HOLD,closed,0.0,0.0,0.0,0.031604268562519994,True,False
2024-09-17 14:00:00+00:00,60265.17,0.0,782.6991027442598,-0.2192391182866273,0.0,HOLD,closed,0.0,0.0,0.0,0.03167681861613375,True,False
2024-09-17 15:00:00+00:00,61135.5,0.0,782.6991027442598,-0.2192391182866273,0.0,HOLD,closed,0.0,0.0,0.0,0.031708357231839124,True,False
2024-09-17 16:00:00+00:00,60873.86,0.0,782.6991027442598,-0.2192391182866273,0.0,HOLD,closed,0.0,0.0,0.0,0.03170881939262066,True,False
2024-09-17 17:00:00+00:00,60958.37,0.0,782.6991027442598,-0.2192391182866273,0.0,HOLD,closed,0.0,0.0,0.0,0.03162368027445042,True,False
2024-09-17 18:00:00+00:00,60540.17,0.0,782.6991027442598,-0.2192391182866273,0.0,HOLD,closed,0.0,0.0,0.0,0.03159573640152444,True,False
2024-09-17 19:00:00+00:00,59967.99,0.0,782.6991027442598,-0.2192391182866273,0.0,HOLD,closed,0.0,0.0,0.0,0.031609451988066944,True,False
2024-09-17 20:00:00+00:00,60120.0,0.0,782.6991027442598,-0.2192391182866273,0.0,HOLD,closed,0.0,0.0,0.0,0.031605725831635206,True,False
2024-09-17 21:00:00+00:00,60334.07,0.0,782.6991027442598,-0.2192391182866273,0.0,HOLD,closed,0.0,0.0,0.0,0.03160383380190088,True,False
2024-09-17 22:00:00+00:00,60240.01,0.0,782.6991027442598,-0.2192391182866273,0.0,HOLD,closed,0.0,0.0,0.0,0.0316041135355854,True,False
2024-09-17 23:00:00+00:00,60313.99,0.0,782.6991027442598,-0.2192391182866273,0.0,HOLD,closed,0.0,0.0,0.0,0.03160089990378859,True,False
2024-09-18 00:00:00+00:00,60240.0,0.0,782.6991027442598,-0.2192391182866273,0.0,HOLD,closed,0.0,0.0,0.0,0.031597269810798134,True,False
2024-09-18 01:00:00+00:00,60114.0,0.0,782.6991027442598,-0.2192391182866273,0.0,HOLD,closed,0.0,0.0,0.0,0.031598748227126106,True,False
2024-09-18 02:00:00+00:00,60352.0,0.0,782.6991027442598,-0.2192391182866273,0.0,HOLD,closed,0.0,0.0,0.0,0.03160147915745054,True,False
2024-09-18 03:00:00+00:00,60509.99,0.0,782.6991027442598,-0.2192391182866273,0.0,HOLD,closed,0.0,0.0,0.0,0.031587216925002604,True,False
2024-09-18 04:00:00+00:00,60429.99,0.0,782.6991027442598,-0.2192391182866273,0.0,HOLD,closed,0.0,0.0,0.0,0.0315701829998728,True,False
2024-09-18 05:00:00+00:00,60241.07,0.0,782.6991027442598,-0.2192391182866273,0.0,HOLD,closed,0.0,0.0,0.0,0.03152978021415925,True,False
2024-09-18 06:00:00+00:00,60453.99,0.0,782.6991027442598,-0.2192391182866273,0.0,HOLD,closed,0.0,0.0,0.0,0.03152342558078469,True,False
2024-09-18 07:00:00+00:00,60428.01,0.0,782.6991027442598,-0.2192391182866273,0.0,HOLD,closed,0.0,0.0,0.0,0.031522970013641904,True,False
2024-09-18 08:00:00+00:00,60198.05,0.0,782.6991027442598,-0.2192391182866273,0.0,HOLD,closed,0.0,0.0,0.0,0.031526109576043626,True,False
2024-09-18 09:00:00+00:00,59654.77,0.0,782.6991027442598,-0.2192391182866273,0.0,HOLD,closed,0.0,0.0,0.0,0.03152269126884841,True,False
2024-09-18 10:00:00+00:00,59907.49,0.0027505941167419866,783.8326549445221,-0.21810837313534004,0.20964126739936856,BUY,closed,0.20964126739936856,0.20964126739936856,0.20964126739936856,0.031524976923518105,False,False
2024-09-18 11:00:00+00:00,59846.0,0.0,783.5032024069744,-0.2184370098397857,0.0,SELL,closed,0.0,0.0,0.21005450823959707,0.0315237136984729,False,False
2024-09-18 12:00:00+00:00,59978.24,0.0,783.5032024069744,-0.2184370098397857,0.0,HOLD,closed,0.0,0.0,0.0,0.03152302054418085,True,False
2024-09-18 13:00:00+00:00,59508.5,0.0,783.5032024069744,-0.2184370098397857,0.0,HOLD,closed,0.0,0.0,0.0,0.03151957142566256,True,False
2024-09-18 14:00:00+00:00,59487.6,0.004655270565969408,782.8517124011115,-0.21908688654160066,0.3535763065472374,BUY,closed,0.3535763065472374,0.3535763065472374,0.3535763065472374,0.03148981538487683,False,False
2024-09-18 15:00:00+00:00,59429.18,0.004655270565969408,782.5797514946476,-0.21935817398319588,0.3568075859221521,HOLD,closed,0.3568075859221521,0.3535216850235487,0.003285900898603422,0.031477032271820554,True,False
2024-09-18 16:00:00+00:00,59915.26,0.0051162215332469715,785.1393330121793,-0.2168049308333844,0.38740622289508475,BUY,closed,0.38740622289508475,0.38740622289508475,0.03202063154849011,0.03148093392574011,False,False
2024-09-18 17:00:00+00:00,60013.01,0.0,785.9506565321133,-0.21599561641797568,0.0,SELL,closed,0.0,0.0,0.39081522257057927,0.03148189268704546,False,False
2024-09-18 18:00:00+00:00,60629.79,0.0,785.9506565321133,-0.21599561641797568,0.0,HOLD,closed,0.0,0.0,0.0,0.031501930247915505,True,False
2024-09-18 19:00:00+00:00,60057.99,0.0,785.9506565321133,-0.21599561641797568,0.0,HOLD,closed,0.0,0.0,0.0,0.03151762391256077,True,False
2024-09-18 20:00:00+00:00,60230.01,0.0,785.9506565321133,-0.21599561641797568,0.0,HOLD,closed,0.0,0.0,0.0,0.03151876303577525,True,False
2024-09-18 21:00:00+00:00,60199.46,0.0,785.9506565321133,-0.21599561641797568,0.0,HOLD,closed,0.0,0.0,0.0,0.031516978556057035,True,False
2024-09-18 22:00:00+00:00,60684.78,0.0,785.9506565321133,-0.21599561641797568,0.0,HOLD,closed,0.0,0.0,0.0,0.031526545932871436,True,False
2024-09-18 23:00:00+00:00,61759.99,0.0,785.9506565321133,-0.21599561641797568,0.0,HOLD,closed,0.0,0.0,0.0,0.03157632368116417,True,False
2024-09-19 00:00:00+00:00,62226.0,0.0,785.9506565321133,-0.21599561641797568,0.0,HOLD,closed,0.0,0.0,0.0,0.03158666902640808,True,False
2024-09-19 01:00:00+00:00,62005.99,0.0,785.9506565321133,-0.21599561641797568,0.0,HOLD,closed,0.0,0.0,0.0,0.03158721105894152,True,False
2024-09-19 02:00:00+00:00,62204.32,0.0,785.9506565321133,-0.21599561641797568,0.0,HOLD,closed,0.0,0.0,0.0,0.03158834879107364,True,False
2024-09-19 03:00:00+00:00,62117.99,0.0,785.9506565321133,-0.21599561641797568,0.0,HOLD,closed,0.0,0.0,0.0,0.03158967139205693,True,False
2024-09-19 04:00:00+00:00,62082.0,0.0,785.9506565321133,-0.21599561641797568,0.0,HOLD,closed,0.0,0.0,0.0,0.031592321380046945,True,False
2024-09-19 05:00:00+00:00,61990.42,0.0,785.9506565321133,-0.21599561641797568,0.0,HOLD,closed,0.0,0.0,0.0,0.03159443088424288,True,False
2024-09-19 06:00:00+00:00,62020.6,0.0,785.9506565321133,-0.21599561641797568,0.0,HOLD,closed,0.0,0.0,0.0,0.03159416272231566,True,False
2024-09-19 07:00:00+00:00,62093.99,0.0,785.9506565321133,-0.21599561641797568,0.0,HOLD,closed,0.0,0.0,0.0,0.031587554816796204,True,False
2024-09-19 08:00:00+00:00,61932.0,0.0,785.9506565321133,-0.21599561641797568,0.0,HOLD,closed,0.0,0.0,0.0,0.031586429003810174,True,False
2024-09-19 09:00:00+00:00,62272.01,0.0,785.9506565321133,-0.21599561641797568,0.0,HOLD,closed,0.0,0.0,0.0,0.03158860739473121,True,False
2024-09-19 10:00:00+00:00,62320.01,0.0,785.9506565321133,-0.21599561641797568,0.0,HOLD,closed,0.0,0.0,0.0,0.03159007794619392,True,False
2024-09-19 11:00:00+00:00,62645.44,0.0,785.9506565321133,-0.21599561641797568,0.0,HOLD,closed,0.0,0.0,0.0,0.031596497650553335,True,False
2024-09-19 12:00:00+00:00,62924.07,0.0,785.9506565321133,-0.21599561641797568,0.0,HOLD,closed,0.0,0.0,0.0,0.03158962143641714,True,False
2024-09-19 13:00:00+00:00,63035.98,0.0,785.9506565321133,-0.21599561641797568,0.0,HOLD,closed,0.0,0.0,0.0,0.031587972627737326,True,False
2024-09-19 14:00:00+00:00,62935.83,0.0,785.9506565321133,-0.21599561641797568,0.0,HOLD,closed,0.0,0.0,0.0,0.03150418734712751,True,False
2024-09-19 15:00:00+00:00,63154.04,0.0,785.9506565321133,-0.21599561641797568,0.0,HOLD,closed,0.0,0.0,0.0,0.0315060440330624,True,False
2024-09-19 16:00:00+00:00,63556.92,0.0,785.9506565321133,-0.21599561641797568,0.0,HOLD,closed,0.0,0.0,0.0,0.03150937323420333,True,False
2024-09-19 17:00:00+00:00,63709.22,0.0,785.9506565321133,-0.21599561641797568,0.0,HOLD,closed,0.0,0.0,0.0,0.03151025596702431,True,False
2024-09-19 18:00:00+00:00,63628.0,0.0,785.9506565321133,-0.21599561641797568,0.0,HOLD,closed,0.0,0.0,0.0,0.03150687519022394,True,False
2024-09-19 19:00:00+00:00,63251.99,0.0,785.9506565321133,-0.21599561641797568,0.0,HOLD,closed,0.0,0.0,0.0,0.03151172083708745,True,False
2024-09-19 20:00:00+00:00,63016.74,0.0,785.9506565321133,-0.21599561641797568,0.0,HOLD,closed,0.0,0.0,0.0,0.031513058781190484,True,False
2024-09-19 21:00:00+00:00,62879.76,0.0,785.9506565321133,-0.21599561641797568,0.0,HOLD,closed,0.0,0.0,0.0,0.03151412875243026,True,False
2024-09-19 22:00:00+00:00,62940.01,0.0,785.9506565321133,-0.21599561641797568,0.0,HOLD,closed,0.0,0.0,0.0,0.03151453733107576,True,False
2024-09-19 23:00:00+00:00,62947.99,0.0,785.9506565321133,-0.21599561641797568,0.0,HOLD,closed,0.0,0.0,0.0,0.03151327769659437,True,False
2024-09-20 00:00:00+00:00,62756.4,0.0,785.9506565321133,-0.21599561641797568,0.0,HOLD,closed,0.0,0.0,0.0,0.03151534216943319,True,False
2024-09-20 01:00:00+00:00,63037.99,0.0,785.9506565321133,-0.21599561641797568,0.0,HOLD,closed,0.0,0.0,0.0,0.03151671273613346,True,False
2024-09-20 02:00:00+00:00,63125.01,0.0,785.9506565321133,-0.21599561641797568,0.0,HOLD,closed,0.0,0.0,0.0,0.03150192450867634,True,False
2024-09-20 03:00:00+00:00,63742.16,0.0,785.9506565321133,-0.21599561641797568,0.0,HOLD,closed,0.0,0.0,0.0,0.0315174371530956,True,False
2024-09-20 04:00:00+00:00,63843.81,0.0,785.9506565321133,-0.21599561641797568,0.0,HOLD,closed,0.0,0.0,0.0,0.03151659931920894,True,False
2024-09-20 05:00:00+00:00,63809.99,0.0,785.9506565321133,-0.21599561641797568,0.0,HOLD,closed,0.0,0.0,0.0,0.031515871130648215,True,False
2024-09-20 06:00:00+00:00,63795.33,0.0,785.9506565321133,-0.21599561641797568,0.0,HOLD,closed,0.0,0.0,0.0,0.03151595923888262,True,False
2024-09-20 07:00:00+00:00,63524.8,0.0,785.9506565321133,-0.21599561641797568,0.0,HOLD,closed,0.0,0.0,0.0,0.03151740227153865,True,False
2024-09-20 08:00:00+00:00,63298.91,0.0,785.9506565321133,-0.21599561641797568,0.0,HOLD,closed,0.0,0.0,0.0,0.03151892972827394,True,False
2024-09-20 09:00:00+00:00,63468.0,0.0,785.9506565321133,-0.21599561641797568,0.0,HOLD,closed,0.0,0.0,0.0,0.031519902320688575,True,False
2024-09-20 10:00:00+00:00,63664.0,0.0,785.9506565321133,-0.21599561641797568,0.0,HOLD,closed,0.0,0.0,0.0,0.03145542857694694,True,False
2024-09-20 11:00:00+00:00,63440.0,0.0,785.9506565321133,-0.21599561641797568,0.0,HOLD,closed,0.0,0.0,0.0,0.03145197198784319,True,False
2024-09-20 12:00:00+00:00,63417.45,0.0,785.9506565321133,-0.21599561641797568,0.0,HOLD,closed,0.0,0.0,0.0,0.03144278950723936,True,False
2024-09-20 13:00:00+00:00,62836.46,0.0,785.9506565321133,-0.21599561641797568,0.0,HOLD,closed,0.0,0.0,0.0,0.03145646509459446,True,False
2024-09-20 14:00:00+00:00,63037.53,0.004628948172564085,787.6474444416772,-0.21430303031469944,0.37008266901996245,BUY,closed,0.37008266901996245,0.37008266901996245,0.37008266901996245,0.031432455501501144,False,False
2024-09-20 15:00:00+00:00,63153.99,0.0,788.4113703467046,-0.2135409961420759,0.0,SELL,closed,0.0,0.0,0.37089766803436414,0.03141201589546985,False,False
2024-09-20 16:00:00+00:00,62872.5,0.0,788.4113703467046,-0.2135409961420759,0.0,HOLD,closed,0.0,0.0,0.0,0.03140970881323693,True,False
2024-09-20 17:00:00+00:00,62704.0,0.004880309140790389,788.3943791064746,-0.21355794530639316,0.3891842466991606,BUY,closed,0.3891842466991606,0.3891842466991606,0.3891842466991606,0.03141096381501668,False,False
2024-09-20 18:00:00+00:00,62865.45,0.007344204223474641,789.985576166882,-0.21197068857451812,0.5835293722921565,BUY,closed,0.5835293722921565,0.5835293722921565,0.19476897013362987,0.03141060214367733,False,False
2024-09-20 19:00:00+00:00,62809.13,0.003709840816006995,789.319800387922,-0.21263481567314602,0.29537626324472027,SELL,closed,0.29537626324472027,0.29537626324472027,0.28884291713141935,0.03141017262055379,False,False
2024-09-20 20:00:00+00:00,62814.0,0.004157278567853887,789.2838259311143,-0.21267070104533806,0.33080263956360767,BUY,closed,0.33080263956360767,0.33080263956360767,0.0355805924952024,0.03140947493142396,False,False
2024-09-20 21:00:00+00:00,63116.03,0.003553111187040478,790.4563457690988,-0.2115010847530471,0.28232003658773563,SELL,closed,0.28232003658773563,0.28232003658773563,0.04959372080029317,0.03141330390683883,False,False
2024-09-20 22:00:00+00:00,63180.24,0.0,790.0079768137532,-0.21194834339903396,0.0,SELL,closed,0.0,0.0,0.28391402650263275,0.031413404938546136,False,False
2024-09-20 23:00:00+00:00,63201.05,0.0,790.0079768137532,-0.21194834339903396,0.0,HOLD,closed,0.0,0.0,0.0,0.03141359388506054,True,False
2024-09-21 00:00:00+00:00,63174.0,0.0,790.0079768137532,-0.21194834339903396,0.0,HOLD,closed,0.0,0.0,0.0,0.03141302388823433,True,False
2024-09-21 01:00:00+00:00,62836.98,0.0,790.0079768137532,-0.21194834339903396,0.0,HOLD,closed,0.0,0.0,0.0,0.03141696010972453,True,False
2024-09-21 02:00:00+00:00,62917.11,0.0036550880040894518,789.8413947945526,-0.21211451290623368,0.29072452247574626,BUY,closed,0.29072452247574626,0.29072452247574626,0.29072452247574626,0.031417117343973205,False,False
2024-09-21 03:00:00+00:00,62889.57,0.0,789.3815746303137,-0.21257319440414515,0.0,SELL,closed,0.0,0.0,0.2910662994687671,0.03141707994620696,False,False
2024-09-21 04:00:00+00:00,62860.0,0.0,789.3815746303137,-0.21257319440414515,0.0,HOLD,closed,0.0,0.0,0.0,0.03141676913687466,True,False
2024-09-21 05:00:00+00:00,62908.82,0.0,789.3815746303137,-0.21257319440414515,0.0,HOLD,closed,0.0,0.0,0.0,0.0314167160137154,True,False
2024-09-21 06:00:00+00:00,62999.98,0.0,789.3815746303137,-0.21257319440414515,0.0,HOLD,closed,0.0,0.0,0.0,0.03141452049608101,True,False
2024-09-21 07:00:00+00:00,63091.02,0.0,789.3815746303137,-0.21257319440414515,0.0,HOLD,closed,0.0,0.0,0.0,0.03141497339491983,True,False
2024-09-21 08:00:00+00:00,63028.0,0.0,789.3815746303137,-0.21257319440414515,0.0,HOLD,closed,0.0,0.0,0.0,0.03141508113034949,True,False
2024-09-21 09:00:00+00:00,63115.99,0.0,789.3815746303137,-0.21257319440414515,0.0,HOLD,closed,0.0,0.0,0.0,0.03141289498061442,True,False
2024-09-21 10:00:00+00:00,62979.05,0.0,789.3815746303137,-0.21257319440414515,0.0,HOLD,closed,0.0,0.0,0.0,0.03141262161518746,True,False
2024-09-21 11:00:00+00:00,63089.77,0.0,789.3815746303137,-0.21257319440414515,0.0,HOLD,closed,0.0,0.0,0.0,0.031412861618677984,True,False
2024-09-21 12:00:00+00:00,63151.98,0.0,789.3815746303137,-0.21257319440414515,0.0,HOLD,closed,0.0,0.0,0.0,0.031413591798095136,True,False
2024-09-21 13:00:00+00:00,63188.0,0.0,789.3815746303137,-0.21257319440414515,0.0,HOLD,closed,0.0,0.0,0.0,0.03141417869243815,True,False
2024-09-21 14:00:00+00:00,63300.0,0.0,789.3815746303137,-0.21257319440414515,0.0,HOLD,closed,0.0,0.0,0.0,0.031414456162916576,True,False
2024-09-21 15:00:00+00:00,63167.98,0.0,789.3815746303137,-0.21257319440414515,0.0,HOLD,closed,0.0,0.0,0.0,0.03141501893971252,True,False
2024-09-21 16:00:00+00:00,63215.13,0.0,789.3815746303137,-0.21257319440414515,0.0,HOLD,closed,0.0,0.0,0.0,0.03141542703342029,True,False
2024-09-21 17:00:00+00:00,63279.99,0.0,789.3815746303137,-0.21257319440414515,0.0,HOLD,closed,0.0,0.0,0.0,0.03141577012762359,True,False
2024-09-21 18:00:00+00:00,63267.99,0.0,789.3815746303137,-0.21257319440414515,0.0,HOLD,closed,0.0,0.0,0.0,0.031415768849610975,True,False
2024-09-21 19:00:00+00:00,63203.59,0.0,789.3815746303137,-0.21257319440414515,0.0,HOLD,closed,0.0,0.0,0.0,0.031416020747391915,True,False
2024-09-21 20:00:00+00:00,63139.99,0.0,789.3815746303137,-0.21257319440414515,0.0,HOLD,closed,0.0,0.0,0.0,0.03141633309117267,True,False
2024-09-21 21:00:00+00:00,63088.0,0.0,789.3815746303137,-0.21257319440414515,0.0,HOLD,closed,0.0,0.0,0.0,0.03141638993588727,True,False
2024-09-21 22:00:00+00:00,63230.32,0.0,789.3815746303137,-0.21257319440414515,0.0,HOLD,closed,0.0,0.0,0.0,0.0314136362817721,True,False
2024-09-21 23:00:00+00:00,63348.96,0.0,789.3815746303137,-0.21257319440414515,0.0,HOLD,closed,0.0,0.0,0.0,0.03141499599998804,True,False
2024-09-22 00:00:00+00:00,63230.93,0.0,789.3815746303137,-0.21257319440414515,0.0,HOLD,closed,0.0,0.0,0.0,0.031416091178993605,True,False
2024-09-22 01:00:00+00:00,63046.0,0.0,789.3815746303137,-0.21257319440414515,0.0,HOLD,closed,0.0,0.0,0.0,0.03140761749001264,True,False
2024-09-22 02:00:00+00:00,62957.31,0.00432590551577157,788.4522682807108,-0.21350019948483823,0.3454996812335227,BUY,closed,0.3454996812335227,0.3454996812335227,0.3454996812335227,0.031406369482819024,False,False
2024-09-22 03:00:00+00:00,63106.0,0.008046668095544416,789.1801118288934,-0.2127741583172478,0.6419965466713811,BUY,closed,0.6419965466713811,0.6419965466713811,0.2960427325687435,0.031404168223771456,False,False
2024-09-22 04:00:00+00:00,63080.01,0.0,788.164779651737,-0.21378697619718287,0.0,SELL,closed,0.0,0.0,0.6433492707490525,0.03140143816868676,False,False
2024-09-22 05:00:00+00:00,62938.51,0.0,788.164779651737,-0.21378697619718287,0.0,HOLD,closed,0.0,0.0,0.0,0.03140226005420199,True,False
2024-09-22 06:00:00+00:00,62876.24,0.0075886176194702865,786.7366890145847,-0.21521153041108232,0.6059854159258744,BUY,closed,0.6059854159258744,0.6059854159258744,0.6059854159258744,0.0313987214049547,False,False
2024-09-22 07:00:00+00:00,62936.0,0.009195105990099902,787.0841181468811,-0.21486496162786337,0.7344523626183945,BUY,closed,0.7344523626183945,0.7344523626183945,0.12774098877398365,0.03139474134877149,False,False
2024-09-22 08:00:00+00:00,63025.35,0.0059154641411333355,787.199952992848,-0.21474941362716532,0.4725129552643841,SELL,closed,0.4725129552643841,0.4725129552643841,0.2630125938912714,0.03139328205602712,False,False
2024-09-22 09:00:00+00:00,62702.94,0.0,786.4544910091322,-0.21549302960123387,0.0,SELL,closed,0.0,0.0,0.472329578955429,0.03139650260331023,False,False
2024-09-22 10:00:00+00:00,62655.99,0.012542547708841233,784.2924416104154,-0.21764972505282118,1.0,BUY,closed,1.0,1.0,1.0,0.03139248490093524,False,False
2024-09-22 11:00:00+00:00,62784.0,0.012542547708841233,785.8980131426241,-0.21604812944507618,1.0,HOLD,closed,1.0,1.002001916512007,0.002001916512007096,0.03138784584130214,True,False
2024-09-22 12:00:00+00:00,62781.99,0.006939257964756738,785.1806472460014,-0.21676371890722643,0.5543828092864969,SELL,closed,0.5543828092864969,0.5543828092864969,0.44761917144628227,0.0313877660070902,False,False
2024-09-22 13:00:00+00:00,62589.99,0.005945064265410336,783.9143911979913,-0.2180268392877825,0.4761673408407486,SELL,closed,0.4761673408407486,0.4761673408407486,0.0779297736615236,0.03138956598302203,False,False
2024-09-22 14:00:00+00:00,62668.0,0.010671743587428255,784.1550130094938,-0.21778681333521727,0.8515591845598707,BUY,closed,0.8515591845598707,0.8515591845598707,0.3765774682207724,0.03138169572744948,False,False
2024-09-22 15:00:00+00:00,62652.12,0.006679119136676381,783.5486541243386,-0.218391670675859,0.5338963713573601,SELL,closed,0.5338963713573601,0.5338963713573601,0.3189348619450557,0.03138201149105824,False,False
2024-09-22 16:00:00+00:00,62776.03,0.006074486847550215,784.2255997408973,-0.21771640139983284,0.48520014753984064,SELL,closed,0.48520014753984064,0.48520014753984064,0.04935017309174894,0.03138243124519874,False,False
2024-09-22 17:00:00+00:00,63062.66,0.0,785.2198048350086,-0.21672465828531964,0.0,SELL,closed,0.0,0.0,0.4873912395596448,0.031385733198094345,False,False
2024-09-22 18:00:00+00:00,62955.99,0.0,785.2198048350086,-0.21672465828531964,0.0,HOLD,closed,0.0,0.0,0.0,0.031331474056551956,True,False
2024-09-22 19:00:00+00:00,63160.0,0.0,785.2198048350086,-0.21672465828531964,0.0,HOLD,closed,0.0,0.0,0.0,0.03133327612000153,True,False
2024-09-22 20:00:00+00:00,63208.0,0.0,785.2198048350086,-0.21672465828531964,0.0,HOLD,closed,0.0,0.0,0.0,0.03133207735940738,True,False
2024-09-22 21:00:00+00:00,62779.99,0.0,785.2198048350086,-0.21672465828531964,0.0,HOLD,closed,0.0,0.0,0.0,0.03134003676070993,True,False
2024-09-22 22:00:00+00:00,63881.51,0.003768508588283485,789.9898961019461,-0.2119663793370375,0.301300308162947,BUY,closed,0.301300308162947,0.301300308162947,0.301300308162947,0.03139091952859546,False,False
2024-09-22 23:00:00+00:00,63578.76,0.0,789.508502823086,-0.21244658052742582,0.0,SELL,closed,0.0,0.0,0.3037300029897845,0.0313920877049359,False,False
2024-09-23 00:00:00+00:00,63577.88,0.0,789.508502823086,-0.21244658052742582,0.0,HOLD,closed,0.0,0.0,0.0,0.0313882044337237,True,False
2024-09-23 01:00:00+00:00,63826.8,0.0,789.508502823086,-0.21244658052742582,0.0,HOLD,closed,0.0,0.0,0.0,0.03138560671476298,True,False
2024-09-23 02:00:00+00:00,63940.47,0.0,789.508502823086,-0.21244658052742582,0.0,HOLD,closed,0.0,0.0,0.0,0.03138607698934717,True,False
2024-09-23 03:00:00+00:00,64354.0,0.0,789.508502823086,-0.21244658052742582,0.0,HOLD,closed,0.0,0.0,0.0,0.031392610479733546,True,False
2024-09-23 04:00:00+00:00,63912.3,0.0,789.508502823086,-0.21244658052742582,0.0,HOLD,closed,0.0,0.0,0.0,0.031387908438224504,True,False
2024-09-23 05:00:00+00:00,63754.0,0.0,789.508502823086,-0.21244658052742582,0.0,HOLD,closed,0.0,0.0,0.0,0.03138344616897987,True,False
2024-09-23 06:00:00+00:00,63671.42,0.0,789.508502823086,-0.21244658052742582,0.0,HOLD,closed,0.0,0.0,0.0,0.03138377955981034,True,False
2024-09-23 07:00:00+00:00,63548.82,0.0,789.508502823086,-0.21244658052742582,0.0,HOLD,closed,0.0,0.0,0.0,0.03138433874856639,True,False
2024-09-23 08:00:00+00:00,63492.01,0.0,789.508502823086,-0.21244658052742582,0.0,HOLD,closed,0.0,0.0,0.0,0.03138460790103695,True,False
2024-09-23 09:00:00+00:00,63635.69,0.0,789.508502823086,-0.21244658052742582,0.0,HOLD,closed,0.0,0.0,0.0,0.0313833997778985,True,False
2024-09-23 10:00:00+00:00,63496.96,0.0,789.508502823086,-0.21244658052742582,0.0,HOLD,closed,0.0,0.0,0.0,0.031375819833682206,True,False
2024-09-23 11:00:00+00:00,63435.04,0.0,789.508502823086,-0.21244658052742582,0.0,HOLD,closed,0.0,0.0,0.0,0.03137595103645688,True,False
2024-09-23 12:00:00+00:00,63315.8,0.0,789.508502823086,-0.21244658052742582,0.0,HOLD,closed,0.0,0.0,0.0,0.031374778101780965,True,False
2024-09-23 13:00:00+00:00,63185.21,0.0,789.508502823086,-0.21244658052742582,0.0,HOLD,closed,0.0,0.0,0.0,0.03137412979394347,True,False
2024-09-23 14:00:00+00:00,63394.5,0.0028170894377253235,789.7420056968908,-0.21221365588372146,0.22545468107687064,BUY,closed,0.22545468107687064,0.22545468107687064,0.22545468107687064,0.03137604740664093,False,False
2024-09-23 15:00:00+00:00,63618.0,0.0,790.2070584915054,-0.2117497547131522,0.0,SELL,closed,0.0,0.0,0.22675104993424264,0.0313781150861194,False,False
2024-09-23 16:00:00+00:00,63227.55,0.0,790.2070584915054,-0.2117497547131522,0.0,HOLD,closed,0.0,0.0,0.0,0.031369865187753476,True,False
2024-09-23 17:00:00+00:00,63318.01,0.0,790.2070584915054,-0.2117497547131522,0.0,HOLD,closed,0.0,0.0,0.0,0.03137061708834585,True,False
2024-09-23 18:00:00+00:00,63430.19,0.0,790.2070584915054,-0.2117497547131522,0.0,HOLD,closed,0.0,0.0,0.0,0.0313673228971586,True,False
2024-09-23 19:00:00+00:00,63298.56,0.0,790.2070584915054,-0.2117497547131522,0.0,HOLD,closed,0.0,0.0,0.0,0.03136635449889574,True,False
2024-09-23 20:00:00+00:00,63308.0,0.0,790.2070584915054,-0.2117497547131522,0.0,HOLD,closed,0.0,0.0,0.0,0.03136605541404858,True,False
2024-09-23 21:00:00+00:00,63380.0,0.0,790.2070584915054,-0.2117497547131522,0.0,HOLD,closed,0.0,0.0,0.0,0.031365938393055875,True,False
2024-09-23 22:00:00+00:00,63219.0,0.0,790.2070584915054,-0.2117497547131522,0.0,HOLD,closed,0.0,0.0,0.0,0.03136729312024125,True,False
2024-09-23 23:00:00+00:00,63339.99,0.002576377063676086,790.1929409512718,-0.2117638372937017,0.2061181051703923,BUY,closed,0.2061181051703923,0.2061181051703923,0.2061181051703923,0.031366270606074914,False,False
2024-09-24 00:00:00+00:00,62906.0,0.0,789.8666471502215,-0.21208932308372294,0.0,SELL,closed,0.0,0.0,0.20539189903277377,0.03137440263117178,False,False
2024-09-24 01:00:00+00:00,62942.01,0.008234747832176518,789.1268088056585,-0.21282732934462337,0.6558260579141217,BUY,closed,0.6558260579141217,0.6558260579141217,0.6558260579141217,0.031374209377732165,False,False
2024-09-24 02:00:00+00:00,63123.99,0.00646355749759931,790.0801205042213,-0.21187637836012888,0.5145663829783262,SELL,closed,0.5145663829783262,0.5145663829783262,0.14290068133261224,0.031371849010549624,False,False
2024-09-24 03:00:00+00:00,63124.0,0.0,789.2643779356412,-0.21269010088116247,0.0,SELL,closed,0.0,0.0,0.5164103734689492,0.031370284560464035,False,False
2024-09-24 04:00:00+00:00,63088.0,0.0,789.2643779356412,-0.21269010088116247,0.0,HOLD,closed,0.0,0.0,0.0,0.031365671483813,True,False
2024-09-24 05:00:00+00:00,63215.99,0.0026487395192742722,789.2690991972897,-0.21268539131091432,0.2117207914907334,BUY,closed,0.2117207914907334,0.2117207914907334,0.2117207914907334,0.03136631848955346,False,False
2024-09-24 06:00:00+00:00,63305.43,0.0,788.9343239711428,-0.21301933752322735,0.0,SELL,closed,0.0,0.0,0.2123854583792973,0.031364924471858596,False,False
2024-09-24 07:00:00+00:00,63559.92,0.0,788.9343239711428,-0.21301933752322735,0.0,HOLD,closed,0.0,0.0,0.0,0.031367973709461844,True,False
2024-09-24 08:00:00+00:00,63851.05,0.0,788.9343239711428,-0.21301933752322735,0.0,HOLD,closed,0.0,0.0,0.0,0.031371692827281944,True,False
2024-09-24 09:00:00+00:00,63524.5,0.0,788.9343239711428,-0.21301933752322735,0.0,HOLD,closed,0.0,0.0,0.0,0.03134973729302823,True,False
2024-09-24 10:00:00+00:00,63526.0,0.0,788.9343239711428,-0.21301933752322735,0.0,HOLD,closed,0.0,0.0,0.0,0.031323485474111734,True,False
2024-09-24 11:00:00+00:00,63478.34,0.0,788.9343239711428,-0.21301933752322735,0.0,HOLD,closed,0.0,0.0,0.0,0.0313238327963222,True,False
2024-09-24 12:00:00+00:00,63446.01,0.0,788.9343239711428,-0.21301933752322735,0.0,HOLD,closed,0.0,0.0,0.0,0.03132391873114454,True,False
2024-09-24 13:00:00+00:00,63519.85,0.0,788.9343239711428,-0.21301933752322735,0.0,HOLD,closed,0.0,0.0,0.0,0.03132427319844172,True,False
2024-09-24 14:00:00+00:00,63194.89,0.0,788.9343239711428,-0.21301933752322735,0.0,HOLD,closed,0.0,0.0,0.0,0.03132646573575332,True,False
2024-09-24 15:00:00+00:00,63159.99,0.005193271831216772,788.0965382058846,-0.21385504865471647,0.4159893062604876,BUY,closed,0.4159893062604876,0.4159893062604876,0.4159893062604876,0.03132606548473041,False,False
2024-09-24 16:00:00+00:00,63262.0,0.005802215355611746,788.6114812300544,-0.21334138079924894,0.4646914033200163,BUY,closed,0.4646914033200163,0.4646914033200163,0.048097687163023484,0.03132488956549068,False,False
2024-09-24 17:00:00+00:00,63775.86,0.0,789.5609726307749,-0.21239424065227983,0.0,SELL,closed,0.0,0.0,0.4674640511609962,0.03133569708316267,False,False
2024-09-24 18:00:00+00:00,63727.58,0.0,789.5609726307749,-0.21239424065227983,0.0,HOLD,closed,0.0,0.0,0.0,0.03133213587965211,True,False
2024-09-24 19:00:00+00:00,64292.34,0.0,789.5609726307749,-0.21239424065227983,0.0,HOLD,closed,0.0,0.0,0.0,0.0313381771933115,True,False
2024-09-24 20:00:00+00:00,64215.01,0.0,789.5609726307749,-0.21239424065227983,0.0,HOLD,closed,0.0,0.0,0.0,0.0313321616851614,True,False
2024-09-24 21:00:00+00:00,64030.0,0.0,789.5609726307749,-0.21239424065227983,0.0,HOLD,closed,0.0,0.0,0.0,0.031326934523157546,True,False
2024-09-24 22:00:00+00:00,64579.9,0.0,789.5609726307749,-0.21239424065227983,0.0,HOLD,closed,0.0,0.0,0.0,0.03133849582895196,True,False
2024-09-24 23:00:00+00:00,64262.7,0.0,789.5609726307749,-0.21239424065227983,0.0,HOLD,closed,0.0,0.0,0.0,0.03134272751313172,True,False
2024-09-25 00:00:00+00:00,64126.93,0.0,789.5609726307749,-0.21239424065227983,0.0,HOLD,closed,0.0,0.0,0.0,0.03134351176505251,True,False
2024-09-25 01:00:00+00:00,64390.01,0.0,789.5609726307749,-0.21239424065227983,0.0,HOLD,closed,0.0,0.0,0.0,0.031335961422724046,True,False
2024-09-25 02:00:00+00:00,64422.52,0.0,789.5609726307749,-0.21239424065227983,0.0,HOLD,closed,0.0,0.0,0.0,0.03133607452980813,True,False
2024-09-25 03:00:00+00:00,64460.0,0.0,789.5609726307749,-0.21239424065227983,0.0,HOLD,closed,0.0,0.0,0.0,0.0313244703252995,True,False
2024-09-25 04:00:00+00:00,64172.85,0.0,789.5609726307749,-0.21239424065227983,0.0,HOLD,closed,0.0,0.0,0.0,0.03132791279148078,True,False
2024-09-25 05:00:00+00:00,64170.63,0.0,789.5609726307749,-0.21239424065227983,0.0,HOLD,closed,0.0,0.0,0.0,0.031326148995994424,True,False
2024-09-25 06:00:00+00:00,63806.0,0.0,789.5609726307749,-0.21239424065227983,0.0,HOLD,closed,0.0,0.0,0.0,0.03133074522163609,True,False
2024-09-25 07:00:00+00:00,63843.33,0.0,789.5609726307749,-0.21239424065227983,0.0,HOLD,closed,0.0,0.0,0.0,0.03133025141916859,True,False
2024-09-25 08:00:00+00:00,63819.1,0.0,789.5609726307749,-0.21239424065227983,0.0,HOLD,closed,0.0,0.0,0.0,0.03133035736639053,True,False
2024-09-25 09:00:00+00:00,63609.89,0.0,789.5609726307749,-0.21239424065227983,0.0,HOLD,closed,0.0,0.0,0.0,0.031331565167432573,True,False
2024-09-25 10:00:00+00:00,63630.45,0.003937728351338067,789.1408501518879,-0.2128133227693966,0.3172376497332624,BUY,closed,0.3172376497332624,0.3172376497332624,0.3172376497332624,0.03127636512512447,False,False
2024-09-25 11:00:00+00:00,63838.01,0.003385171918279483,789.7731696714653,-0.21218256908142263,0.27267264035753747,SELL,closed,0.27267264035753747,0.27267264035753747,0.045542618363881404,0.03125810812070498,False,False
2024-09-25 12:00:00+00:00,63600.01,0.0,789.3410724452431,-0.21261359629245216,0.0,SELL,closed,0.0,0.0,0.27288445746378487,0.031256787482956794,False,False
2024-09-25 13:00:00+00:00,63761.34,0.003619304379696575,790.513272638676,-0.2114442988531675,0.29162019154617624,BUY,closed,0.29162019154617624,0.29162019154617624,0.29162019154617624,0.031243613835636674,False,False
2024-09-25 14:00:00+00:00,63936.5,0.0,790.051808509614,-0.2119046202449032,0.0,SELL,closed,0.0,0.0,0.29249379344256393,0.031243140356584986,False,False
2024-09-25 15:00:00+00:00,63495.66,0.0,790.051808509614,-0.2119046202449032,0.0,HOLD,closed,0.0,0.0,0.0,0.031244361084851346,True,False
2024-09-25 16:00:00+00:00,63463.88,0.004836049742406405,789.2838289743415,-0.21267069800964683,0.3886683972867433,BUY,closed,0.3886683972867433,0.3886683972867433,0.3886683972867433,0.03124450670108697,False,False
2024-09-25 17:00:00+00:00,63168.0,0.004836049742406405,787.8529385765582,-0.21409804505104688,0.38293760320092,HOLD,closed,0.38293760320092,0.3877418934049491,0.00480429020402906,0.031248292503501002,True,False
2024-09-25 18:00:00+00:00,63351.0,0.008526682434979982,788.9469081452097,-0.2130067845117244,0.682880253319727,BUY,closed,0.682880253319727,0.682880253319727,0.29445138059499576,0.03124974071339648,False,False
2024-09-25 19:00:00+00:00,63181.5,0.004810201032089887,787.6608111649681,-0.21428969669182235,0.38695925425106675,SELL,closed,0.38695925425106675,0.38695925425106675,0.29713911710338065,0.031249758063103206,False,False
2024-09-25 20:00:00+00:00,63505.78,0.006582296879087767,789.5713173111583,-0.2123839215887357,0.5269495281917507,BUY,closed,0.5269495281917507,0.5269495281917507,0.13988975801512282,0.03125439839357061,False,False
2024-09-25 21:00:00+00:00,63437.99,0.0,788.7354985231111,-0.21321767061389785,0.0,SELL,closed,0.0,0.0,0.5291527056869086,0.03125466025545204,False,False
2024-09-25 22:00:00+00:00,63261.99,0.0,788.7354985231111,-0.21321767061389785,0.0,HOLD,closed,0.0,0.0,0.0,0.031250736232723175,True,False
2024-09-25 23:00:00+00:00,63152.01,0.004563858416478464,788.9703985587049,-0.2129833522682377,0.366052766337866,BUY,closed,0.366052766337866,0.366052766337866,0.366052766337866,0.031235167736242325,False,False
2024-09-26 00:00:00+00:00,62946.01,0.005435617065581479,787.9912109636155,-0.21396011507200782,0.43560529055227826,BUY,closed,0.43560529055227826,0.43560529055227826,0.07105497054892368,0.03123694319204151,False,False
2024-09-26 01:00:00+00:00,63154.74,0.007315938729506424,789.82053246376,-0.21213532357501702,0.5835687539682756,BUY,closed,0.5835687539682756,0.5835687539682756,0.1485494097329953,0.03123896841165258,False,False
2024-09-26 02:00:00+00:00,63353.99,0.0036223867242222976,791.1360751184366,-0.2108230386376821,0.28911556758309265,SELL,closed,0.28911556758309265,0.28911556758309265,0.29663782437206787,0.03123647990404871,False,False
2024-09-26 03:00:00+00:00,63514.34,0.0,790.6772045601577,-0.21128077288117098,0.0,SELL,closed,0.0,0.0,0.2906007119441592,0.03123463343787533,False,False
2024-09-26 04:00:00+00:00,63427.51,0.0,790.6772045601577,-0.21128077288117098,0.0,HOLD,closed,0.0,0.0,0.0,0.031233920281454997,True,False
2024-09-26 05:00:00+00:00,63594.0,0.0,790.6772045601577,-0.21128077288117098,0.0,HOLD,closed,0.0,0.0,0.0,0.03123284326682163,True,False
2024-09-26 06:00:00+00:00,63721.48,0.0,790.6772045601577,-0.21128077288117098,0.0,HOLD,closed,0.0,0.0,0.0,0.031233524491103337,True,False
2024-09-26 07:00:00+00:00,63852.07,0.0,790.6772045601577,-0.21128077288117098,0.0,HOLD,closed,0.0,0.0,0.0,0.031234049842861322,True,False
2024-09-26 08:00:00+00:00,63709.5,0.0,790.6772045601577,-0.21128077288117098,0.0,HOLD,closed,0.0,0.0,0.0,0.031235231019500154,True,False
2024-09-26 09:00:00+00:00,63798.0,0.0,790.6772045601577,-0.21128077288117098,0.0,HOLD,closed,0.0,0.0,0.0,0.031228658231941292,True,False
2024-09-26 10:00:00+00:00,64391.99,0.0,790.6772045601577,-0.21128077288117098,0.0,HOLD,closed,0.0,0.0,0.0,0.031232108386275298,True,False
2024-09-26 11:00:00+00:00,64393.99,0.0,790.6772045601577,-0.21128077288117098,0.0,HOLD,closed,0.0,0.0,0.0,0.031213890212445833,True,False
2024-09-26 12:00:00+00:00,64481.82,0.0,790.6772045601577,-0.21128077288117098,0.0,HOLD,closed,0.0,0.0,0.0,0.031207287816910373,True,False
2024-09-26 13:00:00+00:00,64428.21,0.0,790.6772045601577,-0.21128077288117098,0.0,HOLD,closed,0.0,0.0,0.0,0.031203552842859,True,False
2024-09-26 14:00:00+00:00,64426.64,0.0,790.6772045601577,-0.21128077288117098,0.0,HOLD,closed,0.0,0.0,0.0,0.031203484512087404,True,False
2024-09-26 15:00:00+00:00,65229.03,0.0,790.6772045601577,-0.21128077288117098,0.0,HOLD,closed,0.0,0.0,0.0,0.03121721901616259,True,False
2024-09-26 16:00:00+00:00,65338.0,0.0,790.6772045601577,-0.21128077288117098,0.0,HOLD,closed,0.0,0.0,0.0,0.031217917197673056,True,False
2024-09-26 17:00:00+00:00,65132.54,0.0,790.6772045601577,-0.21128077288117098,0.0,HOLD,closed,0.0,0.0,0.0,0.03121990258849161,True,False
2024-09-26 18:00:00+00:00,65285.52,0.0,790.6772045601577,-0.21128077288117098,0.0,HOLD,closed,0.0,0.0,0.0,0.031221205971108723,True,False
2024-09-26 19:00:00+00:00,64711.06,0.0,790.6772045601577,-0.21128077288117098,0.0,HOLD,closed,0.0,0.0,0.0,0.031235099373843722,True,False
2024-09-26 20:00:00+00:00,64664.26,0.0,790.6772045601577,-0.21128077288117098,0.0,HOLD,closed,0.0,0.0,0.0,0.031235660893865896,True,False
2024-09-26 21:00:00+00:00,65052.0,0.0,790.6772045601577,-0.21128077288117098,0.0,HOLD,closed,0.0,0.0,0.0,0.031234541032087948,True,False
2024-09-26 22:00:00+00:00,65086.33,0.0,790.6772045601577,-0.21128077288117098,0.0,HOLD,closed,0.0,0.0,0.0,0.031233041972872244,True,False
2024-09-26 23:00:00+00:00,65173.99,0.0,790.6772045601577,-0.21128077288117098,0.0,HOLD,closed,0.0,0.0,0.0,0.031232325562532692,True,False
2024-09-27 00:00:00+00:00,65241.98,0.0,790.6772045601577,-0.21128077288117098,0.0,HOLD,closed,0.0,0.0,0.0,0.03123272591494533,True,False
2024-09-27 01:00:00+00:00,65119.9,0.0,790.6772045601577,-0.21128077288117098,0.0,HOLD,closed,0.0,0.0,0.0,0.03123287890489085,True,False
2024-09-27 02:00:00+00:00,64878.12,0.0,790.6772045601577,-0.21128077288117098,0.0,HOLD,closed,0.0,0.0,0.0,0.031236170933823554,True,False
2024-09-27 03:00:00+00:00,65366.01,0.0,790.6772045601577,-0.21128077288117098,0.0,HOLD,closed,0.0,0.0,0.0,0.03122518918610956,True,False
2024-09-27 04:00:00+00:00,65303.96,0.0,790.6772045601577,-0.21128077288117098,0.0,HOLD,closed,0.0,0.0,0.0,0.031225364773173447,True,False
2024-09-27 05:00:00+00:00,65354.58,0.0,790.6772045601577,-0.21128077288117098,0.0,HOLD,closed,0.0,0.0,0.0,0.03122488121778441,True,False
2024-09-27 06:00:00+00:00,65344.79,0.0,790.6772045601577,-0.21128077288117098,0.0,HOLD,closed,0.0,0.0,0.0,0.031220367129970672,True,False
2024-09-27 07:00:00+00:00,65460.02,0.0,790.6772045601577,-0.21128077288117098,0.0,HOLD,closed,0.0,0.0,0.0,0.031219379157446853,True,False
2024-09-27 08:00:00+00:00,65725.99,0.0,790.6772045601577,-0.21128077288117098,0.0,HOLD,closed,0.0,0.0,0.0,0.03117988571141736,True,False
2024-09-27 09:00:00+00:00,65754.01,0.0,790.6772045601577,-0.21128077288117098,0.0,HOLD,closed,0.0,0.0,0.0,0.03112622507123214,True,False
2024-09-27 10:00:00+00:00,65490.01,0.0,790.6772045601577,-0.21128077288117098,0.0,HOLD,closed,0.0,0.0,0.0,0.031049201771505636,True,False
2024-09-27 11:00:00+00:00,65437.35,0.0,790.6772045601577,-0.21128077288117098,0.0,HOLD,closed,0.0,0.0,0.0,0.0310203597760062,True,False
2024-09-27 12:00:00+00:00,65741.19,0.0,790.6772045601577,-0.21128077288117098,0.0,HOLD,closed,0.0,0.0,0.0,0.03102464223190385,True,False
2024-09-27 13:00:00+00:00,65678.01,0.0,790.6772045601577,-0.21128077288117098,0.0,HOLD,closed,0.0,0.0,0.0,0.03102375043789324,True,False
2024-09-27 14:00:00+00:00,66242.66,0.0,790.6772045601577,-0.21128077288117098,0.0,HOLD,closed,0.0,0.0,0.0,0.031016091845408267,True,False
2024-09-27 15:00:00+00:00,66006.01,0.0,790.6772045601577,-0.21128077288117098,0.0,HOLD,closed,0.0,0.0,0.0,0.031016857886921545,True,False
2024-09-27 16:00:00+00:00,66303.03,0.0,790.6772045601577,-0.21128077288117098,0.0,HOLD,closed,0.0,0.0,0.0,0.030993314689341966,True,False
2024-09-27 17:00:00+00:00,65915.61,0.0,790.6772045601577,-0.21128077288117098,0.0,HOLD,closed,0.0,0.0,0.0,0.030949640499290887,True,False
2024-09-27 18:00:00+00:00,65876.42,0.0,790.6772045601577,-0.21128077288117098,0.0,HOLD,closed,0.0,0.0,0.0,0.030949442456531084,True,False
2024-09-27 19:00:00+00:00,65657.99,0.0,790.6772045601577,-0.21128077288117098,0.0,HOLD,closed,0.0,0.0,0.0,0.03094527233558972,True,False
2024-09-27 20:00:00+00:00,65804.87,0.0,790.6772045601577,-0.21128077288117098,0.0,HOLD,closed,0.0,0.0,0.0,0.03094640212676572,True,False
2024-09-27 21:00:00+00:00,65816.62,0.0,790.6772045601577,-0.21128077288117098,0.0,HOLD,closed,0.0,0.0,0.0,0.030945934883274323,True,False
2024-09-27 22:00:00+00:00,65870.0,0.0,790.6772045601577,-0.21128077288117098,0.0,HOLD,closed,0.0,0.0,0.0,0.03094622711845349,True,False
2024-09-27 23:00:00+00:00,65769.95,0.0,790.6772045601577,-0.21128077288117098,0.0,HOLD,closed,0.0,0.0,0.0,0.030946701667817572,True,False
2024-09-28 00:00:00+00:00,65899.1,0.0,790.6772045601577,-0.21128077288117098,0.0,HOLD,closed,0.0,0.0,0.0,0.030943677985637685,True,False
2024-09-28 01:00:00+00:00,65994.0,0.0,790.6772045601577,-0.21128077288117098,0.0,HOLD,closed,0.0,0.0,0.0,0.030943101099856984,True,False
2024-09-28 02:00:00+00:00,66168.74,0.0,790.6772045601577,-0.21128077288117098,0.0,HOLD,closed,0.0,0.0,0.0,0.030943266828492827,True,False
2024-09-28 03:00:00+00:00,66063.76,0.0,790.6772045601577,-0.21128077288117098,0.0,HOLD,closed,0.0,0.0,0.0,0.030943690072527424,True,False
2024-09-28 04:00:00+00:00,66006.5,0.0,790.6772045601577,-0.21128077288117098,0.0,HOLD,closed,0.0,0.0,0.0,0.030943455359706856,True,False
2024-09-28 05:00:00+00:00,65953.8,0.0,790.6772045601577,-0.21128077288117098,0.0,HOLD,closed,0.0,0.0,0.0,0.03094274454542517,True,False
2024-09-28 06:00:00+00:00,65800.0,0.0,790.6772045601577,-0.21128077288117098,0.0,HOLD,closed,0.0,0.0,0.0,0.03094325765840164,True,False
2024-09-28 07:00:00+00:00,65824.01,0.0,790.6772045601577,-0.21128077288117098,0.0,HOLD,closed,0.0,0.0,0.0,0.030943301470256035,True,False
2024-09-28 08:00:00+00:00,65635.9,0.0,790.6772045601577,-0.21128077288117098,0.0,HOLD,closed,0.0,0.0,0.0,0.030940792947915352,True,False
2024-09-28 09:00:00+00:00,65628.2,0.0032603577956964894,790.2239997703867,-0.21173285538646286,0.27064966209769303,BUY,closed,0.27064966209769303,0.27064966209769303,0.27064966209769303,0.030940796905148116,False,False
2024-09-28 10:00:00+00:00,65764.01,0.0032603577956964894,790.6667889626202,-0.21129116268625503,0.2647128779380737,HOLD,closed,0.2647128779380737,0.27118149601437047,0.006468618076296784,0.030941205912067116,True,False
2024-09-28 11:00:00+00:00,65798.01,0.0,790.2380677643621,-0.21171882222947877,0.0,SELL,closed,0.0,0.0,0.27128366267272813,0.03093989082805554,False,False
2024-09-28 12:00:00+00:00,65548.12,0.0,790.2380677643621,-0.21171882222947877,0.0,HOLD,closed,0.0,0.0,0.0,0.030936395152224988,True,False
2024-09-28 13:00:00+00:00,65528.03,0.005731060867162394,789.371422390512,-0.21258332150365403,0.4753760680130652,BUY,closed,0.4753760680130652,0.4753760680130652,0.4753760680130652,0.030929368335055246,False,False
2024-09-28 14:00:00+00:00,65720.74,0.005731060867162394,790.475855130223,-0.2114816237035332,0.47894066889481823,HOLD,closed,0.47894066889481823,0.4764845867593324,0.0024560821354858153,0.030930264304977334,True,False
2024-09-28 15:00:00+00:00,65619.13,0.0,789.7226871366374,-0.2122329266048504,0.0,SELL,closed,0.0,0.0,0.47609863556183885,0.030930907107472233,False,False
2024-09-28 16:00:00+00:00,65516.0,0.0024875236268256553,789.1395840129421,-0.2128145857729649,0.20669174607837829,BUY,closed,0.20669174607837829,0.20669174607837829,0.20669174607837829,0.030930086680236696,False,False
2024-09-28 17:00:00+00:00,65633.2,0.005065073022402719,789.3953846834033,-0.2125594185493001,0.42035753972640055,BUY,closed,0.42035753972640055,0.42035753972640055,0.21354515141362077,0.030929589242140454,False,False
2024-09-28 18:00:00+00:00,65715.01,0.0,788.7306770004908,-0.2132224801968385,0.0,SELL,closed,0.0,0.0,0.4214322763386153,0.03093085329918585,False,False
2024-09-28 19:00:00+00:00,65724.0,0.0,788.7306770004908,-0.2132224801968385,0.0,HOLD,closed,0.0,0.0,0.0,0.030928673608899893,True,False
2024-09-28 20:00:00+00:00,65645.99,0.0,788.7306770004908,-0.2132224801968385,0.0,HOLD,closed,0.0,0.0,0.0,0.030929232449378563,True,False
2024-09-28 21:00:00+00:00,65692.0,0.0,788.7306770004908,-0.2132224801968385,0.0,HOLD,closed,0.0,0.0,0.0,0.030928933228507205,True,False
2024-09-28 22:00:00+00:00,65680.01,0.0,788.7306770004908,-0.2132224801968385,0.0,HOLD,closed,0.0,0.0,0.0,0.030929732216023936,True,False
2024-09-28 23:00:00+00:00,65858.0,0.0,788.7306770004908,-0.2132224801968385,0.0,HOLD,closed,0.0,0.0,0.0,0.030932331877388225,True,False
2024-09-29 00:00:00+00:00,65687.1,0.0,788.7306770004908,-0.2132224801968385,0.0,HOLD,closed,0.0,0.0,0.0,0.030934144382207568,True,False
2024-09-29 01:00:00+00:00,65872.9,0.0,788.7306770004908,-0.2132224801968385,0.0,HOLD,closed,0.0,0.0,0.0,0.030934364085711152,True,False
2024-09-29 02:00:00+00:00,65824.0,0.0,788.7306770004908,-0.2132224801968385,0.0,HOLD,closed,0.0,0.0,0.0,0.030934326128546324,True,False
2024-09-29 03:00:00+00:00,65815.92,0.0,788.7306770004908,-0.2132224801968385,0.0,HOLD,closed,0.0,0.0,0.0,0.030932995999863544,True,False
2024-09-29 04:00:00+00:00,65741.99,0.0,788.7306770004908,-0.2132224801968385,0.0,HOLD,closed,0.0,0.0,0.0,0.03093315325130372,True,False
2024-09-29 05:00:00+00:00,65594.01,0.0,788.7306770004908,-0.2132224801968385,0.0,HOLD,closed,0.0,0.0,0.0,0.030934173850932084,True,False
2024-09-29 06:00:00+00:00,65499.99,0.0045978719583480866,787.6950946348081,-0.21425549811915676,0.382377435074326,BUY,closed,0.382377435074326,0.382377435074326,0.382377435074326,0.030933154488917897,False,False
2024-09-29 07:00:00+00:00,65477.01,0.007271470090803414,787.1776406004496,-0.21477167076672382,0.6047329604196097,BUY,closed,0.6047329604196097,0.6047329604196097,0.22248442506421695,0.03093303726389221,False,False
2024-09-29 08:00:00+00:00,65559.91,0.007271470090803414,787.7804454709774,-0.21417035863979766,0.6052398951926174,HOLD,closed,0.6052398951926174,0.6051393220807312,0.00010057311188627072,0.030924951005968787,True,False
2024-09-29 09:00:00+00:00,65579.91,0.0041301502680785055,787.4512621589433,-0.21449872678542078,0.3436519709489392,SELL,closed,0.3436519709489392,0.3436519709489392,0.26156023153085206,0.030922289912341444,False,False
2024-09-29 10:00:00+00:00,65571.99,0.003233330221930337,787.3080568344494,-0.2146415774863171,0.26928690540229994,SELL,closed,0.26928690540229994,0.26928690540229994,0.07464983777723727,0.030918276066248807,False,False
2024-09-29 11:00:00+00:00,65691.92,0.003233330221930337,787.6958301279655,-0.21425476444732297,0.29669692432512895,HOLD,closed,0.29669692432512895,0.2696518911851086,0.027045033140020325,0.03090484536779567,True,False
2024-09-29 12:00:00+00:00,65631.68,0.0,787.2711289892554,-0.21467841388599143,0.0,SELL,closed,0.0,0.0,0.26947125124110705,0.030901848159677447,False,False
2024-09-29 13:00:00+00:00,65817.98,0.0,787.2711289892554,-0.21467841388599143,0.0,HOLD,closed,0.0,0.0,0.0,0.0308796473528761,True,False
2024-09-29 14:00:00+00:00,65694.07,0.0,787.2711289892554,-0.21467841388599143,0.0,HOLD,closed,0.0,0.0,0.0,0.030879798745842124,True,False
2024-09-29 15:00:00+00:00,65751.34,0.0,787.2711289892554,-0.21467841388599143,0.0,HOLD,closed,0.0,0.0,0.0,0.03087972908122777,True,False
2024-09-29 16:00:00+00:00,65764.99,0.0,787.2711289892554,-0.21467841388599143,0.0,HOLD,closed,0.0,0.0,0.0,0.030879831567576566,True,False
2024-09-29 17:00:00+00:00,65818.01,0.0,787.2711289892554,-0.21467841388599143,0.0,HOLD,closed,0.0,0.0,0.0,0.030880738703254973,True,False
2024-09-29 18:00:00+00:00,65789.45,0.0,787.2711289892554,-0.21467841388599143,0.0,HOLD,closed,0.0,0.0,0.0,0.030881624854014383,True,False
2024-09-29 19:00:00+00:00,65958.82,0.0,787.2711289892554,-0.21467841388599143,0.0,HOLD,closed,0.0,0.0,0.0,0.03087553700134696,True,False
2024-09-29 20:00:00+00:00,65812.0,0.0,787.2711289892554,-0.21467841388599143,0.0,HOLD,closed,0.0,0.0,0.0,0.030875335850272828,True,False
2024-09-29 21:00:00+00:00,65868.6,0.0,787.2711289892554,-0.21467841388599143,0.0,HOLD,closed,0.0,0.0,0.0,0.03087603570534128,True,False
2024-09-29 22:00:00+00:00,65674.42,0.0,787.2711289892554,-0.21467841388599143,0.0,HOLD,closed,0.0,0.0,0.0,0.030877911536978525,True,False
2024-09-29 23:00:00+00:00,65602.01,0.0031610305523727534,786.6269372712754,-0.2153210103728905,0.26369422233975187,BUY,closed,0.26369422233975187,0.26369422233975187,0.26369422233975187,0.030878745147108505,False,False
2024-09-30 00:00:00+00:00,65463.85,0.006377346600467813,786.2528594008484,-0.21569416190317856,0.5321444486507827,BUY,closed,0.5321444486507827,0.5321444486507827,0.2689343151733075,0.030875595021424063,False,False
2024-09-30 01:00:00+00:00,64769.99,0.0116554675132388,778.9986912032839,-0.2229303663886181,0.9759333469672022,BUY,closed,0.9759333469672022,0.9759333469672022,0.4476064742119211,0.030895478910072438,False,False
2024-09-30 02:00:00+00:00,64376.01,0.011956257367222355,774.3351721736342,-0.22758233700760847,1.0,BUY,closed,1.0,1.0,0.031087254093494887,0.030899305276909372,False,False
2024-09-30 03:00:00+00:00,64553.68,0.011956257367222355,776.4594404200685,-0.22546332914971431,1.0,HOLD,closed,1.0,0.9940254080287253,0.005974591971274701,0.03090045476349193,True,False
2024-09-30 04:00:00+00:00,64441.7,0.011956257367222355,775.120578720087,-0.2267988753867098,1.0,HOLD,closed,1.0,0.9940150881474281,0.005984911852571884,0.03089662073495561,True,False
2024-09-30 05:00:00+00:00,64525.99,0.011956257367222355,776.1283716535702,-0.22579357808079487,1.0,HOLD,closed,1.0,0.9940228594802293,0.005977140519770718,0.030897327155319232,True,False
2024-09-30 06:00:00+00:00,64356.0,0.00925584533119778,774.2065910591607,-0.22771059971284988,0.771535742085224,SELL,closed,0.771535742085224,0.771535742085224,0.22247142398532527,0.03089670239051137,False,False
2024-09-30 07:00:00+00:00,64562.01,0.00925584533119778,776.1133877558408,-0.22580852487345335,0.7905897721900357,HOLD,closed,0.7905897721900357,0.769959632521166,0.02063013966886973,0.030898555887323875,True,False
2024-09-30 08:00:00+00:00,64311.58,0.0058495340125373765,774.2087623013969,-0.22770843384732534,0.4880587953381342,SELL,closed,0.4880587953381342,0.4880587953381342,0.2812117402368433,0.030901823192608063,False,False
2024-09-30 09:00:00+00:00,63541.01,0.007507119082287628,768.682252150359,-0.23322125853716288,0.627249424758979,BUY,closed,0.627249424758979,0.627249424758979,0.14435390993674402,0.030922680154292198,False,False
2024-09-30 10:00:00+00:00,63645.99,0.012109824357684292,770.6566812380752,-0.23125171878682854,1.0,BUY,closed,1.0,1.0,0.37905596187904356,0.030878249823458714,False,False
2024-09-30 11:00:00+00:00,63819.44,0.009672194316898999,772.7051124337969,-0.2292083601821063,0.7966232363744821,SELL,closed,0.7966232363744821,0.7966232363744821,0.20348686126101367,0.030861039355128628,False,False
2024-09-30 12:00:00+00:00,64048.0,0.00676304515047093,774.6895486402195,-0.22722883809399078,0.5569815815628967,SELL,closed,0.5569815815628967,0.5569815815628967,0.2424403817897557,0.030795035544017108,False,False
2024-09-30 13:00:00+00:00,63874.54,0.004033581118811032,773.6403648831719,-0.22827542372614465,0.33398494658573796,SELL,closed,0.33398494658573796,0.33398494658573796,0.2244859284581362,0.030796311775837804,False,False
2024-09-30 14:00:00+00:00,63740.72,0.004710987074315938,773.112515520135,-0.22880196596012894,0.3892276578215143,BUY,closed,0.3892276578215143,0.3892276578215143,0.05666632276986233,0.03079809547942708,False,False
2024-09-30 15:00:00+00:00,63561.41,0.004710987074315938,772.2677884278396,-0.229644601229641,0.41046588975004145,HOLD,closed,0.41046588975004145,0.3877372401416366,0.02272864960840487,0.030781115679032217,True,False
2024-09-30 16:00:00+00:00,63486.98,0.005475186740904397,771.7630911179656,-0.23014804874257927,0.45083937333221163,BUY,closed,0.45083937333221163,0.45083937333221163,0.06338024990279956,0.030781203449715355,False,False
2024-09-30 17:00:00+00:00,63696.0,0.005475186740904397,772.9075146505494,-0.22900645917997361,0.42657213484453266,HOLD,closed,0.42657213484453266,0.4512150393651223,0.024642904520589648,0.030771411068481858,True,False
2024-09-30 18:00:00+00:00,63330.55,0.0031536820558837803,771.4593343536737,-0.23045105330497545,0.2605723316373334,SELL,closed,0.2605723316373334,0.2605723316373334,0.18921832291218926,0.030774795226677393,False,False
2024-09-30 19:00:00+00:00,63488.0,0.005063230900902032,772.0145949017287,-0.22989716776510444,0.4153828683856524,BUY,closed,0.4153828683856524,0.4153828683856524,0.1560144625763995,0.03077446428864475,False,False
2024-09-30 20:00:00+00:00,63809.99,0.003473133131278231,773.3707713875837,-0.22854434961935396,0.28501742197479935,SELL,closed,0.28501742197479935,0.28501742197479935,0.13259628067492907,0.030779593424156898,False,False
2024-09-30 21:00:00+00:00,63706.93,0.0,772.9276756790138,-0.22898634807686272,0.0,SELL,closed,0.0,0.0,0.2862341226507879,0.03077995167144479,False,False
2024-09-30 22:00:00+00:00,63481.98,0.0,772.9276756790138,-0.22898634807686272,0.0,HOLD,closed,0.0,0.0,0.0,0.030781628097428154,True,False
2024-09-30 23:00:00+00:00,63327.59,0.0028567430019733227,772.9150691483067,-0.22899892338964348,0.23462962498337728,BUY,closed,0.23462962498337728,0.23462962498337728,0.23462962498337728,0.030779025803628568,False,False
2024-10-01 00:00:00+00:00,63531.99,0.0036394317511077748,773.7761042692907,-0.2281400204754985,0.2979661019736147,BUY,closed,0.2979661019736147,0.2979661019736147,0.06332511241032746,0.030780735528201347,False,False
