timestamp,side,price,qty,fee,slippage,notional,bar_close,target_exposure_raw,target_exposure_final,delta_e,delta_e_min,suppressed,clamped_long_only
2024-04-30 17:00:00+00:00,buy,60113.049402543154,0.016573666300499133,0.996293621103169,0.0,996.293621103169,60368.81,1.0,1.0,1.0,0.031618353003214444,False,False
2024-04-30 18:00:00+00:00,sell,60338.635590000005,0.016573666300499133,1.0000324112960808,0.500266338817356,1000.0324112960807,60403.67,8.75651076269652e-27,8.75651076269652e-27,0.9973002288091293,0.031616268159562894,False,False
2024-04-30 20:00:00+00:00,buy,59322.59647499999,0.016886361663936356,1.001742818920606,0.5006210989107479,1001.7428189206058,59958.62,1.0,1.0,1.0,0.03166093696214348,False,False
2024-04-30 21:00:00+00:00,sell,60181.904433085,0.016886361663936356,1.016253403881528,0.0,1016.253403881528,60180.0,8.75651076269652e-27,8.75651076269652e-27,1.0019749052998732,0.03166130198749062,False,False
2024-05-01 07:00:00+00:00,buy,59305.44207863196,0.017020580996065248,1.0094130804068115,0.0,1009.4130804068114,57499.99,1.0,1.0,1.0,0.031776696213564465,False,False
2024-05-01 08:00:00+00:00,sell,57471.25,9.777509754452587e-05,0.0056192570747558325,0.002811034054405119,5.619257074755833,57169.69,1.0,0.9971188136759663,0.002881186324033669,0.031755968662462886,True,False
2024-05-01 10:00:00+00:00,buy,56900.94925435424,0.0001934983596979349,0.011010240345972979,0.0,11.010240345972978,57768.68,1.0,0.991458177599237,0.008541822400762955,0.03174532385978043,True,False
2024-05-01 11:00:00+00:00,sell,57739.79566,0.017116304258218657,0.9882919103239332,0.49439315173778214,988.2919103239332,57898.47,8.75651076269652e-27,8.75651076269652e-27,1.002629226997269,0.031728248008545484,False,False
2024-05-01 14:00:00+00:00,buy,57329.940644999995,0.017176061366731277,0.9847025786695817,0.49210523671633394,984.7025786695816,57482.0,1.0,1.0,1.0,0.03171971221150466,False,False
2024-05-01 15:00:00+00:00,sell,57453.268995000006,0.017176061366731277,0.9868208739774396,0.49365726562146556,986.8208739774395,56886.0,8.75651076269652e-27,8.75651076269652e-27,1.0020191732757175,0.031715806838856914,False,False
2024-05-01 16:00:00+00:00,buy,56914.443,0.01728670468631541,0.9838631685271313,0.49168574139285715,983.8631685271313,57043.99,1.0,1.0,1.0,0.031715056795005664,False,False
2024-05-01 17:00:00+00:00,sell,57257.76650770649,0.01728670468631541,0.9897981006167234,0.0,989.7981006167233,57424.65,8.75651076269652e-27,8.75651076269652e-27,1.0019856701458738,0.03171852674016323,False,False
2024-05-01 20:00:00+00:00,buy,56982.937229999996,0.017326844427368707,0.9873344883987263,0.4934205339323412,987.3344883987263,57361.7,1.0,1.0,1.0,0.03189077406233615,False,False
2024-05-01 21:00:00+00:00,sell,57580.889264684105,0.017326844427368707,0.9976951102787264,0.0,997.6951102787264,57909.03,8.75651076269652e-27,8.75651076269652e-27,1.0019714026243214,0.03189880526142455,False,False
2024-05-02 02:00:00+00:00,buy,57140.926185,0.017416949070966307,0.9952206012319901,0.49736161980598753,995.22060123199,57463.87,1.0,1.0,1.0,0.03192386516229967,False,False
2024-05-02 03:00:00+00:00,sell,57684.03235634942,0.017416949070966307,1.0046798537585104,0.0,1004.6798537585104,57442.88,8.75651076269652e-27,8.75651076269652e-27,1.0019929536560377,0.03192369335302553,False,False
2024-05-02 21:00:00+00:00,buy,58756.81372499999,0.01705650815868743,1.00218607267894,0.5008426150318792,1002.1860726789399,59112.58,1.0,1.0,1.0,0.03180363319945917,False,False
2024-05-02 23:00:00+00:00,sell,59298.336,0.01705650815868743,1.0114225517805886,0.5059642580192533,1011.4225517805886,59060.61,8.75651076269652e-27,8.75651076269652e-27,1.0019931800741388,0.03180128202378679,False,False
2024-05-03 00:00:00+00:00,buy,58837.290587933254,0.01706554443517414,1.0040903969736283,0.0,1004.0903969736282,59031.81,1.0,1.0,1.0,0.031800799248343725,False,False
2024-05-03 02:00:00+00:00,sell,59535.41631621691,0.01706554443517414,1.0160042926109913,0.0,1016.0042926109913,59543.76,8.75651076269652e-27,8.75651076269652e-27,0.9972454029262802,0.03180326661391353,False,False
2024-05-03 05:00:00+00:00,buy,59633.801999999996,0.017075952865844984,1.0183039921631323,0.5088975473078446,1018.3039921631323,59522.67,1.0,1.0,1.0,0.03180321582216819,False,False
2024-05-03 06:00:00+00:00,sell,59492.91866,0.00011107413002326913,0.006608124182704614,0.0033057149488264193,6.608124182704614,59254.74,1.0,1.0020163488525178,0.0020163488525177797,0.031798435548363646,True,False
2024-05-03 10:00:00+00:00,sell,59451.369445000004,0.016964878735821715,1.0085852733129614,0.5045449091109798,1008.5852733129614,59040.0,8.75651076269652e-27,8.75651076269652e-27,0.995465857834114,0.03168149398273559,False,False
2024-05-03 11:00:00+00:00,buy,59069.530005,0.0171347236287279,1.0121400715145252,0.5058171271936399,1012.1400715145252,59291.09,1.0,1.0,1.0,0.03163076738114934,False,False
2024-05-03 12:00:00+00:00,buy,59070.09476345142,0.00035597904408112,0.02102771586767461,0.0,21.027715867674612,60641.0,1.0,1.0019514854480234,0.0019514854480233712,0.03166981260803925,True,False
2024-05-03 13:00:00+00:00,sell,60867.42882973362,0.01749070267280902,1.0646141001192346,0.0,1064.6141001192345,61689.94,8.75651076269652e-27,8.75651076269652e-27,1.0218504675695999,0.031685598355013556,False,False
2024-05-03 19:00:00+00:00,buy,61860.064575,0.0168282592937097,1.0409972065937259,0.5202384840547555,1040.9972065937259,62067.32,1.0,1.0,1.0,0.03162174639114251,False,False
2024-05-03 20:00:00+00:00,sell,62297.79872495755,0.0168282592937097,1.0483635103709232,0.0,1048.3635103709232,62900.0,8.75651076269652e-27,8.75651076269652e-27,1.001970316717046,0.03163540416396682,False,False
2024-05-03 23:00:00+00:00,buy,62813.81120999999,0.016648508813229067,1.0457562895221915,0.5226168363428297,1045.7562895221915,62882.01,1.0,1.0,1.0,0.0315979197268324,False,False
2024-05-04 01:00:00+00:00,sell,63317.265365027255,9.330709790663846e-05,0.005907950278595207,0.0,5.907950278595207,62856.03,1.0,1.0020021578628469,0.002002157862846854,0.031597558768159145,True,False
2024-05-04 04:00:00+00:00,buy,62755.361999999994,8.815241089376452e-05,0.005532036456810936,0.002764635910449689,5.5320364568109355,63057.99,1.0,0.9963626277801008,0.0036373722198992375,0.03160072951471754,True,False
2024-05-04 06:00:00+00:00,sell,63352.317995000005,0.016643354126216193,1.0543950631074437,0.5274612621847669,1054.3950631074438,62966.93,8.75651076269652e-27,8.75651076269652e-27,1.0016528344690252,0.03160594196376623,False,False
2024-05-04 07:00:00+00:00,buy,62998.403459999994,0.01669263680070555,1.0516094679820918,0.5255419630094715,1051.6094679820917,62959.03,1.0,1.0,1.0,0.03160517130981444,False,False
2024-05-04 10:00:00+00:00,buy,63211.3899,0.00029463064247944523,0.018624012418255717,0.009307352532861142,18.624012418255717,64420.91,1.0,1.001959179280637,0.0019591792806370467,0.0316371273984041,True,False
2024-05-04 11:00:00+00:00,sell,64388.68955,0.016987267443184996,1.093787889702061,0.5471675286153156,1093.787889702061,63873.31,8.75651076269652e-27,8.75651076269652e-27,1.0195011360870452,0.031642643917790286,False,False
2024-05-04 12:00:00+00:00,buy,63905.23665,0.016773711348975796,1.071927993255089,0.5356961485532009,1071.927993255089,64066.35,1.0,1.0,1.0,0.0316422572525451,False,False
2024-05-04 13:00:00+00:00,sell,64034.30683,0.016773711348975796,1.0740929791981695,0.5373151471725897,1074.0929791981694,63730.01,8.75651076269652e-27,8.75651076269652e-27,1.0020090259997187,0.03163505405586717,False,False
2024-05-04 14:00:00+00:00,buy,63761.865,0.01679488860476129,1.0708734199068277,0.5351691253906843,1070.8734199068276,63819.09,1.0,1.0,1.0,0.03163151412755158,False,False
2024-05-04 15:00:00+00:00,sell,63787.17046000001,8.879204679405547e-05,0.005663793424344714,0.0028333133688561887,5.663793424344714,63609.17,1.0,1.0020083253742735,0.002008325374273534,0.03151819450753135,True,False
2024-05-04 20:00:00+00:00,sell,64148.220597194886,0.016706096557967235,1.0716663673185203,0.0,1071.6663673185203,63867.73,8.75651076269652e-27,8.75651076269652e-27,0.9967173259777353,0.031243282258818034,False,False
2024-05-04 21:00:00+00:00,buy,63640.86746491245,0.016817704612658364,1.0702933103182377,0.0,1070.2933103182377,63903.91,1.0,1.0,1.0,0.03124372660029945,False,False
2024-05-05 00:00:00+00:00,sell,64118.69515835344,0.00010068454847009939,0.006455761870510764,0.0,6.455761870510764,63509.52,1.0,0.9974363968362051,0.002563603163794892,0.03123260176287082,True,False
2024-05-05 07:00:00+00:00,sell,63607.522804751934,0.016717020064188265,1.0633282349603508,0.0,1063.3282349603508,63736.87,8.75651076269652e-27,8.75651076269652e-27,0.9914444810488958,0.031226267529526175,False,False
2024-05-05 13:00:00+00:00,buy,63757.18266,0.016813715408624703,1.0719951245009418,0.5357296974017509,1071.9951245009418,64119.92,1.0,1.0,1.0,0.031213638812901234,False,False
2024-05-05 14:00:00+00:00,sell,64087.85004500001,0.016813715408624703,1.077554871807246,0.539046959383264,1077.554871807246,64100.0,8.75651076269652e-27,8.75651076269652e-27,1.0019927698275326,0.03120834614151652,False,False
2024-05-05 18:00:00+00:00,buy,63991.5422812368,0.016721087786239854,1.0700081960614398,0.0,1070.0081960614398,63932.6,1.0,1.0,1.0,0.03118123014070648,False,False
2024-05-06 00:00:00+00:00,sell,64240.46635314155,0.016721087786239854,1.0741704773198675,0.0,1074.1704773198674,64218.02,8.75651076269652e-27,8.75651076269652e-27,0.9974764686300037,0.031284638214526345,False,False
2024-05-06 03:00:00+00:00,buy,63857.99304,0.016855381343203232,1.076350824500818,0.5379064590208893,1076.350824500818,63866.59,1.0,1.0,1.0,0.03126178612013178,False,False
2024-05-06 05:00:00+00:00,sell,64133.92699500001,0.016855381343203232,1.0810017965378813,0.5407712839107803,1081.0017965378813,64186.93,8.75651076269652e-27,8.75651076269652e-27,1.0019932184838014,0.031262458830072615,False,False
2024-05-06 11:00:00+00:00,buy,64039.16358,0.016829802473893388,1.0777664736447474,0.5386139298573923,1077.7664736447473,64203.56,1.0,1.0,1.0,0.031231740743474512,False,False
2024-05-06 12:00:00+00:00,sell,64171.44822500001,0.00019335019215208082,0.012407561844981057,0.006206884364672002,12.407561844981057,63593.99,1.0,1.0020175595943681,0.0020175595943681124,0.031237052291207074,True,False
2024-05-06 14:00:00+00:00,sell,64096.66388465352,0.00015577363965611768,0.00998457062312731,0.0,9.98457062312731,63271.97,1.0,0.9903712618736478,0.009628738126352232,0.031235134723529845,True,False
2024-05-06 15:00:00+00:00,buy,63047.309343517336,9.378091970735705e-05,0.0059126346553093016,0.0,5.912634655309302,63632.01,1.0,0.9810942070330422,0.018905792966957824,0.031240070321981672,True,False
2024-05-06 16:00:00+00:00,sell,63600.19399500001,0.00011449899090367616,0.007282158033705545,0.003642900467085549,7.282158033705545,63192.43,1.0,0.9865400860137535,0.013459913986246463,0.031244833088319407,True,False
2024-05-06 19:00:00+00:00,sell,63368.3,0.01645996057088887,1.0430397194442573,0.5217807500971293,1043.0397194442573,63220.0,8.75651076269652e-27,8.75651076269652e-27,0.9797005854281905,0.03125099021649394,False,False
2024-05-06 20:00:00+00:00,buy,63251.60999999999,0.016814870670323827,1.063567641839761,0.5315180618888236,1063.567641839761,63308.28,1.0,1.0,1.0,0.031291674120832724,False,False
2024-05-06 21:00:00+00:00,sell,63535.54889448602,0.016814870670323827,1.0683420376288184,0.0,1068.3420376288184,63550.29,8.75651076269652e-27,8.75651076269652e-27,1.0019940712055886,0.031334959052881306,False,False
2024-05-07 00:00:00+00:00,buy,63196.76259,0.016862883820256226,1.065679665371485,0.5325735459127551,1065.679665371485,63545.45,1.0,1.0,1.0,0.03133430877153759,False,False
2024-05-07 01:00:00+00:00,sell,63773.59864697636,0.016862883820256226,1.075406784783612,0.0,1075.406784783612,63895.72,8.75651076269652e-27,8.75651076269652e-27,1.0019815464109931,0.03133642383557991,False,False
2024-05-07 04:00:00+00:00,buy,63271.11975,0.01695460196936458,1.0727366515172523,0.5361002756207822,1072.7366515172523,63466.26,1.0,1.0,1.0,0.03133454830782445,False,False
2024-05-07 05:00:00+00:00,sell,63694.10436283882,0.01695460196936458,1.0799081872671001,0.0,1079.9081872671002,63563.48,8.75651076269652e-27,8.75651076269652e-27,1.0019942727558702,0.03133489423270314,False,False
2024-05-07 12:00:00+00:00,buy,63522.175214999996,0.0169581989266268,1.0772216835480124,0.5383416709384584,1077.2216835480124,63663.02,1.0,1.0,1.0,0.03129353504356072,False,False
2024-05-07 13:00:00+00:00,sell,63631.198485,0.00015366673525507926,0.009777998531557896,0.004891444988272782,9.777998531557897,63213.16,1.0,1.0020133200466366,0.0020133200466365686,0.03129733558324657,True,False
2024-05-07 14:00:00+00:00,buy,63244.77658499999,0.00021567526145041885,0.013640333725343201,0.0068167584834286105,13.6403337253432,64024.47,1.0,0.9929770660092947,0.0070229339907053046,0.031307563544175715,True,False
2024-05-07 15:00:00+00:00,sell,64253.58584755467,0.01702020745282214,1.0936093607130972,0.0,1093.6093607130972,63740.48,8.75651076269652e-27,8.75651076269652e-27,1.0056092208940404,0.031307537534459806,False,False
2024-05-07 17:00:00+00:00,buy,63406.84192929628,0.017073648605052824,1.0825861382569344,0.0,1082.5861382569344,63391.79,1.0,1.0,1.0,0.03128581394353239,False,False
2024-05-07 23:00:00+00:00,sell,62819.49454,0.00014637756797110726,0.009195364831939452,0.004599982407173102,9.195364831939452,62312.08,1.0,0.9973791264275689,0.002620873572431126,0.03132836122728555,True,False
2024-05-08 03:00:00+00:00,sell,62724.622,0.016927271037081717,1.061756677292499,0.5311439106014989,1061.7566772924988,62893.99,8.75651076269652e-27,8.75651076269652e-27,0.9888749579360336,0.03132235444904444,False,False
2024-05-08 05:00:00+00:00,buy,62551.410075,0.01714872735256648,1.0726770768947549,0.5360705031957508,1072.677076894755,62617.71,1.0,1.0,1.0,0.031326662471597544,False,False
2024-05-08 06:00:00+00:00,sell,62586.401145,0.01714872735256648,1.0732771292139596,0.5369070181159635,1073.2771292139596,62505.98,8.75651076269652e-27,8.75651076269652e-27,1.0020049653524274,0.03132262962154378,False,False
2024-05-08 07:00:00+00:00,buy,62281.908301013544,0.017110707789102075,1.0656875334862936,0.0,1065.6875334862937,62208.0,0.999999628782989,0.999999628782989,0.999999628782989,0.03132304548189124,False,False
2024-05-08 09:00:00+00:00,sell,62344.802005000005,0.017110707789102075,1.06676368927698,0.533648668972856,1066.7636892769801,62302.01,8.75651076269652e-27,8.75651076269652e-27,0.9974093329495738,0.03132279952661715,False,False
2024-05-08 12:00:00+00:00,buy,62274.5217,0.017157356167598396,1.068466148973735,0.5339660914410793,1068.466148973735,62238.29,1.0,1.0,1.0,0.031247986798580596,False,False
2024-05-08 13:00:00+00:00,sell,62207.170855000004,0.017157356167598396,1.0673105865378814,0.5339222543960862,1067.3105865378814,62447.61,8.75651076269652e-27,8.75651076269652e-27,1.0019979419754006,0.0312145284905333,False,False
2024-05-08 16:00:00+00:00,buy,62052.63196230859,0.01707917973796846,1.0598080544982749,0.0,1059.808054498275,62444.45,1.0,1.0,1.0,0.03121380893020534,False,False
2024-05-08 17:00:00+00:00,sell,62665.3948800579,0.01707917973796846,1.0702735425072774,0.0,1070.2735425072774,62594.18,8.75651076269652e-27,8.75651076269652e-27,0.9974760329764202,0.031209941920024353,False,False
2024-05-08 20:00:00+00:00,buy,61959.28742554439,0.01723894890960098,1.0681129904042421,0.0,1068.112990404242,61570.01,1.0,1.0,1.0,0.031215985375607158,False,False
2024-05-09 01:00:00+00:00,sell,61369.309995,0.01723894890960098,1.0579423996212698,0.5292358177194736,1057.9423996212697,61551.0,8.75651076269652e-27,8.75651076269652e-27,0.9974363096814878,0.031223385577057255,False,False
2024-05-12 21:00:00+00:00,buy,61070.01827672121,0.017281541043994188,1.0553840274066328,0.0,1055.3840274066329,61236.0,1.0,1.0,1.0,0.031098473673335403,False,False
2024-05-13 00:00:00+00:00,sell,61698.1182630696,0.017281541043994188,1.0662385631004447,0.0,1066.2385631004447,61512.89,8.75651076269652e-27,8.75651076269652e-27,0.9975198306619182,0.031075251030740325,False,False
2024-05-13 02:00:00+00:00,buy,61202.17531366339,0.01738663343893592,1.0640997878441585,0.0,1064.0997878441585,61044.26,1.0,1.0,1.0,0.031068325299223043,False,False
2024-05-13 06:00:00+00:00,buy,60889.38948,0.00018430832036556502,0.011222421103143504,0.005608406348397346,11.222421103143503,61504.1,1.0,0.9975265826397802,0.002473417360219776,0.031082399478060463,True,False
2024-05-13 07:00:00+00:00,sell,61719.03635515459,0.017570941759301486,1.0844615932366324,0.0,1084.4615932366323,62334.37,8.75651076269652e-27,8.75651076269652e-27,1.007902694938169,0.03110499379569709,False,False
2024-05-13 14:00:00+00:00,buy,62811.04983,0.01712002557787783,1.0753267796629589,0.5373946924852381,1075.3267796629589,62747.87,1.0,1.0,1.0,0.03111307049128198,False,False
2024-05-13 16:00:00+00:00,sell,63222.46762557531,0.01712002557787783,1.0823702628464023,0.0,1082.3702628464023,63178.89,8.75651076269652e-27,8.75651076269652e-27,1.0019918182116376,0.031115964646709626,False,False
2024-05-13 18:00:00+00:00,buy,62590.7705321971,0.017180847224754624,1.075362466193352,0.0,1075.362466193352,62786.9,1.0,1.0,1.0,0.03111373296618236,False,False
2024-05-13 19:00:00+00:00,buy,62818.29345,0.00010556659192981557,0.006631513150363556,0.0033140995254186396,6.631513150363556,63172.69,1.0,0.9975185678583217,0.002481432141678286,0.031117462675912283,True,False
2024-05-13 20:00:00+00:00,sell,63141.11365,0.01728641381668444,1.0914834194002023,0.546014717058592,1091.4834194002024,63091.89,8.75651076269652e-27,8.75651076269652e-27,1.0036270761187844,0.031116531129120634,False,False
2024-05-13 21:00:00+00:00,buy,62871.096059051466,0.017211476504743264,1.0821043926478213,0.0,1082.1043926478212,62901.75,1.0,1.0,1.0,0.0311160332008886,False,False
2024-05-14 06:00:00+00:00,sell,62685.861390000005,0.017211476504743264,1.078916230493578,0.5397279792363328,1078.916230493578,62042.0,8.75651076269652e-27,8.75651076269652e-27,0.9974612047241405,0.03112878652183615,False,False
2024-05-14 07:00:00+00:00,buy,62073.010995,0.017407815247439045,1.0805555072532125,0.5400077497517121,1080.5555072532125,62035.39,1.0,1.0,1.0,0.031128256182671038,False,False
2024-05-14 08:00:00+00:00,sell,62004.372305000004,8.376379849885096e-05,0.005193721747803756,0.002598159953878398,5.193721747803756,61861.0,1.0,1.0020103865136216,0.0020103865136216204,0.0311331916920152,True,False
2024-05-14 14:00:00+00:00,sell,61912.154202018115,0.017324051448940194,1.0725693447104807,0.0,1072.5693447104807,61803.74,8.75651076269652e-27,8.75651076269652e-27,0.9971823486238576,0.031126798561921326,False,False
2024-05-14 17:00:00+00:00,buy,61212.18279555209,0.017492514501233736,1.070754995203365,0.0,1070.754995203365,61314.98,1.0,1.0,1.0,0.031131656843819355,False,False
2024-05-14 19:00:00+00:00,sell,61645.51344897722,0.017492514501233736,1.0783350379422332,0.0,1078.3350379422332,61596.52,8.75651076269652e-27,8.75651076269652e-27,0.9975037512292649,0.031137460668857392,False,False
2024-05-15 01:00:00+00:00,buy,61469.069175,0.017577833501889913,1.0804930634743035,0.5399765434653903,1080.4930634743034,61696.0,1.0,1.0,1.0,0.031136558398130287,False,False
2024-05-15 02:00:00+00:00,sell,61665.142005,0.017577833501889913,1.083939599034288,0.54224091997707,1083.939599034288,61774.01,8.75651076269652e-27,8.75651076269652e-27,1.0019935964488853,0.031140565753145194,False,False
2024-05-15 22:00:00+00:00,buy,65892.919995,0.01640074607306912,1.080693048851054,0.5400764861824128,1080.693048851054,66116.3,1.0,1.0,1.0,0.03118056608742839,False,False
2024-05-16 10:00:00+00:00,sell,66331.50765500001,8.067650555803815e-05,0.005351394246001658,0.0026770356408207393,5.351394246001658,66169.99,1.0,1.0019951003509593,0.001995100350959289,0.031165355257785105,True,False
2024-05-16 11:00:00+00:00,buy,66203.08499999999,8.232793141356096e-05,0.005450363041246146,0.0027238196108169935,5.4503630412461455,66503.8,1.0,0.9970763118663923,0.0029236881336076603,0.031150979094678732,True,False
2024-05-16 12:00:00+00:00,sell,66737.6174476938,0.016402397498924644,1.0946569295082424,0.0,1094.6569295082425,66011.01,8.75651076269652e-27,8.75651076269652e-27,1.0021065208467754,0.031155393411664928,False,False
2024-05-16 13:00:00+00:00,buy,65778.9027066409,0.016531882410975605,1.0874490846691924,0.0,1087.4490846691924,66328.05,1.0,1.0,1.0,0.031156578747177255,False,False
2024-05-16 14:00:00+00:00,sell,66294.89597,0.00018178872946486221,0.012051664908391513,0.006028846877634558,12.051664908391514,65598.7,1.0,0.9974708687166616,0.002529131283338426,0.031173474881160568,True,False
2024-05-16 16:00:00+00:00,sell,65785.980555,0.0001649196331806116,0.010849399781557448,0.0054274135975771005,10.849399781557448,65154.99,1.0,0.9863126853443613,0.01368731465563866,0.03121431824431073,True,False
2024-05-16 22:00:00+00:00,sell,65429.259005,0.01618517404833013,1.0589839448491967,0.5297568508499921,1058.9839448491966,65418.97,8.75651076269652e-27,8.75651076269652e-27,0.976378062252542,0.03128447991176808,False,False
2024-05-17 00:00:00+00:00,buy,65267.827605,0.016601642469061637,1.0835531386305612,0.5415058164070682,1083.5531386305613,65508.69,1.0,1.0,1.0,0.031303960089778454,False,False
2024-05-17 01:00:00+00:00,sell,65475.94565,0.016601642469061637,1.0870082400050116,0.5437760080064361,1087.0082400050117,65340.84,8.75651076269652e-27,8.75651076269652e-27,1.0020012630463826,0.031301355109973894,False,False
2024-05-17 12:00:00+00:00,buy,66251.09899500001,0.01635825688737389,1.0837524964310483,0.5416054454928158,1083.7524964310483,66379.97,1.0,1.0,1.0,0.0312963251223404,False,False
2024-05-17 13:00:00+00:00,sell,66346.78001500001,0.01635825688737389,1.0853176711354544,0.5429303007179221,1085.3176711354545,65944.02,8.75651076269652e-27,8.75651076269652e-27,1.0020128546913312,0.031298843735973386,False,False
2024-05-17 14:00:00+00:00,buy,65976.99201,0.016400614639146726,1.0820632210060726,0.5407612298880542,1082.0632210060726,66806.66,1.0,1.0,1.0,0.03132172346493753,False,False
2024-05-17 15:00:00+00:00,sell,67046.18680664967,0.016400614639146726,1.0995986728401046,0.0,1099.5986728401047,67195.1,8.75651076269652e-27,8.75651076269652e-27,1.0019671153977596,0.031323674348413544,False,False
2024-05-17 18:00:00+00:00,buy,66463.28776260954,0.016436195406836752,1.0924035850470724,0.0,1092.4035850470723,66821.98,1.0,1.0,1.0,0.03132654144267255,False,False
2024-05-17 20:00:00+00:00,sell,67014.46600500001,0.016436195406836752,1.1014628583429988,0.5510069326377512,1101.4628583429987,66890.0,8.75651076269652e-27,8.75651076269652e-27,0.9974239212294024,0.03132018159702221,False,False
2024-05-17 21:00:00+00:00,buy,66923.44499999999,0.01648452516678698,1.1032012133505842,0.5513249442030658,1103.201213350584,66810.65,1.0,1.0,1.0,0.03130975588875695,False,False
2024-05-18 00:00:00+00:00,sell,66990.488,0.01648452516678698,1.104306385371341,0.5524294073894056,1104.306385371341,66891.59,8.75651076269652e-27,8.75651076269652e-27,1.0020044622799824,0.031311003816373056,False,False
2024-05-18 01:00:00+00:00,buy,66925.03579499999,0.0164511532537472,1.1009940203760618,0.5502218992382861,1100.9940203760618,66980.0,1.0,1.0,1.0,0.03131115514214447,False,False
2024-05-18 09:00:00+00:00,sell,66994.076205,0.0164511532537472,1.1021298147416738,0.5513405776595295,1102.1298147416737,67125.04,8.75651076269652e-27,8.75651076269652e-27,1.0019975247361508,0.03131219411543398,False,False
2024-05-18 13:00:00+00:00,buy,66981.463995,0.01640489739169794,1.098824043983685,0.5491374532650952,1098.824043983685,66863.17,1.0,1.0,1.0,0.031314807094324854,False,False
2024-05-18 20:00:00+00:00,sell,66879.16369,0.01640489739169794,1.0971458179770206,0.5488473326547412,1097.1458179770207,66964.01,8.75651076269652e-27,8.75651076269652e-27,1.0020040295163612,0.03133923893844637,False,False
2024-05-18 22:00:00+00:00,buy,66932.739645,0.01634251612948172,1.093849377238813,0.5466513629379474,1093.8493772388128,66932.01,1.0,1.0,1.0,0.0313369348512999,False,False
2024-05-18 23:00:00+00:00,sell,66898.534,0.01634251612948172,1.093290370933681,0.5469186447892409,1093.290370933681,66915.2,8.75651076269652e-27,8.75651076269652e-27,1.002004032467625,0.031337630645181,False,False
2024-05-19 00:00:00+00:00,buy,66948.65759999999,0.016281248652247074,1.0900077413197506,0.5447315049073285,1090.0077413197507,66906.53,1.0,1.0,1.0,0.031336697217986265,False,False
2024-05-19 03:00:00+00:00,sell,67177.99420000002,0.016281248652247074,1.093741627529412,0.5471443859575262,1093.741627529412,67170.21,8.75651076269652e-27,8.75651076269652e-27,1.0019968847543634,0.031341676508984034,False,False
2024-05-19 06:00:00+00:00,buy,67131.178815,0.01624381175258784,1.090466231400173,0.5449606353824265,1090.466231400173,67022.65,1.0,1.0,1.0,0.03134187269269467,False,False
2024-05-19 08:00:00+00:00,sell,67290.77778,0.01624381175258784,1.0930587269435408,0.5468027648541705,1093.0587269435407,67160.01,8.75651076269652e-27,8.75651076269652e-27,1.002002644451575,0.03134692829297786,False,False
2024-05-19 09:00:00+00:00,buy,67193.58,0.016218559826527364,1.0897830971885527,0.5446192389748172,1089.7830971885526,67180.01,1.0,1.0,1.0,0.03134868801608856,False,False
2024-05-19 11:00:00+00:00,sell,67236.365,0.016218559826527364,1.0904770082707307,0.5455112597651629,1090.4770082707307,67330.0,8.75651076269652e-27,8.75651076269652e-27,1.0019994387606637,0.031348897561236655,False,False
2024-05-19 13:00:00+00:00,buy,66866.406495,0.016259365298897394,1.0872053294267703,0.5433309992137404,1087.2053294267703,67049.99,1.0,1.0,1.0,0.0313571511574251,False,False
2024-05-19 16:00:00+00:00,sell,66856.43506,8.78890633159192e-05,0.005875949454064981,0.0029394444492572263,5.875949454064981,66662.01,1.0,1.0020096616806011,0.002009661680601127,0.0314382783207805,True,False
2024-05-19 19:00:00+00:00,sell,66552.91689500002,0.00013411018854036366,0.008925424232699607,0.004464944588642748,8.925424232699607,66034.01,1.0,0.9965533760559457,0.003446623944054261,0.03145079444501739,True,False
2024-05-19 23:00:00+00:00,sell,66330.428195,0.01603736604704111,1.0637653570201915,0.5321487528865416,1063.7653570201915,66274.01,8.75651076269652e-27,8.75651076269652e-27,0.9882792182587055,0.03144340587460656,False,False
2024-05-20 07:00:00+00:00,buy,66443.21500499999,0.01618392684335495,1.0753121308782239,0.5373873717531732,1075.3121308782238,66825.14,1.0,1.0,1.0,0.03156528786453097,False,False
2024-05-20 08:00:00+00:00,sell,66791.737425,0.01618392684335495,1.0809525922267729,0.5407466694480269,1080.9525922267728,66762.0,8.75651076269652e-27,8.75651076269652e-27,1.0019939205503208,0.031561129165905644,False,False
2024-05-20 13:00:00+00:00,buy,66969.8682,0.01609260142599114,1.0777193964937588,0.5385904030454046,1077.7193964937587,67099.98,1.0,1.0,1.0,0.03152191711204114,False,False
2024-05-20 14:00:00+00:00,sell,67066.43001,0.01609260142599114,1.0792733272150608,0.5399066169159809,1079.2733272150608,67006.01,8.75651076269652e-27,8.75651076269652e-27,1.0020024234430704,0.03152143491860307,False,False
2024-05-20 15:00:00+00:00,buy,67039.503,0.016050790183988677,1.0760369966918795,0.537749623534124,1076.0369966918795,67419.99,1.0,1.0,1.0,0.031526541808964414,False,False
2024-05-20 16:00:00+00:00,sell,67667.85679331157,0.016050790183988677,1.086122571589637,0.0,1086.122571589637,68190.06,8.75651076269652e-27,8.75651076269652e-27,1.0019696349248588,0.03154504939028199,False,False
2024-05-20 23:00:00+00:00,buy,69625.565385,0.015560754864104638,1.0834263552306742,0.5414424563869934,1083.4263552306743,71446.62,1.0,1.0,1.0,0.031630405523693395,False,False
2024-05-21 00:00:00+00:00,sell,71711.73029340386,0.015560754864104638,1.115888655976444,0.0,1115.888655976444,71312.32,8.75651076269652e-27,8.75651076269652e-27,1.0019560245123076,0.03162866808761591,False,False
2024-05-21 04:00:00+00:00,buy,71020.97268523363,0.015608083330527128,1.1085012598862174,0.0,1108.5012598862174,70910.0,1.0,1.0,1.0,0.031577705652082844,False,False
2024-05-21 07:00:00+00:00,sell,71169.807295,7.170404915977924e-05,0.005103163360972696,0.0025528581095409396,5.103163360972696,70878.29,1.0,0.9972985005131819,0.002701499486818082,0.03156879532753726,True,False
2024-05-21 13:00:00+00:00,sell,71314.31500500001,0.00016419788600812585,0.01170965976593857,0.005857758762349465,11.70965976593857,70595.92,1.0,0.9926760586313649,0.007323941368635123,0.03155773828316266,True,False
2024-05-21 14:00:00+00:00,sell,70855.94595453222,8.333684529689307e-05,0.005904911006377868,0.0,5.904911006377868,70213.2,1.0,0.981999784873049,0.018000215126951047,0.03156208091354745,True,False
2024-05-21 15:00:00+00:00,sell,70470.54551728326,8.40989543438482e-05,0.005926499190044082,0.0,5.9264991900440815,69826.99,1.0,0.9765075423891747,0.0234924576108253,0.031517649597061825,True,False
2024-05-21 19:00:00+00:00,sell,69794.82513000001,0.00011839626522555831,0.008263446627462943,0.004133790208835089,8.263446627462944,69285.99,1.0,0.9708741462394344,0.029125853760565645,0.0315017328263949,True,False
2024-05-21 20:00:00+00:00,buy,69320.632995,0.0006712512089652942,0.04653155870413322,0.023254152275929967,46.53155870413322,69727.01,1.0,1.0,0.03650450454001364,0.03150022512502332,False,False
2024-05-21 21:00:00+00:00,sell,69692.13650000001,9.65830434204798e-05,0.006731078645645506,0.003367222934289144,6.731078645645506,69727.76,1.0,1.0061780657482366,0.00617806574823665,0.0314997947505756,True,False
2024-05-21 22:00:00+00:00,sell,69982.95747799744,0.015661017496037738,1.096004321487383,0.0,1096.0043214873829,70222.22,8.75651076269652e-27,8.75651076269652e-27,1.0000231342184405,0.03150547254082481,False,False
2024-05-22 03:00:00+00:00,buy,70038.01150499999,0.01564051139893801,1.0954303173029039,0.5474414379323748,1095.4303173029039,69955.72,1.0,1.0,1.0,0.03131410144558894,False,False
2024-05-22 04:00:00+00:00,sell,69920.74214,0.00011084538502678654,0.007750391583866959,0.0038771343591129308,7.750391583866959,69599.98,1.0,1.0020161408657204,0.0020161408657204394,0.03131310651966854,True,False
2024-05-22 06:00:00+00:00,sell,69863.17094,0.015529666013911224,1.0849517113709883,0.5427472293001288,1084.9517113709883,69854.08,8.75651076269652e-27,8.75651076269652e-27,0.9949113540114799,0.03129665557360872,False,False
2024-05-22 08:00:00+00:00,buy,69749.8575,0.015618912189558541,1.0894168995267213,0.5444362316475095,1089.4168995267212,70010.27,1.0,1.0,1.0,0.03129965413786115,False,False
2024-05-22 09:00:00+00:00,sell,69975.25487,0.015618912189558541,1.0929373612565088,0.5467420516539323,1092.9373612565087,69987.44,8.75651076269652e-27,8.75651076269652e-27,1.00199669148913,0.031280047144737116,False,False
2024-05-22 12:00:00+00:00,buy,69771.00807,0.015617718337733871,1.0896639521770168,0.5445596962403384,1089.6639521770169,69643.88,1.0,1.0,1.0,0.031269860116057396,False,False
2024-05-22 14:00:00+00:00,buy,69621.67344,8.713521152380055e-05,0.006066499241835366,0.0030317337540401407,6.066499241835366,70114.63,1.0,1.0019936677834094,0.0019936677834093697,0.031172837662473224,True,False
2024-05-22 15:00:00+00:00,sell,70356.5363342089,0.015704853549257672,1.104939099361777,0.0,1104.939099361777,70455.9,8.75651076269652e-27,8.75651076269652e-27,1.0075159725183513,0.030997284613870718,False,False
2024-05-22 18:00:00+00:00,buy,69622.79730108142,0.015681714569247673,1.0918048347881462,0.0,1091.804834788146,69574.6,1.0,1.0,1.0,0.03098634973711617,False,False
2024-05-22 22:00:00+00:00,sell,69463.02111500001,8.043962312447202e-05,0.0055875792395778424,0.0027951872133951047,5.587579239577843,69141.28,1.0,0.9975314669347617,0.0024685330652383097,0.030937730979638534,True,False
2024-05-23 00:00:00+00:00,buy,69201.20331,7.515458756404171e-05,0.005200787893698448,0.002599094399649535,5.200787893698448,69499.81,1.0,0.992437552914593,0.007562447085406987,0.030941995268068012,True,False
2024-05-23 01:00:00+00:00,sell,69465.06009500001,0.015676429533687242,1.0889641196326172,0.544754437034664,1088.9641196326172,69483.16,8.75651076269652e-27,8.75651076269652e-27,0.9972042991706044,0.030941865776637545,False,False
2024-05-23 11:00:00+00:00,buy,69571.98861,0.015680582997034898,1.0909293416678716,0.5451920747965245,1090.9293416678715,69982.72,1.0,1.0,1.0,0.030902100743595923,False,False
2024-05-23 12:00:00+00:00,sell,69947.72864,0.015680582997034898,1.096821164393595,0.5486849246591268,1096.821164393595,69428.53,8.75651076269652e-27,8.75651076269652e-27,1.0020076543723582,0.030910085033874157,False,False
2024-05-23 13:00:00+00:00,buy,69189.59970989253,0.01574272629441069,1.0892329306526753,0.0,1089.2329306526753,68036.14,1.0,1.0,1.0,0.03097616939313519,False,False
2024-05-23 15:00:00+00:00,buy,67782.49431,7.607319136927401e-05,0.005156430661131356,0.0025769268671320547,5.156430661131356,68076.0,1.0,0.9975128016975066,0.002487198302493443,0.0309812406705047,True,False
2024-05-23 16:00:00+00:00,sell,68041.95200500001,9.544423821821607e-05,0.006494212275997647,0.003248730503249636,6.494212275997646,67822.78,1.0,1.0023281225952225,0.002328122595222526,0.030965397674514533,True,False
2024-05-23 20:00:00+00:00,buy,66968.86977536649,0.0001410680198462473,0.009447165850552152,0.0,9.447165850552151,67802.89,1.0,0.9962689880445933,0.0037310119554067045,0.030970769207366244,True,False
2024-05-23 21:00:00+00:00,sell,68036.00852800538,0.015864423267407994,1.0793520367132572,0.0,1079.3520367132571,67992.77,8.75651076269652e-27,8.75651076269652e-27,1.005091424257746,0.030968455208176898,False,False
2024-05-24 06:00:00+00:00,buy,67068.51137976612,0.01594069416956307,1.0691186283127123,0.0,1069.1186283127122,66887.01,1.0,1.0,1.0,0.03097164351014081,False,False
2024-05-24 09:00:00+00:00,sell,67417.58967391278,0.01594069416956307,1.0746831786409368,0.0,1074.6831786409368,67375.26,8.75651076269652e-27,8.75651076269652e-27,0.9975657253198136,0.030840676634141084,False,False
2024-05-30 07:00:00+00:00,buy,67607.36943769302,0.015866277938099378,1.072677314162203,0.0,1072.677314162203,67584.56,1.0,1.0,1.0,0.030638036666446655,False,False
2024-05-30 11:00:00+00:00,sell,67908.10896000001,0.015866277938099378,1.077448931010097,0.538993962486124,1077.4489310100969,67817.01,8.75651076269652e-27,8.75651076269652e-27,0.9977011083102338,0.03060175473428503,False,False
2024-05-30 12:00:00+00:00,buy,67850.918505,0.01590031473469797,1.0788509592678426,0.5391559016830707,1078.8509592678427,68133.34,1.0,1.0,1.0,0.030601558546997254,False,False
2024-05-30 13:00:00+00:00,sell,68357.4234657481,0.01590031473469797,1.0869045475584236,0.0,1086.9045475584235,68623.99,8.75651076269652e-27,8.75651076269652e-27,1.001980891404572,0.03061054066434915,False,False
2024-05-30 20:00:00+00:00,buy,68427.12394229631,0.0157846003023353,1.0800948012675053,0.0,1080.0948012675053,68475.99,1.0,1.0,1.0,0.030614138635019106,False,False
2024-05-31 03:00:00+00:00,sell,68505.72000500001,0.0157846003023353,1.0813354087026206,0.5409381734379519,1081.3354087026205,68535.81,8.75651076269652e-27,8.75651076269652e-27,0.997707651516923,0.03060753188784479,False,False
2024-05-31 04:00:00+00:00,buy,68570.077905,0.015790266713123235,1.0827398186595885,0.5410993596499789,1082.7398186595885,68516.59,1.0,1.0,1.0,0.030607695384543193,False,False
2024-05-31 09:00:00+00:00,sell,68101.941995,7.48809043744636e-05,0.005099535006242862,0.0025510430246332774,5.099535006242862,67950.0,1.0,1.0020218262278906,0.0020218262278905996,0.03060314192904509,True,False
2024-05-31 10:00:00+00:00,buy,67983.97499999999,8.865605359923215e-05,0.006027190931488857,0.0030120894210331384,6.027190931488858,68333.33,1.0,0.9972818402808377,0.0027181597191623386,0.0304288014838896,True,False
2024-05-31 11:00:00+00:00,sell,68299.163335,0.015804041862348003,1.079402836509684,0.5399714039567731,1079.402836509684,68349.73,8.75651076269652e-27,8.75651076269652e-27,1.0028867378760176,0.030428048667144103,False,False
2024-05-31 14:00:00+00:00,buy,67859.66695625,0.01578584580569427,1.0712222389971293,0.0,1071.2222389971294,67501.76,1.0,1.0,1.0,0.030427436892896786,False,False
2024-05-31 19:00:00+00:00,sell,67631.5049998787,0.01578584580569427,1.0676205095351263,0.0,1067.6205095351263,67681.0,8.75651076269652e-27,8.75651076269652e-27,0.9977766571570775,0.030430367387804497,False,False
2024-06-01 08:00:00+00:00,buy,67665.886035,0.015805097252993488,1.069465909493149,0.5344657218855714,1069.465909493149,67704.0,0.9999979774554579,0.9999979774554579,0.9999979774554579,0.03042790900304959,False,False
2024-06-01 09:00:00+00:00,sell,67670.148,0.015805097252993488,1.0695332702644629,0.535034152208319,1069.5332702644628,67706.69,8.75651076269652e-27,8.75651076269652e-27,1.0020002680007154,0.030424544945981596,False,False
2024-06-01 11:00:00+00:00,buy,67661.143665,0.015759789236904007,1.0663253636882826,0.5328962337271865,1066.3253636882826,67660.57,1.0,1.0,1.0,0.03041862796218564,False,False
2024-06-01 12:00:00+00:00,sell,67626.73971500002,0.015759789236904007,1.0657831646873661,0.5331581614242231,1065.783164687366,67717.76,8.75651076269652e-27,8.75651076269652e-27,1.0020018278498777,0.03041901279410214,False,False
2024-06-01 16:00:00+00:00,buy,67725.12564,0.015689644301749236,1.062583131582877,0.5310260527650489,1062.583131582877,67700.01,1.0,1.0,1.0,0.030417724045359307,False,False
2024-06-01 18:00:00+00:00,sell,67757.12449,0.015689644301749236,1.0630851821574423,0.5318084953264173,1063.0851821574422,67750.71,8.75651076269652e-27,8.75651076269652e-27,1.0020027481719211,0.030417821439343323,False,False
2024-06-01 22:00:00+00:00,buy,67793.890005,0.015634083484386222,1.0598953360694665,0.5296828266214081,1059.8953360694666,67765.4,1.0,1.0,1.0,0.03041592263527504,False,False
2024-06-02 01:00:00+00:00,sell,67855.045505,0.015634083484386222,1.060851446261996,0.5306910686653834,1060.851446261996,67755.0,8.75651076269652e-27,8.75651076269652e-27,1.0020046585386775,0.03041599768953529,False,False
2024-06-02 02:00:00+00:00,buy,67788.8775,0.01560240045395552,1.0576692130791352,0.5285703213789145,1057.6692130791353,67733.26,1.0,1.0,1.0,0.030415549599027814,False,False
2024-06-02 04:00:00+00:00,sell,67755.58525999999,0.01560240045395552,1.0571497742186458,0.5288393067627568,1057.1497742186457,67852.62,8.75651076269652e-27,8.75651076269652e-27,1.0020016203483861,0.03041259222606668,False,False
2024-06-02 06:00:00+00:00,buy,67762.274205,0.015554018989694685,1.0539756997694683,0.52672448764077,1053.9756997694683,67841.09,1.0,1.0,1.0,0.03041238948818986,False,False
2024-06-02 07:00:00+00:00,sell,67807.169455,0.015554018989694685,1.0546740013405154,0.5276008010708064,1054.6740013405154,67721.0,8.75651076269652e-27,8.75651076269652e-27,1.0020047297945467,0.030412997917010687,False,False
2024-06-02 08:00:00+00:00,buy,67754.87050499998,0.015519324089570623,1.0515097940139841,0.5254921509313658,1051.5097940139842,67750.67,1.0,1.0,1.0,0.030413042390618095,False,False
2024-06-02 09:00:00+00:00,sell,67716.80466,8.158521404071258e-05,0.005524690002339223,0.0027637268646018053,5.524690002339223,67529.99,1.0,1.0020101915159558,0.002010191515955828,0.030415015530625755,True,False
2024-06-02 11:00:00+00:00,buy,67563.765,0.0001649435414404314,0.01114420667214907,0.005569318676736071,11.14420667214907,68251.52,1.0,0.9967703842395981,0.003229615760401927,0.03043328887064442,True,False
2024-06-02 12:00:00+00:00,sell,68217.40423500001,0.015602682416970342,1.0643744935887929,0.5324534735310023,1064.3744935887928,67934.99,8.75651076269652e-27,8.75651076269652e-27,1.0073625334001675,0.030437228677520217,False,False
2024-06-02 17:00:00+00:00,buy,67884.64893917624,0.015491547996982989,1.0516382972995892,0.0,1051.638297299589,67879.28,1.0,1.0,1.0,0.030435359380630855,False,False
2024-06-02 23:00:00+00:00,sell,67894.03600000001,0.015491547996982989,1.051783717402891,0.5261549361694167,1051.783717402891,67765.63,8.75651076269652e-27,8.75651076269652e-27,0.9977752695121339,0.030429820577215133,False,False
2024-06-03 00:00:00+00:00,buy,67799.50280999999,0.015532160645268214,1.0530727693142334,0.5262732480330307,1053.0727693142335,67823.99,1.0,1.0,1.0,0.030428791086015372,False,False
2024-06-03 01:00:00+00:00,buy,67857.912,0.00011826941491125537,0.008025515549339455,0.004010752398470093,8.025515549339454,68476.01,1.0,1.0019836734023841,0.001983673402384145,0.030446106599258532,True,False
2024-06-03 02:00:00+00:00,sell,68695.90169167868,0.01565043006017947,1.0751204048465817,0.0,1075.1204048465816,68416.08,8.75651076269652e-27,8.75651076269652e-27,1.0095636348562458,0.030425397640152313,False,False
2024-06-03 10:00:00+00:00,buy,69049.397445,0.015415544578265175,1.0644340644157468,0.5319510566794665,1064.434064415747,68907.99,1.0,1.0,1.0,0.030381476306292454,False,False
2024-06-03 12:00:00+00:00,buy,69114.54,0.00011786279801104423,0.008146033067646236,0.004070981043300713,8.146033067646236,69746.23,1.0,1.0019834495857156,0.001983449585715613,0.030395798468201313,True,False
2024-06-03 13:00:00+00:00,sell,69969.14435683166,0.01553340737627622,1.0868592230641445,0.0,1086.8592230641445,69795.34,8.75651076269652e-27,8.75651076269652e-27,1.0095789609875252,0.03038938476837061,False,False
2024-06-03 15:00:00+00:00,buy,68810.398005,0.015637513394300553,1.0760235204703394,0.5377428887907854,1076.0235204703395,69615.28,1.0,1.0,1.0,0.030451671423960575,False,False
2024-06-03 16:00:00+00:00,sell,69580.46236500001,0.015637513394300553,1.0880654122143132,0.5443048585362701,1088.0654122143133,69080.02,8.75651076269652e-27,8.75651076269652e-27,1.0019956708928965,0.030462753094801648,False,False
2024-06-03 17:00:00+00:00,buy,68857.11158998002,0.015696022274537716,1.0807827572766555,0.0,1080.7827572766555,69268.97,1.0,1.0,1.0,0.030462503734262486,False,False
2024-06-04 02:00:00+00:00,sell,69180.802295,0.015696022274537716,1.08586341379271,0.5432033085506643,1085.86341379271,69139.57,8.75651076269652e-27,8.75651076269652e-27,0.997776832909821,0.03044510791099636,False,False
2024-06-04 05:00:00+00:00,buy,69095.75061,0.015734624144808695,1.087195665851786,0.543326169840998,1087.195665851786,68956.01,1.0,1.0,1.0,0.030445814062185328,False,False
2024-06-04 11:00:00+00:00,sell,68856.21467,0.015734624144808695,1.0834266578667127,0.5419843210939392,1083.4266578667127,68955.85,8.75651076269652e-27,8.75651076269652e-27,1.0020075792216836,0.030452069646791896,False,False
2024-06-04 20:00:00+00:00,buy,70195.36620230203,0.01533047509041667,1.0761283130270674,0.0,1076.1283130270674,70402.69,1.0,1.0,1.0,0.0304963178753416,False,False
2024-06-05 01:00:00+00:00,sell,71005.50426222617,0.01533047509041667,1.088548114374533,0.0,1088.548114374533,70986.3,8.75651076269652e-27,8.75651076269652e-27,0.997778482269075,0.030500640215749497,False,False
2024-06-05 03:00:00+00:00,buy,70873.37898000001,0.015385571857268084,1.0904274650641834,0.5449412619011749,1090.4274650641835,70947.58,1.0,1.0,1.0,0.030504816359756298,False,False
2024-06-05 05:00:00+00:00,sell,71132.95573,0.015385571857268084,1.0944212018037844,0.5474843430733074,1094.4212018037845,70999.99,8.75651076269652e-27,8.75651076269652e-27,1.0019999263552244,0.030502227859364822,False,False
2024-06-05 06:00:00+00:00,buy,71035.489995,0.015360551265852864,1.0911442857631757,0.5452994931348826,1091.1442857631757,71119.05,1.0,1.0,1.0,0.030502883031580247,False,False
2024-06-05 08:00:00+00:00,sell,71164.39000500001,8.941384188223059e-05,0.006363081515552461,0.003183132323937918,6.363081515552461,70927.57,1.0,1.0020065608172364,0.0020065608172363802,0.030423965336951686,True,False
2024-06-05 15:00:00+00:00,buy,70903.423995,0.00015342896782089,0.010878639158519774,0.005436601278620487,10.878639158519775,71580.0,1.0,0.996198059969681,0.003801940030318973,0.030413926480693132,True,False
2024-06-05 16:00:00+00:00,sell,71544.21999499999,0.015424566391791524,1.103538571261816,0.5520453082850901,1103.538571261816,71312.77,8.75651076269652e-27,8.75651076269652e-27,1.006149728516437,0.03041646624995828,False,False
2024-06-05 19:00:00+00:00,buy,71132.3484,0.015403785050986715,1.095707404925499,0.5475799125064911,1095.7074049254988,71279.95,1.0,1.0,1.0,0.03043247536330984,False,False
2024-06-06 08:00:00+00:00,sell,70985.94927000001,0.015403785050986715,1.0934523041953275,0.5469996519235408,1093.4523041953275,70904.01,8.75651076269652e-27,8.75651076269652e-27,1.0020099712964867,0.030563106301419174,False,False
2024-06-06 09:00:00+00:00,buy,70939.462005,0.015367550932722568,1.090165795501775,0.5448104925046227,1090.165795501775,70978.88,1.0,1.0,1.0,0.030565880671899165,False,False
2024-06-06 10:00:00+00:00,sell,70943.400555,0.015367550932722568,1.090226321369501,0.5453858536115448,1090.226321369501,70988.0,8.75651076269652e-27,8.75651076269652e-27,1.0020021336224352,0.03054452799354543,False,False
2024-06-06 17:00:00+00:00,buy,70984.42447499999,0.015312572242633738,1.086954127875216,0.5432054612069346,1086.9541278752158,71098.31,1.0,1.0,1.0,0.03078756136102251,False,False
2024-06-06 19:00:00+00:00,sell,71039.46250000001,0.00015887660846288995,0.011286508869026655,0.005646077473248565,11.286508869026655,70479.49,1.0,1.0020178888958375,0.0020178888958375385,0.03081034264934468,True,False
2024-06-06 23:00:00+00:00,sell,70865.559495,0.015153695634170848,1.073875119532456,0.5372061628476624,1073.875119532456,70799.06,8.75651076269652e-27,8.75651076269652e-27,0.9915928677416285,0.030815130982674854,False,False
2024-06-07 00:00:00+00:00,buy,70834.45953,0.015273652637230933,1.0819009296072122,0.5406801247411613,1081.9009296072122,70883.05,1.0,1.0,1.0,0.03081585469630979,False,False
2024-06-07 01:00:00+00:00,sell,70847.608475,0.015273652637230933,1.0821017620256885,0.5413215417837667,1082.1017620256885,70840.01,8.75651076269652e-27,8.75651076269652e-27,1.0020033489675553,0.03081272354180417,False,False
2024-06-07 08:00:00+00:00,buy,71145.565005,0.015164040583636393,1.078854235081561,0.5391575387714249,1078.854235081561,71117.2,1.0,1.0,1.0,0.03079406712715549,False,False
2024-06-07 10:00:00+00:00,sell,71266.40897,0.015164040583636393,1.0806867178711086,0.5406136657683419,1080.6867178711086,71377.38,8.75651076269652e-27,8.75651076269652e-27,1.0019969864045761,0.030748904475568162,False,False
2024-06-07 13:00:00+00:00,buy,71269.70704499999,0.015117877524298337,1.0774467022989322,0.5384541240872982,1077.4467022989322,71534.6,1.0,1.0,1.0,0.030760255151256605,False,False
2024-06-07 14:00:00+00:00,sell,71498.83270000001,0.015117877524298337,1.0809105958888972,0.5407256607747187,1080.9105958888972,71430.94,8.75651076269652e-27,8.75651076269652e-27,1.001998974933877,0.030760934000627488,False,False
2024-06-07 15:00:00+00:00,buy,71191.23824803131,0.015079386544200952,1.0735202001023674,0.0,1073.5202001023674,71111.54,1.0,1.0,1.0,0.030770065173942457,False,False
2024-06-07 17:00:00+00:00,sell,70838.04326,0.00022763500352706093,0.016125218227340195,0.008066642434885286,16.125218227340195,69803.59,1.0,0.9975918896736747,0.0024081103263252635,0.030831869045093108,True,False
2024-06-07 18:00:00+00:00,sell,69768.688205,0.00013811844104499177,0.009636342448628704,0.004820581515071605,9.636342448628705,69154.43,1.0,0.9821729004260753,0.0178270995739247,0.03085238726815348,True,False
2024-06-07 23:00:00+00:00,sell,69464.25050000001,0.0147136330996289,1.0220714953977135,0.5112913933954191,1022.0714953977134,69355.6,8.75651076269652e-27,8.75651076269652e-27,0.9730496723629276,0.03085369872645055,False,False
2024-06-08 21:00:00+00:00,buy,69407.42637,0.015118358144417438,1.0493263297439432,0.5244009643897133,1049.3263297439432,69404.91,1.0,1.0,1.0,0.030952490682281064,False,False
2024-06-08 22:00:00+00:00,sell,69370.19755,0.015118358144417438,1.048763491109889,0.5246440675886942,1048.7634911098892,69338.15,8.75651076269652e-27,8.75651076269652e-27,1.0020055119967661,0.03095054145482748,False,False
2024-06-08 23:00:00+00:00,buy,69372.81907499999,0.015072394566233266,1.0456145012703135,0.5225459776463031,1045.6145012703134,69310.46,1.0,1.0,1.0,0.03095074107535975,False,False
2024-06-09 02:00:00+00:00,sell,69250.367495,0.014704675131805895,1.0183041567721458,0.5094067817769049,1018.3041567721458,69174.93,0.024484803044697204,0.024484803044697204,0.9775244461729179,0.030952027341025923,False,False
2024-06-09 03:00:00+00:00,buy,69209.50746,0.014668853927991034,1.0152241553589456,0.5073583984801622,1015.2241553589456,69259.38,1.0,1.0,0.975515139168842,0.030948393977544397,False,False
2024-06-09 04:00:00+00:00,sell,69224.75031,0.015036573362418405,1.0409030365314114,0.5207118742028307,1040.9030365314113,69304.44,8.75651076269652e-27,8.75651076269652e-27,1.0019816525763285,0.03094788598866166,False,False
2024-06-09 21:00:00+00:00,buy,69721.70343,0.014884878197768217,1.0377990632964684,0.5186402115423667,1037.7990632964684,69749.96,1.0,1.0,1.0,0.03101795545016678,False,False
2024-06-09 22:00:00+00:00,sell,69715.075025,0.014884878197768217,1.0377004002953982,0.519109755025194,1037.7004002953981,69634.35,8.75651076269652e-27,8.75651076269652e-27,1.0020060246191764,0.03101764919546629,False,False
2024-06-09 23:00:00+00:00,buy,69669.17718,0.014849975079166326,1.034585544909023,0.5170342553268213,1034.5855449090232,69648.14,1.0,1.0,1.0,0.03101793303910788,False,False
2024-06-10 03:00:00+00:00,sell,69681.151995,0.014849975079166326,1.0347633706133508,0.5176405055594829,1034.7633706133508,69613.2,8.75651076269652e-27,8.75651076269652e-27,1.0020051205455929,0.030970859826985636,False,False
2024-06-10 04:00:00+00:00,buy,69648.0066,0.014812453854751908,1.0316578838379562,0.5155711563407522,1031.6578838379562,69674.33,1.0,1.0,1.0,0.030971435247020063,False,False
2024-06-10 10:00:00+00:00,sell,69415.27500000001,0.014812453854751908,1.0282105577524139,0.5143624601061306,1028.210557752414,69439.99,8.75651076269652e-27,8.75651076269652e-27,1.0020095200876626,0.030973393153460677,False,False
2024-06-10 13:00:00+00:00,buy,69398.682,0.014771425877083732,1.0251174871303048,0.5123025922690283,1025.1174871303049,69408.21,1.0,1.0,1.0,0.03093190596162848,False,False
2024-06-10 14:00:00+00:00,sell,69645.64842043816,0.014771425877083732,1.0287655333039358,0.0,1028.7655333039359,69662.09,8.75651076269652e-27,8.75651076269652e-27,1.001995915433755,0.03092688163593646,False,False
2024-06-10 19:00:00+00:00,buy,69628.74461984375,0.014682034043495898,1.022291598914428,0.0,1022.2915989144278,69490.8,1.0,1.0,1.0,0.030661956255873563,False,False
2024-06-11 01:00:00+00:00,sell,69376.15457,0.00014528497533059306,0.010079312905233862,0.005042177541387885,10.079312905233861,68724.01,1.0,0.9976535513066808,0.0023464486933192363,0.030675307238639732,True,False
2024-06-11 02:00:00+00:00,sell,68689.638,9.632362479863182e-05,0.006616434918265844,0.003309872395329981,6.616434918265844,68268.62,1.0,0.9876225748989629,0.01237742510103712,0.030687859217450375,True,False
2024-06-11 04:00:00+00:00,sell,68429.76800000001,9.279635396797908e-05,0.006350032973274689,0.0031766047890308445,6.350032973274689,68024.04,1.0,0.9809816287240813,0.019018371275918655,0.030707941416308976,True,False
2024-06-11 09:00:00+00:00,sell,67482.99162500001,9.18891726060106e-05,0.0062009562653995935,0.003102029147272545,6.2009562653995935,67084.34,1.0,0.9743043514044601,0.025695648595539855,0.030729281632027705,True,False
2024-06-11 10:00:00+00:00,buy,66860.51560987833,0.00044469352239845036,0.02973243819593337,0.0,29.73243819593337,66961.99,1.0,1.0,0.03201887601081321,0.030723930806903693,False,False
2024-06-11 13:00:00+00:00,sell,67243.5479206286,0.014700433439191134,0.98850930042226,0.0,988.50930042226,66812.0,8.75651076269652e-27,8.75651076269652e-27,0.99815662405459,0.030722078772420003,False,False
2024-06-11 16:00:00+00:00,buy,66277.60224,0.014934597338745342,0.9898293020319262,0.4946673173572392,989.8293020319262,66487.47,1.0,1.0,1.0,0.030723593468739513,False,False
2024-06-11 17:00:00+00:00,sell,66709.46897821073,0.014934597338745342,0.9962790578711009,0.0,996.2790578711009,66770.99,8.75651076269652e-27,8.75651076269652e-27,1.001988672404707,0.0307299040246424,False,False
2024-06-12 06:00:00+00:00,buy,67276.831605,0.014771805433983346,0.9938002666839216,0.4966518074381382,993.8002666839216,67281.64,1.0,1.0,1.0,0.030723109793091563,False,False
2024-06-12 08:00:00+00:00,sell,67419.91318,0.014771805433983346,0.9959138398710095,0.4982060229469224,995.9138398710095,67393.46,8.75651076269652e-27,8.75651076269652e-27,1.00200003213979,0.030713844581178984,False,False
2024-06-12 19:00:00+00:00,buy,68590.37615465646,0.014419024468626597,0.9890063120862937,0.0,989.0063120862937,67532.92,1.0,1.0,1.0,0.03100276356172693,False,False
2024-06-12 20:00:00+00:00,buy,67566.68646,0.00012192548349470624,0.008238100914770721,0.004116991961404526,8.23810091477072,68103.97,1.0,0.9975241536097769,0.0024758463902231354,0.031015770855639307,True,False
2024-06-12 22:00:00+00:00,sell,68501.732,0.00012516861417780252,0.00857426686321923,0.004289278070644485,8.57426686321923,68345.82,1.0,1.0058837635015623,0.005883763501562278,0.031029544951392457,True,False
2024-06-13 01:00:00+00:00,sell,68295.85499,7.392278859280274e-05,0.005048620050190483,0.0025255728115007683,5.0486200501904825,67979.63,1.0,0.9972034522232023,0.00279654777679772,0.031038508600795406,True,False
2024-06-13 08:00:00+00:00,sell,67690.9376,0.014341858549350698,0.9708138521321247,0.4856497509415067,970.8138521321247,67565.56,8.75651076269652e-27,8.75651076269652e-27,0.9920257462499633,0.031035178347924353,False,False
2024-06-13 10:00:00+00:00,buy,67453.56993,0.014493454590758119,0.9776352527649823,0.4885733397125951,977.6352527649823,67820.4,1.0,1.0,1.0,0.03093493253439228,False,False
2024-06-13 11:00:00+00:00,sell,67786.4898,0.014493454590758119,0.9824604117831883,0.49147594386350335,982.4604117831883,67739.99,8.75651076269652e-27,8.75651076269652e-27,1.001995018081068,0.030929961278362533,False,False
2024-06-13 14:00:00+00:00,buy,67358.81267240201,0.01448486009018126,0.9756829774004716,0.0,975.6829774004716,67365.62,1.0,1.0,1.0,0.03092577233084931,False,False
2024-06-13 15:00:00+00:00,sell,67331.93719,0.00019257279225467355,0.012966299152594597,0.006486392772683338,12.966299152594598,66470.01,1.0,0.997541361587793,0.0024586384122069482,0.03097143217708137,True,False
2024-06-13 16:00:00+00:00,buy,66503.24500499999,0.00010879725232293413,0.007235370327102893,0.0036158772249384333,7.235370327102893,66976.0,1.0,0.9842478841531483,0.015752115846851655,0.0309656969971141,True,False
2024-06-13 21:00:00+00:00,sell,66942.21363468676,0.014401084550249521,0.9640404785339904,0.0,964.0404785339904,66969.99,8.75651076269652e-27,8.75651076269652e-27,0.9916981588041461,0.030963853897568117,False,False
2024-06-14 10:00:00+00:00,buy,66953.470005,0.014512103271636543,0.9716356711069797,0.485575048029487,971.6356711069797,66873.14,1.0,1.0,1.0,0.03093377923021834,False,False
2024-06-14 12:00:00+00:00,sell,67265.39349649049,0.014512103271636543,0.9761623370283392,0.0,976.1623370283392,67083.3,8.75651076269652e-27,8.75651076269652e-27,1.0019996210119144,0.03092975847979118,False,False
2024-06-14 15:00:00+00:00,buy,66753.60375729877,0.014529711710708375,0.9699106182444106,0.0,969.9106182444106,66392.0,1.0,1.0,1.0,0.0309352929539575,False,False
2024-06-14 16:00:00+00:00,sell,66358.804,0.0002404256730537454,0.01595436011474157,0.007981170642691236,15.954360114741572,65293.4,1.0,0.9975155435300285,0.00248445646997153,0.03100630269012264,True,False
2024-06-14 21:00:00+00:00,sell,65994.08930645246,0.01428928603765463,0.9430084188944239,0.0,943.0084188944238,66196.01,8.75651076269652e-27,8.75651076269652e-27,0.9810272441653036,0.031025671692625517,False,False
2024-06-15 08:00:00+00:00,buy,66110.028495,0.014533935264318234,0.9608388744685639,0.4801793475605117,960.8388744685639,66221.31,1.0,1.0,1.0,0.03102673413533036,False,False
2024-06-15 09:00:00+00:00,sell,66188.199345,0.014533935264318234,0.9619750045420206,0.4812281163291279,961.9750045420205,66227.0,8.75651076269652e-27,8.75651076269652e-27,1.001999960549582,0.03110509266834008,False,False
2024-06-15 15:00:00+00:00,buy,66253.62025499999,0.014476037769137686,0.9590899091534855,0.4793053019256688,959.0899091534855,66316.02,1.0,1.0,1.0,0.03118746684907539,False,False
2024-06-15 16:00:00+00:00,sell,66282.86199,0.014476037769137686,0.9595132136137808,0.4799966051094334,959.5132136137809,66184.0,8.75651076269652e-27,8.75651076269652e-27,1.0020056180157932,0.031188531510901507,False,False
2024-06-15 17:00:00+00:00,buy,66217.09199999999,0.014446935864892613,0.9566340812836936,0.47807800164087666,956.6340812836936,66250.01,1.0,1.0,1.0,0.031189054246625214,False,False
2024-06-15 23:00:00+00:00,sell,66166.89000500001,0.014446935864892613,0.9559088162816393,0.4781935048932207,955.9088162816392,66228.25,8.75651076269652e-27,8.75651076269652e-27,1.0020031680383479,0.03119265028962162,False,False
2024-06-16 01:00:00+00:00,buy,66195.04098,0.014397426011501156,0.9530382048378371,0.47628096193793246,953.038204837837,66175.68,1.0,1.0,1.0,0.031193443365213624,False,False
2024-06-16 02:00:00+00:00,sell,66142.59216,0.014397426011501156,0.9522830768324964,0.4763797282802857,952.2830768324964,66142.86,8.75651076269652e-27,8.75651076269652e-27,1.0020050900230524,0.031194831183606497,False,False
2024-06-16 03:00:00+00:00,buy,66175.93143,0.014346957689744136,0.9494232883056191,0.47447440694928217,949.423288305619,66146.0,1.0,1.0,1.0,0.03119234186903569,False,False
2024-06-16 05:00:00+00:00,sell,66132.93699,0.014346957689744136,0.948806448894045,0.4746405447194123,948.8064488940449,66264.0,8.75651076269652e-27,8.75651076269652e-27,1.0020008381612542,0.031191580600650692,False,False
2024-06-16 15:00:00+00:00,buy,66552.26950499999,0.014213750772872707,0.9459573721131264,0.47274231489903595,945.9573721131263,66712.8,1.0,1.0,1.0,0.031214758823191163,False,False
2024-06-16 16:00:00+00:00,sell,66679.44360000001,0.014213750772872707,0.9477649930042223,0.47411955628010427,947.7649930042223,66592.19,8.75651076269652e-27,8.75651076269652e-27,1.0020023028000813,0.031215397337201634,False,False
2024-06-16 17:00:00+00:00,buy,66625.486095,0.014182619109733842,0.9449238922862534,0.4722258332264833,944.9238922862534,66578.02,1.0,1.0,1.0,0.03121523667506923,False,False
2024-06-16 23:00:00+00:00,sell,66722.612005,0.014182619109733842,0.9463013920734697,0.4733873897316369,946.3013920734697,66676.87,8.75651076269652e-27,8.75651076269652e-27,1.002001959186829,0.031207293068943764,False,False
2024-06-17 01:00:00+00:00,buy,66348.51424855947,0.01416245485749008,0.9396578379067608,0.0,939.6578379067608,66472.26,1.0,1.0,1.0,0.031204645147530824,False,False
2024-06-17 05:00:00+00:00,sell,66414.65606000001,0.01416245485749008,0.9405945683254802,0.47053255043790543,940.5945683254802,66351.62,8.75651076269652e-27,8.75651076269652e-27,0.9974579763385739,0.03120609559498977,False,False
2024-06-17 06:00:00+00:00,buy,66116.86762024299,0.014190735255521636,0.9382469643232392,0.0,938.2469643232391,66132.4,1.0,1.0,1.0,0.031209318686980903,False,False
2024-06-17 09:00:00+00:00,sell,66161.40275000001,0.00010127710231837284,0.006700635155838824,0.0033519935747059163,6.700635155838825,65722.08,1.0,0.997440678693105,0.002559321306894957,0.031215514618687212,True,False
2024-06-17 13:00:00+00:00,sell,65592.677255,9.134838696099601e-05,0.005991785263697462,0.0029973913275127525,5.991785263697461,65200.01,1.0,0.9902085983634504,0.009791401636549568,0.031164864685224336,True,False
2024-06-17 16:00:00+00:00,buy,65400.683999999994,0.00011349587223271826,0.00742270767519638,0.003709499088053463,7.4227076751963805,65898.0,1.0,0.9839293680052866,0.01607063199471337,0.031146561201522704,True,False
2024-06-17 17:00:00+00:00,sell,66130.32209323496,0.014111605638474986,0.9332050261250614,0.0,933.2050261250614,66607.28,8.75651076269652e-27,8.75651076269652e-27,0.9919450651819187,0.03117866231209493,False,False
2024-06-17 21:00:00+00:00,buy,66431.13897,0.014155626239889422,0.9403743739494728,0.46995221086926836,940.3743739494728,66572.0,1.0,1.0,1.0,0.031173725444187783,False,False
2024-06-17 22:00:00+00:00,sell,66538.714,0.014155626239889422,0.9418971658668978,0.47118417502085713,941.8971658668977,66656.0,8.75651076269652e-27,8.75651076269652e-27,1.001996734027121,0.031174029894630056,False,False
2024-06-18 00:00:00+00:00,buy,66269.70739665114,0.014113423979014928,0.9352924774541992,0.0,935.2924774541991,65749.99,1.0,1.0,1.0,0.031184952461949744,False,False
2024-06-18 01:00:00+00:00,sell,65717.10501,0.0001322240407804435,0.008689381172814929,0.004346864018416224,8.689381172814928,65133.99,1.0,0.997421947077451,0.002578052922548979,0.03120649551336399,True,False
2024-06-18 06:00:00+00:00,sell,65563.211995,0.013981199938234485,0.9166523754949485,0.45855546548006954,916.6523754949485,65500.0,8.75651076269652e-27,8.75651076269652e-27,0.9880749562165979,0.031191587466623927,False,False
2024-06-18 07:00:00+00:00,buy,65532.739994999996,0.01414243801228467,0.9267927131544559,0.46316477419010893,926.7927131544559,65672.51,1.0,1.0,1.0,0.031191551525534905,False,False
2024-06-18 08:00:00+00:00,sell,65639.673745,0.01414243801228467,0.9283050170852519,0.46438470089310063,928.305017085252,65727.53,8.75651076269652e-27,8.75651076269652e-27,1.0019975568124568,0.031190864768227522,False,False
2024-06-18 10:00:00+00:00,buy,65502.65495999999,0.014129530097268164,0.9255217347082917,0.46252960255278913,925.5217347082917,65435.52,1.0,1.0,1.0,0.031183532010459453,False,False
2024-06-18 13:00:00+00:00,sell,65199.334025000004,0.00011240093452746791,0.007328466074978536,0.0036660660705237816,7.328466074978536,64844.0,1.0,1.002023898126412,0.002023898126412016,0.031160741707804723,True,False
2024-06-18 19:00:00+00:00,sell,64645.661,0.014017129162740696,0.9061465800477488,0.4532999399938705,906.1465800477488,64412.19,8.75651076269652e-27,8.75651076269652e-27,0.993981454827688,0.03114918112847259,False,False
2024-06-18 20:00:00+00:00,buy,64185.327702211245,0.01413170652088978,0.9070482140347861,0.0,907.048214034786,64936.51,1.0,1.0,1.0,0.03117034036778102,False,False
2024-06-18 21:00:00+00:00,sell,65165.36664153358,0.01413170652088978,0.9208978367043335,0.0,920.8978367043335,65220.02,8.75651076269652e-27,8.75651076269652e-27,0.9975120788449553,0.031176584555188402,False,False
2024-06-19 08:00:00+00:00,buy,65359.553445,0.014117857145036824,0.9227368385999094,0.4611378503747436,922.7368385999093,65183.89,1.0,1.0,1.0,0.031166364908383676,False,False
2024-06-19 11:00:00+00:00,sell,65487.240000000005,0.014117857145036824,0.9245394991427415,0.4625010000713324,924.5394991427414,65210.0,8.75651076269652e-27,8.75651076269652e-27,1.0020081103549352,0.03117005877590867,False,False
2024-06-19 12:00:00+00:00,buy,65242.604999999996,0.0141283153826741,0.9217680998272302,0.46065372305203145,921.7680998272301,65192.21,1.0,1.0,1.0,0.031168525733276414,False,False
2024-06-19 18:00:00+00:00,sell,65051.448005,0.0141283153826741,0.9190673735142658,0.4597635685413978,919.0673735142658,64973.0,8.75651076269652e-27,8.75651076269652e-27,1.0020118365215562,0.031166310027812838,False,False
2024-06-19 19:00:00+00:00,buy,65005.4865,0.014095785434353945,0.9163033897597921,0.4579227335131263,916.303389759792,64882.01,1.0,1.0,1.0,0.03116720393267422,False,False
2024-06-19 22:00:00+00:00,sell,64971.87781,0.014095785434353945,0.9158296488768223,0.4581438963865938,915.8296488768223,64836.01,8.75651076269652e-27,8.75651076269652e-27,1.0020087537971307,0.031198740157331567,False,False
2024-06-19 23:00:00+00:00,buy,64868.428005,0.014075874293849554,0.9130798382380101,0.4563117632373798,913.0798382380101,64974.37,1.0,1.0,1.0,0.031201958844646216,False,False
2024-06-20 00:00:00+00:00,sell,64941.882815000004,0.014075874293849554,0.9141137789098488,0.4572855322210086,914.1137789098487,65098.01,8.75651076269652e-27,8.75651076269652e-27,1.0019964263633323,0.03120644653534574,False,False
2024-06-20 13:00:00+00:00,buy,65746.01678987718,0.013805953535822073,0.9076864529664221,0.0,907.6864529664222,65142.65,1.0,1.0,1.0,0.031228961251138443,False,False
2024-06-20 19:00:00+00:00,sell,65083.451995,0.013805953535822073,0.8985391141938764,0.44949430424904835,898.5391141938765,65050.0,8.75651076269652e-27,8.75651076269652e-27,0.997420549429621,0.03120374528951969,False,False
2024-06-20 20:00:00+00:00,buy,65082.514995,0.013828036216301494,0.8999633743988451,0.4497568087950217,899.9633743988451,65099.99,1.0,1.0,1.0,0.031203853438719092,False,False
2024-06-20 21:00:00+00:00,sell,65067.450000000004,0.013828036216301494,0.8997550551023867,0.45010257884055327,899.7550551023867,65050.46,8.75651076269652e-27,8.75651076269652e-27,1.0020044955103626,0.03120506567115286,False,False
2024-06-20 23:00:00+00:00,buy,65022.44497499999,0.013796067245419558,0.8970540233366929,0.4483028602381468,897.0540233366929,64869.99,1.0,1.0,1.0,0.031209006517341736,False,False
2024-06-21 02:00:00+00:00,sell,64935.506005,0.013796067245419558,0.8958546074603256,0.4481513794198044,895.8546074603256,64786.0,8.75651076269652e-27,8.75651076269652e-27,1.002010833022445,0.03121233482046007,False,False
2024-06-21 03:00:00+00:00,buy,64556.53839019356,0.01377947306099516,0.8895550816587721,0.0,889.555081658772,64506.14,1.0,1.0,1.0,0.03121859441865185,False,False
2024-06-21 06:00:00+00:00,sell,64629.139265000005,0.01377947306099516,0.8905554834573721,0.44550049197461705,890.5554834573721,64627.64,8.75651076269652e-27,8.75651076269652e-27,0.9974548758466812,0.03121798627443767,False,False
2024-06-21 08:00:00+00:00,buy,63973.09927037921,0.01388581150464781,0.8883183978366079,0.0,888.3183978366079,63639.64,1.0,1.0,1.0,0.03126153208606586,False,False
2024-06-21 09:00:00+00:00,buy,63671.45982,0.00010044796268928596,0.00639566842037173,0.003196236092139492,6.39566842037173,64100.0,1.0,0.9974393719272613,0.002560628072738713,0.031269131466690775,True,False
2024-06-21 10:00:00+00:00,sell,64067.950000000004,0.013986259467337095,0.8960709722403797,0.4482596159280928,896.0709722403797,63896.02,8.75651076269652e-27,8.75651076269652e-27,1.0046318501363105,0.03125980722353022,False,False
2024-06-21 11:00:00+00:00,buy,63927.96801,0.013938370458191674,0.8910517007628064,0.44530319878201313,891.0517007628064,63770.0,1.0,1.0,1.0,0.03125631269901985,False,False
2024-06-21 13:00:00+00:00,sell,63795.476305000004,0.013938370458191674,0.889204982295879,0.4448249035996786,889.204982295879,63615.21,8.75651076269652e-27,8.75651076269652e-27,1.002013376137204,0.031258703582764585,False,False
2024-06-21 14:00:00+00:00,buy,63647.01760499999,0.013928890501369978,0.8865323389588121,0.44304464715575176,886.5323389588121,64222.84,1.0,1.0,1.0,0.031285573794421956,False,False
2024-06-21 15:00:00+00:00,sell,64190.718585,0.013928890501369978,0.8941054903747199,0.447276383379041,894.1054903747198,63732.02,8.75651076269652e-27,8.75651076269652e-27,1.0020008287439814,0.03129857127836627,False,False
2024-06-21 16:00:00+00:00,buy,63763.886009999995,0.013980280036121494,0.8914369826111296,0.4454957434338187,891.4369826111296,63657.29,1.0,1.0,1.0,0.03129916298151156,False,False
2024-06-21 18:00:00+00:00,sell,63899.1236829771,0.013980280036121494,0.893327643150783,0.0,893.3276431507829,64172.01,8.75651076269652e-27,8.75651076269652e-27,1.001990738907362,0.031316393780980806,False,False
2024-06-22 09:00:00+00:00,buy,64321.304579999996,0.013853842343532772,0.8910972129816723,0.4453259435189777,891.0972129816723,64325.99,1.0,1.0,1.0,0.03132249287793043,False,False
2024-06-22 17:00:00+00:00,sell,64289.129355000005,0.013853842343532772,0.8906514624871548,0.44554850549627417,890.6514624871547,64256.37,8.75651076269652e-27,8.75651076269652e-27,1.002005534974428,0.03132523400325518,False,False
2024-06-22 18:00:00+00:00,buy,64288.50818999999,0.013812379617699468,0.8879772801758612,0.443766756709518,887.9772801758612,64260.81,1.0,1.0,1.0,0.031325271280063155,False,False
2024-06-22 20:00:00+00:00,sell,64262.86249500001,0.013812379617699468,0.8876230521009617,0.4440335428218025,887.6230521009617,64283.99,8.75651076269652e-27,8.75651076269652e-27,1.0020036473594092,0.03132464166250032,False,False
2024-06-22 21:00:00+00:00,buy,64316.142,0.013759502904493248,0.8849581426548001,0.44225794235621957,884.9581426548001,64330.0,1.0,1.0,1.0,0.03132453846840899,False,False
2024-06-22 22:00:00+00:00,sell,64297.83500000001,0.013759502904493248,0.8847062474351277,0.4425744109229372,884.7062474351277,64315.79,8.75651076269652e-27,8.75651076269652e-27,1.0020035172482935,0.03132553762660836,False,False
2024-06-23 00:00:00+00:00,buy,64294.141005,0.01371898408950175,0.882050297495777,0.44080474637464134,882.050297495777,64476.43,1.0,1.0,1.0,0.03133038237511937,False,False
2024-06-23 01:00:00+00:00,sell,64444.20178,0.01371898408950175,0.8841089788804605,0.4422756272538471,884.1089788804604,64476.19,8.75651076269652e-27,8.75651076269652e-27,1.0019978380449337,0.03132990721490361,False,False
2024-06-23 04:00:00+00:00,buy,64448.34806999999,0.013676990494681629,0.881459443951323,0.44050946724194906,881.459443951323,64378.02,1.0,1.0,1.0,0.031330345994520975,False,False
2024-06-23 10:00:00+00:00,sell,64386.600595,0.013676987527018583,0.8806147332449424,0.44052763043760995,880.6147332449424,64305.6,2.1780062392114284e-07,2.1780062392114284e-07,1.0020077448519173,0.03129385733929499,False,False
2024-06-23 11:00:00+00:00,buy,64337.752799999995,0.013646262729983321,0.87796987816552,0.43876555630455594,877.96987816552,64341.45,1.0,1.0,0.9999997824080545,0.031293665613783384,False,False
2024-06-23 13:00:00+00:00,sell,64343.812000000005,0.013646265697646367,0.8780527545514069,0.4392460002757682,878.0527545514068,64297.79,8.75651076269652e-27,8.75651076269652e-27,1.0020047536752665,0.03129137823139966,False,False
2024-06-23 14:00:00+00:00,buy,64329.938895,0.013608243062466288,0.875417444676764,0.43748997734968603,875.4174446767639,64192.01,1.0,1.0,1.0,0.03129068663759496,False,False
2024-06-23 18:00:00+00:00,sell,64088.329805,0.013608243062466288,0.8721295694539427,0.43628292619004194,872.1295694539427,64111.98,8.75651076269652e-27,8.75651076269652e-27,1.00201033119287,0.03129897163468573,False,False
2024-06-23 21:00:00+00:00,buy,63771.890009999996,0.013634616988807389,0.8695052949387022,0.43453537977944406,869.5052949387021,63844.67,1.0,1.0,1.0,0.031283463733928374,False,False
2024-06-23 23:00:00+00:00,sell,63626.171,0.00012326413207002299,0.007842824745253867,0.003923374059656503,7.842824745253867,63210.01,1.0,1.0020213516247898,0.00202135162478978,0.031301703506091766,True,False
2024-06-24 02:00:00+00:00,sell,63284.332005000004,9.283775015321571e-05,0.005875175003293343,0.002939057030161206,5.875175003293343,62880.94,1.0,0.9928801107278441,0.007119889272155899,0.03131371755115675,True,False
2024-06-24 05:00:00+00:00,sell,62809.539520000006,0.00011252034557420083,0.007067351092146825,0.0035354432677065237,7.067351092146825,62314.01,1.0,0.9858995912829593,0.014100408717040658,0.031333844156890334,True,False
2024-06-24 08:00:00+00:00,sell,62679.73373536663,0.01330599476100995,0.834016208704287,0.0,834.016208704287,62730.92,8.75651076269652e-27,8.75651076269652e-27,0.9777260108079571,0.031316494442614556,False,False
2024-06-24 10:00:00+00:00,buy,61180.350270729476,0.013878927363227895,0.8491176374642945,0.0,849.1176374642945,61167.15,1.0,1.0,1.0,0.03139436897942091,False,False
2024-06-24 14:00:00+00:00,sell,61538.405405000005,0.013878927363227895,0.854087058664866,0.4272571579113519,854.0870586648659,61303.41,8.75651076269652e-27,8.75651076269652e-27,0.9973846648091519,0.031350324231593674,False,False
2024-06-24 16:00:00+00:00,buy,60623.68634949638,0.014052936755185054,0.8519408301356483,0.0,851.9408301356482,60168.01,1.0,1.0,1.0,0.03141000798449739,False,False
2024-06-24 19:00:00+00:00,sell,60381.803995,0.014052936755185054,0.8485416727057152,0.42448307789180356,848.5416727057152,59306.72,8.75651076269652e-27,8.75651076269652e-27,0.9973147867661339,0.03154335024426519,False,False
2024-06-24 20:00:00+00:00,buy,59088.653001040366,0.014324053334806673,0.8463890170687867,0.0,846.3890170687866,59514.0,1.0,1.0,1.0,0.03154657469639205,False,False
2024-06-24 21:00:00+00:00,buy,59543.757,0.00014567143933122244,0.008673824785378552,0.004334745020178864,8.673824785378551,60119.24,1.0,0.9973625904958544,0.0026374095041455936,0.031575182939995616,True,False
2024-06-24 22:00:00+00:00,sell,60089.18038,0.014469724774137896,0.8694739020021268,0.4349544282151709,869.4739020021268,60048.98,8.75651076269652e-27,8.75651076269652e-27,1.0074315923467043,0.03157612242199098,False,False
2024-06-25 08:00:00+00:00,buy,60715.50258,0.014200503955552158,0.8621907345506272,0.43087992731161256,862.1907345506272,60860.12,1.0,1.0,1.0,0.03164925845379635,False,False
2024-06-25 09:00:00+00:00,sell,61086.656282481075,0.014200503955552158,0.8674613041708276,0.0,867.4613041708276,61468.01,8.75651076269652e-27,8.75651076269652e-27,1.0019789302765252,0.03165747941714231,False,False
2024-06-25 13:00:00+00:00,buy,61079.034255,0.014166928763330719,0.8653023272236218,0.43243494613869377,865.3023272236218,61200.0,1.0,1.0,1.0,0.03161484075590584,False,False
2024-06-25 14:00:00+00:00,sell,61427.33365504236,0.014166928763330719,0.8702366600123328,0.0,870.2366600123328,61763.44,8.75651076269652e-27,8.75651076269652e-27,1.001981261257905,0.03163841932283959,False,False
2024-06-25 17:00:00+00:00,buy,61418.0937,0.014133783987150773,0.8680700692583857,0.4338181255663556,868.0700692583857,61381.44,1.0,1.0,1.0,0.031645078354493233,False,False
2024-06-25 18:00:00+00:00,buy,61152.11433433835,0.00015078549472310673,0.009220851813267195,0.0,9.220851813267195,62159.09,1.0,1.0019795752546643,0.001979575254664301,0.0316908559772541,True,False
2024-06-25 19:00:00+00:00,sell,62391.384502009896,0.01428456948187388,0.8912340669892695,0.0,891.2340669892695,61975.46,8.75651076269652e-27,8.75651076269652e-27,1.0125419656108439,0.031693351188147645,False,False
2024-06-25 22:00:00+00:00,buy,61947.48826499999,0.014202621722128304,0.8798167424637772,0.43968852696831695,879.8167424637771,61909.99,1.0,1.0,1.0,0.03168646977226611,False,False
2024-06-26 02:00:00+00:00,sell,62321.95079665917,0.014202621722128304,0.8851350921500428,0.0,885.1350921500429,62028.01,8.75651076269652e-27,8.75651076269652e-27,1.002000900203058,0.03168959125666315,False,False
2024-06-26 03:00:00+00:00,buy,62059.024005,0.014227294463605917,0.8829320086431233,0.44124538163070737,882.9320086431233,61936.07,1.0,1.0,1.0,0.03168985300419069,False,False
2024-06-26 08:00:00+00:00,sell,61689.15999,8.566502803183593e-05,0.005284603619803761,0.0026436236217124535,5.284603619803761,61472.48,1.0,1.0020226615238932,0.0020226615238931878,0.03169501495377819,True,False
2024-06-26 14:00:00+00:00,sell,61729.12,0.014141629435574081,0.8729503404240848,0.4366935169704906,872.9503404240847,61728.13,8.75651076269652e-27,8.75651076269652e-27,0.9959937677399358,0.03164911689838906,False,False
2024-06-26 16:00:00+00:00,buy,61239.10675530225,0.014237555879819251,0.8718952044588324,0.0,871.8952044588324,61274.01,1.0,1.0,1.0,0.03165488581362691,False,False
2024-06-26 22:00:00+00:00,sell,61023.822825,0.014237555879819251,0.8688300874711271,0.43463235991545895,868.8300874711271,60924.61,8.75651076269652e-27,8.75651076269652e-27,0.997258170873507,0.03166433567284099,False,False
2024-06-26 23:00:00+00:00,buy,60955.072304999994,0.014278490655053796,0.8703464302850709,0.4349557372738078,870.3464302850708,60864.99,1.0,1.0,1.0,0.031663919176765004,False,False
2024-06-27 01:00:00+00:00,sell,60951.509000000005,0.014278490655053796,0.8702955516679274,0.43536545856316716,870.2955516679274,61064.01,8.75651076269652e-27,8.75651076269652e-27,1.0019999248741325,0.031664054976771994,False,False
2024-06-27 06:00:00+00:00,buy,60835.902749999994,0.014262684013006448,0.8676832575692399,0.43362481637634376,867.6832575692399,60742.01,1.0,1.0,1.0,0.03167020564206785,False,False
2024-06-27 09:00:00+00:00,sell,61093.183294041744,0.014262684013006448,0.8713527686716018,0.0,871.3527686716018,61282.78,8.75651076269652e-27,8.75651076269652e-27,1.0019888675315711,0.03168215989705353,False,False
2024-06-27 16:00:00+00:00,buy,61606.78799999999,0.014108524149223856,0.8691808562541143,0.434373241506208,869.1808562541144,61714.57,1.0,1.0,1.0,0.031686639308334874,False,False
2024-06-27 17:00:00+00:00,sell,61945.07429009341,0.014108524149223856,0.8739535765472488,0.0,873.9535765472488,61842.11,8.75651076269652e-27,8.75651076269652e-27,1.0019958672900593,0.03168784672249489,False,False
2024-06-27 20:00:00+00:00,buy,61480.725,0.01417968585242368,0.8717773664792507,0.4356708478156969,871.7773664792508,61493.11,1.0,1.0,1.0,0.031699815289065486,False,False
2024-06-28 00:00:00+00:00,sell,61675.606770000006,0.01417968585242368,0.8745407287562152,0.4374891089324795,874.5407287562152,61560.0,8.75651076269652e-27,8.75651076269652e-27,1.0020009210473524,0.03169784838708525,False,False
2024-06-28 01:00:00+00:00,buy,61590.769994999995,0.014156688132282283,0.8719213226463441,0.43574278992816756,871.9213226463442,62091.99,1.0,1.0,1.0,0.03171892404857776,False,False
2024-06-28 02:00:00+00:00,sell,62060.944005000005,0.014156688132282283,0.8785774294738189,0.4395084689712978,878.5774294738188,61730.67,8.75651076269652e-27,8.75651076269652e-27,1.0019989566454581,0.031728661877720665,False,False
2024-06-28 03:00:00+00:00,buy,61761.53533499999,0.014182835479881735,0.8759536946412073,0.437757968336364,875.9536946412073,61828.17,1.0,1.0,1.0,0.031728004524812364,False,False
2024-06-28 07:00:00+00:00,sell,61590.14952,9.078581223966216e-05,0.0055915117501354385,0.002797154452293875,5.591511750135439,61350.01,1.0,1.0020169725436474,0.0020169725436474106,0.031727578199955864,True,False
2024-06-28 12:00:00+00:00,sell,61659.155000000006,0.014092049667642072,0.8689038747248411,0.4346692719983336,868.9038747248411,61395.09,8.75651076269652e-27,8.75651076269652e-27,0.9955908051182165,0.031710433413328715,False,False
2024-06-28 13:00:00+00:00,buy,61425.78754499999,0.014193837895355105,0.8718676710082525,0.43571597751530394,871.8676710082525,61297.99,1.0,1.0,1.0,0.031644165407271746,False,False
2024-06-28 14:00:00+00:00,sell,61267.341005,0.0001141080455033406,0.006991096535267226,0.003497296916091193,6.991096535267226,60928.02,1.0,1.002019907496687,0.0020199074966869013,0.03162938175463248,True,False
2024-06-28 19:00:00+00:00,sell,60797.605990000004,0.00016302047865362004,0.009911254829483998,0.004958106467974868,9.911254829483997,60123.73,1.0,0.9938512152072327,0.006148784792767259,0.0316664793237314,True,False
2024-06-28 23:00:00+00:00,sell,60337.806005,0.013916709371198144,0.8397037102673192,0.42006188607668976,839.7037102673191,60427.84,8.75651076269652e-27,8.75651076269652e-27,0.9823223174603714,0.03166865629449683,False,False
2024-06-29 15:00:00+00:00,buy,61048.519005,0.013988945864588811,0.8540044274742662,0.4267888193274678,854.0044274742662,61106.0,1.0,1.0,1.0,0.031680587432370705,False,False
2024-06-29 16:00:00+00:00,sell,61075.447,0.013988945864588811,0.8543811217385632,0.4274042630007803,854.3811217385631,61009.91,8.75651076269652e-27,8.75651076269652e-27,1.002004776685237,0.031680846637369864,False,False
2024-06-29 17:00:00+00:00,buy,61040.414955,0.013954974762095116,0.8518174501648383,0.42569587714380114,851.8174501648383,61040.77,1.0,1.0,1.0,0.0316808583987907,False,False
2024-06-30 07:00:00+00:00,sell,61268.56346701587,0.013954974762095116,0.8550012568920293,0.0,855.0012568920293,61528.01,8.75651076269652e-27,8.75651076269652e-27,1.0019875973863266,0.03170458000190468,False,False
2024-06-30 13:00:00+00:00,buy,61526.748,0.013861764121742632,0.8528692679539003,0.4262215232153368,852.8692679539002,61719.61,1.0,1.0,1.0,0.03169722206343123,False,False
2024-06-30 14:00:00+00:00,sell,61688.750195,0.013861764121742632,0.8551149041681948,0.4277713377529746,855.1149041681948,61587.11,8.75651076269652e-27,8.75651076269652e-27,1.0020015386789298,0.031698196681325536,False,False
2024-06-30 15:00:00+00:00,buy,61617.903555,0.013836120993693147,0.852552768964695,0.42606335280589697,852.552768964695,61717.9,1.0,1.0,1.0,0.03169944831450844,False,False
2024-06-30 16:00:00+00:00,sell,61687.04105000001,0.013836120993693147,0.8535093637107162,0.4269681659382492,853.5093637107161,61603.54,8.75651076269652e-27,8.75651076269652e-27,1.0020039743371951,0.0317004073813619,False,False
2024-06-30 17:00:00+00:00,buy,61634.34177,0.013806417727073651,0.850949468809844,0.42526210335322073,850.949468809844,61707.99,1.0,1.0,1.0,0.03170099839195656,False,False
2024-06-30 19:00:00+00:00,sell,62024.27235000001,0.013806417727073651,0.8563330132818842,0.42838069698938647,856.3330132818842,62026.83,8.75651076269652e-27,8.75651076269652e-27,1.0019908034017577,0.03170932710301841,False,False
2024-06-30 22:00:00+00:00,buy,61970.969999999994,0.013776991054183025,0.8537734993090446,0.42667341294796407,853.7734993090445,62901.01,1.0,1.0,1.0,0.0317761817309547,False,False
2024-06-30 23:00:00+00:00,sell,62869.5495,0.013776991054183025,0.8661532210420169,0.4332932571495696,866.1532210420169,62772.01,8.75651076269652e-27,8.75651076269652e-27,1.0019778887455253,0.0317767603005332,False,False
2024-07-01 05:00:00+00:00,buy,63311.429894999994,0.013640163063730462,0.8635782275657394,0.4315733271192143,863.5782275657394,63432.94,1.0,1.0,1.0,0.03181680812838461,False,False
2024-07-01 08:00:00+00:00,sell,63246.20108,0.00010358109244800601,0.006551110601052657,0.0032771938974748174,6.551110601052657,62923.91,1.0,1.0020158698230137,0.002015869823013716,0.031826064176633306,True,False
2024-07-01 16:00:00+00:00,sell,63101.33355,0.013536581971282456,0.8541763740968108,0.427301837967368,854.1763740968108,63119.33,8.75651076269652e-27,8.75651076269652e-27,0.9943966901005592,0.03181845482092721,False,False
2024-07-01 20:00:00+00:00,buy,63258.39339,0.013565603899162615,0.8581383080261465,0.4288547266497297,858.1383080261465,63292.53,1.0,1.0,1.0,0.03185309900236857,False,False
2024-07-02 04:00:00+00:00,sell,63107.110660000006,0.013565603899162615,0.8560860664341827,0.42825716179791645,856.0860664341827,63038.01,8.75651076269652e-27,8.75651076269652e-27,1.0020105246811075,0.031800622327988415,False,False
2024-07-02 05:00:00+00:00,buy,63069.53900999999,0.013532878657112406,0.8535124183823471,0.426542937722263,853.5124183823472,63024.0,1.0,1.0,1.0,0.031788953126311525,False,False
2024-07-02 12:00:00+00:00,sell,62800.593995,0.013532878657112406,0.8498728181289171,0.4251489835562249,849.8728181289171,62878.45,8.75651076269652e-27,8.75651076269652e-27,1.0020096071971907,0.03176373717823294,False,False
2024-07-02 14:00:00+00:00,buy,62390.62894838987,0.013522798151871513,0.843695881837388,0.0,843.6958818373879,62035.43,1.0,1.0,1.0,0.03178114682949951,False,False
2024-07-02 18:00:00+00:00,sell,62116.916005,0.013522798151871513,0.839994516952372,0.4202073621572488,839.994516952372,62330.01,8.75651076269652e-27,8.75651076269652e-27,0.9972177673127042,0.03178108201235322,False,False
2024-07-02 20:00:00+00:00,buy,61970.06954999999,0.013579240502161674,0.8415064783551358,0.42054296769364424,841.5064783551358,62012.01,1.0,1.0,1.0,0.03179174461666831,False,False
2024-07-02 21:00:00+00:00,sell,61981.00399500001,0.013579240502161674,0.8416549598135487,0.42103799890616816,841.6549598135487,61958.02,8.75651076269652e-27,8.75651076269652e-27,1.0020038966823626,0.0317919344192297,False,False
2024-07-03 02:00:00+00:00,buy,61384.74766930238,0.013611461514285404,0.83553613046483,0.0,835.53613046483,61362.0,1.0,1.0,1.0,0.03180770345823103,False,False
2024-07-03 03:00:00+00:00,sell,61331.328995,8.296597252230135e-05,0.005088413356155395,0.00254547941778647,5.088413356155395,60987.99,1.0,0.9971914933966974,0.002808506603302563,0.03181640902338262,True,False
2024-07-03 06:00:00+00:00,sell,61090.959240000004,0.013528495541763103,0.8264687697203715,0.41344110541279777,826.4687697203715,61014.0,8.75651076269652e-27,8.75651076269652e-27,0.9910922504055452,0.031810675484755135,False,False
2024-07-03 07:00:00+00:00,buy,61044.507,0.013646829369561273,0.8330639709779887,0.41632382357717557,833.0639709779887,60870.01,1.0,1.0,1.0,0.03180945828978185,False,False
2024-07-03 08:00:00+00:00,sell,60839.574995,0.00011086023826748989,0.006744689780038521,0.0033740319059721757,6.74468978003852,60497.59,1.0,1.0020216551967605,0.0020216551967604524,0.031671981846944336,True,False
2024-07-03 12:00:00+00:00,sell,60355.81699500001,0.013535969131293783,0.8169744757383369,0.40869158366091385,816.9744757383369,60028.01,8.75651076269652e-27,8.75651076269652e-27,0.993800365320909,0.031658618031764924,False,False
2024-07-03 13:00:00+00:00,buy,59803.963947697746,0.013673911047845126,0.8177540833293558,0.0,817.7540833293558,60589.99,1.0,1.0,1.0,0.03168177609744646,False,False
2024-07-03 14:00:00+00:00,sell,60559.705,0.013673911047845126,0.8280880192537418,0.41425113519444423,828.0880192537418,60281.15,8.75651076269652e-27,8.75651076269652e-27,0.9972828021677073,0.03163219898600683,False,False
2024-07-03 20:00:00+00:00,buy,59700.945555,0.013894353763584525,0.8295060575616691,0.4145457559028531,829.5060575616691,59609.26,1.0,1.0,1.0,0.031533624072713706,False,False
2024-07-03 21:00:00+00:00,buy,59639.054625,0.00012096653140375273,0.007214329574185187,0.0036053621060392147,7.214329574185187,60247.59,1.0,1.001985291758776,0.001985291758775931,0.0315604363786651,True,False
2024-07-03 22:00:00+00:00,sell,60217.456210000004,0.014015320294988278,0.843966936132581,0.42219456534893446,843.9669361325809,60316.01,8.75651076269652e-27,8.75651076269652e-27,1.0106205910024553,0.031558267801609585,False,False
2024-07-04 02:00:00+00:00,buy,58338.379127624044,0.014238411296848363,0.830645836410585,0.0,830.6458364105849,58972.13,1.0,1.0,1.0,0.031855194860404085,False,False
2024-07-04 07:00:00+00:00,sell,58766.602000000006,0.00013949022537413508,0.008197366557452098,0.004100733645547954,8.197366557452098,58219.99,1.0,0.9971844778623364,0.002815522137663562,0.031870747729737886,True,False
2024-07-04 08:00:00+00:00,sell,58442.34116841177,0.00012871866719868334,0.0075226202631687045,0.0,7.5226202631687045,57688.46,1.0,0.9872241912000098,0.012775808799990185,0.031894271091292586,True,False
2024-07-04 11:00:00+00:00,sell,57917.456785,0.013970202404275545,0.809118594027332,0.4047616778525666,809.1185940273319,57761.94,8.75651076269652e-27,8.75651076269652e-27,0.9781321183166101,0.031845839278399096,False,False
2024-07-04 13:00:00+00:00,buy,57030.270080576265,0.014427503387970681,0.8228044148043971,0.0,822.8044148043971,57420.02,1.0,1.0,1.0,0.0318544726057228,False,False
2024-07-04 14:00:00+00:00,sell,57391.30999,0.014427503387970681,0.8280133193208007,0.4142137665436034,828.0133193208006,57450.25,8.75651076269652e-27,8.75651076269652e-27,0.9972109519787103,0.03185434625304334,False,False
2024-07-04 23:00:00+00:00,buy,57815.0577342808,0.014285077000508843,0.8258925515230656,0.0,825.8925515230655,57050.01,1.0,1.0,1.0,0.03198409817451628,False,False
2024-07-05 02:00:00+00:00,sell,57143.43399,0.0003512300726756772,0.020070492473245462,0.010040266369807312,20.070492473245462,55766.32,1.0,0.9970327119402831,0.0029672880597169105,0.03215648077371966,True,False
2024-07-05 03:00:00+00:00,sell,55985.80458659458,0.00013450785019812096,0.007530530216554938,0.0,7.530530216554937,55227.99,1.0,0.971701183754988,0.02829881624501196,0.03218127696637174,True,False
2024-07-05 04:00:00+00:00,buy,55007.461414290156,0.0002204654575098889,0.012127245147159038,0.0,12.127245147159039,53941.1,1.0,1.0,0.03866044954540415,0.032323252417051807,False,False
2024-07-05 05:00:00+00:00,buy,53968.07055,0.00022480092802218583,0.012132072343206797,0.0060630046692683555,12.132072343206797,54806.02,1.0,0.9773649634429774,0.022635036557022592,0.03238528292303877,True,False
2024-07-05 06:00:00+00:00,sell,54778.61699,0.0001356805582659916,0.007432393334242133,0.003718055694967809,7.432393334242133,54283.99,1.0,0.9927531057128293,0.007246894287170735,0.032408560872493164,True,False
2024-07-05 09:00:00+00:00,buy,54115.043999999994,0.00011477457029574964,0.006211030921635584,0.0031039634790776117,6.211030921635584,54528.0,1.0,0.9833002505436922,0.01669974945630781,0.03243435065974626,True,False
2024-07-05 10:00:00+00:00,sell,54748.572122631726,0.014223699475196878,0.7787272365684553,0.0,778.7272365684553,54987.99,8.75651076269652e-27,8.75651076269652e-27,0.9913235962082501,0.03245181177393028,False,False
2024-07-06 01:00:00+00:00,buy,56370.74329814989,0.013755988517323176,0.7754352975223223,0.0,775.4352975223223,56219.64,0.9921126810992255,0.9921126810992255,0.9921126810992255,0.032513163640878695,False,False
2024-07-06 07:00:00+00:00,sell,56647.46145712591,0.013755988517323176,0.7792418293397313,0.0,779.2418293397312,56606.0,8.75651076269652e-27,8.75651076269652e-27,0.9890972149029367,0.032534857507988124,False,False
2024-07-13 09:00:00+00:00,buy,57979.17509999999,0.013581417439895799,0.7874393798539121,0.3935229284626707,787.4393798539121,58678.02,1.0,1.0,1.0,0.03327491898380963,False,False
2024-07-13 10:00:00+00:00,sell,58648.68099,0.013581417439895799,0.7965322188244712,0.3984653420832236,796.5322188244712,58436.67,8.75651076269652e-27,8.75651076269652e-27,1.0019877898301328,0.033278305496315774,False,False
2024-07-13 14:00:00+00:00,buy,58647.018854999995,0.013541346736793101,0.7941596173947977,0.39688136801333357,794.1596173947977,58800.0,1.0,1.0,1.0,0.03328497416522622,False,False
2024-07-13 15:00:00+00:00,sell,58770.600000000006,0.013541346736793101,0.7958330725293727,0.3981155940616384,795.8330725293728,58830.63,8.75651076269652e-27,8.75651076269652e-27,1.0019972408039202,0.03328485158247302,False,False
2024-07-13 17:00:00+00:00,buy,58651.300995,0.013528220408576376,0.7934477271101149,0.3965256007546777,793.4477271101149,58708.0,1.0,1.0,1.0,0.03328740671736655,False,False
2024-07-13 22:00:00+00:00,buy,58428.189311815964,0.00015243203670499764,0.008906327897785282,0.0,8.906327897785282,59464.53,1.0,1.0019760524327186,0.001976052432718589,0.033322581070906826,True,False
2024-07-13 23:00:00+00:00,sell,59725.84405546027,0.013680652445281374,0.8170885145238266,0.0,817.0885145238266,59204.02,8.75651076269652e-27,8.75651076269652e-27,1.0131362322850321,0.033326114582097804,False,False
2024-07-14 03:00:00+00:00,buy,59385.678,0.013575202049582185,0.8061725777014277,0.4028848464274985,806.1725777014277,59466.15,1.0,1.0,1.0,0.0333513193976345,False,False
2024-07-14 05:00:00+00:00,sell,60214.46769573926,0.013575202049582185,0.8174235652776999,0.0,817.4235652776998,60265.38,8.75651076269652e-27,8.75651076269652e-27,1.0019742030695764,0.033369090990563954,False,False
2024-07-14 07:00:00+00:00,buy,59905.937999999995,0.013611366815449692,0.8154016965415867,0.40749709972086,815.4016965415866,60062.01,1.0,1.0,1.0,0.03337458814967553,False,False
2024-07-14 09:00:00+00:00,sell,60171.889005000005,0.013611366815449692,0.8190216532255793,0.4097156844549275,819.0216532255793,60186.01,8.75651076269652e-27,8.75651076269652e-27,1.0019941644725279,0.033375175940011687,False,False
2024-07-14 10:00:00+00:00,buy,59920.263932764705,0.013560670587710022,0.812558960720864,0.0,812.558960720864,59920.51,1.0,1.0,1.0,0.033378631278267956,False,False
2024-07-14 12:00:00+00:00,sell,60069.05045,0.00011625797913132965,0.0069835064136548886,0.003493499956805392,6.983506413654888,59583.86,1.0,0.9965576698562536,0.003442330143746397,0.033392599739900025,True,False
2024-07-14 15:00:00+00:00,sell,59981.994000000006,0.013444412608578692,0.8064226764212915,0.4034130447329308,806.4226764212915,60084.0,8.75651076269652e-27,8.75651076269652e-27,0.98805708179531,0.03339501365281461,False,False
2024-07-14 18:00:00+00:00,buy,60035.56277999999,0.013581689270423478,0.815384358852961,0.4074884352088117,815.384358852961,60020.11,1.0,1.0,1.0,0.033383616738898086,False,False
2024-07-14 21:00:00+00:00,buy,60114.041999999994,0.00024239234720077954,0.014571183740106243,0.007281950894604366,14.571183740106243,61276.36,1.0,1.0019628572318255,0.0019628572318255433,0.033452032425697276,True,False
2024-07-14 22:00:00+00:00,sell,61245.721820000006,0.013824081617624258,0.846665857169991,0.42354470093538665,846.665857169991,60861.4,8.75651076269652e-27,8.75651076269652e-27,1.0196616371952563,0.03345139806367797,False,False
2024-07-15 08:00:00+00:00,buy,62871.54006,0.013194950113205928,0.829586834632128,0.414586124253894,829.586834632128,62879.54,1.0,1.0,1.0,0.033403085138514005,False,False
2024-07-15 15:00:00+00:00,sell,63186.45097,0.013194950113205928,0.8337420683796822,0.41707957397682455,833.7420683796822,63026.0,8.75651076269652e-27,8.75651076269652e-27,1.0019985863877219,0.033293209311848065,False,False
2024-07-15 16:00:00+00:00,buy,63057.523004999995,0.013182374826745114,0.8312479038980128,0.41541624382700626,831.2479038980129,63411.77,1.0,1.0,1.0,0.03329815689954274,False,False
2024-07-15 17:00:00+00:00,sell,63689.314954771406,0.013182374826745114,0.8395764221924198,0.0,839.5764221924197,63081.97,8.75651076269652e-27,8.75651076269652e-27,1.0020027282607018,0.03328174669977618,False,False
2024-07-15 18:00:00+00:00,buy,63113.510985,0.013269635767219623,0.8374933027613646,0.4185373826893328,837.4933027613646,63499.0,1.0,1.0,1.0,0.03329029659633964,False,False
2024-07-15 19:00:00+00:00,sell,63777.051455518595,0.013269635767219623,0.8462982431219558,0.0,846.2982431219558,63342.0,8.75651076269652e-27,8.75651076269652e-27,1.0019962647307137,0.03328709899390611,False,False
2024-07-15 20:00:00+00:00,buy,63373.670999999995,0.013320977815836157,0.8441992654990992,0.42188868840527793,844.1992654990992,63731.36,1.0,1.0,1.0,0.03329183273303196,False,False
2024-07-15 21:00:00+00:00,sell,63699.494320000005,0.013320977815836157,0.8485395507167014,0.42448201636647176,848.5395507167013,63532.44,8.75651076269652e-27,8.75651076269652e-27,1.0019984894477745,0.033290080104758174,False,False
2024-07-15 22:00:00+00:00,buy,63564.20622,0.013309398356293389,0.846001341783562,0.4227892762536236,846.001341783562,64343.6,1.0,1.0,1.0,0.03332045976346623,False,False
2024-07-15 23:00:00+00:00,sell,64625.796380745756,0.013309398356293389,0.8601304681240488,0.0,860.1304681240488,64724.14,8.75651076269652e-27,8.75651076269652e-27,1.0019675303949118,0.03330420847867541,False,False
2024-07-16 03:00:00+00:00,buy,64852.079835,0.013230224062566718,0.8580075471405149,0.42878937888079804,858.0075471405148,64752.14,1.0,1.0,1.0,0.03328574018958255,False,False
2024-07-16 04:00:00+00:00,sell,64719.76393,8.066630092241726e-05,0.005220703952805187,0.0026116578053051198,5.220703952805187,64487.01,1.0,1.0020148712386294,0.002014871238629423,0.03328618364279992,True,False
2024-07-16 05:00:00+00:00,sell,64454.766495,0.0001696716209650083,0.010936144710127757,0.005470807758943104,10.936144710127756,63654.92,1.0,0.9958391970051079,0.004160802994892077,0.03329996465580479,True,False
2024-07-16 06:00:00+00:00,sell,63623.092540000005,0.00015400928010485607,0.009798546680130039,0.004901724202165047,9.79854668013004,62899.64,1.0,0.9826478042619965,0.017352195738003506,0.03332506790326101,True,False
2024-07-16 11:00:00+00:00,sell,63721.70740161103,0.012825876860574436,0.8172867724786177,0.0,817.2867724786176,63746.11,8.75651076269652e-27,8.75651076269652e-27,0.9712510674299991,0.03330056707828327,False,False
2024-07-16 14:00:00+00:00,buy,63143.269120499746,0.01325560529352323,0.8370022524040583,0.0,837.0022524040584,63836.09,1.0,1.0,1.0,0.0332475558230205,False,False
2024-07-16 15:00:00+00:00,sell,64115.3638065004,0.01325560529352323,0.8498879558696144,0.0,849.8879558696144,64878.24,8.75651076269652e-27,8.75651076269652e-27,0.9967188255264562,0.033276676415679135,False,False
2024-07-16 21:00:00+00:00,buy,64684.14591,0.013176259669356141,0.8522951030006809,0.42593458420823066,852.2951030006809,64500.01,1.0,1.0,1.0,0.03328213446847947,False,False
2024-07-17 00:00:00+00:00,sell,65329.00212698443,0.013176259669356141,0.8607918959650666,0.0,860.7918959650665,65505.41,8.75651076269652e-27,8.75651076269652e-27,1.0019783379136924,0.033293889100228985,False,False
2024-07-17 06:00:00+00:00,buy,65656.81199999999,0.013077943127479036,0.858656053267583,0.42911346989872184,858.6560532675829,65575.87,1.0,1.0,1.0,0.033279937087724004,False,False
2024-07-17 07:00:00+00:00,sell,65543.082065,8.957515584614474e-05,0.005871031790609029,0.0029369843874982897,5.871031790609029,65258.0,1.0,1.0020157749943002,0.002015774994300168,0.033282850742332976,True,False
2024-07-17 11:00:00+00:00,sell,65087.45999,7.904113579016575e-05,0.00514458676330657,0.002573580171738663,5.14458676330657,64723.73,1.0,0.9950931154611725,0.004906884538827483,0.033281297889244194,True,False
2024-07-17 13:00:00+00:00,buy,64763.095365,8.201009599976931e-05,0.005311227668125865,0.0026542866907173965,5.311227668125865,65141.95,1.0,0.9890825913344828,0.010917408665517159,0.03328174341977633,True,False
2024-07-17 14:00:00+00:00,sell,65109.379025,0.012991336931842495,0.8458578803368136,0.42314051042355477,845.8578803368137,65032.09,8.75651076269652e-27,8.75651076269652e-27,0.9953311289852885,0.0332718310932813,False,False
2024-07-17 15:00:00+00:00,buy,64747.62871644343,0.013048200783018021,0.8448400597164573,0.0,844.8400597164573,64724.01,1.0,1.0,1.0,0.03327532322281784,False,False
2024-07-17 16:00:00+00:00,sell,64691.64799500001,9.717202718778628e-05,0.00628621857779284,0.0031446816297108294,6.28621857779284,64242.0,1.0,0.996591408941892,0.0034085910581079792,0.033285447663595646,True,False
2024-07-17 20:00:00+00:00,sell,64553.48711,0.012951028755830235,0.8360340678507264,0.4182261469988236,836.0340678507264,64510.31,8.75651076269652e-27,8.75651076269652e-27,0.9891740658691555,0.03327674547587803,False,False
2024-07-17 22:00:00+00:00,buy,64350.159,0.013121110632771459,0.8443455554754339,0.42196179683929275,844.3455554754339,64269.2,1.0,1.0,1.0,0.03327367598886696,False,False
2024-07-18 01:00:00+00:00,sell,64411.308235000004,0.013121110632771459,0.8451479013529783,0.4227853433480947,845.1479013529784,64678.99,8.75651076269652e-27,8.75651076269652e-27,1.0019933000383319,0.03327557923487362,False,False
2024-07-18 05:00:00+00:00,buy,64606.287,0.013042272415509698,0.8426127948086027,0.4210958494795176,842.6127948086028,64756.77,1.0,1.0,1.0,0.03327002325938794,False,False
2024-07-18 06:00:00+00:00,sell,65039.91314470663,0.013042272415509698,0.848268265114354,0.0,848.268265114354,65000.01,8.75651076269652e-27,8.75651076269652e-27,1.0019913463042096,0.03327089521631821,False,False
2024-07-18 08:00:00+00:00,buy,64700.333999999995,0.013078109611484381,0.8461580599516496,0.42286759617767433,846.1580599516496,64936.9,1.0,1.0,1.0,0.03327762693745079,False,False
2024-07-18 09:00:00+00:00,sell,64904.421555,0.013078109611484381,0.8488271393662795,0.42462588262443385,848.8271393662795,64865.99,8.75651076269652e-27,8.75651076269652e-27,1.0019983794438247,0.033255282822652554,False,False
2024-07-18 11:00:00+00:00,buy,64642.294995,0.013091811236806907,0.8462847239885278,0.4229308965459726,846.2847239885278,64758.0,1.0,1.0,1.0,0.03325299656048761,False,False
2024-07-18 13:00:00+00:00,sell,64818.234670000005,0.013091811236806907,0.8485880930026931,0.4245062996511487,848.5880930026931,64594.2,8.75651076269652e-27,8.75651076269652e-27,1.0020050010056072,0.03325330324584394,False,False
2024-07-18 14:00:00+00:00,buy,64311.7927724837,0.013091312410293165,0.8419257708506181,0.0,841.9257708506182,63995.4,1.0,1.0,1.0,0.033269524547824336,False,False
2024-07-18 15:00:00+00:00,sell,63963.4023,9.354415065737295e-05,0.005983402141309356,0.0029931976694894127,5.983402141309356,63538.12,1.0,0.9965792286562706,0.003420771343729423,0.03326882395278377,True,False
2024-07-18 21:00:00+00:00,sell,63794.09699500001,0.012997768259635792,0.8291808890737382,0.4147978434585318,829.1808890737382,63850.0,8.75651076269652e-27,8.75651076269652e-27,0.9894727666424784,0.033254465769475605,False,False
2024-07-19 01:00:00+00:00,buy,63322.5763863925,0.013156707907567195,0.833116641470378,0.0,833.116641470378,63816.0,1.0,1.0,1.0,0.033243883906724,False,False
2024-07-19 02:00:00+00:00,sell,63784.082005000004,0.013156707907567195,0.839188536092098,0.4198041701310371,839.1885360920979,63828.0,8.75651076269652e-27,8.75651076269652e-27,0.9966570261252607,0.03324363375239531,False,False
2024-07-19 08:00:00+00:00,buy,63415.99425342114,0.013199769909732813,0.8370765327420974,0.0,837.0765327420974,63809.0,1.0,1.0,1.0,0.03325148267758121,False,False
2024-07-19 11:00:00+00:00,sell,63962.003000000004,0.013199769909732813,0.84428372256564,0.4223530378016647,844.28372256564,64116.0,8.75651076269652e-27,8.75651076269652e-27,0.9966641108096045,0.033222799165590705,False,False
2024-07-19 21:00:00+00:00,buy,66965.27590499999,0.012637485123421197,0.8462726780352333,0.4229248765792009,846.2726780352333,66892.28,1.0,1.0,1.0,0.033234146161985306,False,False
2024-07-20 16:00:00+00:00,sell,66791.57750500001,0.012637485123421197,0.8440775670892715,0.42224990849884536,844.0775670892715,66804.91,8.75651076269652e-27,8.75651076269652e-27,1.0020083253583907,0.03254834158085965,False,False
2024-07-20 20:00:00+00:00,buy,67257.612,0.012512184892039894,0.8415396767410811,0.4205595585911663,841.539676741081,67339.28,1.0,1.0,1.0,0.03256363120191491,False,False
2024-07-20 21:00:00+00:00,sell,67305.61036,0.012512184892039894,0.8421402410959159,0.42128076092833194,842.1402410959158,67092.41,8.75651076269652e-27,8.75651076269652e-27,1.002008449413499,0.03256558903522547,False,False
2024-07-20 22:00:00+00:00,buy,67125.94619999999,0.012508036100958799,0.839613758380618,0.41959708064994705,839.613758380618,67114.0,1.0,1.0,1.0,0.03255966250162892,False,False
2024-07-21 02:00:00+00:00,sell,67242.68184,0.012508036100958799,0.8410738919800067,0.4207473196498563,841.0738919800067,67287.01,8.75651076269652e-27,8.75651076269652e-27,1.0019987009161426,0.03254821726553794,False,False
2024-07-21 03:00:00+00:00,buy,67320.653505,0.012456093127762646,0.8385523294801207,0.41906663142434825,838.5523294801206,67171.33,1.0,1.0,1.0,0.03253348096425179,False,False
2024-07-21 06:00:00+00:00,sell,67012.477,8.520395439929294e-05,0.005709728034491667,0.0028562921633275866,5.709728034491667,66721.99,1.0,1.0020215190743609,0.002021519074360878,0.03252544364261983,True,False
2024-07-21 10:00:00+00:00,sell,66942.512,0.012370889173363353,0.8281383969385463,0.4142763366375617,828.1383969385463,66798.87,8.75651076269652e-27,8.75651076269652e-27,0.9951534865288899,0.03252085289772233,False,False
2024-07-21 11:00:00+00:00,buy,66832.25942999999,0.012439141306108148,0.8313359188562487,0.41546022931334814,831.3359188562487,66879.99,1.0,1.0,1.0,0.03251992664097847,False,False
2024-07-21 12:00:00+00:00,sell,66846.55000500001,0.012439141306108148,0.8315136813380195,0.41596482308046734,831.5136813380195,66928.02,8.75651076269652e-27,8.75651076269652e-27,1.0020006339105656,0.03251818644671667,False,False
2024-07-21 14:00:00+00:00,buy,66793.390005,0.012411680981715224,0.8290182484293461,0.41430197322804757,829.0182484293462,67290.76,1.0,1.0,1.0,0.03252047235988745,False,False
2024-07-21 15:00:00+00:00,sell,67257.104625,0.012411680981715224,0.8347737263593437,0.41759566101008727,834.7737263593436,67164.0,8.75651076269652e-27,8.75651076269652e-27,1.001992428915206,0.03250831013668229,False,False
2024-07-21 18:00:00+00:00,buy,66377.29825445889,0.01248144895514643,0.8284848599435588,0.0,828.4848599435588,66864.42,1.0,1.0,1.0,0.032493257110895596,False,False
2024-07-21 19:00:00+00:00,buy,66897.86221499999,0.0001040842062498739,0.006963010888461705,0.003479765561449446,6.963010888461705,67422.02,1.0,0.9969784790418369,0.003021520958163104,0.03250381783603187,True,False
2024-07-21 20:00:00+00:00,sell,67696.21473036277,0.012585533161396304,0.8519929553899857,0.0,851.9929553899856,67723.91,8.75651076269652e-27,8.75651076269652e-27,1.0052163786315178,0.03250537881916832,False,False
2024-07-22 02:00:00+00:00,buy,67883.93500499999,0.012479259748720307,0.8471412576926418,0.42335894937160184,847.1412576926418,68070.62,1.0,1.0,1.0,0.0324727756224967,False,False
2024-07-22 05:00:00+00:00,sell,67890.02800500001,7.968361364459921e-05,0.005409722761871442,0.002706214488179058,5.409722761871442,67626.01,1.0,1.0020111629843445,0.00201116298434445,0.032458259217751084,True,False
2024-07-22 12:00:00+00:00,sell,67482.251995,0.012399576135075708,0.836751321378367,0.4185849531657174,836.751321378367,67697.11,8.75651076269652e-27,8.75651076269652e-27,0.995602365594518,0.03244663875231102,False,False
2024-07-22 14:00:00+00:00,buy,66826.80981356303,0.012507132965225176,0.8358117959800475,0.0,835.8117959800475,66712.0,1.0,1.0,1.0,0.03244371031663365,False,False
2024-07-22 17:00:00+00:00,buy,67085.53600499999,7.759412793448099e-05,0.0052054436633252,0.0026014211211014627,5.2054436633252,67468.0,1.0,0.9969799584908011,0.0030200415091988786,0.03244120197713396,True,False
2024-07-22 18:00:00+00:00,sell,67434.256005,0.012584727093159657,0.8486417085531879,0.42453312083704164,848.6417085531879,67445.49,8.75651076269652e-27,8.75651076269652e-27,1.0031403427603287,0.03243933584505462,False,False
2024-07-22 23:00:00+00:00,buy,67363.07861123864,0.012489262708642597,0.8413151856387024,0.0,841.3151856387025,67532.01,1.0,1.0,1.0,0.03239094473179627,False,False
2024-07-23 03:00:00+00:00,sell,67613.826175,0.012489262708642597,0.8444468378360701,0.4224346362361468,844.4468378360701,67473.99,8.75651076269652e-27,8.75651076269652e-27,0.9969773541981695,0.032357988997602505,False,False
2024-07-23 04:00:00+00:00,buy,67203.35269904307,0.012534237104871032,0.8423427569720805,0.0,842.3427569720805,66936.0,1.0,1.0,1.0,0.032366831985635725,False,False
2024-07-23 05:00:00+00:00,sell,66902.54199499999,9.512843373313609e-05,0.006364334032749711,0.0031837588958230005,6.364334032749711,66428.0,1.0,0.9969470268500363,0.003052973149963667,0.032374752154392616,True,False
2024-07-23 09:00:00+00:00,sell,67150.02290390483,0.012439108671137896,0.8352864321710708,0.0,835.2864321710708,66938.2,8.75651076269652e-27,8.75651076269652e-27,0.9894189466350708,0.032135758142412346,False,False
2024-07-23 12:00:00+00:00,buy,66415.84369163132,0.012648564636135853,0.8400650917970944,0.0,840.0650917970944,66504.68,1.0,1.0,1.0,0.032097458569980586,False,False
2024-07-23 13:00:00+00:00,sell,66471.437655,7.84878427978631e-05,0.005217199749213598,0.0026099048270203707,5.217199749213598,66092.01,1.0,0.9970771928609258,0.002922807139074224,0.03209834285993318,True,False
2024-07-23 14:00:00+00:00,buy,66125.046,0.0002160184776050563,0.014284231768484318,0.007138546610937144,14.284231768484318,67227.8,1.0,0.9910170692270126,0.008982930772987396,0.03214174405132969,True,False
2024-07-23 15:00:00+00:00,sell,67194.196095,0.012786095270943047,0.8591513929250993,0.4297905917583146,859.1513929250993,66584.01,8.75651076269652e-27,8.75651076269652e-27,1.0078675430223554,0.03214899618586156,False,False
2024-07-23 16:00:00+00:00,buy,66322.35180802962,0.012784100985030675,0.8478716430785824,0.0,847.8716430785825,65857.99,1.0,1.0,1.0,0.03216635867107473,False,False
2024-07-23 21:00:00+00:00,sell,65803.08200000001,0.012784100985030675,0.8412332454142544,0.4208270362251192,841.2332454142544,65872.0,8.75651076269652e-27,8.75651076269652e-27,0.997043382517574,0.032142087757488,False,False
2024-07-24 02:00:00+00:00,buy,65698.84300499999,0.01282959598488238,0.8428896124283657,0.42123418911953503,842.8896124283657,65878.16,1.0,1.0,1.0,0.03212654979614091,False,False
2024-07-24 03:00:00+00:00,sell,65845.22092,0.01282959598488238,0.8447675819389253,0.42259508851367417,844.7675819389253,66052.71,8.75651076269652e-27,8.75651076269652e-27,1.001992751402631,0.03212506765481471,False,False
2024-07-24 13:00:00+00:00,buy,66248.19754499999,0.012713338625346658,0.842235768708444,0.4209074306387966,842.235768708444,66344.0,1.0,1.0,1.0,0.03208735347580299,False,False
2024-07-24 14:00:00+00:00,sell,66602.68910725242,0.012713338625346658,0.8467425399791872,0.0,846.7425399791872,66760.01,8.75651076269652e-27,8.75651076269652e-27,1.0019881159382418,0.032091079036962566,False,False
2024-07-24 16:00:00+00:00,buy,66209.088,0.012757068224268949,0.8446338526826267,0.42210587340465405,844.6338526826266,66394.0,1.0,1.0,1.0,0.032087781222868594,False,False
2024-07-24 18:00:00+00:00,sell,66552.716995,0.012757068224268949,0.8490175512156786,0.42472113617592133,849.0175512156785,65754.0,8.75651076269652e-27,8.75651076269652e-27,1.0020174006411995,0.03209368733594986,False,False
2024-07-24 19:00:00+00:00,buy,65786.877,0.01286697336935844,0.8464779944122591,0.4230274834643091,846.4779944122591,65652.0,1.0,1.0,1.0,0.03209338785494775,False,False
2024-07-24 21:00:00+00:00,sell,66010.987995,0.01286697336935844,0.8493616246167047,0.42489325893771346,849.3616246167047,65647.05,8.75651076269652e-27,8.75651076269652e-27,1.0020077822604267,0.031950072812527375,False,False
2024-07-24 22:00:00+00:00,buy,65394.963008842045,0.012893113045777525,0.84314465069744,0.0,843.14465069744,65288.01,1.0,1.0,1.0,0.03194552826734015,False,False
2024-07-25 01:00:00+00:00,sell,65482.052595,0.012893113045777525,0.8442675065768845,0.42234492575127475,844.2675065768846,64478.0,8.75651076269652e-27,8.75651076269652e-27,0.9971129217151788,0.031966124503500615,False,False
2024-07-25 02:00:00+00:00,buy,64229.814480728826,0.013111573973820033,0.8421539638888131,0.0,842.1539638888131,64208.01,1.0,1.0,1.0,0.03196754122313408,False,False
2024-07-25 06:00:00+00:00,sell,64230.878495000004,0.013111573973820033,0.8421679147906389,0.42129460469763624,842.1679147906389,64324.01,8.75651076269652e-27,8.75651076269652e-27,0.9971484803264848,0.03186291313806905,False,False
2024-07-25 19:00:00+00:00,buy,64600.284,0.013060901220212444,0.8437379281216704,0.421658134993334,843.7379281216704,64692.01,1.0,1.0,1.0,0.03178706958108585,False,False
2024-07-25 20:00:00+00:00,sell,64936.46546460993,0.013060901220212444,0.848128761023007,0.0,848.1287610230071,65298.01,8.75651076269652e-27,8.75651076269652e-27,1.0019820558505996,0.03179525658123036,False,False
2024-07-26 06:00:00+00:00,buy,66957.47200499999,0.012635130173219983,0.8460163748529077,0.4227967890318615,846.0163748529077,67062.01,1.0,1.0,1.0,0.03154883453498836,False,False
2024-07-26 13:00:00+00:00,buy,67347.667005,8.258774361517493e-05,0.005562091855689116,0.002779656099794738,5.562091855689116,67887.88,1.0,1.0019759938148805,0.00197599381488045,0.03146466569635592,True,False
2024-07-26 14:00:00+00:00,sell,67853.93606,0.012717717916835158,0.8629472183580493,0.4316894539059443,862.9472183580493,67328.01,8.75651076269652e-27,8.75651076269652e-27,1.0085536780651847,0.0314754166175254,False,False
2024-07-26 15:00:00+00:00,buy,67361.66399999999,0.012689973534476357,0.8548177333982886,0.4271952690644821,854.8177333982886,67560.01,1.0,1.0,1.0,0.03147701263392544,False,False
2024-07-26 20:00:00+00:00,sell,67956.005,0.012689973534476357,0.862359904958743,0.4313956503044647,862.3599049587431,67435.17,8.75651076269652e-27,8.75651076269652e-27,1.0020013180192404,0.031493837106748745,False,False
2024-07-26 21:00:00+00:00,buy,67468.87758,0.012743455211375676,0.8597866196025186,0.42967847056593567,859.7866196025185,67946.01,1.0,1.0,1.0,0.031495659821719035,False,False
2024-07-26 22:00:00+00:00,sell,67912.027,0.012743455211375676,0.8654338743882357,0.4329334038960421,865.4338743882357,67926.0,8.75651076269652e-27,8.75651076269652e-27,1.001989996409776,0.031493188758945884,False,False
2024-07-27 00:00:00+00:00,buy,67941.954,0.012699775630989235,0.8628475717309915,0.43120818177458187,862.8475717309915,67872.27,1.0,1.0,1.0,0.03148688455516857,False,False
2024-07-27 03:00:00+00:00,sell,67993.986,0.012699775630989235,0.8635083664566232,0.43197016831241164,863.5083664566232,67798.0,8.75651076269652e-27,8.75651076269652e-27,1.0020077688029072,0.03148852033295932,False,False
2024-07-27 04:00:00+00:00,buy,67831.888995,0.012691934141212358,0.8609178677985674,0.43024381199323525,860.9178677985674,67866.01,1.0,1.0,1.0,0.03148856583947962,False,False
2024-07-27 07:00:00+00:00,sell,68058.843555,0.012691934141212358,0.8637983601271352,0.4321152376824081,863.7983601271352,68036.68,8.75651076269652e-27,8.75651076269652e-27,1.001997463643836,0.03148775704410306,False,False
2024-07-27 08:00:00+00:00,buy,68070.69833999999,0.0126517202344021,0.8612114315580593,0.4303905205187081,861.2114315580593,67986.0,1.0,1.0,1.0,0.031487818128650286,False,False
2024-07-27 10:00:00+00:00,sell,68183.0914,0.0126517202344021,0.8626333971094678,0.43153246478702995,862.6333971094679,68155.41,8.75651076269652e-27,8.75651076269652e-27,1.0020010110820607,0.03148680476081747,False,False
2024-07-27 11:00:00+00:00,buy,68189.49771,0.012612602765487702,0.8600470473943633,0.4298086193874595,860.0470473943633,68209.88,1.0,1.0,1.0,0.03148356962706528,False,False
2024-07-27 13:00:00+00:00,sell,68650.01492412756,0.012612602765487702,0.8658553680828234,0.0,865.8553680828234,69226.01,8.75651076269652e-27,8.75651076269652e-27,1.0019734488153562,0.03149362741478648,False,False
2024-07-27 16:00:00+00:00,buy,68878.42199999999,0.01253950741427824,0.8637014833527853,0.43163492421417754,863.7014833527853,68684.01,1.0,1.0,1.0,0.03149477095391234,False,False
2024-07-27 19:00:00+00:00,sell,68508.48862,7.948608360740413e-05,0.005445471454266214,0.0027240977760204055,5.445471454266214,68246.0,1.0,1.0020221098946784,0.0020221098946784366,0.031494540434425705,True,False
2024-07-27 20:00:00+00:00,sell,68211.87700000001,8.30315110154807e-05,0.005663735216512116,0.00283328425038061,5.663735216512116,67791.22,1.0,0.9956266234855942,0.004373376514405836,0.03149751436115497,True,False
2024-07-27 21:00:00+00:00,buy,67825.105605,0.0001951344864525844,0.01323501715082398,0.006614201474674239,13.23501715082398,68860.0,1.0,0.9891305957828247,0.010869404217175305,0.03153547631418216,True,False
2024-07-27 22:00:00+00:00,sell,68825.579995,0.01257212430610794,0.8652837471371159,0.43285830271994286,865.2837471371158,68619.97,8.75651076269652e-27,8.75651076269652e-27,1.004528708219145,0.031534566641347905,False,False
2024-07-28 00:00:00+00:00,buy,67647.05398536059,0.012667758045638432,0.8569365123867889,0.0,856.9365123867889,67958.0,1.0,1.0,1.0,0.031538860747006625,False,False
2024-07-28 04:00:00+00:00,sell,67906.96953,0.00011241966973134579,0.007634079087019163,0.0038189490180186134,7.634079087019162,67338.0,1.0,0.9973076195371405,0.002692380462859467,0.03154622241516766,True,False
2024-07-28 08:00:00+00:00,sell,67527.07957,0.012555338375907086,0.8478253335381524,0.42412472913362903,847.8253335381523,67380.0,8.75651076269652e-27,8.75651076269652e-27,0.9884035096348469,0.03154441343910491,False,False
2024-07-28 09:00:00+00:00,buy,67413.69,0.012711173465469404,0.8569071075373801,0.4282394340516938,856.90710753738,67433.65,1.0,1.0,1.0,0.03153365800245714,False,False
2024-07-28 10:00:00+00:00,sell,67399.933175,0.012711173465469404,0.856732242148471,0.42858041127982305,856.732242148471,67560.01,8.75651076269652e-27,8.75651076269652e-27,1.0019991584362185,0.03153371874362734,False,False
2024-07-28 15:00:00+00:00,buy,67779.87299999999,0.012601977142848317,0.8541604102911617,0.4268667717596042,854.1604102911617,67645.0,1.0,1.0,1.0,0.0315344570929888,False,False
2024-07-28 18:00:00+00:00,sell,68237.55791972979,0.012601977142848317,0.859928145188223,0.0,859.928145188223,68236.01,8.75651076269652e-27,8.75651076269652e-27,1.0019900867774634,0.031514291001422945,False,False
2024-07-28 23:00:00+00:00,buy,68044.23511499999,0.012606343532277782,0.8577890032507688,0.4286801615445196,857.7890032507688,68249.88,1.0,1.0,1.0,0.031458057278903745,False,False
2024-07-29 00:00:00+00:00,sell,68498.38977268244,0.012606343532277782,0.8635142328822978,0.0,863.5142328822977,68714.01,8.75651076269652e-27,8.75651076269652e-27,1.0019839387752787,0.031459538786711566,False,False
2024-07-29 08:00:00+00:00,buy,69562.77400499998,0.012382571704886644,0.861366037107737,0.4304677846614139,861.3660371077369,69457.5,1.0,1.0,1.0,0.031268285119039285,False,False
2024-07-29 13:00:00+00:00,sell,70046.0134888236,0.012382571704886644,0.8673497846668153,0.0,867.3497846668154,69273.6,8.75651076269652e-27,8.75651076269652e-27,1.002011886474386,0.031198678745054137,False,False
2024-07-29 14:00:00+00:00,buy,69027.66334780841,0.012483258530064894,0.8616901672969772,0.0,861.6901672969772,68228.01,1.0,1.0,1.0,0.03123853153955955,False,False
2024-07-29 16:00:00+00:00,sell,68069.938005,0.00021335406727014151,0.014522998132193134,0.0072651316319128694,14.522998132193134,66940.01,1.0,0.9973643156171988,0.002635684382801151,0.03128519238976507,True,False
2024-07-29 21:00:00+00:00,sell,67336.315,0.012269904462794752,0.8262101519266533,0.41331173182921266,826.2101519266532,67500.0,8.75651076269652e-27,8.75651076269652e-27,0.9802237763677921,0.03128310731740985,False,False
2024-07-29 23:00:00+00:00,buy,66987.89688830168,0.012519906196760251,0.838682185359785,0.0,838.682185359785,66784.69,1.0,1.0,1.0,0.03126701108504801,False,False
2024-07-30 04:00:00+00:00,sell,66576.695,0.012519906196760251,0.8335339762903173,0.4169754758830127,833.5339762903174,66808.04,8.75651076269652e-27,8.75651076269652e-27,0.9974251431180323,0.03125682579003333,False,False
2024-07-30 14:00:00+00:00,buy,66145.80670699982,0.012570315976466056,0.8314736908252354,0.0,831.4736908252354,65810.0,1.0,1.0,1.0,0.031257934016515054,False,False
2024-07-30 15:00:00+00:00,buy,65575.67929155377,7.754972665169335e-05,0.005085376004059103,0.0,5.0853760040591025,66216.01,1.0,0.9974385060247283,0.0025614939752717225,0.031264285496519106,True,False
2024-07-30 16:00:00+00:00,sell,66451.78144734635,0.01264786570311775,0.8404732074789683,0.0,840.4732074789682,66180.01,8.75651076269652e-27,8.75651076269652e-27,1.0035403081704928,0.031264105864491354,False,False
2024-07-30 18:00:00+00:00,buy,65633.42076092628,0.012702369838182985,0.833699984250363,0.0,833.699984250363,65824.01,1.0,1.0,1.0,0.031266197756035424,False,False
2024-07-30 20:00:00+00:00,sell,66165.46466722594,0.012702369838182985,0.8404582027183328,0.0,840.4582027183328,66186.01,8.75651076269652e-27,8.75651076269652e-27,0.9974537577372069,0.03125227719000864,False,False
2024-07-31 03:00:00+00:00,buy,66155.23108499999,0.012730433435656094,0.8421847657480392,0.4208819419029906,842.1847657480392,66058.0,1.0,1.0,1.0,0.031163757557778476,False,False
2024-07-31 06:00:00+00:00,sell,66408.51786807025,0.012730433435656094,0.8454092162800466,0.0,845.4092162800466,66459.99,8.75651076269652e-27,8.75651076269652e-27,1.0019943006610956,0.031167610424807035,False,False
2024-07-31 11:00:00+00:00,buy,66024.996,0.01277245512204832,0.8433012983434198,0.42143992920709594,843.3012983434198,66094.01,1.0,1.0,1.0,0.031158153914841086,False,False
2024-07-31 13:00:00+00:00,sell,66386.60589349044,0.01277245512204832,0.8479199444797152,0.0,847.9199444797151,66508.0,8.75651076269652e-27,8.75651076269652e-27,1.0019889271695162,0.031163024211391555,False,False
2024-07-31 20:00:00+00:00,buy,65025.03696989225,0.012954748849713933,0.8423830228883177,0.0,842.3830228883177,64595.81,1.0,1.0,1.0,0.031243212306398094,False,False
2024-08-01 01:00:00+00:00,sell,64613.57705000001,8.895557203763942e-05,0.005747737707880841,0.0028753065071935105,5.747737707880841,64202.0,1.0,0.9974091784208821,0.002590821579117941,0.031222776360055493,True,False
2024-08-01 05:00:00+00:00,buy,63772.280205,0.00011375677965411168,0.007254529227320454,0.003625451887716284,7.254529227320454,64303.99,1.0,0.9905419662572152,0.009458033742784755,0.03123646189936169,True,False
2024-08-01 06:00:00+00:00,sell,64271.848000000005,0.012979550057330405,0.8342196683931312,0.4173184934432169,834.2196683931312,64226.0,8.75651076269652e-27,8.75651076269652e-27,0.9992398725915937,0.03123522179595728,False,False
2024-08-01 15:00:00+00:00,buy,63708.51155745606,0.0130381082587619,0.8306384706906959,0.0,830.6384706906958,62906.6,1.0,1.0,1.0,0.0312514524204163,False,False
2024-08-01 19:00:00+00:00,buy,62985.466994999995,9.692944684309458e-05,0.006105146474979341,0.0030510477136325882,6.105146474979341,63422.01,1.0,0.9974269350339895,0.0025730649660105076,0.031265216235001,True,False
2024-08-01 20:00:00+00:00,sell,63649.756365232446,0.013135037705604995,0.8360419498098998,0.0,836.0419498098997,64760.0,8.75651076269652e-27,8.75651076269652e-27,1.00470225872058,0.03133760521391055,False,False
2024-08-02 02:00:00+00:00,buy,64415.90996045308,0.012857702777863696,0.8282406244371353,0.0,828.2406244371352,64359.91,1.0,1.0,1.0,0.03133539859488926,False,False
2024-08-02 08:00:00+00:00,buy,64196.152035,8.695632218196601e-05,0.005582261279197933,0.002789735771713062,5.582261279197933,64598.01,1.0,0.9974110652602545,0.00258893473974553,0.031344549142667405,True,False
2024-08-02 09:00:00+00:00,sell,64565.71099500001,0.012944659100045662,0.8357811183823451,0.418099608995586,835.7811183823451,64511.99,8.75651076269652e-27,8.75651076269652e-27,1.0041300127082646,0.031333780082317964,False,False
2024-08-02 15:00:00+00:00,buy,62927.34130787429,0.013158953203840185,0.8280579395123971,0.0,828.0579395123972,63416.01,1.0,1.0,1.0,0.03148416772283816,False,False
2024-08-02 21:00:00+00:00,sell,62590.698995000006,0.0001334344790982992,0.008351757316796266,0.004177967642218699,8.351757316796265,61987.01,1.0,0.9973021931704014,0.002697806829598637,0.03150506900310818,True,False
2024-08-02 22:00:00+00:00,sell,62214.27131822226,0.00012629203676442317,0.007857167040592724,0.0,7.857167040592723,61386.01,1.0,0.9869826645886238,0.013017335411376174,0.03152021311921713,True,False
2024-08-03 02:00:00+00:00,sell,61566.98187399725,0.012899226687977463,0.7941664556872899,0.0,794.16645568729,61450.01,8.75651076269652e-27,8.75651076269652e-27,0.9773195385721842,0.03152359626578699,False,False
2024-08-03 16:00:00+00:00,buy,60654.97180088821,0.013334108714079952,0.8087799880424973,0.0,808.7799880424973,60912.01,1.0,1.0,1.0,0.03155417771142496,False,False
2024-08-03 21:00:00+00:00,sell,60617.443934112736,0.013334108714079952,0.8082795873871056,0.0,808.2795873871056,60648.0,8.75651076269652e-27,8.75651076269652e-27,0.9973132788856294,0.031522453844242376,False,False
2024-08-04 05:00:00+00:00,buy,60594.40206,0.01336847423053021,0.8100547024534966,0.40482493875733927,810.0547024534966,60792.0,1.0,1.0,1.0,0.03149777209028015,False,False
2024-08-04 06:00:00+00:00,sell,60761.60400000001,0.01336847423053021,0.8122899372796814,0.40634814271110753,812.2899372796813,60819.61,8.75651076269652e-27,8.75651076269652e-27,1.0019960727021846,0.0314946326296528,False,False
2024-08-04 08:00:00+00:00,buy,60153.37281581483,0.013407287816273932,0.8064935824612577,0.0,806.4935824612577,60565.41,1.0,1.0,1.0,0.03149156410270895,False,False
2024-08-04 09:00:00+00:00,sell,60535.717000000004,0.013407287816273932,0.8116197809835068,0.4060128969401673,811.6197809835069,60708.0,8.75651076269652e-27,8.75651076269652e-27,0.9973635972561647,0.03149182584564919,False,False
2024-08-04 15:00:00+00:00,buy,59367.01832739941,0.013636496118203355,0.8095581149708895,0.0,809.5581149708895,59086.01,1.0,1.0,1.0,0.03157009774435701,False,False
2024-08-04 16:00:00+00:00,sell,59304.004602720066,9.741902315717026e-05,0.005777338197705317,0.0,5.777338197705317,58663.9,1.0,0.997274852159662,0.002725147840337949,0.031577058262758056,True,False
2024-08-04 17:00:00+00:00,sell,58634.56805,0.00018451016664723305,0.010818673922194027,0.0054120429825882665,10.818673922194026,57864.43,1.0,0.9899448193668157,0.010055180633184335,0.031545364581099605,True,False
2024-08-04 18:00:00+00:00,buy,57893.362214999994,0.0002091355244233338,0.012107558667464043,0.0060507539567522745,12.107558667464042,58770.6,1.0,0.9766555170811988,0.0233444829188012,0.0315766471994198,True,False
2024-08-04 19:00:00+00:00,sell,58987.67875412773,0.013563702452822285,0.8000913230036553,0.0,800.0913230036552,59257.66,8.75651076269652e-27,8.75651076269652e-27,0.991813446680885,0.031587338824782485,False,False
2024-08-04 22:00:00+00:00,buy,58489.20999,0.013785935482035511,0.806328475317367,0.4029627562805406,806.328475317367,58715.83,1.0,1.0,1.0,0.0315549526246002,False,False
2024-08-04 23:00:00+00:00,sell,58686.47208500001,0.013785935482035511,0.8090479178320882,0.4047263220769892,809.0479178320882,58161.0,8.75651076269652e-27,8.75651076269652e-27,1.0020148350840088,0.03156826496834714,False,False
2024-08-05 00:00:00+00:00,buy,57942.126802781124,0.013861898688198288,0.8031878915188906,0.0,803.1878915188905,56174.02,1.0,1.0,1.0,0.03175724858156412,False,False
2024-08-05 01:00:00+00:00,sell,56145.92299500001,0.00042971039275424734,0.024126486621731183,0.01206927794983791,24.126486621731182,54432.65,1.0,0.9970521979459724,0.0029478020540275596,0.031905830254418704,True,False
2024-08-05 02:00:00+00:00,buy,54224.43311610661,0.0005490282683551333,0.029770746616274754,0.0,29.770746616274753,54697.98,1.0,1.0,0.03458594222446465,0.03190915491297411,False,False
2024-08-05 03:00:00+00:00,sell,54670.631010000005,0.000269914830724062,0.014756414114641807,0.007381898006323686,14.756414114641807,53890.87,1.0,1.0046393423227218,0.0046393423227217845,0.03194131346987872,True,False
2024-08-05 05:00:00+00:00,sell,53731.937356863156,0.00020698103432970245,0.011121491970662313,0.0,11.121491970662314,52718.0,1.0,0.9846682267371799,0.015331773262820092,0.03196322452887915,True,False
2024-08-05 06:00:00+00:00,sell,52922.21348661696,0.00028945996132203125,0.015318861868912424,0.0,15.318861868912425,51588.0,1.0,0.9688951080424439,0.031104891957556058,0.032028739293932934,True,False
2024-08-05 07:00:00+00:00,buy,51386.86276010275,0.0010084248771186667,0.051819790764370405,0.0,51.8197907643704,52674.19,1.0,1.0,0.05133727961090517,0.03209035597104526,False,False
2024-08-05 08:00:00+00:00,sell,52879.53769755238,0.014223285614542044,0.7521207678372306,0.0,752.1207678372306,52752.0,8.75651076269652e-27,8.75651076269652e-27,1.0192946092165442,0.03208874052889635,False,False
2024-08-05 11:00:00+00:00,buy,51182.15351786354,0.01434621301359712,0.7342700768618995,0.0,734.2700768618995,51340.0,1.0,1.0,1.0,0.032162539647696,False,False
2024-08-05 12:00:00+00:00,sell,51314.33,0.01434621301359712,0.7361663088300171,0.36826728805901304,736.1663088300171,49804.0,8.75651076269652e-27,8.75651076269652e-27,0.9969839787606724,0.03228573230808032,False,False
2024-08-05 13:00:00+00:00,buy,49828.912005,0.014802489554255591,0.7375919494539335,0.36861166889246544,737.5919494539335,51951.0,1.0,1.0,1.0,0.03252327420104745,False,False
2024-08-05 14:00:00+00:00,sell,52166.8612368809,0.014802489554255591,0.7721994185372304,0.0,772.1994185372304,54061.68,8.75651076269652e-27,8.75651076269652e-27,1.0018463517861171,0.03272495648128426,False,False
2024-08-05 19:00:00+00:00,buy,52874.00643324565,0.01450090549310278,0.7667209703302036,0.0,766.7209703302036,53470.09,1.0,1.0,1.0,0.03282991232642743,False,False
2024-08-05 20:00:00+00:00,sell,53695.26681496992,0.01450090549310278,0.7786299895108167,0.0,778.6299895108167,54393.85,0.0,0.0,0.9968849402096347,0.032866245309312564,False,False
2024-08-13 10:00:00+00:00,buy,58683.799529062875,0.01323780985434343,0.776844979696143,0.0,776.8449796961429,58672.1,1.0,1.0,1.0,0.033462255330558605,False,False
2024-08-13 13:00:00+00:00,sell,59386.58983988157,0.01323780985434343,0.7861483841982357,0.0,786.1483841982357,59395.25,8.75651076269652e-27,8.75651076269652e-27,0.9965850528689509,0.033444605905556396,False,False
2024-08-13 21:00:00+00:00,buy,60599.434575,0.013010855909162088,0.7884505114320202,0.39402824159518457,788.4505114320201,61030.03,1.0,1.0,1.0,0.033526408390519236,False,False
2024-08-13 22:00:00+00:00,sell,60999.52498,0.013010855909162088,0.7936560300421134,0.39702652828518514,793.6560300421133,60585.14,8.75651076269652e-27,8.75651076269652e-27,1.0020039799195872,0.033530668868252955,False,False
2024-08-13 23:00:00+00:00,buy,60615.43257,0.013054172037716897,0.791284284909408,0.39544442024455295,791.284284909408,60587.15,1.0,1.0,1.0,0.03352928191801041,False,False
2024-08-14 01:00:00+00:00,sell,60756.456575000004,8.324921039415921e-05,0.005057927036215773,0.0025302286324236614,5.057927036215773,60520.4,1.0,1.002006658593474,0.002006658593473931,0.033530389327665805,True,False
2024-08-14 04:00:00+00:00,sell,60922.353585000004,0.012970922827322737,0.7902191468099038,0.39530722701842685,790.2191468099038,60943.51,8.75651076269652e-27,8.75651076269652e-27,0.995631822516569,0.03352929176773897,False,False
2024-08-14 05:00:00+00:00,buy,60973.99175999999,0.013003872867717915,0.7928980370843195,0.3962508930955221,792.8980370843195,60834.64,1.0,1.0,1.0,0.03352860337341387,False,False
2024-08-14 11:00:00+00:00,sell,61373.02714731473,0.013003872867717915,0.7980870425306811,0.0,798.0870425306811,61296.87,8.75651076269652e-27,8.75651076269652e-27,1.0019929318585645,0.0335134375237327,False,False
2024-08-14 13:00:00+00:00,buy,60790.417815293076,0.013030538120415505,0.7921318566981623,0.0,792.1318566981623,59611.92,1.0,1.0,1.0,0.03356463873208121,False,False
2024-08-14 21:00:00+00:00,sell,59119.575425,0.013030538120415505,0.7703598812382423,0.38537262693257085,770.3598812382422,58913.56,8.75651076269652e-27,8.75651076269652e-27,0.9963923042008275,0.03349111937690366,False,False
2024-08-14 22:00:00+00:00,buy,58650.885855126486,0.013103665519507408,0.7685415906683857,0.0,768.5415906683857,58986.0,1.0,1.0,1.0,0.03348880938480306,False,False
2024-08-14 23:00:00+00:00,sell,58956.497005000005,0.013103665519507408,0.7725462169553604,0.38646634164841587,772.5462169553604,58683.39,8.75651076269652e-27,8.75651076269652e-27,0.9965351980486404,0.033490977300997815,False,False
2024-08-15 00:00:00+00:00,buy,58712.731694999995,0.013190457946921412,0.7744478183717773,0.3870303939888352,774.4478183717773,58993.99,1.0,1.0,1.0,0.03349320457104232,False,False
2024-08-15 01:00:00+00:00,sell,58964.503000000004,0.013190457946921412,0.7777687971826215,0.3890789380602848,777.7687971826215,58204.93,8.75651076269652e-27,8.75651076269652e-27,1.0020210209292226,0.03351123513503887,False,False
2024-08-15 02:00:00+00:00,buy,58234.032465,0.013315941464769896,0.7754409675614498,0.3875267204204654,775.4409675614497,58412.25,1.0,1.0,1.0,0.03351179479216368,False,False
2024-08-15 04:00:00+00:00,sell,58413.768505,0.013315941464769896,0.7778343221491993,0.389111716933039,777.8343221491994,58388.71,8.75651076269652e-27,8.75651076269652e-27,1.001998188167233,0.03350950351015114,False,False
2024-08-15 07:00:00+00:00,buy,57841.88931880772,0.013340751652656364,0.7716542805226506,0.0,771.6542805226507,58060.37,1.0,1.0,1.0,0.033510066684262735,False,False
2024-08-15 08:00:00+00:00,sell,58319.79294884168,0.013340751652656364,0.7780298741648366,0.0,778.0298741648365,58378.3,8.75651076269652e-27,8.75651076269652e-27,0.996556695773295,0.03351293672557101,False,False
2024-08-15 18:00:00+00:00,buy,58611.52107045324,0.013247413442851274,0.7764510521346829,0.0,776.4510521346829,57872.82,1.0,1.0,1.0,0.03353468994316705,False,False
2024-08-15 19:00:00+00:00,sell,57843.883590000005,0.00018892953823905143,0.010928418216612145,0.005466942579594887,10.928418216612146,57047.46,1.0,0.9964199350533395,0.0035800649466605217,0.03355435484244906,True,False
2024-08-15 21:00:00+00:00,buy,56699.395529999994,0.0002191696602440816,0.012426787254354898,0.006210288482935248,12.426787254354897,57622.21,1.0,0.9822117743537226,0.017788225646277356,0.03357362120689883,True,False
2024-08-15 22:00:00+00:00,sell,57593.398895000006,0.013277653564856304,0.7647051981503881,0.3825438710106117,764.705198150388,57617.36,8.75651076269652e-27,8.75651076269652e-27,0.9984574804779882,0.033565373875514504,False,False
2024-08-16 12:00:00+00:00,buy,58137.5937145561,0.013094860198790175,0.7613036619861745,0.0,761.3036619861745,57868.13,1.0,1.0,1.0,0.033576121122818936,False,False
2024-08-16 13:00:00+00:00,buy,57897.7344,0.00010745384929353174,0.006221334426654529,0.00310911265699858,6.221334426654528,58343.66,1.0,0.9965110859377302,0.00348891406226981,0.03358271833269319,True,False
2024-08-16 14:00:00+00:00,sell,58314.478175000004,0.013202314048083707,0.7698860544164733,0.38513559500570815,769.8860544164733,58018.86,8.75651076269652e-27,8.75651076269652e-27,1.0046637815484782,0.03358487689946302,False,False
2024-08-16 15:00:00+00:00,buy,57758.05077997981,0.013188390287889167,0.761735715954095,0.0,761.735715954095,58071.06,1.0,1.0,1.0,0.03358073510915771,False,False
2024-08-16 16:00:00+00:00,buy,58100.105534999995,0.00011176199688714417,0.006493383813945417,0.003245069372286055,6.493383813945417,58563.18,1.0,0.9965449340590493,0.0034550659409506856,0.03358064649154108,True,False
2024-08-16 17:00:00+00:00,sell,58826.57227798557,0.013300152284776311,0.7824023696886087,0.0,782.4023696886086,59215.85,8.75651076269652e-27,8.75651076269652e-27,1.0048807836486229,0.03358707019382917,False,False
2024-08-16 21:00:00+00:00,buy,58990.20118778427,0.013125809188370124,0.7742941247744209,0.0,774.2941247744209,59023.98,1.0,1.0,1.0,0.033594627909062424,False,False
2024-08-17 01:00:00+00:00,sell,59157.666370000006,0.013125809188370124,0.7764922408018804,0.38844034057117005,776.4922408018804,59248.49,8.75651076269652e-27,8.75651076269652e-27,0.9965066948305962,0.03359307621992985,False,False
2024-08-17 03:00:00+00:00,buy,59175.93318,0.013154715193928244,0.7784425473178285,0.38902676027876715,778.4425473178285,59158.37,1.0,1.0,1.0,0.03359137911570817,False,False
2024-08-17 10:00:00+00:00,sell,59296.686825000004,0.013154715193928244,0.7800310271264322,0.39021061887257646,780.0310271264323,59106.4,8.75651076269652e-27,8.75651076269652e-27,1.002005867927551,0.033574247644595295,False,False
2024-08-17 11:00:00+00:00,buy,59135.963205,0.013150930489815875,0.7776929415572643,0.38865214470623327,777.6929415572642,59137.12,1.0,1.0,1.0,0.033573582825630555,False,False
2024-08-17 14:00:00+00:00,sell,59294.627855000006,0.013150930489815875,0.7797795293406052,0.39008480707377086,779.7795293406052,59535.37,8.75651076269652e-27,8.75651076269652e-27,1.001990038528077,0.03357350556476854,False,False
2024-08-17 16:00:00+00:00,buy,59417.804055,0.013084347485939882,0.7774431951071077,0.3885273338866097,777.4431951071077,59610.1,1.0,1.0,1.0,0.03356687985674772,False,False
2024-08-17 17:00:00+00:00,sell,59580.284955,0.013084347485939882,0.779569151662536,0.38997956561399255,779.569151662536,59428.57,8.75651076269652e-27,8.75651076269652e-27,1.0020031425834512,0.03354197214561902,False,False
2024-08-17 18:00:00+00:00,buy,59458.284284999994,0.0130719131401341,0.7772335276349203,0.38842255254111846,777.2335276349203,59417.67,1.0,1.0,1.0,0.03353958207258523,False,False
2024-08-18 00:00:00+00:00,sell,59462.244005,0.0130719131401341,0.7772852887508197,0.38883706290683046,777.2852887508196,59678.93,8.75651076269652e-27,8.75651076269652e-27,1.001996084086006,0.033493924289470484,False,False
2024-08-18 02:00:00+00:00,buy,59465.667975,0.013031929123139191,0.774952370310328,0.3872825438832168,774.952370310328,60126.0,1.0,1.0,1.0,0.03350491127401384,False,False
2024-08-18 03:00:00+00:00,sell,60095.927005,0.013031929123139191,0.7831658613185065,0.3917788200692909,783.1658613185065,59337.42,8.75651076269652e-27,8.75651076269652e-27,1.0020078452015289,0.0335222161092755,False,False
2024-08-18 04:00:00+00:00,buy,59367.078705,0.013152603040460342,0.7808316198786314,0.3902206995894737,780.8316198786314,59456.0,1.0,1.0,1.0,0.03352174156085588,False,False
2024-08-18 07:00:00+00:00,sell,59566.202000000005,0.013152603040460342,0.783450609533875,0.3919212653995745,783.450609533875,59573.39,8.75651076269652e-27,8.75651076269652e-27,1.001996553975253,0.033518897435281525,False,False
2024-08-18 08:00:00+00:00,buy,59603.176694999995,0.013105078704433035,0.7811043216222038,0.39035698231987953,781.1043216222038,59706.02,1.0,1.0,1.0,0.03351717515501612,False,False
2024-08-18 09:00:00+00:00,sell,59972.84677296124,0.013105078704433035,0.7859488770885599,0.0,785.9488770885598,59880.0,8.75651076269652e-27,8.75651076269652e-27,1.0019942256456356,0.03351508004777545,False,False
2024-08-18 14:00:00+00:00,buy,59857.924005,0.013097562662124466,0.7839929104801717,0.39180055496258787,783.9929104801718,59806.01,1.0,1.0,1.0,0.033497498741027365,False,False
2024-08-18 17:00:00+00:00,sell,59810.529775,9.467556561663752e-05,0.0056625957362788654,0.002832714225251527,5.662595736278865,59527.58,1.0,1.002014646973886,0.0020146469738859807,0.033494413430112946,True,False
2024-08-18 21:00:00+00:00,sell,59784.622735000004,0.013002887096507829,0.7773726995305201,0.388880790160267,777.3726995305201,59439.33,8.75651076269652e-27,8.75651076269652e-27,0.9947404538871585,0.033475042706897634,False,False
2024-08-18 22:00:00+00:00,buy,59469.049665,0.013127552959408212,0.7806830989229646,0.3901464762233299,780.6830989229646,59350.0,1.0,1.0,1.0,0.033446021329962244,False,False
2024-08-18 23:00:00+00:00,sell,59320.325000000004,0.0002303810074029914,0.013666276232972858,0.0068365563946827645,13.666276232972857,58427.35,1.0,1.0020392995655627,0.002039299565562702,0.03346324558567906,True,False
2024-08-19 03:00:00+00:00,sell,58641.174745000004,0.01289717195200522,0.7563053141538509,0.37834182799089694,756.3053141538509,58736.85,8.75651076269652e-27,8.75651076269652e-27,0.9842977914710469,0.03345830706832048,False,False
2024-08-19 05:00:00+00:00,buy,58611.280994999994,0.013097121903176757,0.7676390920928621,0.3836277321802852,767.639092092862,58475.18,1.0,1.0,1.0,0.03345630337080244,False,False
2024-08-19 07:00:00+00:00,sell,58540.715000000004,0.013097121903176757,0.7667148806541282,0.3835492149344818,766.7148806541281,58502.19,8.75651076269652e-27,8.75651076269652e-27,1.0020072497655341,0.03344912422623039,False,False
2024-08-19 10:00:00+00:00,buy,58035.603299999995,0.013171427423811877,0.764411736863087,0.3820148610009992,764.4117368630871,58046.01,1.0,1.0,1.0,0.033422816104753755,False,False
2024-08-19 12:00:00+00:00,sell,58367.74153000001,0.013171427423811877,0.7687864714542055,0.3845855284912921,768.7864714542055,58412.0,8.75651076269652e-27,8.75651076269652e-27,1.0019905703188663,0.03339304394948517,False,False
2024-08-20 07:00:00+00:00,buy,60991.32042,0.012567160458999497,0.7664877103243926,0.3830523289976958,766.4877103243925,60924.33,1.0,1.0,1.0,0.0332483998332804,False,False
2024-08-20 14:00:00+00:00,sell,60861.554000000004,0.00032034003246371977,0.019496392184152434,0.009753072628389219,19.496392184152434,59461.8,1.0,1.0020551478451662,0.0020551478451662497,0.032577375905322725,True,False
2024-08-20 15:00:00+00:00,sell,59432.079095,0.0001310489354595188,0.007788510697545672,0.003896203450497654,7.7885106975456715,58825.53,1.0,0.9757102982127519,0.024289701787248097,0.03258592250590012,True,False
2024-08-20 16:00:00+00:00,buy,58584.63723502567,0.0004320572007675133,0.025311914371745424,0.0,25.311914371745424,58801.15,1.0,1.0,0.03483300126087252,0.03257583379706569,False,False
2024-08-20 20:00:00+00:00,sell,59482.244000000006,0.012547828691843772,0.7463730079184522,0.3733731905544273,746.3730079184521,59317.57,8.75651076269652e-27,8.75651076269652e-27,0.9994975699390262,0.03244847330890438,False,False
2024-08-21 00:00:00+00:00,buy,59043.3069,0.012634797484118625,0.7460002254741639,0.3728137058841438,746.0002254741639,58989.0,1.0,1.0,1.0,0.03231131503623702,False,False
2024-08-21 02:00:00+00:00,sell,59251.929215000004,0.012634797484118625,0.748636126174857,0.37450531574525003,748.6361261748569,59363.32,8.75651076269652e-27,8.75651076269652e-27,1.0019926843284166,0.03230750462955309,False,False
2024-08-21 09:00:00+00:00,buy,59206.518831365924,0.012550196946582345,0.7430534718551788,0.0,743.0534718551787,59290.51,1.0,1.0,1.0,0.03228625586803052,False,False
2024-08-21 11:00:00+00:00,sell,59438.6658,0.012550196946582345,0.7459669620320886,0.3731700660490558,745.9669620320885,59361.14,8.75651076269652e-27,8.75651076269652e-27,0.9970225164568889,0.03227531343743972,False,False
2024-08-21 12:00:00+00:00,buy,59390.820569999996,0.012585214110993621,0.7474461931010542,0.37353632838629375,747.4461931010542,59506.9,1.0,1.0,1.0,0.032274433901556404,False,False
2024-08-21 13:00:00+00:00,sell,59743.38340373167,0.012585214110993621,0.751883271851146,0.0,751.883271851146,59928.0,8.75651076269652e-27,8.75651076269652e-27,1.0019855116802623,0.03227578489018154,False,False
2024-08-21 15:00:00+00:00,buy,59440.115205,0.012617937996546752,0.7500116881642859,0.3748184348646902,750.0116881642858,59511.8,1.0,1.0,1.0,0.03225057563296549,False,False
2024-08-21 17:00:00+00:00,sell,59855.63721000001,0.012617937996546752,0.7552547190595768,0.37781626766354054,755.2547190595767,59928.42,8.75651076269652e-27,8.75651076269652e-27,1.0019871489838275,0.03224149078432659,False,False
2024-08-22 00:00:00+00:00,buy,60913.40803564284,0.012306586930429589,0.7496361512193669,0.0,749.6361512193669,60818.15,1.0,1.0,1.0,0.03225900244215196,False,False
2024-08-22 02:00:00+00:00,sell,60939.51500000001,0.00015815084454207096,0.009637635763234202,0.004821228495863974,9.637635763234202,60186.48,1.0,0.99698999488527,0.003010005114730041,0.0322615870422264,True,False
2024-08-22 08:00:00+00:00,sell,60953.817845,0.012148436085887518,0.7404935602808125,0.37043199613847444,740.4935602808125,60926.81,8.75651076269652e-27,8.75651076269652e-27,0.984230056888999,0.0322631433863316,False,False
2024-08-22 09:00:00+00:00,buy,60957.27340499999,0.01233023727596672,0.7516176447796258,0.37562101188380886,751.6176447796257,60887.98,1.0,1.0,1.0,0.03226227247981325,False,False
2024-08-22 11:00:00+00:00,sell,61319.34499,0.01233023727596672,0.7560820733335613,0.37823015174263985,756.0820733335612,61336.09,8.75651076269652e-27,8.75651076269652e-27,1.0019911078087178,0.03223190734556544,False,False
2024-08-22 13:00:00+00:00,buy,60638.52659564602,0.012376066459490308,0.7504664351532857,0.0,750.4664351532857,60815.99,1.0,1.0,1.0,0.03222408753459949,False,False
2024-08-22 21:00:00+00:00,sell,60649.66,0.012376066459490308,0.750604222905491,0.3754898563808927,750.604222905491,60545.47,8.75651076269652e-27,8.75651076269652e-27,0.9970354316894291,0.03214480302407574,False,False
2024-08-22 23:00:00+00:00,buy,60465.25752,0.01243824987420714,0.7520819817420422,0.3758530643388309,752.0819817420422,60375.84,1.0,1.0,1.0,0.03214155071851124,False,False
2024-08-23 01:00:00+00:00,sell,60695.806915,0.01243824987420714,0.7549496127253996,0.3776636381817562,754.9496127253996,60768.45,8.75651076269652e-27,8.75651076269652e-27,1.0019934902252952,0.03207171988182608,False,False
2024-08-23 04:00:00+00:00,buy,60623.606654999996,0.012415780081399624,0.7526893679697547,0.376156605682015,752.6893679697547,60707.51,1.0,1.0,1.0,0.03205794449316873,False,False
2024-08-23 05:00:00+00:00,sell,60943.357821691265,0.012415780081399624,0.7566593281361644,0.0,756.6593281361644,60856.26,8.75651076269652e-27,8.75651076269652e-27,1.0019958315743458,0.03205564828968843,False,False
2024-08-23 10:00:00+00:00,buy,61052.63106,0.01236269186040561,0.7547748650618087,0.3771988331143112,754.7748650618087,61060.75,1.0,1.0,1.0,0.03197318987850176,False,False
2024-08-23 11:00:00+00:00,sell,61030.219625000005,8.931656789656212e-05,0.00545100975487841,0.00272686831159454,5.45100975487841,60741.68,1.0,1.0020137833388831,0.002013783338883135,0.03197380563500135,True,False
2024-08-23 13:00:00+00:00,sell,61116.016705,0.012273375292509048,0.7500998094037172,0.3752375234635252,750.0998094037172,61119.99,8.75651076269652e-27,8.75651076269652e-27,0.9947835140975275,0.03193703107882262,False,False
2024-08-23 15:00:00+00:00,buy,61025.407455,0.0123437862506293,0.7532845854820798,0.3764540657081486,753.2845854820797,61533.05,1.0,1.0,1.0,0.031900985642687646,False,False
2024-08-23 16:00:00+00:00,sell,61768.19642342894,0.0123437862506293,0.762453413737692,0.0,762.453413737692,61731.99,8.75651076269652e-27,8.75651076269652e-27,1.0019805287696735,0.031900340328515936,False,False
2024-08-24 00:00:00+00:00,buy,64069.25861999999,0.011870979567624338,0.7605648599908594,0.380092383803472,760.5648599908594,63961.78,1.0,1.0,1.0,0.0318535576942828,False,False
2024-08-24 17:00:00+00:00,sell,64265.860995,0.011870979567624338,0.762898722767431,0.38164018147444445,762.898722767431,64050.99,8.75651076269652e-27,8.75651076269652e-27,1.0020040788463058,0.03180496572784702,False,False
2024-08-24 18:00:00+00:00,buy,64083.025499999996,0.011869189149827345,0.760613550952709,0.38011671711774936,760.613550952709,64223.06,1.0,1.0,1.0,0.03180514039079152,False,False
2024-08-24 21:00:00+00:00,sell,64098.9345,0.00011970130754179915,0.00767272627168614,0.0038382822769811985,7.67272627168614,63612.37,1.0,1.0020183597318784,0.002018359731878361,0.03180980521358484,True,False
2024-08-25 00:00:00+00:00,sell,64399.86014648554,0.011749487842285546,0.7566653738360214,0.0,756.6653738360213,64175.99,8.75651076269652e-27,8.75651076269652e-27,0.9919224320875075,0.03181076478856146,False,False
2024-08-25 03:00:00+00:00,buy,64169.068499999994,0.011881582810860106,0.7624301012785046,0.3810245383699954,762.4301012785046,64101.01,1.0,1.0,1.0,0.031805541451273706,False,False
2024-08-25 13:00:00+00:00,sell,63892.028005,0.011881582810860106,0.7591384216952006,0.379759090392771,759.1384216952006,64082.02,8.75651076269652e-27,8.75651076269652e-27,1.002006233267976,0.031747023104842564,False,False
2024-08-25 17:00:00+00:00,buy,64066.006994999996,0.011813648423362251,0.7568532825275966,0.378237522502525,756.8532825275967,64140.99,1.0,1.0,1.0,0.03171253881694766,False,False
2024-08-25 18:00:00+00:00,sell,64108.929500000006,0.011813648423362251,0.7573603539111168,0.37886961176137235,757.3603539111168,64166.99,8.75651076269652e-27,8.75651076269652e-27,1.002000346929639,0.031711007516567,False,False
2024-08-26 00:00:00+00:00,buy,63984.81315620233,0.011751960653028935,0.751947006603098,0.0,751.947006603098,64111.01,1.0,1.0,1.0,0.031510326964280744,False,False
2024-08-26 10:00:00+00:00,sell,63825.071500000005,0.011751960653028935,0.7500697289447587,0.37522247571017003,750.0697289447586,63780.0,8.75651076269652e-27,8.75651076269652e-27,0.9973230830387112,0.031001886841767384,False,False
2024-08-26 13:00:00+00:00,buy,63664.81649999999,0.011801365309639877,0.7513317568876884,0.3754781393740809,751.3317568876884,63766.0,1.0,1.0,1.0,0.030985433053784345,False,False
2024-08-26 14:00:00+00:00,sell,63734.117000000006,0.011801365309639877,0.7521495974043293,0.3762629301671816,752.1495974043293,63500.6,8.75651076269652e-27,8.75651076269652e-27,1.0020086978603606,0.03090568488293602,False,False
2024-08-26 15:00:00+00:00,buy,63284.049413891844,0.011803335666767273,0.7469628775844521,0.0,746.9628775844521,63532.53,1.0,1.0,1.0,0.03090119567347796,False,False
2024-08-26 17:00:00+00:00,sell,63673.14750000001,0.011803335666767273,0.7515555329020835,0.375965749325629,751.5555329020835,63375.99,8.75651076269652e-27,8.75651076269652e-27,0.9975874652868677,0.030877258815307423,False,False
2024-08-26 18:00:00+00:00,buy,63407.687999999995,0.011869431141109272,0.7526131865329406,0.37611853399940703,752.6131865329406,63643.94,1.0,1.0,1.0,0.030875641763173478,False,False
2024-08-26 19:00:00+00:00,sell,63612.118030000005,0.011869431141109272,0.7550396546972006,0.3777086816894122,755.0396546972006,63342.99,8.75651076269652e-27,8.75651076269652e-27,1.0020055567297768,0.030863337840391664,False,False
2024-08-26 20:00:00+00:00,buy,63374.66149499999,0.011878221348665136,0.7527782571343353,0.3762010280530823,752.7782571343353,63417.01,1.0,1.0,1.0,0.030736383035131876,False,False
2024-08-27 02:00:00+00:00,sell,62963.312595,0.011878221348665136,0.7478921638486055,0.37413314849848806,747.8921638486055,62900.07,0.0,0.0,1.0020186535648354,0.030729814598675437,False,False
2024-09-03 08:00:00+00:00,buy,58925.831322628284,0.012607674112638327,0.7429176781319933,0.0,742.9176781319933,58789.02,1.0,1.0,1.0,0.030279021313877857,False,False
2024-09-03 11:00:00+00:00,sell,59049.400530000006,0.012607674112638327,0.744475598428893,0.37242401122000696,744.475598428893,59072.0,8.75651076269652e-27,8.75651076269652e-27,0.9978504315522356,0.030275480483600015,False,False
2024-09-03 14:00:00+00:00,buy,58216.509812778204,0.0127564374183892,0.742635264143746,0.0,742.635264143746,57672.84,1.0,1.0,1.0,0.030220070391774434,False,False
2024-09-03 19:00:00+00:00,sell,58106.69983853223,0.0127564374183892,0.7412344800793622,0.0,741.2344800793622,58046.0,8.75651076269652e-27,8.75651076269652e-27,0.9978637938088413,0.030208119370390057,False,False
2024-09-03 23:00:00+00:00,buy,57684.42953514227,0.01282430497578035,0.739762716712576,0.0,739.762716712576,57487.73,1.0,1.0,1.0,0.030210201815755927,False,False
2024-09-04 05:00:00+00:00,sell,56665.653000000006,9.997909049008942e-05,0.005665380448967008,0.0028341072781219944,5.665380448967007,56252.01,1.0,0.9978201993446588,0.0021798006553411797,0.03022560760180315,True,False
2024-09-04 07:00:00+00:00,buy,56305.138499999994,0.00010604170158681411,0.005970692694621238,0.002983854420099896,5.9706926946212375,56746.0,1.0,0.9900823613577796,0.009917638642220394,0.03023035379391384,True,False
2024-09-04 08:00:00+00:00,sell,56717.627,0.012830367586877075,0.7277080030653841,0.364036019542458,727.7080030653841,56783.01,8.75651076269652e-27,8.75651076269652e-27,0.9982828697954955,0.030228805081439464,False,False
2024-09-04 19:00:00+00:00,buy,57712.852005,0.01261821812936586,0.7282333554668999,0.3639347103782432,728.2333554668999,58058.01,1.0,1.0,1.0,0.03022145844987112,False,False
2024-09-04 20:00:00+00:00,sell,58028.971000000005,0.01261821812936586,0.7322222139006458,0.3662942540772984,732.2222139006458,58048.01,8.75651076269652e-27,8.75651076269652e-27,1.0019919153608714,0.030218369172949178,False,False
2024-09-05 00:00:00+00:00,buy,57999.88545,0.01258679086673563,0.7300324284537728,0.36483379732822385,730.0324284537728,57997.75,1.0,1.0,1.0,0.0301976287946151,False,False
2024-09-05 02:00:00+00:00,sell,57992.979005,9.652813042548662e-05,0.005597953841157148,0.002800377109132842,5.597953841157148,57692.99,1.0,1.0020141852953148,0.00201418529531483,0.030199578509699482,True,False
2024-09-05 03:00:00+00:00,sell,57664.1535,0.00012071344351154839,0.0069608385361635055,0.0034821603482558384,6.9608385361635055,57135.42,1.0,0.9942462390600864,0.005753760939913644,0.030210038571490516,True,False
2024-09-05 14:00:00+00:00,sell,57205.31631455388,0.012369549292798595,0.7076039799630098,0.0,707.6039799630098,56558.01,8.75651076269652e-27,8.75651076269652e-27,0.9844088866434026,0.030157745922899742,False,False
2024-09-05 15:00:00+00:00,buy,56383.03119877913,0.01269451937846852,0.7157554821696969,0.0,715.7554821696968,55976.01,1.0,1.0,1.0,0.030146484287807307,False,False
2024-09-05 18:00:00+00:00,sell,56574.698500000006,0.01269451937846852,0.718188606439264,0.3592739401896522,718.1886064392639,56548.99,8.75651076269652e-27,8.75651076269652e-27,0.9979073435132756,0.03011721110843449,False,False
2024-09-05 20:00:00+00:00,buy,56088.03,0.012818703768251713,0.7189758415148151,0.3593082666240806,718.9758415148151,56094.0,1.0,1.0,1.0,0.03012551172398467,False,False
2024-09-05 22:00:00+00:00,sell,56122.514705,0.012818703768251713,0.7194178907327458,0.3598888898112156,719.4178907327457,56104.6,8.75651076269652e-27,8.75651076269652e-27,1.0020029133580377,0.03011066809875207,False,False
2024-09-06 07:00:00+00:00,buy,56256.22143746164,0.012704250656298637,0.7146931381177535,0.0,714.6931381177535,55804.29,1.0,1.0,1.0,0.03011363496790445,False,False
2024-09-06 11:00:00+00:00,sell,56149.92099500001,0.012704250656298637,0.7133426706518454,0.35684976020595405,713.3426706518454,55999.09,8.75651076269652e-27,8.75651076269652e-27,0.9979055699328002,0.030097268913336056,False,False
2024-09-06 14:00:00+00:00,buy,55722.17912996845,0.012769527530543862,0.7115459004620287,0.0,711.5459004620287,54733.24,1.0,1.0,1.0,0.030184993853197117,False,False
2024-09-06 15:00:00+00:00,sell,54904.59737171512,0.00016074244113840376,0.008825499011250676,0.0,8.825499011250676,54045.01,1.0,0.9978193890278806,0.0021806109721194122,0.03020143596055111,True,False
2024-09-06 18:00:00+00:00,sell,53908.042495,0.0001361379168922823,0.007338928609009933,0.0036712999544822795,7.338928609009933,53352.67,1.0,0.9848838899909693,0.015116110009030681,0.030207778981164723,True,False
2024-09-06 20:00:00+00:00,sell,53701.59454993931,0.00015057312660939938,0.008086016995294643,0.0,8.086016995294644,52887.99,1.0,0.9739367679112021,0.026063232088797905,0.030222071071769524,True,False
2024-09-06 21:00:00+00:00,buy,52722.029060787885,0.0006912063160936181,0.036441799484087864,0.0,36.441799484087866,53766.57,1.0,1.0,0.037385907294075205,0.030251919544916656,False,False
2024-09-06 22:00:00+00:00,sell,53739.696710000004,0.013013280361997394,0.699329739855939,0.34983978982285413,699.329739855939,53644.01,8.75651076269652e-27,8.75651076269652e-27,1.0156364723388664,0.030252164753592048,False,False
2024-09-07 17:00:00+00:00,buy,54294.75664606791,0.012623167164630278,0.685371789306236,0.0,685.371789306236,54134.0,1.0,1.0,1.0,0.030264560930264056,False,False
2024-09-07 20:00:00+00:00,sell,54376.807995,0.012623167164630278,0.6864075371998892,0.3433754563280984,686.4075371998892,54166.01,8.75651076269652e-27,8.75651076269652e-27,0.9978461258390567,0.030265995025214237,False,False
2024-09-07 21:00:00+00:00,buy,53995.69951442237,0.012680528567722761,0.6846940102268069,0.0,684.6940102268069,53926.99,1.0,1.0,1.0,0.030266313861876087,False,False
2024-09-08 00:00:00+00:00,sell,54133.779570000006,0.012680528567722761,0.6864449383161918,0.34339416624114705,686.4449383161918,54137.5,8.75651076269652e-27,8.75651076269652e-27,0.9978560994001645,0.030233745744151053,False,False
2024-09-08 07:00:00+00:00,buy,54319.156005,0.01265177016248169,0.6872334771952471,0.3434450160895162,687.233477195247,54436.25,1.0,1.0,1.0,0.030234344631205473,False,False
2024-09-08 08:00:00+00:00,sell,54409.031875,0.01265177016248169,0.6883705660456402,0.3443574617536896,688.3705660456402,54480.0,8.75651076269652e-27,8.75651076269652e-27,1.0019975793948652,0.030234355008149888,False,False
2024-09-08 13:00:00+00:00,buy,54221.807355,0.012657392474440156,0.686306696365721,0.34298185725420877,686.3066963657209,54399.0,1.0,1.0,1.0,0.030237988758051476,False,False
2024-09-08 15:00:00+00:00,sell,54122.43524500001,0.00013345348839218646,0.007222827783725472,0.003613220502113016,7.222827783725472,53687.0,1.0,1.002023504734688,0.002023504734687931,0.030247905097539635,True,False
2024-09-08 17:00:00+00:00,buy,53934.13359,0.00014005195855096297,0.00755358104202878,0.0037749030694792787,7.55358104202878,54510.01,1.0,0.991518440489371,0.008481559510629011,0.03025863564361045,True,False
2024-09-08 18:00:00+00:00,sell,54482.745,0.012663990944598932,0.6899689893168929,0.3451570731950107,689.9689893168928,54412.01,8.75651076269652e-27,8.75651076269652e-27,1.0025099195271525,0.030258742694038998,False,False
2024-09-09 05:00:00+00:00,buy,54678.11617607754,0.012528952783706113,0.685059535872073,0.0,685.059535872073,54668.0,1.0,1.0,1.0,0.030226301671557376,False,False
2024-09-09 08:00:00+00:00,sell,55145.95726220074,0.012528952783706113,0.6909210947503883,0.0,690.9210947503883,55244.0,8.75651076269652e-27,8.75651076269652e-27,0.9978891997558117,0.030227358183147146,False,False
2024-09-09 12:00:00+00:00,buy,55092.08306602055,0.012515984445462352,0.689531654722433,0.0,689.531654722433,55341.1,1.0,1.0,1.0,0.030224354835604456,False,False
2024-09-09 13:00:00+00:00,sell,55514.264236556606,0.012515984445462352,0.6948156676860294,0.0,694.8156676860294,55686.92,8.75651076269652e-27,8.75651076269652e-27,0.9978909477069619,0.030230302609496107,False,False
2024-09-09 15:00:00+00:00,buy,54867.42,0.012684061249848411,0.6959417159011576,0.3477969594708213,695.9417159011576,55386.0,1.0,1.0,1.0,0.030272650028672105,False,False
2024-09-09 16:00:00+00:00,sell,55561.203205955375,0.012684061249848411,0.7047417045796119,0.0,704.7417045796119,56430.11,8.75651076269652e-27,8.75651076269652e-27,1.0019479161187486,0.030311998158978753,False,False
2024-09-09 23:00:00+00:00,buy,57034.27416645332,0.012280573693275527,0.7004136069436107,0.0,700.4136069436106,57042.0,1.0,1.0,1.0,0.030342424002301333,False,False
2024-09-10 08:00:00+00:00,sell,57189.95072,0.012280573693275527,0.7023254043317557,0.35133837135151613,702.3254043317557,57046.99,8.75651076269652e-27,8.75651076269652e-27,0.9978188233375829,0.030574913993950292,False,False
2024-09-10 09:00:00+00:00,buy,57075.51349499999,0.012319723569038574,0.7031545488193307,0.35140157362278,703.1545488193307,57086.01,1.0,1.0,1.0,0.030699673559941132,False,False
2024-09-10 13:00:00+00:00,sell,57174.5984,0.0001241018886103118,0.007095475641976111,0.003549512577276012,7.095475641976111,56741.09,1.0,1.0020153384251425,0.0020153384251424544,0.030735249298999345,True,False
2024-09-10 18:00:00+00:00,sell,57369.08048031876,0.012195621680428263,0.6996516016920094,0.0,699.6516016920093,57581.99,8.75651076269652e-27,8.75651076269652e-27,0.9919781663250338,0.03082300648542491,False,False
2024-09-10 22:00:00+00:00,buy,57536.75399999999,0.012252744366836077,0.7049831384595331,0.35231541152392537,704.983138459533,57615.85,1.0,1.0,1.0,0.030949581934346743,False,False
2024-09-11 01:00:00+00:00,sell,57611.689745,0.00022055696063065858,0.012706659186953684,0.006356507847400259,12.706659186953683,56717.99,1.0,1.0020324870640565,0.002032487064056454,0.030993769788604714,True,False
2024-09-11 08:00:00+00:00,sell,56683.65399500001,0.012032187406205418,0.6820283477363445,0.3411847662512279,682.0283477363445,56398.0,8.75651076269652e-27,8.75651076269652e-27,0.9836520015247793,0.031011731317607732,False,False
2024-09-11 09:00:00+00:00,buy,56426.209005,0.01227495645113664,0.692629258239109,0.3461415583403223,692.629258239109,56677.99,1.0,1.0,1.0,0.03101039926161031,False,False
2024-09-11 10:00:00+00:00,sell,56649.661,0.01227495645113664,0.6953721217466537,0.3478599908687605,695.3721217466538,56510.0,8.75651076269652e-27,8.75651076269652e-27,1.0020005295911114,0.031002689670460465,False,False
2024-09-11 14:00:00+00:00,buy,55767.880005,0.012431716055650485,0.6932904492477482,0.34647198862952244,693.2904492477481,55974.0,1.0,1.0,1.0,0.0310258885410524,False,False
2024-09-11 15:00:00+00:00,buy,56001.986999999994,0.0001367506778262046,0.007658309681864298,0.0038272412203211284,7.6583096818642975,56701.23,1.0,1.0019704618762442,0.0019704618762441672,0.03102594208309875,True,False
2024-09-11 16:00:00+00:00,sell,56897.83865142108,0.01256846673347669,0.7151185922971101,0.0,715.11859229711,57312.0,8.75651076269652e-27,8.75651076269652e-27,1.0127322338092926,0.03103937815138741,False,False
2024-09-11 22:00:00+00:00,buy,57380.676,0.012298567513696814,0.7057001177675625,0.3526737220227634,705.7001177675625,57467.99,1.0,1.0,1.0,0.031024815732153155,False,False
2024-09-11 23:00:00+00:00,sell,57439.266,0.012298567513696814,0.70642069083819,0.3533870389385242,706.42069083819,57338.0,8.75651076269652e-27,8.75651076269652e-27,1.0020050004371541,0.031020651296372798,False,False
2024-09-12 00:00:00+00:00,buy,57366.668999999994,0.012277195499434932,0.7043018104643733,0.3519749177732315,704.3018104643734,57626.01,1.0,1.0,1.0,0.03102195078476891,False,False
2024-09-12 01:00:00+00:00,sell,57825.68882114197,0.012277195499434932,0.709937286546649,0.0,709.937286546649,58137.74,8.75651076269652e-27,8.75651076269652e-27,1.0019768815668748,0.031033244322279996,False,False
2024-09-12 06:00:00+00:00,buy,57996.994005,0.012210512274167971,0.7081730071628988,0.3539095488070267,708.1730071628988,57947.99,1.0,1.0,1.0,0.031053823622233856,False,False
2024-09-12 12:00:00+00:00,sell,58028.971000000005,0.00010145737404876343,0.005887467016411846,0.0029452061112610456,5.887467016411846,57691.56,1.0,1.0020141347043494,0.002014134704349413,0.031074821762972632,True,False
2024-09-12 16:00:00+00:00,buy,57540.786015,0.00011663528573882878,0.006711286018496327,0.0033539660262349325,6.711286018496327,58065.99,1.0,0.9936931531381891,0.006306846861810933,0.03108196773152133,True,False
2024-09-12 17:00:00+00:00,sell,58268.47229674347,0.012225690185858036,0.7123722899032375,0.0,712.3722899032375,58389.1,8.75651076269652e-27,8.75651076269652e-27,1.003174179384418,0.031086355036247793,False,False
2024-09-12 21:00:00+00:00,buy,57996.703709768495,0.012189026296762258,0.7069233466438974,0.0,706.9233466438974,57921.11,1.0,1.0,1.0,0.031100316131365907,False,False
2024-09-13 08:00:00+00:00,sell,58080.255345,0.012189026296762258,0.7079417597228717,0.35414795383835396,707.9417597228717,57953.64,8.75651076269652e-27,8.75651076269652e-27,0.9974992725760057,0.03110183852712073,False,False
2024-09-13 09:00:00+00:00,buy,57982.60681499999,0.012227889928552699,0.7090049339043696,0.3543253042999679,709.0049339043695,58058.6,1.0,1.0,1.0,0.03114735066424884,False,False
2024-09-13 10:00:00+00:00,sell,58263.71967974866,0.012227889928552699,0.7124423510720164,0.0,712.4423510720163,58343.99,8.75651076269652e-27,8.75651076269652e-27,1.0019910718171434,0.031197156230772266,False,False
2024-09-13 12:00:00+00:00,buy,57666.620799420714,0.012274040983814719,0.7078024670901922,0.0,707.8024670901922,57910.0,1.0,1.0,1.0,0.031198073668490034,False,False
2024-09-13 14:00:00+00:00,sell,58259.89239182237,0.012274040983814719,0.7150843069298631,0.0,715.0843069298631,58456.89,8.75651076269652e-27,8.75651076269652e-27,0.997494824160982,0.03114644240486611,False,False
2024-09-14 01:00:00+00:00,buy,60444.597194999995,0.011854314944570173,0.7165292918472128,0.358085603121991,716.5292918472128,60406.06,1.0,1.0,1.0,0.031201222714824978,False,False
2024-09-14 15:00:00+00:00,sell,59884.043000000005,0.011854314944570173,0.7098843058761829,0.35511971279442794,709.8843058761829,59876.0,8.75651076269652e-27,8.75651076269652e-27,1.0020225705294392,0.031201041487247394,False,False
2024-09-14 16:00:00+00:00,buy,59905.927995,0.011814194660654817,0.707740294660101,0.35369330067971333,707.740294660101,59981.99,1.0,1.0,1.0,0.031201936514836326,False,False
2024-09-14 17:00:00+00:00,sell,59952.009000000005,0.011814194660654817,0.7082847046233296,0.354319512067634,708.2847046233296,59885.26,8.75651076269652e-27,8.75651076269652e-27,1.0020041991102397,0.031193258782762384,False,False
2024-09-14 18:00:00+00:00,buy,59673.81278000634,0.011785988296796559,0.7033148590503836,0.0,703.3148590503836,59786.0,1.0,1.0,1.0,0.0311920679319789,False,False
2024-09-14 21:00:00+00:00,sell,59994.00799,0.011785988296796559,0.7070886760480593,0.35372119862332424,707.0886760480593,60036.0,8.75651076269652e-27,8.75651076269652e-27,0.997478334907211,0.031190453431571813,False,False
2024-09-15 00:00:00+00:00,buy,60023.016509999994,0.010127493231153459,0.6078826934184373,0.30378945198319884,607.8826934184373,60025.95,0.8583845695432624,0.8583845695432624,0.8583845695432624,0.031190653114437084,False,False
2024-09-15 01:00:00+00:00,sell,60237.905038820834,0.010127493231153459,0.6100589755395229,0.0,610.0589755395229,60235.22,8.75651076269652e-27,8.75651076269652e-27,0.8603459135493634,0.031192513493339846,False,False
2024-09-15 04:00:00+00:00,buy,60186.007965,0.011777246512101424,0.7088254523831047,0.3542356083873206,708.8254523831047,60117.99,1.0,1.0,1.0,0.03119165682420258,False,False
2024-09-15 13:00:00+00:00,sell,60316.676369449255,0.011777246512101424,0.7103643663936466,0.0,710.3643663936466,60189.98,8.75651076269652e-27,8.75651076269652e-27,1.0020033737816219,0.031194700340881287,False,False
2024-09-15 17:00:00+00:00,buy,59738.09699535192,0.011813780061202539,0.7057327391778718,0.0,705.7327391778718,59814.07,1.0,1.0,1.0,0.031203242906494788,False,False
2024-09-16 00:00:00+00:00,sell,59102.434,9.302862321075404e-05,0.005498218063424459,0.002750484273849051,5.498218063424459,58666.36,1.0,0.9974121286023725,0.002587871397627506,0.031239391002367195,True,False
2024-09-16 06:00:00+00:00,sell,58640.665,0.011720751437991785,0.6873126586235445,0.3438282434334788,687.3126586235445,58707.43,8.75651076269652e-27,8.75651076269652e-27,0.9895191590287734,0.031262528619480506,False,False
2024-09-16 13:00:00+00:00,buy,58319.30146716907,0.0118502227826997,0.691096714917379,0.0,691.096714917379,58497.1,1.0,1.0,1.0,0.03127616346243661,False,False
2024-09-16 14:00:00+00:00,sell,58467.861445,0.00018092436480121772,0.010578260693222234,0.005291776234728174,10.578260693222234,57604.0,1.0,0.997396400768202,0.0026035992317979817,0.031310523233398335,True,False
2024-09-16 18:00:00+00:00,sell,58146.912000000004,0.011669298417898483,0.6785336682072824,0.33943655237978554,678.5336682072824,57896.0,8.75651076269652e-27,8.75651076269652e-27,0.9820564001247829,0.031321665083052036,False,False
2024-09-16 21:00:00+00:00,buy,57716.844,0.011958466189403575,0.6902049275330806,0.3449299987671247,690.2049275330805,57995.5,1.0,1.0,1.0,0.031326202432063716,False,False
2024-09-16 22:00:00+00:00,sell,57966.502250000005,0.011958466189403575,0.6931904572746114,0.3467686129437177,693.1904572746114,57970.01,8.75651076269652e-27,8.75651076269652e-27,1.0019947391169435,0.03132630258825164,False,False
2024-09-17 01:00:00+00:00,buy,57658.825005,0.011986297300301107,0.6911158184959654,0.3453852166396239,691.1158184959654,57896.0,1.0,1.0,1.0,0.0313541477986706,False,False
2024-09-17 02:00:00+00:00,sell,58104.22240733013,0.011986297300301107,0.6964544841770762,0.0,696.4544841770762,58115.52,8.75651076269652e-27,8.75651076269652e-27,1.001987730612263,0.03135100321751441,False,False
2024-09-17 14:00:00+00:00,buy,58995.483,0.011775873273430859,0.6947233315128446,0.34718807172056404,694.7233315128445,60265.17,1.0,1.0,1.0,0.03167681861613375,False,False
2024-09-17 15:00:00+00:00,sell,60491.57986230744,0.011775873273430859,0.7123411785681546,0.0,712.3411785681545,61135.5,8.75651076269652e-27,8.75651076269652e-27,1.001933238964845,0.031708357231839124,False,False
2024-09-17 19:00:00+00:00,buy,60316.006089584334,0.011731710332406275,0.7076099118506564,0.0,707.6099118506563,59967.99,1.0,1.0,1.0,0.031609451988066944,False,False
2024-09-18 04:00:00+00:00,sell,60479.745,0.011731710332406275,0.7095308493177968,0.35494289610692115,709.5308493177968,60429.99,8.75651076269652e-27,8.75651076269652e-27,0.9972959642433479,0.0315701829998728,False,False
2024-09-18 05:00:00+00:00,buy,60208.20949464556,0.011755563615425015,0.7077814368851423,0.0,707.7814368851423,60241.07,1.0,1.0,1.0,0.03152978021415925,False,False
2024-09-18 09:00:00+00:00,sell,60167.95097500001,0.00010609251630224262,0.006383369319687722,0.003193281300493672,6.383369319687723,59654.77,1.0,0.9972988603171249,0.002701139682875109,0.03152269126884841,True,False
2024-09-18 13:00:00+00:00,sell,59948.25088,9.123679778036062e-05,0.005469486442824885,0.002736111277050819,5.469486442824885,59508.5,1.0,0.9882067274169882,0.011793272583011771,0.03151957142566256,True,False
2024-09-18 16:00:00+00:00,buy,59212.275128887704,9.453453676305269e-05,0.005597604999995826,0.0,5.597604999995825,59915.26,1.0,0.9805529696389036,0.019447030361096407,0.03148093392574011,True,False
2024-09-18 17:00:00+00:00,sell,60133.9726257708,0.011652768838105464,0.7007272823250691,0.0,700.727282325069,60013.01,8.75651076269652e-27,8.75651076269652e-27,0.9885062462811914,0.03148189268704546,False,False
2024-09-18 20:00:00+00:00,buy,59837.84649074012,0.011791233761809057,0.7055620357755625,0.0,705.5620357755625,60230.01,1.0,1.0,1.0,0.03151876303577525,False,False
2024-09-18 21:00:00+00:00,sell,60450.7399047832,0.011791233761809057,0.7127888052916177,0.0,712.7888052916177,60199.46,8.75651076269652e-27,8.75651076269652e-27,0.9973441635995612,0.031516978556057035,False,False
2024-09-19 05:00:00+00:00,buy,62113.041,0.01150037398971326,0.7143232011383933,0.35698310901465985,714.3232011383933,61990.42,1.0,1.0,1.0,0.03159443088424288,False,False
2024-09-19 12:00:00+00:00,sell,62876.88975355263,0.01150037398971326,0.7231077474758248,0.0,723.1077474758248,62924.07,8.75651076269652e-27,8.75651076269652e-27,1.0019776319790619,0.03158962143641714,False,False
2024-09-19 15:00:00+00:00,buy,62967.30791999999,0.01145541793530016,0.7213168284843358,0.36047817515453906,721.3168284843357,63154.04,1.0,1.0,1.0,0.0315060440330624,False,False
2024-09-19 16:00:00+00:00,sell,63385.27850045801,0.01145541793530016,0.7261048561681422,0.0,726.1048561681422,63556.92,8.75651076269652e-27,8.75651076269652e-27,1.0019848830141505,0.03150937323420333,False,False
2024-09-19 19:00:00+00:00,buy,63394.96458299992,0.011377638215200832,0.7212849716908432,0.0,721.2849716908431,63251.99,1.0,1.0,1.0,0.03151172083708745,False,False
2024-09-20 03:00:00+00:00,buy,63156.572505,0.00011123498316295208,0.0070252202792234365,0.0035108547122549697,7.025220279223436,63742.16,1.0,0.9973455539560502,0.0026544460439498208,0.0315174371530956,True,False
2024-09-20 04:00:00+00:00,sell,63975.741205750346,0.011488873198363784,0.7350091784842028,0.0,735.0091784842027,63843.81,8.75651076269652e-27,8.75651076269652e-27,1.0070093625451422,0.03151659931920894,False,False
2024-09-20 08:00:00+00:00,buy,63291.95445803988,0.011478485876969178,0.7264958053723872,0.0,726.4958053723872,63298.91,1.0,1.0,1.0,0.03151892972827394,False,False
2024-09-20 11:00:00+00:00,sell,63632.177995000005,0.011478485876969178,0.7304010564363965,0.36538321982807287,730.4010564363965,63440.0,8.75651076269652e-27,8.75651076269652e-27,0.9973343066995134,0.03145197198784319,False,False
2024-09-20 12:00:00+00:00,buy,63471.730005,0.01152666283319506,0.7316172312072251,0.3656258027022105,731.6172312072251,63417.45,1.0,1.0,1.0,0.03144278950723936,False,False
2024-09-20 13:00:00+00:00,sell,63385.741275,0.00012866718349712272,0.00815566480373157,0.004079872338034388,8.15566480373157,62836.46,1.0,1.0020238024914294,0.002023802491429416,0.03145646509459446,True,False
2024-09-20 22:00:00+00:00,sell,63084.481980000004,0.011397995649697937,0.719036651171488,0.35969817467304355,719.036651171488,63180.24,8.75651076269652e-27,8.75651076269652e-27,0.9908083643088452,0.031413404938546136,False,False
2024-09-21 02:00:00+00:00,buy,62868.39849,0.011532038566710583,0.7250007960140094,0.362319238387769,725.0007960140093,62917.11,1.0,1.0,1.0,0.031417117343973205,False,False
2024-09-21 06:00:00+00:00,sell,62877.36559,0.011532038566710583,0.725104204957041,0.3627334692131093,725.1042049570409,62999.98,8.75651076269652e-27,8.75651076269652e-27,1.0019993133797043,0.03141452049608101,False,False
2024-09-21 11:00:00+00:00,buy,63010.54953,0.011473126591760521,0.7229280113740865,0.3612833640050283,722.9280113740864,63089.77,1.0,1.0,1.0,0.031412861618677984,False,False
2024-09-21 12:00:00+00:00,sell,63058.21512000001,0.011473126591760521,0.7234748847222274,0.36191840156182586,723.4748847222274,63151.98,8.75651076269652e-27,8.75651076269652e-27,1.001999010388404,0.031413591798095136,False,False
2024-09-21 16:00:00+00:00,buy,63199.56399,0.011413124128657574,0.7213044686949075,0.36047199834827015,721.3044686949074,63215.13,1.0,1.0,1.0,0.03141542703342029,False,False
2024-09-21 17:00:00+00:00,sell,63183.522435,0.011413124128657574,0.7211213844364757,0.3607410627495947,721.1213844364756,63279.99,8.75651076269652e-27,8.75651076269652e-27,1.0020009547999882,0.03141577012762359,False,False
2024-09-21 20:00:00+00:00,buy,63235.19179499999,0.011369564189690779,0.7189565721606601,0.35929863676189266,718.9565721606601,63139.99,1.0,1.0,1.0,0.03141633309117267,False,False
2024-09-21 23:00:00+00:00,sell,63459.3938938261,0.011369564189690779,0.721505652314727,0.0,721.505652314727,63348.96,8.75651076269652e-27,8.75651076269652e-27,1.0019999009745058,0.03141499599998804,False,False
2024-09-22 01:00:00+00:00,buy,63262.53545999999,0.01137650049717334,0.7197062661131359,0.35967329640829127,719.7062661131359,63046.0,1.0,1.0,1.0,0.03140761749001264,False,False
2024-09-22 09:00:00+00:00,sell,62993.837325,0.01137650049717334,0.7166494216467191,0.35850396280474056,716.649421646719,62702.94,8.75651076269652e-27,8.75651076269652e-27,1.0020214227947564,0.03139650260331023,False,False
2024-09-22 10:00:00+00:00,buy,62734.281465,0.011389184132277994,0.7144922830110395,0.3570676077016659,714.4922830110395,62655.99,1.0,1.0,1.0,0.03139248490093524,False,False
2024-09-22 12:00:00+00:00,sell,62752.608,0.011389184132277994,0.7147010072926611,0.3575292682804688,714.7010072926611,62781.99,8.75651076269652e-27,8.75651076269652e-27,1.002001980732779,0.0313877660070902,False,False
2024-09-22 14:00:00+00:00,buy,62621.295,0.011378816895968582,0.7125562495934329,0.35610007475931693,712.5562495934329,62668.0,1.0,1.0,1.0,0.03138169572744948,False,False
2024-09-22 15:00:00+00:00,sell,62636.666000000005,0.011378816895968582,0.7127311533879409,0.3565438486182259,712.7311533879409,62652.12,8.75651076269652e-27,8.75651076269652e-27,1.0020025185571022,0.03138201149105824,False,False
2024-09-22 22:00:00+00:00,buy,62553.179880730575,0.011313111213552447,0.7076710807520564,0.0,707.6710807520564,63881.51,1.0,1.0,1.0,0.03139091952859546,False,False
2024-09-22 23:00:00+00:00,sell,63849.559250000006,0.011313111213552447,0.7223371647315564,0.3613492569942108,722.3371647315564,63578.76,8.75651076269652e-27,8.75651076269652e-27,0.9974229818181541,0.0313920877049359,False,False
2024-09-23 05:00:00+00:00,buy,63681.5956387969,0.011314124750988423,0.7205015173993484,0.0,720.5015173993484,63754.0,1.0,1.0,1.0,0.03138344616897987,False,False
2024-09-23 16:00:00+00:00,sell,63586.181005,0.011314124750988423,0.7194219843295003,0.35989093763356034,719.4219843295003,63227.55,8.75651076269652e-27,8.75651076269652e-27,0.9973651886600154,0.031369865187753476,False,False
2024-09-23 17:00:00+00:00,buy,63259.163775,0.011391118285535884,0.7205926172051117,0.36011625047729423,720.5926172051117,63318.01,1.0,1.0,1.0,0.03137061708834585,False,False
2024-09-23 19:00:00+00:00,sell,63398.46491,0.011391118285535884,0.7221794129112061,0.361270341626392,722.1794129112061,63298.56,8.75651076269652e-27,8.75651076269652e-27,1.0020022568074014,0.03136635449889574,False,False
2024-09-23 20:00:00+00:00,buy,63331.660005,0.011368957730630829,0.720014965607528,0.3598275690192075,720.014965607528,63308.0,1.0,1.0,1.0,0.03136605541404858,False,False
2024-09-23 22:00:00+00:00,sell,63348.310000000005,0.011368957730630829,0.7202042586968984,0.3602822704836347,720.2042586968984,63219.0,8.75651076269652e-27,8.75651076269652e-27,1.0020070837940758,0.03136729312024125,False,False
2024-09-23 23:00:00+00:00,buy,63250.6095,0.011352348219112478,0.7180429441151037,0.35884205103202066,718.0429441151038,63339.99,1.0,1.0,1.0,0.031366270606074914,False,False
2024-09-24 00:00:00+00:00,sell,63308.320005,0.011352348219112478,0.7186980938637646,0.359528811337512,718.6980938637646,62906.0,8.75651076269652e-27,8.75651076269652e-27,1.0020145039109616,0.03137440263117178,False,False
2024-09-24 01:00:00+00:00,buy,62937.463005,0.011384987537953594,0.7165422319823403,0.35809206995614373,716.5422319823404,62942.01,1.0,1.0,1.0,0.031374209377732165,False,False
2024-09-24 03:00:00+00:00,sell,63092.438,0.011384987537953594,0.7183066203691099,0.35933297667286945,718.3066203691099,63124.0,8.75651076269652e-27,8.75651076269652e-27,1.0019975738964848,0.031370284560464035,False,False
2024-09-24 12:00:00+00:00,buy,63510.089174999994,0.011276226530780547,0.7161541525273734,0.35789812720003206,716.1541525273733,63446.01,1.0,1.0,1.0,0.03132391873114454,False,False
2024-09-24 14:00:00+00:00,sell,63488.10007000001,0.011276226530780547,0.7159061983981845,0.35813216528165287,715.9061983981844,63194.89,8.75651076269652e-27,8.75651076269652e-27,1.0020135193344353,0.03132646573575332,False,False
2024-09-24 15:00:00+00:00,buy,63226.487445,0.011288890757268145,0.7137569097323909,0.35670010481378206,713.7569097323909,63159.99,1.0,1.0,1.0,0.03132606548473041,False,False
2024-09-24 18:00:00+00:00,sell,63743.65223000001,0.011288890757268145,0.7195951264937621,0.35997755202282367,719.5951264937621,63727.58,8.75651076269652e-27,8.75651076269652e-27,1.0019877212960104,0.03133213587965211,False,False
2024-09-25 00:00:00+00:00,buy,64031.77826150088,0.01115870320879586,0.7145116095515148,0.0,714.5116095515148,64126.93,1.0,1.0,1.0,0.03134351176505251,False,False
2024-09-25 02:00:00+00:00,sell,64357.805,0.01115870320879586,0.7181496451645583,0.35925444980717947,718.1496451645583,64422.52,8.75651076269652e-27,8.75651076269652e-27,0.9974161405044517,0.03133607452980813,False,False
2024-09-25 05:00:00+00:00,buy,64204.926419999996,0.011203096459567722,0.719293983862708,0.35946725830219883,719.293983862708,64170.63,1.0,1.0,1.0,0.031326148995994424,False,False
2024-09-25 06:00:00+00:00,sell,64138.544685,8.607073925437879e-05,0.0055204519557379575,0.0027616067812593183,5.520451955737958,63806.0,1.0,1.002016057791057,0.0020160577910570687,0.03133074522163609,True,False
2024-09-25 12:00:00+00:00,sell,63806.090995000006,0.011117025720313343,0.7093339547040687,0.3548443995517669,709.3339547040687,63600.01,8.75651076269652e-27,8.75651076269652e-27,0.9942710664545992,0.031256787482956794,False,False
2024-09-25 13:00:00+00:00,buy,63374.09146459293,0.011200371159475394,0.7098133462979823,0.0,709.8133462979823,63761.34,1.0,1.0,1.0,0.031243613835636674,False,False
2024-09-25 14:00:00+00:00,sell,63729.449335000005,0.011200371159475394,0.7137934863409824,0.3570752808108625,713.7934863409823,63936.5,8.75651076269652e-27,8.75651076269652e-27,0.9974641674403644,0.031243140356584986,False,False
2024-09-25 16:00:00+00:00,buy,63527.40783,0.011253417567057288,0.7149004472637347,0.35727158783786933,714.9004472637347,63463.88,1.0,1.0,1.0,0.03124450670108697,False,False
2024-09-25 21:00:00+00:00,sell,63474.02711,0.011253417567057288,0.7142997317315446,0.35732853013079396,714.2997317315446,63437.99,8.75651076269652e-27,8.75651076269652e-27,1.0020063359317521,0.03125466025545204,False,False
2024-09-25 23:00:00+00:00,buy,63037.50288212159,0.011251599061786582,0.7092727082858482,0.0,709.2727082858482,63152.01,1.0,1.0,1.0,0.031235167736242325,False,False
2024-09-26 02:00:00+00:00,sell,63378.880689112506,0.011251599061786582,0.713113754498702,0.0,713.113754498702,63353.99,8.75651076269652e-27,8.75651076269652e-27,0.9974579473817002,0.03123647990404871,False,False
2024-09-26 20:00:00+00:00,buy,64743.425534999995,0.011037019162205352,0.7145744282566102,0.3571086597983523,714.5744282566102,64664.26,1.0,1.0,1.0,0.031235660893865896,False,False
2024-09-27 01:00:00+00:00,sell,65209.369005,0.011037018276912898,0.7197169975341425,0.3600385180260566,719.7169975341425,65119.9,8.052164728244907e-08,8.052164728244907e-08,1.0019918198958702,0.03123287890489085,False,False
2024-09-27 02:00:00+00:00,buy,64888.79274713272,0.011013658496405693,0.7146630035609665,0.0,714.6630035609664,64878.12,1.0,1.0,0.9999999199171379,0.031236170933823554,False,False
2024-09-27 03:00:00+00:00,buy,64910.569064999996,8.282211801022808e-05,0.00537603081121249,0.002686672069571349,5.37603081121249,65366.01,1.0,0.9974634093068615,0.0025365906931384963,0.03122518918610956,True,False
2024-09-27 04:00:00+00:00,sell,65333.326995,0.011096481499708375,0.7249700543144153,0.36266636033736477,724.9700543144153,65303.96,8.75651076269652e-27,8.75651076269652e-27,1.0049276865580696,0.031225364773173447,False,False
2024-09-27 05:00:00+00:00,buy,65336.611979999994,0.01103040471193281,0.7206892726459176,0.36016455404588177,720.6892726459176,65354.58,1.0,1.0,1.0,0.03122488121778441,False,False
2024-09-27 08:00:00+00:00,sell,65690.82116218611,0.01103040471193281,0.7245963432781133,0.0,724.5963432781133,65725.99,8.75651076269652e-27,8.75651076269652e-27,1.001991613325017,0.03117988571141736,False,False
2024-09-27 11:00:00+00:00,buy,65522.765009999996,0.011031157549716697,0.7227919439183745,0.3612153642770347,722.7919439183745,65437.35,1.0,1.0,1.0,0.0310203597760062,False,False
2024-09-27 13:00:00+00:00,sell,65708.319405,0.011031157549716697,0.724838823683662,0.36260071219793344,724.838823683662,65678.01,8.75651076269652e-27,8.75651076269652e-27,1.0019987610504915,0.03102375043789324,False,False
2024-09-27 14:00:00+00:00,buy,65710.85901,0.010997684788233687,0.7226673145560456,0.3611530807376105,722.6673145560455,66242.66,1.0,1.0,1.0,0.031016091845408267,False,False
2024-09-27 15:00:00+00:00,sell,66209.528675,0.010997684788233687,0.7281515263451697,0.3642578921186449,728.1515263451696,66006.01,8.75651076269652e-27,8.75651076269652e-27,1.001994529558943,0.031016857886921545,False,False
2024-09-27 18:00:00+00:00,buy,65689.50111045355,0.011008229210814775,0.7231250849679445,0.0,723.1250849679444,65876.42,1.0,1.0,1.0,0.030949442456531084,False,False
2024-09-28 02:00:00+00:00,sell,65961.003,0.011008229210814775,0.7261138399992411,0.36323853926928845,726.113839999241,66168.74,8.75651076269652e-27,8.75651076269652e-27,0.9975814650763694,0.030943266828492827,False,False
2024-09-28 04:00:00+00:00,buy,66096.79187999999,0.011001348107006545,0.7271538162282435,0.36339521050881235,727.1538162282435,66006.5,1.0,1.0,1.0,0.030943455359706856,False,False
2024-09-28 12:00:00+00:00,sell,65765.110995,0.011001348107006545,0.7235048793519187,0.36193340637914123,723.5048793519186,65548.12,8.75651076269652e-27,8.75651076269652e-27,1.0020203105327044,0.030936395152224988,False,False
2024-09-28 13:00:00+00:00,buy,65580.89405999999,0.010999026315765298,0.7213259795773561,0.3604827484144279,721.3259795773561,65528.03,1.0,1.0,1.0,0.030929368335055246,False,False
2024-09-28 15:00:00+00:00,sell,65687.869635,0.010999026315765298,0.7225026067419252,0.36143201938065794,722.5026067419252,65619.13,8.75651076269652e-27,8.75651076269652e-27,1.002002336490438,0.030930907107472233,False,False
2024-09-28 16:00:00+00:00,buy,65651.94957,0.010972048409037309,0.7203363688297161,0.3599881903196721,720.3363688297161,65516.0,1.0,1.0,1.0,0.030930086680236696,False,False
2024-09-28 18:00:00+00:00,sell,65600.3834,0.010972048409037309,0.7197705823162076,0.36006532381991513,719.7705823162075,65715.01,8.75651076269652e-27,8.75651076269652e-27,1.0020015798390098,0.03093085329918585,False,False
2024-09-28 21:00:00+00:00,buy,65678.82299999999,0.0109260340867776,0.7176090588774325,0.35862521683018544,717.6090588774325,65692.0,1.0,1.0,1.0,0.030928933228507205,False,False
2024-09-28 22:00:00+00:00,sell,65659.15400000001,0.0109260340867776,0.71739415471298,0.35887651561419276,717.3941547129799,65680.01,8.75651076269652e-27,8.75651076269652e-27,1.0020034699802958,0.030929732216023936,False,False
2024-09-29 01:00:00+00:00,buy,65719.94355,0.010883157036162577,0.7152404660623899,0.357441512274954,715.2404660623898,65872.9,1.0,1.0,1.0,0.030934364085711152,False,False
2024-09-29 02:00:00+00:00,sell,65839.96355,0.010883157036162577,0.7165466625698701,0.35845255756364924,716.5466625698701,65824.0,8.75651076269652e-27,8.75651076269652e-27,1.0020003327260516,0.030934326128546324,False,False
2024-09-29 05:00:00+00:00,buy,65774.871,0.010861268897495124,0.7143985606290539,0.35702076992955334,714.3985606290539,65594.01,1.0,1.0,1.0,0.030934173850932084,False,False
2024-09-29 10:00:00+00:00,sell,65547.120045,0.010861268897495124,0.7119248962651378,0.3561405183917668,711.9248962651377,65571.99,8.75651076269652e-27,8.75651076269652e-27,1.0020097176061171,0.030918276066248807,False,False
2024-09-29 21:00:00+00:00,buy,65844.91600499999,0.010779618959366122,0.7097831049453678,0.3547141953749651,709.7831049453678,65868.6,1.0,1.0,1.0,0.03087603570534128,False,False
2024-09-29 22:00:00+00:00,sell,65835.66570000001,0.010779618959366122,0.70968339018221,0.35501920469338194,709.68339018221,65674.42,8.75651076269652e-27,8.75651076269652e-27,1.002008717970226,0.030877911536978525,False,False
2024-09-29 23:00:00+00:00,buy,65707.25721,0.01076826374852856,0.7075530758296849,0.3535997380457966,707.5530758296849,65602.01,1.0,1.0,1.0,0.030878745147108505,False,False
2024-09-30 01:00:00+00:00,sell,65431.128070000006,0.00013574707814529956,0.008882084455253394,0.004443263859555724,8.882084455253395,64769.99,1.0,1.0020325573309672,0.0020325573309671885,0.030895478910072438,True,False
2024-09-30 08:00:00+00:00,sell,64529.728995000005,0.010632516670383261,0.6861134192746516,0.3432283237991945,686.1134192746516,64311.58,8.75651076269652e-27,8.75651076269652e-27,0.9892165951123224,0.030901823192608063,False,False
2024-09-30 09:00:00+00:00,buy,64091.68900698541,0.010768481882836575,0.6901701919121185,0.0,690.1701919121184,63541.01,1.0,1.0,1.0,0.030922680154292198,False,False
2024-09-30 12:00:00+00:00,sell,64034.265641998114,0.010768481882836575,0.6895518294466012,0.0,689.5518294466012,64048.0,8.75651076269652e-27,8.75651076269652e-27,0.9975733631701467,0.030795035544017108,False,False
2024-09-30 16:00:00+00:00,buy,63593.20071,0.010864137390255272,0.6908852695995191,0.34526999979984974,690.8852695995191,63486.98,1.0,1.0,1.0,0.030781203449715355,False,False
2024-09-30 18:00:00+00:00,sell,63664.152,0.010864137390255272,0.691656094162095,0.3460010476048297,691.656094162095,63330.55,8.75651076269652e-27,8.75651076269652e-27,1.002011832116723,0.030774795226677393,False,False
2024-09-30 19:00:00+00:00,buy,63362.22527999999,0.010883166227349462,0.6895816302570043,0.34461850587549686,689.5816302570042,63488.0,1.0,1.0,1.0,0.03077446428864475,False,False
2024-09-30 20:00:00+00:00,sell,63701.29105431199,0.010883166227349462,0.6932717394408466,0.0,693.2717394408467,63809.99,8.75651076269652e-27,8.75651076269652e-27,1.0019894193740129,0.030779593424156898,False,False
2024-10-01 00:00:00+00:00,buy,63114.8176445575,0.010914666733926404,0.688877200562883,0.0,688.877200562883,63531.99,1.0,1.0,1.0,0.030780735528201347,False,False
