timestamp,side,price,qty,fee,slippage,notional,bar_close,target_exposure_raw,target_exposure_final,delta_e,delta_e_min,suppressed,clamped_long_only
2024-04-30 05:00:00+00:00,buy,63169.385274,0.014169657778781273,0.8950885714285652,0.0,895.0885714285653,63330.0,0.8984126984126923,0.8984126984126923,0.8984126984126923,0.031602793098166465,False,False
2024-04-30 06:00:00+00:00,buy,63361.66499999999,0.001347050744272115,0.08535137799657042,0.0426543618173679,85.35137799657042,63412.0,0.980180865395593,0.980180865395593,0.08393339600775085,0.03160256133377934,False,False
2024-04-30 07:00:00+00:00,sell,63380.294,0.004828328103790176,0.3060208547466839,0.15308697085876316,306.0208547466839,63148.74,0.6788594184793247,0.6788594184793247,0.30257387300606176,0.03160304598833469,False,False
2024-04-30 08:00:00+00:00,buy,62914.05324266712,0.004924218512192794,0.30980254565462456,0.0,309.80254565462457,61919.32,1.0,1.0,0.32872853205395536,0.031642837510812816,False,False
2024-04-30 11:00:00+00:00,sell,61751.28891,0.0027354480777084435,0.16891744454487825,0.08450097275881127,168.91744454487824,61204.42,0.8205676775826276,0.8205676775826276,0.16500665415106608,0.0316342003602976,False,False
2024-04-30 12:00:00+00:00,buy,60977.6801665663,0.0022242363573599863,0.13562877321394573,0.0,135.62877321394572,61230.16,0.9517578928818,0.9517578928818,0.13984001259168977,0.03161369346663315,False,False
2024-04-30 13:00:00+00:00,sell,61199.54492000001,0.0026172499903930543,0.16017450835392932,0.08012731783587197,160.17450835392933,60820.57,0.7918340946649602,0.7918340946649602,0.15959756539935221,0.031606351899796936,False,False
2024-04-30 14:00:00+00:00,buy,60595.33845840156,0.0010530444388453849,0.06380958418357364,0.0,63.80958418357364,61247.87,0.8475390224789912,0.8475390224789912,0.06043811612070937,0.031611030098805254,False,False
2024-04-30 15:00:00+00:00,sell,61217.24606500001,0.0047552220401365156,0.2911015977247484,0.14562361066768895,291.1015977247484,60796.85,0.5568280791256786,0.5568280791256786,0.29518848227026173,0.0316160263475517,False,False
2024-04-30 16:00:00+00:00,buy,60571.4865880441,0.0021072651820472996,0.1276401847118303,0.0,127.64018471183032,60336.68,0.6871202165158375,0.6871202165158375,0.137164831719658,0.03161984632035361,False,False
2024-04-30 17:00:00+00:00,buy,60113.049402543154,0.0015172255022112661,0.09120505156922419,0.0,91.2050515692242,60368.81,0.7771528463348956,0.7771528463348956,0.09467733782570065,0.031618353003214444,False,False
2024-04-30 18:00:00+00:00,sell,60338.635590000005,0.0018838563436241133,0.1136693214218452,0.056863092257040546,113.6693214218452,60403.67,0.6589982705481386,0.6589982705481386,0.11842876944821668,0.031616268159562894,False,False
2024-04-30 19:00:00+00:00,sell,60373.478160000006,0.0016316062453792107,0.09850574402112139,0.0492775107659343,98.50574402112139,59292.95,0.5641489591791056,0.5641489591791056,0.09125076408679,0.03164891609054832,False,False
2024-04-30 20:00:00+00:00,buy,59322.59647499999,0.005265746721660004,0.31237776790859056,0.1561108285399942,312.37776790859056,59958.62,0.8748288907764707,0.8748288907764707,0.31923352820452755,0.03166093696214348,False,False
2024-04-30 21:00:00+00:00,sell,60181.904433085,0.005731672242677505,0.3449429511505836,0.0,344.9429511505836,60180.0,0.52320008809317,0.52320008809317,0.3591853512547848,0.03166130198749062,False,False
2024-04-30 22:00:00+00:00,sell,60404.01128196594,0.0022410476572045116,0.13536826796920465,0.0,135.36826796920465,60589.79,0.38420701714636274,0.38420701714636274,0.14279851009687483,0.03165734340906595,False,False
2024-04-30 23:00:00+00:00,sell,60815.18741551667,0.006184014536456593,0.37608200301488726,0.0,376.0820030148872,60672.0,0.0,0.0,0.3873654153701021,0.03165173226821144,False,False
2024-05-01 01:00:00+00:00,buy,60016.46200445556,0.004621209163429677,0.27734862417161915,0.0,277.3486241716191,60133.78,0.2872621854176449,0.2872621854176449,0.2872621854176449,0.0316525290620156,False,False
2024-05-01 03:00:00+00:00,buy,59957.953994999996,0.0008618339352791139,0.05167379944279492,0.025823987727532183,51.673799442794916,60246.03,0.3387927177866027,0.3387927177866027,0.05173663432254372,0.031652178970602074,False,False
2024-05-01 04:00:00+00:00,sell,60215.89699,0.005483043098708791,0.330166358423579,0.16516576209281233,330.16635842357897,60283.99,0.0,0.0,0.3406722094971263,0.0316494843370613,False,False
2024-05-01 06:00:00+00:00,buy,59826.476258086426,0.003493653104843282,0.20901295453089655,0.0,209.01295453089654,59529.94,0.21641870013068423,0.21641870013068423,0.21641870013068423,0.03165679056736928,False,False
2024-05-01 07:00:00+00:00,buy,59305.44207863196,0.0027726368083870762,0.1644324516448827,0.0,164.43245164488272,57499.99,0.38814962579523116,0.38814962579523116,0.17912339339831804,0.031776696213564465,False,False
2024-05-01 08:00:00+00:00,buy,57283.644377913806,0.01032173898330354,0.5912668252812096,0.0,591.2668252812095,57169.69,1.0,1.0,0.6244102832554177,0.031755968662462886,False,False
2024-05-01 09:00:00+00:00,sell,57384.7745357421,0.0011973438112860783,0.06870930465241774,0.0,68.70930465241774,57115.61,0.9250733591555633,0.9250733591555633,0.07102428165283314,0.031754331155110616,False,False
2024-05-01 10:00:00+00:00,sell,57330.27074564577,0.001571631055367036,0.09010203391645717,0.0,90.10203391645717,57768.68,0.8209289734944953,0.8209289734944953,0.10381784440829289,0.03174532385978043,False,False
2024-05-01 11:00:00+00:00,sell,57739.79566,0.004836049032524941,0.2792324829397308,0.13968608451210637,279.2324829397308,57898.47,0.5391735013701568,0.5391735013701568,0.2921304727912307,0.031728248008545484,False,False
2024-05-01 12:00:00+00:00,sell,58115.25453184315,0.0014608135129904548,0.08489554913099624,0.0,84.89554913099624,57969.98,0.45276343445860173,0.45276343445860173,0.08859479171236778,0.03171118128782424,False,False
2024-05-01 13:00:00+00:00,sell,57941.005005,0.0008980491925392646,0.05203387275965374,0.026029951355503626,52.03387275965374,57301.29,0.4012471707317776,0.4012471707317776,0.04914194699696506,0.03172136964379646,False,False
2024-05-01 14:00:00+00:00,buy,57329.940644999995,0.003330789616286736,0.1909539710027009,0.09542927086589835,190.95397100270088,57482.0,0.5949959058621591,0.5949959058621591,0.19782922486184779,0.03171971221150466,False,False
2024-05-01 15:00:00+00:00,sell,57453.268995000006,0.0022050335315895323,0.12668638463340823,0.06337487975657408,126.68638463340824,56886.0,0.46744979498038813,0.46744979498038813,0.12677491970702842,0.031715806838856914,False,False
2024-05-01 16:00:00+00:00,buy,56914.443,0.0023331889890833455,0.13279215172741168,0.06636289441649597,132.7921517274117,57043.99,0.6004347266902443,0.6004347266902443,0.1376566490130094,0.031715056795005664,False,False
2024-05-01 17:00:00+00:00,sell,57257.76650770649,0.001966261060846901,0.11258371671516712,0.0,112.58371671516711,57424.65,0.4826974073694812,0.4826974073694812,0.12093233384939728,0.03171852674016323,False,False
2024-05-01 18:00:00+00:00,sell,57641.21092025359,0.002954993148429089,0.17032938333650532,0.0,170.32938333650532,58913.99,0.30530861863892483,0.30530861863892483,0.1872313849733664,0.031777227182308715,False,False
2024-05-01 19:00:00+00:00,sell,59138.799389549495,0.005161833156330681,0.30526461551456524,0.0,305.2646155145652,56954.47,0.0,0.0,0.30725406189017,0.03188668235835365,False,False
2024-05-01 20:00:00+00:00,buy,56982.937229999996,0.0075935703803713785,0.43270394433628945,0.21624385024299878,432.70394433628945,57361.7,0.44687785009920694,0.44687785009920694,0.44687785009920694,0.03189077406233615,False,False
2024-05-01 21:00:00+00:00,sell,57580.889264684105,0.00302808313597208,0.17435971973666572,0.0,174.3597197366657,57909.03,0.2688247052155053,0.2688247052155053,0.18256564224919347,0.03189880526142455,False,False
2024-05-01 22:00:00+00:00,sell,58130.20600263731,0.0045654872443992986,0.26539271401934417,0.0,265.39271401934417,57880.58,0.0,0.0,0.27161825307707865,0.03189479810448173,False,False
2024-05-02 02:00:00+00:00,buy,57140.926185,0.005390518895386538,0.3080192423001299,0.15393265482262128,308.01924230012986,57463.87,0.3161619489380699,0.3161619489380699,0.3161619489380699,0.03192386516229967,False,False
2024-05-02 03:00:00+00:00,sell,57684.03235634942,0.005390518895386538,0.31094686637899,0.0,310.94686637898997,57442.88,0.0,0.0,0.3176113532882915,0.03192369335302553,False,False
2024-05-05 03:00:00+00:00,buy,63173.27084999999,0.0038812182511707622,0.24518925180917386,0.12253335922496059,245.18925180917387,63235.93,0.2511153369657697,0.2511153369657697,0.2511153369657697,0.03122903615451389,False,False
2024-05-05 04:00:00+00:00,sell,63204.312035,0.0038812182511707622,0.24530972942293386,0.1227162228228692,245.30972942293386,63345.2,0.0,0.0,0.251847350499419,0.031229704162017646,False,False
2024-05-06 13:00:00+00:00,buy,63625.786994999995,0.011162446093953471,0.7102194175170532,0.3549322426371742,710.2194175170532,63870.0,0.727843892145412,0.727843892145412,0.727843892145412,0.031237858788250222,False,False
2024-05-06 14:00:00+00:00,sell,64096.66388465352,0.0066089334219229644,0.42361058418104924,0.0,423.61058418104926,63271.97,0.2997402507330629,0.2997402507330629,0.4281606617376885,0.031235134723529845,False,False
2024-05-06 15:00:00+00:00,buy,63047.309343517336,0.01063022160390926,0.6702068698518082,0.0,670.2068698518082,63632.01,0.9833722133702656,0.9833722133702656,0.6867865372496054,0.031240070321981672,False,False
2024-05-06 16:00:00+00:00,sell,63600.19399500001,0.008460839956464593,0.5381110625917955,0.2691901263590207,538.1110625917955,63192.43,0.4383915383527828,0.4383915383527828,0.5448809489759955,0.031244833088319407,False,False
2024-05-06 17:00:00+00:00,buy,63224.016209999994,0.006745953016895902,0.4265062428921249,0.21314654817194992,426.5062428921249,63169.93,0.869997948984653,0.869997948984653,0.43589824356761897,0.031244984087392208,False,False
2024-05-06 18:00:00+00:00,sell,63394.41927394961,0.001785571233617259,0.11319525142743593,0.0,113.19525142743593,63400.0,0.7527817502787186,0.7527817502787186,0.11820952183438804,0.0312477716174345,False,False
2024-05-06 19:00:00+00:00,sell,63368.3,0.00529464410292108,0.33551259590713384,0.1678402180625828,335.51259590713386,63220.0,0.41407450689148284,0.41407450689148284,0.34101858087018266,0.03125099021649394,False,False
2024-05-06 20:00:00+00:00,buy,63251.60999999999,0.0018355529390428503,0.11610167863469212,0.05802182840313221,116.10167863469212,63308.28,0.5310719339091492,0.5310719339091492,0.11795368659481159,0.031291674120832724,False,False
2024-05-06 21:00:00+00:00,sell,63535.54889448602,0.0024626221558575797,0.15646405039213382,0.0,156.46405039213383,63550.29,0.37183975989664114,0.37183975989664114,0.16096171367974516,0.031334959052881306,False,False
2024-05-06 22:00:00+00:00,sell,63518.514855,0.005761562783018008,0.3659659112211445,0.18307449285699848,365.9659112211445,63495.67,0.0,0.0,0.37313342005278066,0.03133598831729975,False,False
2024-05-07 00:00:00+00:00,buy,63196.76259,0.006608266177913182,0.41762102877710605,0.20870616130788694,417.62102877710606,63545.45,0.42592187398636044,0.42592187398636044,0.42592187398636044,0.03133430877153759,False,False
2024-05-07 01:00:00+00:00,sell,63773.59864697636,0.006608266177913182,0.42143291498262375,0.0,421.43291498262374,63895.72,0.0,0.0,0.4290997575593806,0.03133642383557991,False,False
2024-05-07 04:00:00+00:00,buy,63271.11975,0.004952257424076233,0.3133348725115539,0.15658914168492466,313.3348725115539,63466.26,0.31866408906069754,0.31866408906069754,0.31866408906069754,0.03133454830782445,False,False
2024-05-07 05:00:00+00:00,sell,63694.10436283882,0.004952257424076233,0.31542960120075497,0.0,315.429601200755,63563.48,0.0,0.0,0.31997823154014127,0.03133489423270314,False,False
2024-05-07 14:00:00+00:00,buy,63244.77658499999,0.006540836763525649,0.41367375978813414,0.20673351313745963,413.67375978813413,64024.47,0.4201497754965764,0.4201497754965764,0.4201497754965764,0.031307563544175715,False,False
2024-05-07 15:00:00+00:00,sell,64253.58584755467,0.006540836763525649,0.420272216500037,0.0,420.27221650003696,63740.48,0.0,0.0,0.4225288328874217,0.031307537534459806,False,False
2024-05-07 18:00:00+00:00,buy,63165.44594428828,0.006866588582306318,0.43373112991733676,0.0,433.7311299173368,63169.99,0.4398367093989359,0.4398367093989359,0.4398367093989359,0.03128812797305108,False,False
2024-05-07 19:00:00+00:00,buy,63201.574994999995,0.004625531024428269,0.2923408459321024,0.14609737427889988,292.3408459321024,63060.01,0.7344068535848682,0.7344068535848682,0.29635972493737717,0.03129077503001099,False,False
2024-05-07 20:00:00+00:00,buy,63091.53,0.0012402898651962205,0.0782517852387233,0.03910633944963539,78.2517852387233,62974.94,0.8139563883468872,0.8139563883468872,0.08028011847927341,0.03129016894332831,False,False
2024-05-07 22:00:00+00:00,sell,63042.472995000004,0.003770816147696407,0.23772157516026068,0.11892024770397598,237.72157516026067,62850.92,0.5740947312047793,0.5740947312047793,0.238679868527102,0.03130588453809244,False,False
2024-05-07 23:00:00+00:00,buy,62625.46395999367,0.003479275607964896,0.21789124919349068,0.0,217.89124919349067,62312.08,0.797780487291841,0.797780487291841,0.22803809326684543,0.03132836122728555,False,False
2024-05-08 00:00:00+00:00,buy,62343.226035,0.003322032113539755,0.20710619894993773,0.1035013488005685,207.10619894993772,62586.01,1.0,1.0,0.20728029832564943,0.031329476715333815,False,False
2024-05-08 01:00:00+00:00,sell,62554.716995,0.004174167817350534,0.2611138865039995,0.13062225437918742,261.11388650399954,62530.31,0.738709812975308,0.738709812975308,0.26518305397789543,0.03132958035113484,False,False
2024-05-08 02:00:00+00:00,sell,62754.68221056862,0.0009558185873597726,0.05998209170071715,0.0,59.98209170071715,62756.01,0.6755788282795938,0.6755788282795938,0.06338709335814896,0.03133093051563271,False,False
2024-05-08 03:00:00+00:00,sell,62724.622,0.00506359025304926,0.31761178458539924,0.15888533496016435,317.6117845853992,62893.99,0.35462630134672146,0.35462630134672146,0.32391243958561966,0.03132235444904444,False,False
2024-05-08 04:00:00+00:00,sell,62862.553,0.005569324387979484,0.3501019495135529,0.17513854402879148,350.1019495135529,62520.15,0.0,0.0,0.35452237569992173,0.0313262916843601,False,False
2024-05-08 05:00:00+00:00,buy,62551.410075,0.007795149541225966,0.48759759554917353,0.24367695929492622,487.59759554917355,62617.71,0.49551298791624987,0.49551298791624987,0.49551298791624987,0.031326662471597544,False,False
2024-05-08 06:00:00+00:00,sell,62586.401145,0.002519877709557151,0.1577100771666877,0.07889448582624606,157.71007716668768,62505.98,0.3362266610454733,0.3362266610454733,0.15972133878115635,0.03132262962154378,False,False
2024-05-08 07:00:00+00:00,buy,62281.908301013544,0.0007757532937376684,0.048315395504778695,0.0,48.31539550477869,62208.0,0.38561256981141057,0.38561256981141057,0.05103896917893014,0.03132304548189124,False,False
2024-05-08 08:00:00+00:00,buy,62239.104,0.0031636037664104083,0.1968998638324091,0.09840073155042732,196.8998638324091,62375.99,0.5838772509639643,0.5838772509639643,0.19942370201951704,0.031323578456381534,False,False
2024-05-08 09:00:00+00:00,sell,62344.802005000005,0.003443162459201305,0.21466328178995428,0.10738533356173374,214.66328178995428,62302.01,0.36689499045022766,0.36689499045022766,0.21818879648332,0.03132279952661715,False,False
2024-05-08 11:00:00+00:00,sell,62418.83497,0.0025526406618599246,0.15933285621034624,0.07970628124578107,159.33285621034622,62243.4,0.2049724978779334,0.2049724978779334,0.16133410377338234,0.03124791578200084,False,False
2024-05-08 12:00:00+00:00,buy,62274.5217,0.0020551186694358894,0.12798153217586042,0.0639587866945748,127.98153217586042,62238.29,0.3346639679722604,0.3346639679722604,0.13042659310715923,0.031247986798580596,False,False
2024-05-08 13:00:00+00:00,sell,62207.170855000004,0.0006193007515686404,0.038524947663460325,0.019272109886671596,38.524947663460324,62447.61,0.29508934151820587,0.29508934151820587,0.040386153086651,0.0312145284905333,False,False
2024-05-08 14:00:00+00:00,sell,62668.67658748428,0.004654643688622911,0.29170035995228416,0.0,291.70035995228415,62560.01,0.0,0.0,0.296519117727811,0.031214612314600793,False,False
2024-05-08 16:00:00+00:00,buy,62052.63196230859,0.003936456842568104,0.2442675076873899,0.0,244.2675076873899,62444.45,0.249563199691341,0.249563199691341,0.249563199691341,0.03121380893020534,False,False
2024-05-08 17:00:00+00:00,sell,62665.3948800579,0.003936456842568104,0.24667962246783617,0.0,246.67962246783617,62594.18,0.0,0.0,0.2503689570773186,0.031209941920024353,False,False
2024-05-08 20:00:00+00:00,buy,61959.28742554439,0.005412636145546839,0.3353630786718273,0.0,335.3630786718273,61570.01,0.34196518219095606,0.34196518219095606,0.34196518219095606,0.031215985375607158,False,False
2024-05-08 21:00:00+00:00,buy,61600.784999999996,0.010081039929009057,0.6209999732433021,0.31034481421450566,620.9999732433022,61485.94,0.9721432255505822,0.9721432255505822,0.632993649179142,0.031216009121987992,False,False
2024-05-09 01:00:00+00:00,sell,61369.309995,0.004896379553344956,0.30048743466240624,0.15031887676958194,300.48743466240626,61551.0,0.6638177875576075,0.6638177875576075,0.30909730905137456,0.031223385577057255,False,False
2024-05-09 02:00:00+00:00,sell,61520.214505,0.01059729652121094,0.6519479551579874,0.3261370461019854,651.9479551579874,61664.64,0.0,0.0,0.6667714150992429,0.031223642066784213,False,False
2024-05-13 03:00:00+00:00,buy,60831.908867837876,0.0075176972343921275,0.4573158730585387,0.0,457.3158730585387,61170.0,0.4694489920794555,0.4694489920794555,0.4694489920794555,0.03106593690523285,False,False
2024-05-13 04:00:00+00:00,sell,61139.415,0.0075176972343921275,0.45962761105785255,0.22992876991387665,459.62761105785256,60976.96,0.0,0.0,0.4686279175752772,0.031067325368683424,False,False
2024-05-13 05:00:00+00:00,buy,61007.44848,0.009079466745058785,0.5539150996750472,0.2768191402673897,553.9150996750471,60858.97,0.5656758726241032,0.5656758726241032,0.5656758726241032,0.03106791613865509,False,False
2024-05-13 06:00:00+00:00,buy,60889.38948,0.0035062661103519473,0.21349440281374435,0.10669385447962842,213.49440281374436,61504.1,0.7796780533858809,0.7796780533858809,0.2112484545798876,0.031082399478060463,False,False
2024-05-13 07:00:00+00:00,sell,61719.03635515459,0.012585732855410732,0.7767793036593585,0.0,776.7793036593586,62334.37,0.0,0.0,0.7887171112738797,0.03110499379569709,False,False
2024-05-14 07:00:00+00:00,buy,62073.010995,0.005211426745359208,0.3234889496643192,0.16166364301064878,323.4889496643192,62035.39,0.32786424437287687,0.32786424437287687,0.32786424437287687,0.031128256182671038,False,False
2024-05-14 09:00:00+00:00,buy,61891.940505,0.0016283458520437166,0.10078148459625323,0.05036555951836195,100.78148459625324,61797.85,0.42988902451013083,0.42988902451013083,0.10267817808180535,0.031133500993104857,False,False
2024-05-14 10:00:00+00:00,buy,61581.242325628,0.0005013828106577509,0.03087577636101942,0.0,30.87577636101942,61719.01,0.4613258601628469,0.4613258601628469,0.03205569969384281,0.031129399852158873,False,False
2024-05-14 11:00:00+00:00,buy,61749.8595,0.0010798378942185674,0.0666798382507724,0.033323257496636435,66.67983825077239,61798.57,0.5281746702579005,0.5281746702579005,0.06713509039300508,0.031123022201365952,False,False
2024-05-14 12:00:00+00:00,sell,62015.005752178324,0.0008195235715432172,0.050822759003298336,0.0,50.82275900329834,61566.52,0.4783608355500997,0.4783608355500997,0.04958278646628567,0.031122972833442647,False,False
2024-05-14 13:00:00+00:00,buy,61597.313265,0.0032268827394929733,0.19876730697397005,0.09933398649373239,198.76730697397005,61695.98,0.6779720398922258,0.6779720398922258,0.20103707704986817,0.031124753582486314,False,False
2024-05-14 14:00:00+00:00,sell,61912.154202018115,0.0037799695100859156,0.23402605518736608,0.0,234.02605518736607,61803.74,0.44169967734713894,0.44169967734713894,0.23806385662725899,0.031126798561921326,False,False
2024-05-14 15:00:00+00:00,sell,62020.269947717505,0.002697133812198155,0.167276967117646,0.0,167.276967117646,61787.61,0.27313794866294977,0.27313794866294977,0.16918984035938228,0.031125945613280526,False,False
2024-05-14 17:00:00+00:00,buy,61212.18279555209,0.0041212635662746504,0.25227153876745284,0.0,252.27153876745282,61314.98,0.5294602801488029,0.5294602801488029,0.2580423247184809,0.031131656843819355,False,False
2024-05-14 19:00:00+00:00,sell,61645.51344897722,0.002577785479323887,0.15890890943423888,0.0,158.90890943423886,61596.52,0.3674295829674458,0.3674295829674458,0.1621098383721699,0.031137460668857392,False,False
2024-05-14 20:00:00+00:00,sell,61565.71174500001,0.005894727234895692,0.3629130777589891,0.18154731253572848,362.9130777589891,61610.04,0.0,0.0,0.36848884724611547,0.031136666667196417,False,False
2024-05-15 01:00:00+00:00,buy,61469.069175,0.0038603194767123654,0.2372902449516322,0.11858582956102924,237.2902449516322,61696.0,0.24083917982654254,0.24083917982654254,0.24083917982654254,0.031136558398130287,False,False
2024-05-15 02:00:00+00:00,sell,61665.142005,0.0038603194767123654,0.2380471487161353,0.11908311591601194,238.0471487161353,61774.01,0.0,0.0,0.24195318438366203,0.031140565753145194,False,False
2024-05-16 17:00:00+00:00,buy,64923.62581231886,0.00370783973589352,0.24072639958519806,0.0,240.72639958519807,64994.99,0.24530904359207037,0.24530904359207037,0.24530904359207037,0.03124034901198572,False,False
2024-05-16 18:00:00+00:00,buy,65027.4975,0.0025350701565734126,0.1648492682689022,0.08238344241323857,164.8492682689022,65122.18,0.4118068404832926,0.4118068404832926,0.16674458493138042,0.031253986110275994,False,False
2024-05-16 19:00:00+00:00,sell,65354.154329597164,0.0012905053141702896,0.08433988346545039,0.0,84.33988346545038,65186.85,0.32718765971337305,0.32718765971337305,0.08566859048934733,0.03126736299797436,False,False
2024-05-16 20:00:00+00:00,sell,65154.24658,0.0008012677860661024,0.052205998909961526,0.026116057483720558,52.20599890996152,65273.9,0.27436640753172914,0.27436640753172914,0.053396377664653105,0.03126663337522825,False,False
2024-05-16 21:00:00+00:00,sell,65241.26305000001,0.00415113679223054,0.27082540741844596,0.13548044393115863,270.82540741844593,65461.99,0.0,0.0,0.27535513973012904,0.03126760485639557,False,False
2024-05-17 00:00:00+00:00,buy,65267.827605,0.0035864643023561017,0.23408073379766464,0.11698187596084995,234.08073379766464,65508.69,0.23739301209158933,0.23739301209158933,0.23739301209158933,0.031303960089778454,False,False
2024-05-17 01:00:00+00:00,sell,65475.94565,0.0035864643023561017,0.2348271417367333,0.11747230702186184,234.8271417367333,65340.84,0.0,0.0,0.23779892711356196,0.031301355109973894,False,False
2024-05-19 13:00:00+00:00,buy,66866.406495,0.01024041909553896,0.6847400259214684,0.34219891350395826,684.7400259214684,67049.99,0.6943988732049562,0.6943988732049562,0.6943988732049562,0.0313571511574251,False,False
2024-05-19 14:00:00+00:00,sell,67016.465005,0.01024041909553896,0.6862766879527206,0.3433099989758457,686.2766879527205,66928.0,0.0,0.0,0.6956656802562308,0.0313958213713999,False,False
2024-05-19 15:00:00+00:00,buy,66961.46399999999,0.004976047373386663,0.3332034170553255,0.1665184493029748,333.20341705532553,66889.88,0.33808186274040974,0.33808186274040974,0.33808186274040974,0.03143438305474103,False,False
2024-05-19 16:00:00+00:00,buy,66646.90718639495,0.001071959221133273,0.07144276671846947,0.0,71.44276671846947,66662.01,0.4115099468757158,0.4115099468757158,0.07409013795233882,0.0314382783207805,False,False
2024-05-19 17:00:00+00:00,buy,66695.33099999999,0.008644543946653083,0.5765507198660736,0.2881312942858164,576.5507198660737,66720.01,0.9959846864897224,0.9959846864897224,0.5856431434318452,0.031440728789096956,False,False
2024-05-19 18:00:00+00:00,sell,66686.649995,0.00417335794073336,0.27830726029753955,0.13922324176963372,278.30726029753953,66586.21,0.715604435061951,0.715604435061951,0.2819026828501855,0.03143680586852479,False,False
2024-05-19 19:00:00+00:00,buy,66343.99740984578,0.003158668669904125,0.20955870605468027,0.0,209.55870605468027,66034.01,0.9341488391460555,0.9341488391460555,0.2216836235209927,0.03145079444501739,False,False
2024-05-19 20:00:00+00:00,buy,66067.027005,0.0010955604227379755,0.07238042003463903,0.03617212395534351,72.38042003463903,66163.99,1.0,1.0,0.07233511785339208,0.03145243149046095,False,False
2024-05-19 22:00:00+00:00,sell,66246.86,0.00407331063756872,0.26984403954352576,0.13498951452902502,269.84403954352575,66363.61,0.7247899523557664,0.7247899523557664,0.27717487427247245,0.031447403360681386,False,False
2024-05-19 23:00:00+00:00,sell,66330.428195,0.00346676585992157,0.22995206394040513,0.11503354874457543,229.9520639404051,66274.01,0.49150463285153645,0.49150463285153645,0.23458453231762888,0.03144340587460656,False,False
2024-05-20 00:00:00+00:00,buy,66307.137,0.0007093633198240815,0.04703585083035019,0.023506172329012323,47.035850830350185,66459.99,0.5383178569152072,0.5383178569152072,0.04670136786045326,0.03148866443472961,False,False
2024-05-20 01:00:00+00:00,sell,66426.760005,0.004831878979905804,0.3209660653714071,0.16056331434288224,320.96606537140707,66520.4,0.2113165905356414,0.2113165905356414,0.328716766938192,0.03153611585063229,False,False
2024-05-20 02:00:00+00:00,sell,66487.1398,0.0031108295355097466,0.2068301582214056,0.10346681251692925,206.8301582214056,66674.02,0.0,0.0,0.21209599753989583,0.031535074744920344,False,False
2024-05-20 07:00:00+00:00,buy,66443.21500499999,0.005122460589094517,0.3403527502758459,0.1700913294731667,340.3527502758459,66825.14,0.34818331415178605,0.34818331415178605,0.34818331415178605,0.03156528786453097,False,False
2024-05-20 08:00:00+00:00,sell,66791.737425,0.005122460589094517,0.34213804263671177,0.17115459861763824,342.13804263671176,66762.0,0.0,0.0,0.34962708112866586,0.031561129165905644,False,False
2024-05-21 20:00:00+00:00,buy,69320.632995,0.004184358024834543,0.2900623469592385,0.1449586941325612,290.0623469592385,69727.01,0.2965047539507793,0.2965047539507793,0.2965047539507793,0.03150022512502332,False,False
2024-05-21 21:00:00+00:00,sell,69692.13650000001,0.004184358024834543,0.2916168506316394,0.14588136599878646,291.6168506316394,69727.76,0.0,0.0,0.298008652378285,0.0314997947505756,False,False
2024-05-22 05:00:00+00:00,buy,69634.76998499999,0.0038137127792647447,0.26556701217295553,0.1327171475126854,265.5670121729555,69898.12,0.27127615772079705,0.27127615772079705,0.27127615772079705,0.031315776968070336,False,False
2024-05-22 06:00:00+00:00,sell,69863.17094,0.0038137127792647447,0.26643806781383533,0.13328567674528655,266.43806781383535,69854.08,0.0,0.0,0.2721447379798197,0.03129665557360872,False,False
2024-05-22 13:00:00+00:00,buy,69678.70194,0.0032837636575294197,0.22880838913439666,0.11434702105665147,228.80838913439666,69586.87,0.23370985204538253,0.23370985204538253,0.23370985204538253,0.031263371108802535,False,False
2024-05-22 15:00:00+00:00,sell,70356.5363342089,0.0032837636575294197,0.23103423708392332,0.0,231.0342370839233,70455.9,0.0,0.0,0.2359022838468146,0.030997284613870718,False,False
2024-05-22 19:00:00+00:00,buy,69609.3873,0.009031381411349508,0.6286689265166485,0.31417737457100553,628.6689265166485,69637.47,0.6410540544989511,0.6410540544989511,0.6410540544989511,0.030976103268862715,False,False
2024-05-22 20:00:00+00:00,sell,69876.66841519647,0.0017795392296539982,0.1243482726823666,0.0,124.3482726823666,69442.01,0.5164996380300069,0.5164996380300069,0.12493897121403685,0.03096023868507855,False,False
2024-05-22 21:00:00+00:00,buy,69204.11007860827,0.004190011928335993,0.28996604671924575,0.0,289.96604671924575,69497.77,0.8117638056734613,0.8117638056734613,0.296855205607817,0.03093920504594172,False,False
2024-05-22 22:00:00+00:00,sell,69463.02111500001,0.002969797073478492,0.20629107682230174,0.10319713697962168,206.29107682230173,69141.28,0.6034835708505517,0.6034835708505517,0.20736458315775652,0.030937730979638534,False,False
2024-05-22 23:00:00+00:00,buy,69175.85063999999,0.005651361546725438,0.3909377422689182,0.1953711855416364,390.9377422689182,69166.62,1.0,1.0,0.3999213461470391,0.030938085480309185,False,False
2024-05-23 00:00:00+00:00,sell,69403.66663049502,0.0021887473631509464,0.1519070923305033,0.0,151.9070923305033,69499.81,0.8418304402365413,0.8418304402365413,0.1591856558657776,0.030941995268068012,False,False
2024-05-23 01:00:00+00:00,sell,69465.06009500001,0.008431306057603918,0.5856811819707938,0.29298708452757355,585.6811819707938,69483.16,0.24844782349457573,0.24844782349457573,0.5977193885648294,0.030941865776637545,False,False
2024-05-23 03:00:00+00:00,sell,69471.09707500001,0.0035033651625235845,0.24338262129484914,0.12175218674077186,243.38262129484914,69446.14,0.0,0.0,0.24855040700071365,0.03094086023119197,False,False
2024-05-23 04:00:00+00:00,buy,69480.86306999999,0.0034268072636296425,0.23809752625153255,0.11898926849149562,238.09752625153254,69550.01,0.24318790811197255,0.24318790811197255,0.24318790811197255,0.030940405419363465,False,False
2024-05-23 05:00:00+00:00,sell,69515.225,0.0034268072636296425,0.23821527796284894,0.11916722259270086,238.21527796284894,69478.89,0.0,0.0,0.24339308939362683,0.030940868448838588,False,False
2024-05-23 13:00:00+00:00,buy,69189.59970989253,0.004215583085813865,0.29167450625125485,0.0,291.67450625125485,68036.14,0.2992710551687612,0.2992710551687612,0.2992710551687612,0.03097616939313519,False,False
2024-05-23 14:00:00+00:00,buy,67801.9655656868,0.010065296219863922,0.6824468677076512,0.0,682.4468677076511,67748.63,1.0,1.0,0.7060567065559533,0.030977439335414386,False,False
2024-05-23 16:00:00+00:00,sell,68041.95200500001,0.0007150970402483858,0.04865659849149823,0.024340469480483275,48.65659849149823,67822.78,0.9506395447618461,0.9506395447618461,0.046389026966248914,0.030965397674514533,False,False
2024-05-23 18:00:00+00:00,sell,67605.43037500001,0.000772835759106142,0.05224789410356057,0.026137015559551693,52.24789410356057,67393.06,0.8960303767093085,0.8960303767093085,0.05067181847689339,0.030959722419629743,False,False
2024-05-23 20:00:00+00:00,sell,67431.0902246335,0.0011019125791216274,0.07430316654240907,0.0,74.30316654240906,67802.89,0.8090691293175902,0.8090691293175902,0.08420006161806914,0.030970769207366244,False,False
2024-05-23 21:00:00+00:00,sell,68036.00852800538,0.00618258845394103,0.4206386407774795,0.0,420.63864077747945,67992.77,0.3839415755609233,0.3839415755609233,0.4332117224655648,0.030968455208176898,False,False
2024-05-23 22:00:00+00:00,sell,67958.78361,0.002036971138011331,0.13843008078792748,0.06924966522657754,138.4300807879275,67686.47,0.2431012154409624,0.2431012154409624,0.1409076873038644,0.03096933585986819,False,False
2024-05-23 23:00:00+00:00,buy,67720.32324,0.002004226199133345,0.1357268460513867,0.06782950827156153,135.7268460513867,67969.65,0.3812040137580117,0.3812040137580117,0.13851794917324517,0.03097080178155273,False,False
2024-05-24 00:00:00+00:00,sell,67935.67517,0.005475700534382615,0.3719954128320128,0.18609075179190912,371.9954128320128,67852.0,0.0,0.0,0.3822730588561906,0.030970781762082344,False,False
2024-05-24 01:00:00+00:00,buy,67885.915995,0.0031651691778866293,0.21487040891997494,0.10738151370312887,214.87040891997495,67742.01,0.2209914704779441,0.2209914704779441,0.2209914704779441,0.03097101597262389,False,False
2024-05-24 03:00:00+00:00,sell,67944.39081000001,0.0031651691778866293,0.2150554916020956,0.10758153656931016,215.0554916020956,67891.83,0.0,0.0,0.2211903136111308,0.030969871634366153,False,False
2024-05-24 05:00:00+00:00,buy,67475.27161816892,0.0028984898758707875,0.19557639165689408,0.0,195.5763916568941,67299.99,0.20203879713000952,0.20203879713000952,0.20203879713000952,0.030974331647823067,False,False
2024-05-24 06:00:00+00:00,buy,67068.51137976612,0.0026125586014322856,0.17522041629046708,0.0,175.22041629046709,66887.01,0.38257921393513994,0.38257921393513994,0.18259960730961747,0.03097164351014081,False,False
2024-05-24 07:00:00+00:00,buy,66920.453505,0.002263769342936886,0.1514924710600523,0.07570838133936306,151.49247106005228,67155.93,0.5359586750004237,0.5359586750004237,0.15452599448024573,0.03097148894789864,False,False
2024-05-24 08:00:00+00:00,sell,67122.352035,0.0028670422091413945,0.1924426164611928,0.09626944295204229,192.44261646119278,67190.15,0.3394786414672861,0.3394786414672861,0.1985919074523983,0.03088842159403843,False,False
2024-05-24 09:00:00+00:00,sell,67417.58967391278,0.0008047109163528731,0.05425167036479635,0.0,54.25167036479635,67375.26,0.2838357652649319,0.2838357652649319,0.05660244251412022,0.030840676634141084,False,False
2024-05-24 10:00:00+00:00,sell,67341.56237500001,0.0041030646947456915,0.2763067870698774,0.13822250478729697,276.3067870698774,67353.43,0.0,0.0,0.2845576756438525,0.030840486326114858,False,False
2024-05-30 08:00:00+00:00,buy,67361.78282265329,0.0038719452107752574,0.26082113238945537,0.0,260.8211323894554,67688.96,0.2695790735543881,0.2695790735543881,0.2695790735543881,0.03062851612439721,False,False
2024-05-30 09:00:00+00:00,sell,67655.11552,0.0038719452107752574,0.2619569005221108,0.131043972247178,261.9569005221108,67745.94,0.0,0.0,0.269881712109789,0.03062356873892802,False,False
2024-05-31 08:00:00+00:00,buy,68209.0875,0.0029706206354598607,0.20262332285338724,0.10126103091122071,202.62332285338724,68136.0,0.20852887022767905,0.20852887022767905,0.20852887022767905,0.03060175889884581,False,False
2024-05-31 10:00:00+00:00,buy,67983.97499999999,0.003092018915096618,0.2102077366234556,0.1050513426403806,210.2077366234556,68333.33,0.4241465197477987,0.4241465197477987,0.21514739031172728,0.0304288014838896,False,False
2024-05-31 11:00:00+00:00,sell,68299.163335,0.006062639550556479,0.414073208904688,0.20714017453959566,414.073208904688,68349.73,0.0,0.0,0.42626229416094435,0.030428048667144103,False,False
2024-05-31 14:00:00+00:00,buy,67859.66695625,0.004201126222675004,0.28508702631189436,0.0,285.08702631189436,67501.76,0.2944880905748769,0.2944880905748769,0.2944880905748769,0.030427436892896786,False,False
2024-05-31 15:00:00+00:00,buy,67284.83561152121,0.00981582185738841,0.6604559600663559,0.0,660.4559600663558,67215.58,0.9772398388437986,0.9772398388437986,0.6855856066819831,0.0304310799066303,False,False
2024-05-31 17:00:00+00:00,sell,67415.8850782806,0.0007146960443238475,0.04818186639003824,0.0,48.18186639003824,67342.77,0.9228447476335717,0.9228447476335717,0.05164792038462018,0.030428261752648927,False,False
2024-05-31 18:00:00+00:00,sell,67309.09861500001,0.0040509224275449215,0.2726639371573364,0.1364001686629761,272.66393715733636,67414.88,0.6425361755496362,0.6425361755496362,0.2823395719358539,0.030427486926727476,False,False
2024-05-31 19:00:00+00:00,sell,67631.5049998787,0.0023959825878190526,0.16204390836770657,0.0,162.04390836770656,67681.0,0.47583972857693824,0.47583972857693824,0.16884355715679344,0.030430367387804497,False,False
2024-05-31 20:00:00+00:00,sell,67647.15950000001,0.0068553470203755905,0.4637447533151974,0.2319883708429595,463.7447533151974,67709.04,0.0,0.0,0.47795952861175667,0.030430525388769697,False,False
2024-05-31 22:00:00+00:00,buy,67598.692455,0.003259247523043751,0.22032087094495503,0.11010538278106484,220.32087094495503,67509.52,0.22701507443941882,0.22701507443941882,0.22701507443941882,0.030431483303486745,False,False
2024-06-01 01:00:00+00:00,sell,67621.83217000001,0.003259247523043751,0.22039628900375277,0.11025327113742787,220.39628900375277,67560.0,0.0,0.0,0.22710546220929353,0.03042987721543397,False,False
2024-06-02 06:00:00+00:00,buy,67762.274205,0.0030309147804055,0.20538167844182484,0.10263951946115384,205.38167844182485,67841.09,0.2117498160704031,0.2117498160704031,0.2117498160704031,0.03041238948818986,False,False
2024-06-02 07:00:00+00:00,sell,67807.169455,0.0030309147804055,0.20551775211861986,0.10281028119991248,205.51775211861985,67721.0,0.0,0.0,0.2118212849729334,0.030412997917010687,False,False
2024-06-02 08:00:00+00:00,buy,67754.87050499998,0.004745192214713332,0.32150988402923586,0.1606746047122127,321.5098840292359,67750.67,0.33164303509562904,0.33164303509562904,0.33164303509562904,0.030413042390618095,False,False
2024-06-02 09:00:00+00:00,sell,67716.80466,0.004745192214713332,0.32132925427789544,0.16074499963876088,321.3292542778954,67529.99,0.0,0.0,0.33123719263594464,0.030415015530625755,False,False
2024-06-02 10:00:00+00:00,buy,67563.765,0.014331648743394737,0.9683001477612674,0.48390811982071497,968.3001477612673,67529.99,1.0,1.0,1.0,0.030414999523323383,False,False
2024-06-02 11:00:00+00:00,buy,67563.765,0.0001244551282975192,0.008408657041338436,0.004202227406965663,8.408657041338436,68251.52,1.0,1.0019832773453783,0.001983277345378287,0.03043328887064442,True,False
2024-06-02 12:00:00+00:00,sell,68217.40423500001,0.014456103871692256,0.9861578814783794,0.4933256035408122,986.1578814783793,67934.99,0.0,0.0,1.0106588387893594,0.030437228677520217,False,False
2024-06-02 19:00:00+00:00,buy,67479.46531345125,0.007157854382672088,0.4830081865342562,0.0,483.0081865342562,67736.95,0.4973373902848297,0.4973373902848297,0.4973373902848297,0.030435382491288132,False,False
2024-06-02 20:00:00+00:00,sell,67703.081525,0.002286639945608508,0.15481257065585438,0.07744500783183322,154.8125706558544,67831.2,0.33795185351890744,0.33795185351890744,0.15933194022852654,0.03043591299691431,False,False
2024-06-02 21:00:00+00:00,sell,67797.294395,0.00487121443706358,0.33025515925077376,0.1652101847177553,330.2551592507738,67816.14,0.0,0.0,0.33855450588135494,0.03043549661883735,False,False
2024-06-03 00:00:00+00:00,buy,67799.50280999999,0.0031431719957812146,0.21310549856028174,0.1064994995303616,213.10549856028175,67823.99,0.2184224669325247,0.2184224669325247,0.2184224669325247,0.030428791086015372,False,False
2024-06-03 01:00:00+00:00,sell,68042.38825299634,0.0031431719957812146,0.2138689292828908,0.0,213.8689292828908,68476.01,0.0,0.0,0.22030402483233857,0.030446106599258532,False,False
2024-06-04 09:00:00+00:00,buy,68614.80014149086,0.003070775977356446,0.21070067996560382,0.0,210.70067996560383,68717.92,0.21671277473817538,0.21671277473817538,0.21671277473817538,0.03044926330276454,False,False
2024-06-04 10:00:00+00:00,buy,68752.27896,0.0028109638017484034,0.19326016744426835,0.096581792825715,193.26016744426835,68890.66,0.4141044455587233,0.4141044455587233,0.1973627029354035,0.030450679324709184,False,False
2024-06-04 11:00:00+00:00,sell,68856.21467,0.00588173977910485,0.4049943368631219,0.2025984676654071,404.99433686312193,68955.85,0.0,0.0,0.4153328979707871,0.030452069646791896,False,False
2024-06-06 06:00:00+00:00,buy,70930.89772499999,0.004022525966219508,0.28532137790607265,0.14258939425587178,285.32137790607266,70887.99,0.29239355961120117,0.29239355961120117,0.29239355961120117,0.030570199499678097,False,False
2024-06-06 08:00:00+00:00,sell,70985.94927000001,0.004022525966219508,0.2855428241753158,0.14284283350438798,285.5428241753158,70904.01,0.0,0.0,0.29258967943570263,0.030563106301419174,False,False
2024-06-06 09:00:00+00:00,buy,70939.462005,0.0029622206245675576,0.2101383374469376,0.10501666039326978,210.1383374469376,70978.88,0.2154872411030917,0.2154872411030917,0.2154872411030917,0.030565880671899165,False,False
2024-06-06 10:00:00+00:00,sell,70943.400555,0.0029622206245675576,0.21015000430097852,0.10512756593345376,210.1500043009785,70988.0,0.0,0.0,0.215780438062558,0.03054452799354543,False,False
2024-06-06 17:00:00+00:00,buy,70984.42447499999,0.004212237328541122,0.29900324251860305,0.1494269078053796,299.00324251860303,71098.31,0.3068089038709022,0.3068089038709022,0.3068089038709022,0.03078756136102251,False,False
2024-06-06 18:00:00+00:00,sell,71062.75085000001,0.004212237328541122,0.2993331717991874,0.14974145662787242,299.33317179918737,71075.0,0.0,0.0,0.3073751018287739,0.0307920409776804,False,False
2024-06-06 20:00:00+00:00,buy,70241.79434688247,0.013812584985709662,0.9702207539650547,0.0,970.2207539650547,70720.01,1.0,1.0,1.0,0.030810769286875234,False,False
2024-06-06 21:00:00+00:00,sell,70684.649995,0.005479854252766743,0.38734157988042944,0.19376767377707588,387.34157988042944,70740.51,0.6016718371858651,0.6016718371858651,0.39596659650115795,0.030810927049425646,False,False
2024-06-06 22:00:00+00:00,sell,70705.139745,0.0011711859217918667,0.08280886426767058,0.0414251447061903,82.80886426767057,70901.01,0.517017621934601,0.517017621934601,0.08591698980215079,0.030814013194289086,False,False
2024-06-06 23:00:00+00:00,sell,70865.559495,0.007161544811151053,0.5075068798907335,0.2538803801354395,507.50687989073344,70799.06,0.0,0.0,0.5180184797763474,0.030815130982674854,False,False
2024-06-07 00:00:00+00:00,buy,70834.45953,0.005034506617360756,0.35661655524095764,0.17821916803643612,356.6165552409576,70883.05,0.36426881732890803,0.36426881732890803,0.36426881732890803,0.03081585469630979,False,False
2024-06-07 01:00:00+00:00,sell,70847.608475,0.005034506617360756,0.3566827536915715,0.17843059214186674,356.68275369157146,70840.01,0.0,0.0,0.3646684178081862,0.03081272354180417,False,False
2024-06-07 02:00:00+00:00,buy,70875.42,0.0028262483355367017,0.20031153780546465,0.10010571604470504,200.31153780546464,70824.08,0.20481991844240605,0.20481991844240605,0.20481991844240605,0.030809305418173172,False,False
2024-06-07 04:00:00+00:00,sell,71228.80036958757,0.0028262483355367017,0.20131027848682287,0.0,201.31027848682285,71226.52,0.0,0.0,0.20579180463697178,0.030800432469712036,False,False
2024-06-07 17:00:00+00:00,buy,70633.83229658885,0.007384774051749703,0.5216148919194894,0.0,521.6148919194894,69803.59,0.5351598510049116,0.5351598510049116,0.5351598510049116,0.030831869045093108,False,False
2024-06-07 18:00:00+00:00,buy,69566.9632587025,0.006461937272385448,0.44953735280807866,0.0,449.53735280807865,69154.43,1.0,1.0,0.47163648478932274,0.03085238726815348,False,False
2024-06-07 22:00:00+00:00,sell,69484.74924688206,0.0019159166684857669,0.13312698928765518,0.0,133.12698928765516,69499.0,0.8533386821665023,0.8533386821665023,0.14059501623212922,0.03085200879116784,False,False
2024-06-07 23:00:00+00:00,sell,69464.25050000001,0.004142413847051591,0.2877496731462605,0.14394680997808118,287.7496731462605,69355.6,0.5601420191783704,0.5601420191783704,0.2961528132039736,0.03085369872645055,False,False
2024-06-08 01:00:00+00:00,sell,69366.79925000001,0.0014603598039876235,0.10130048535597885,0.05067558046820755,101.30048535597885,69465.25,0.4540642380545421,0.4540642380545421,0.10530078967322232,0.030866681114945727,False,False
2024-06-08 02:00:00+00:00,sell,69430.50738000001,0.0014282277113917049,0.0991625746561023,0.04960609037323093,99.1625746561023,69422.11,0.35211236723792316,0.35211236723792316,0.10235395003735193,0.03087887387263033,False,False
2024-06-08 04:00:00+00:00,sell,69397.284,0.0010962459653571883,0.07607649259174695,0.03805727493334053,76.07649259174696,69316.73,0.2733870965299412,0.2733870965299412,0.0782100472487674,0.030881285849716583,False,False
2024-06-08 07:00:00+00:00,sell,69569.9492385781,0.0008730339727542266,0.06073692916806573,0.0,60.73692916806573,69582.2,0.2101231205836132,0.2101231205836132,0.06357660949077609,0.030903532835188957,False,False
2024-06-08 08:00:00+00:00,sell,69547.4089,0.002930513355107049,0.20380961059454084,0.10195578318887126,203.80961059454083,69436.42,0.0,0.0,0.21054378586676833,0.030914177013495026,False,False
2024-06-08 23:00:00+00:00,buy,69372.81907499999,0.009625079298341775,0.6677188847463918,0.33369259607513885,667.7188847463918,69310.46,0.6905246880956077,0.6905246880956077,0.6905246880956077,0.03095074107535975,False,False
2024-06-09 00:00:00+00:00,buy,69345.11523,0.004261386535183655,0.295506340321881,0.14767933049564744,295.506340321881,69268.7,0.9979169434878823,0.9979169434878823,0.3066508764523854,0.03095103716496514,False,False
2024-06-09 04:00:00+00:00,sell,69224.75031,0.0019316332878489186,0.13371683204182577,0.06689186195189185,133.71683204182577,69304.44,0.8587143302856877,0.8587143302856877,0.13939795784482867,0.03094788598866166,False,False
2024-06-09 05:00:00+00:00,sell,69269.78778000001,0.004805695300248901,0.33288949358358483,0.16652801079713825,332.8894935835848,69293.47,0.5141148170722911,0.5141148170722911,0.3454551532594978,0.030981168423950656,False,False
2024-06-09 07:00:00+00:00,sell,69356.32449000001,0.00714913724542761,0.49583788261742223,0.24804296279003793,495.8378826174222,69295.64,0.0,0.0,0.5143685531060544,0.031028529727493537,False,False
2024-06-09 08:00:00+00:00,buy,69330.28782,0.0062872967795045715,0.43590009533281104,0.2178411271028435,435.900095332811,69352.15,0.452506227963468,0.452506227963468,0.452506227963468,0.031015618343919832,False,False
2024-06-09 09:00:00+00:00,sell,69317.473925,0.0062872967795045715,0.4358195305720446,0.21801877467333233,435.8195305720446,69369.98,0.0,0.0,0.45318191659940976,0.031013453044859446,False,False
2024-06-10 07:00:00+00:00,buy,69464.58493499999,0.005544199943934721,0.3851255479020756,0.19246654068067715,385.1255479020756,69303.99,0.4003746029595007,0.4003746029595007,0.4003746029595007,0.030971141162296212,False,False
2024-06-10 08:00:00+00:00,buy,69338.652,0.004387396771013141,0.3042161778912039,0.15203207290915555,304.2161778912039,69387.5,0.7166594951451302,0.7166594951451302,0.3161105372337795,0.03097292146298386,False,False
2024-06-10 09:00:00+00:00,sell,69352.80625000001,0.003927512120342515,0.2723839871266412,0.13626012362509884,272.38398712664116,69449.99,0.43360303941341527,0.43360303941341527,0.28428305087509187,0.03097345718227415,False,False
2024-06-10 10:00:00+00:00,sell,69415.27500000001,0.0031250122538702663,0.21692358498077438,0.10851605051561772,216.92358498077436,69439.99,0.2082925088543697,0.2082925088543697,0.22602293816787392,0.030973393153460677,False,False
2024-06-10 12:00:00+00:00,sell,69439.153055,0.002879072340735081,0.1999203449247204,0.10001017755112691,199.9203449247204,69363.99,0.0,0.0,0.2081693207183046,0.03093276352151661,False,False
2024-06-10 13:00:00+00:00,buy,69398.682,0.006168973469395639,0.4281186280690247,0.21395233786558387,428.1186280690247,69408.21,0.44608223620823595,0.44608223620823595,0.44608223620823595,0.03093190596162848,False,False
2024-06-10 14:00:00+00:00,sell,69645.64842043816,0.0025856236762966025,0.180077437506914,0.0,180.07743750691398,69662.09,0.25901396401547083,0.25901396401547083,0.18852673126853225,0.03092688163593646,False,False
2024-06-10 15:00:00+00:00,sell,69898.17514347573,0.0035833497930990365,0.250469611438374,0.0,250.469611438374,70066.12,0.0,0.0,0.2611359270873598,0.03084990729804238,False,False
2024-06-10 20:00:00+00:00,buy,69525.55540499999,0.005228014922230307,0.36348064113369,0.18164949581890524,363.48064113368997,69632.51,0.3781975334087189,0.3781975334087189,0.3781975334087189,0.030662653326187533,False,False
2024-06-10 21:00:00+00:00,sell,69597.693745,0.005228014922230307,0.3638577814516749,0.1820199006761646,363.8577814516749,69585.48,0.0,0.0,0.37880419125949893,0.030660397693925562,False,False
2024-06-10 23:00:00+00:00,buy,69530.737995,0.004231375977657601,0.29421069446084763,0.14703183131475753,294.2106944608476,69540.0,0.3063505923862224,0.3063505923862224,0.3063505923862224,0.030659747009300742,False,False
2024-06-11 00:00:00+00:00,sell,69505.23000000001,0.004231375977657601,0.29410276054356643,0.14712494274311044,294.10276054356643,69410.85,0.0,0.0,0.3062779338330846,0.03065325100682456,False,False
2024-06-11 01:00:00+00:00,buy,69180.69396962861,0.006390065075889985,0.4420691364611567,0.0,442.0691364611567,68724.01,0.4625496952060006,0.4625496952060006,0.4625496952060006,0.030675307238639732,False,False
2024-06-11 02:00:00+00:00,buy,68495.75096929817,0.007471641192887144,0.5117756744799478,0.0,511.7756744799477,68268.62,1.0,1.0,0.5420676929867216,0.030687859217450375,False,False
2024-06-11 04:00:00+00:00,sell,68429.76800000001,8.907741718291833e-05,0.006095546991866316,0.0030492981450046855,6.095546991866316,68024.04,1.0,0.9956669641550916,0.004333035844908406,0.030707941416308976,True,False
2024-06-11 08:00:00+00:00,sell,67536.39491,0.001369000859366887,0.09245738267033148,0.04625181724377435,92.45738267033147,67516.74,0.8915429313353238,0.8915429313353238,0.09761755947724271,0.03074623589441436,False,False
2024-06-11 09:00:00+00:00,sell,67482.99162500001,0.0018160269858038102,0.12255093387377254,0.06130611999686716,122.55093387377254,67084.34,0.7648642123629608,0.7648642123629608,0.12545373764091172,0.030729281632027705,False,False
2024-06-11 10:00:00+00:00,buy,66860.51560987833,0.0014087252968265542,0.09418809969850231,0.0,94.18809969850231,66961.99,0.8617786211534559,0.8617786211534559,0.10258547726197476,0.030723930806903693,False,False
2024-06-11 11:00:00+00:00,sell,66928.50900500001,0.0012834317828104569,0.08589817563313289,0.04297057310310618,85.89817563313288,66890.01,0.7688482086254915,0.7688482086254915,0.09118447771948834,0.03071604381913054,False,False
2024-06-11 12:00:00+00:00,sell,67113.01195107511,0.0013259903954525951,0.08899120925702082,0.0,88.99120925702083,67019.99,0.6720139256465332,0.6720139256465332,0.09641885319500287,0.030718415666094623,False,False
2024-06-11 13:00:00+00:00,sell,67243.5479206286,0.0023347099132706222,0.15699417793377973,0.0,156.99417793377972,66812.0,0.5068924514552215,0.5068924514552215,0.16571858795010674,0.030722078772420003,False,False
2024-06-11 15:00:00+00:00,sell,66817.84436500001,0.0011533406724453035,0.07706373755127476,0.03855114434780242,77.06373755127476,66244.48,0.42436042252013423,0.42436042252013423,0.0783658208771944,0.030729482185104684,False,False
2024-06-11 16:00:00+00:00,buy,66277.60224,0.0024896904353247954,0.16501071237318923,0.08246412412452479,165.01071237318922,66487.47,0.5967191316410251,0.5967191316410251,0.17556496473300887,0.030723593468739513,False,False
2024-06-11 17:00:00+00:00,sell,66709.46897821073,0.002519146492202166,0.16805092477312877,0.0,168.05092477312877,66770.99,0.4178606038660784,0.4178606038660784,0.18189240362747794,0.0307299040246424,False,False
2024-06-11 18:00:00+00:00,sell,66993.76892811019,0.00228313994114635,0.1529561496476977,0.0,152.95614964769769,67117.3,0.2559370133113035,0.2559370133113035,0.16511111521708988,0.030723927409742224,False,False
2024-06-11 19:00:00+00:00,sell,67341.3786854479,0.003586257541247369,0.24150352714868234,0.0,241.50352714868234,67407.01,0.0,0.0,0.25820819068856304,0.03072907724315152,False,False
2024-06-12 20:00:00+00:00,buy,67566.68646,0.005472794784784745,0.369778609283474,0.18479690618863676,369.778609283474,68103.97,0.39497484590231247,0.39497484590231247,0.39497484590231247,0.031015770855639307,False,False
2024-06-12 21:00:00+00:00,sell,68339.7487599212,0.005472794784784745,0.3740094206067965,0.0,374.0094206067965,68536.0,0.0,0.0,0.3988168951412913,0.03102627310447778,False,False
2024-06-13 03:00:00+00:00,buy,67499.74058086143,0.003705844426560997,0.25014353742589845,0.0,250.14353742589847,67474.94,0.2673091689838238,0.2673091689838238,0.2673091689838238,0.03104579928976081,False,False
2024-06-13 04:00:00+00:00,buy,67508.687475,0.001579297727795638,0.10661631673573334,0.05328151760906486,106.61631673573334,67328.01,0.38012311125791987,0.38012311125791987,0.11416821350735296,0.0310490525037187,False,False
2024-06-13 05:00:00+00:00,buy,67361.674005,0.0005515588537612784,0.0371539277016387,0.018567680010813242,37.1539277016387,67604.04,0.41842659672719795,0.41842659672719795,0.037987291219242825,0.031055123173912846,False,False
2024-06-13 06:00:00+00:00,sell,67570.23797999999,0.0027553386111069415,0.1861788856679787,0.0931360108394168,186.17888566797868,67518.57,0.22190452890903478,0.22190452890903478,0.19789449047539187,0.031055462130008538,False,False
2024-06-13 08:00:00+00:00,sell,67690.9376,0.0030813623970109717,0.20858030973905614,0.10434232603253867,208.58030973905613,67565.56,0.0,0.0,0.22177636913614618,0.031035178347924353,False,False
2024-06-13 10:00:00+00:00,buy,67453.56993,0.0033349672002671435,0.22495544325747607,0.11242151087329225,224.95544325747608,67820.4,0.23949285572636228,0.23949285572636228,0.23949285572636228,0.03093493253439228,False,False
2024-06-13 11:00:00+00:00,sell,67786.4898,0.0033349672002671435,0.22606572010424328,0.11308940475449368,226.06572010424327,67739.99,0.0,0.0,0.2404717910972047,0.030929961278362533,False,False
2024-06-13 15:00:00+00:00,buy,67133.92156005843,0.0030532126213451386,0.20497413662756492,0.0,204.97413662756492,66470.01,0.21898174349201588,0.21898174349201588,0.21898174349201588,0.03097143217708137,False,False
2024-06-13 16:00:00+00:00,buy,66503.24500499999,0.006554188440707941,0.4358747996813391,0.21782848559783785,435.8747996813391,66976.0,0.6803964663383102,0.6803964663383102,0.46252184756312453,0.0309656969971141,False,False
2024-06-13 17:00:00+00:00,sell,66942.521995,0.0052183153250294784,0.34932718842263144,0.17475096969612192,349.3271884226314,66920.0,0.3125664101396035,0.3125664101396035,0.37104739101295703,0.03096382153448629,False,False
2024-06-13 20:00:00+00:00,buy,66637.31200499999,0.0012399926447346395,0.08262977675108728,0.04129424125490436,82.62977675108728,66712.98,0.3992035442345455,0.3992035442345455,0.08742866467359905,0.0309587722025296,False,False
2024-06-13 21:00:00+00:00,sell,66942.21363468676,0.001091029231906327,0.07303591192396156,0.0,73.03591192396155,66969.99,0.32187081018063585,0.32187081018063585,0.07892175121943606,0.030963853897568117,False,False
2024-06-13 22:00:00+00:00,sell,66936.50500500001,0.004538049149851914,0.30376114963199863,0.15195655309250752,303.76114963199865,66896.0,0.0,0.0,0.32290462476394305,0.03096247545694189,False,False
2024-06-13 23:00:00+00:00,buy,66929.437995,0.002886604617359822,0.19319882475366493,0.09655113680841378,193.19882475366492,66773.01,0.20545557466811668,0.20545557466811668,0.20545557466811668,0.030962985411932042,False,False
2024-06-14 00:00:00+00:00,buy,66806.396505,0.0017001323866194422,0.11357971833149041,0.05676147842653571,113.57971833149041,66727.73,0.32616582489176205,0.32616582489176205,0.1210367060919319,0.030963612877535268,False,False
2024-06-14 02:00:00+00:00,sell,66772.766915,0.0012627097646720474,0.08431462479774111,0.04217840159966799,84.31462479774112,66952.0,0.2363087564279688,0.2363087564279688,0.09047921340292672,0.030950317063845684,False,False
2024-06-14 03:00:00+00:00,sell,66918.533995,0.003324027239307217,0.22243902981388602,0.11127515248314979,222.439029813886,66744.0,0.0,0.0,0.23635147718702612,0.03094994285427577,False,False
2024-06-14 04:00:00+00:00,buy,66777.372,0.0037797911328433806,0.25240451856018387,0.12613918968526075,252.40451856018385,66717.39,0.26868755050311954,0.26868755050311954,0.26868755050311954,0.030951610841486482,False,False
2024-06-14 06:00:00+00:00,sell,67018.97375,0.0037797911328433806,0.2533177227125133,0.12672222246747278,253.3177227125133,66962.41,0.0,0.0,0.26947470334700246,0.03096427579632338,False,False
2024-06-14 16:00:00+00:00,buy,66162.68871756618,0.011481967391049201,0.7596778343592338,0.0,759.6778343592338,65293.4,0.811760770664272,0.811760770664272,0.811760770664272,0.03100630269012264,False,False
2024-06-14 17:00:00+00:00,buy,65326.036694999995,0.0027576061676915873,0.18014348170097896,0.09002672748673457,180.14348170097895,65416.01,1.0,1.0,0.19214361968835458,0.03100734044526257,False,False
2024-06-14 20:00:00+00:00,sell,65746.53034371782,0.0016016805596342585,0.10530493951493672,0.0,105.30493951493672,65766.41,0.8858665713449594,0.8858665713449594,0.11602503306578216,0.031014052471233372,False,False
2024-06-14 21:00:00+00:00,sell,65994.08930645246,0.004660309129272613,0.3075528568728925,0.0,307.5528568728925,66196.01,0.5581400933889707,0.5581400933889707,0.3318275008983924,0.031025671692625517,False,False
2024-06-14 22:00:00+00:00,sell,66162.911995,0.007977583869833917,0.527820179512553,0.26404211081162293,527.820179512553,66014.01,0.0,0.0,0.5618555157286931,0.031026061721516895,False,False
2024-06-14 23:00:00+00:00,buy,66047.01700499999,0.003579360564761476,0.23640608808782757,0.11814397205785696,236.40608808782756,66043.99,0.2519853352908174,0.2519853352908174,0.2519853352908174,0.031026408418402374,False,False
2024-06-15 00:00:00+00:00,sell,66272.69034260306,0.003579360564761476,0.23721385433296213,0.0,237.21385433296211,66185.62,0.0,0.0,0.25260226235764505,0.031027863454013788,False,False
2024-06-15 21:00:00+00:00,buy,66081.04401,0.00364017270931238,0.24054641300807234,0.12021309995403628,240.54641300807234,66126.89,0.2563394608011264,0.2563394608011264,0.2563394608011264,0.031190656499153285,False,False
2024-06-15 22:00:00+00:00,sell,66093.826555,0.00364017270931238,0.24059294367953693,0.12035665016482357,240.59294367953692,66200.0,0.0,0.0,0.25690951826948505,0.031190103716697615,False,False
2024-06-16 03:00:00+00:00,buy,66175.93143,0.004006251396769916,0.26511741772398767,0.13249246263066378,265.11741772398767,66146.0,0.2827271980452255,0.2827271980452255,0.2827271980452255,0.03119234186903569,False,False
2024-06-16 04:00:00+00:00,sell,66112.91700500001,0.0007486543413087765,0.049495722332380095,0.024760241286829705,49.49572233238009,66166.02,0.23001173514939519,0.23001173514939519,0.05294648803822452,0.03119082309830082,False,False
2024-06-16 05:00:00+00:00,sell,66132.93699,0.0032575970554611397,0.2154344608076211,0.1077711159617983,215.4344608076211,66264.0,0.0,0.0,0.2303716424057678,0.031191580600650692,False,False
2024-06-17 03:00:00+00:00,buy,66377.182005,0.0049893347627279604,0.3311779816294673,0.1655062376958875,331.1779816294673,66222.0,0.3535462180866815,0.3535462180866815,0.3535462180866815,0.031202107535687057,False,False
2024-06-17 04:00:00+00:00,buy,66255.11099999999,0.0036761894711284347,0.2435663414666457,0.12172230957849636,243.5663414666457,66447.88,0.6130074389911047,0.6130074389911047,0.25885324891413497,0.031205462985056942,False,False
2024-06-17 05:00:00+00:00,sell,66414.65606000001,0.008665524233856395,0.5755178115711677,0.2879028572141581,575.5178115711676,66351.62,0.0,0.0,0.6145294900260656,0.03120609559498977,False,False
2024-06-17 06:00:00+00:00,buy,66116.86762024299,0.003427213534797725,0.2265966235865262,0.0,226.59662358652622,66132.4,0.2431287422871826,0.2431287422871826,0.2431287422871826,0.031209318686980903,False,False
2024-06-17 07:00:00+00:00,buy,66165.4662,0.007223557828745552,0.47795007136160916,0.23885560787687424,477.95007136160916,66172.0,0.7531065674696491,0.7531065674696491,0.5106262374725792,0.03120825334529087,False,False
2024-06-17 08:00:00+00:00,sell,66138.914,0.0025043950074320493,0.1656379660185777,0.082860413215886,165.63796601857769,66194.51,0.5766329716251064,0.5766329716251064,0.177527514131276,0.031206193358295387,False,False
2024-06-17 09:00:00+00:00,sell,66161.40275000001,0.0015885357723063433,0.1050997550143423,0.0525761655899528,105.09975501434229,65722.08,0.46646172715558376,0.46646172715558376,0.10885768075327151,0.031215514618687212,False,False
2024-06-17 10:00:00+00:00,buy,65754.931035,0.007626881814789879,0.5015050877436041,0.25062723025663136,501.5050877436042,65890.0,1.0,1.0,0.536501547887,0.031197270621344614,False,False
2024-06-17 11:00:00+00:00,sell,65857.064995,0.0029191753664583684,0.19224832184065171,0.09617224704385187,192.2483218406517,65817.2,0.7968773326502974,0.7968773326502974,0.20538142172860474,0.03115268442465083,False,False
2024-06-17 13:00:00+00:00,buy,65394.513246108305,0.001728982798298355,0.11306598850561518,0.0,113.06598850561518,65200.01,0.9225447587130686,0.9225447587130686,0.12793432439687313,0.031164864685224336,False,False
2024-06-17 14:00:00+00:00,buy,65232.6,0.0012304306106328735,0.08026418785116998,0.040112037906629885,80.26418785116998,65472.98,1.0,1.0,0.0826733396171665,0.031167609816325936,False,False
2024-06-17 15:00:00+00:00,sell,65702.66687899496,0.0046693409633419385,0.3067881538589008,0.0,306.7881538589008,65368.0,0.675522577159076,0.675522577159076,0.3284808100915435,0.031137074676228116,False,False
2024-06-17 16:00:00+00:00,buy,65400.683999999994,7.747641542030746e-05,0.005067010562356255,0.0025322391615968513,5.067010562356255,65898.0,0.6679696540450988,0.6752992786297979,0.0073296245846991015,0.031146561201522704,True,False
2024-06-17 17:00:00+00:00,sell,66130.32209323496,0.009633095893145992,0.6370397341687634,0.0,637.0397341687634,66607.28,0.0,0.0,0.6830741448509591,0.03117866231209493,False,False
2024-06-18 01:00:00+00:00,buy,65517.432964310545,0.007310684368690825,0.4789772730489341,0.0,478.9772730489341,65133.99,0.5145878046780065,0.5145878046780065,0.5145878046780065,0.03120649551336399,False,False
2024-06-18 02:00:00+00:00,buy,64903.42719959237,0.007017582364978609,0.45546514614253236,0.0,455.4651461425324,65467.43,1.0,1.0,0.48715988870538407,0.031213716164257,False,False
2024-06-18 03:00:00+00:00,sell,65434.686290000005,0.006078297876790656,0.3977315147449697,0.19896523999243942,397.7315147449697,65500.0,0.5762793488340403,0.5762793488340403,0.42508120439221586,0.03120907672850426,False,False
2024-06-18 04:00:00+00:00,sell,65731.37999745311,0.0014627858532550051,0.09615093277520344,0.0,96.15093277520343,65574.21,0.4745294602844151,0.4745294602844151,0.10292494252541418,0.031196049521926505,False,False
2024-06-18 05:00:00+00:00,sell,65805.81219188897,0.001685866662199804,0.11093982495328701,0.0,110.93982495328702,65596.01,0.356957957447208,0.356957957447208,0.11812420836365012,0.03119457609178722,False,False
2024-06-18 06:00:00+00:00,sell,65563.211995,0.0008241314920034186,0.054032707721975784,0.027029868795377048,54.03270772197578,65500.0,0.29946886710454534,0.29946886710454534,0.05717913225112503,0.031191587466623927,False,False
2024-06-18 07:00:00+00:00,buy,65532.739994999996,0.0008392133412863569,0.05499594969485403,0.027484232731060064,54.995949694854026,65672.51,0.3574319103728426,0.3574319103728426,0.05784047959716471,0.031191551525534905,False,False
2024-06-18 08:00:00+00:00,sell,65639.673745,0.005116398190706907,0.33583870798750964,0.1680033556716008,335.8387079875096,65727.53,0.0,0.0,0.35855262336556554,0.031190864768227522,False,False
2024-06-18 10:00:00+00:00,buy,65502.65495999999,0.004468232377384773,0.29268108369693524,0.14626740814437003,292.6810836969352,65435.52,0.3122198334836207,0.3122198334836207,0.3122198334836207,0.031183532010459453,False,False
2024-06-18 13:00:00+00:00,buy,65002.469649096114,0.00153992251122925,0.10009876629813919,0.0,100.09876629813918,64844.0,0.4198120023632587,0.4198120023632587,0.109456879969974,0.031160741707804723,False,False
2024-06-18 14:00:00+00:00,buy,64615.80835058049,0.004044038431817576,0.2613088122727066,0.0,261.3088122727066,64633.99,0.6994098935275465,0.6994098935275465,0.2827294076575979,0.031163948147519077,False,False
2024-06-18 15:00:00+00:00,buy,64407.01321024296,0.0009525129962747181,0.06134851713399388,0.0,61.34851713399387,64706.0,0.7627651217293765,0.7627651217293765,0.06524503132622483,0.03114616184674754,False,False
2024-06-18 16:00:00+00:00,sell,64673.637005000004,0.0025159688527403804,0.16271685629801766,0.08139912771284973,162.71685629801766,64700.99,0.5889257518685295,0.5889257518685295,0.17449214966714022,0.031145899276326716,False,False
2024-06-18 17:00:00+00:00,sell,64668.639505,0.0012020700994838486,0.0777362379232605,0.03888756274300027,77.73623792326049,64610.0,0.5060792144440053,0.5060792144440053,0.08265797896642069,0.031146338718333277,False,False
2024-06-18 19:00:00+00:00,sell,64645.661,0.0018513021883100056,0.11967865367404679,0.059869261467757166,119.67865367404679,64412.19,0.37797054461636964,0.37797054461636964,0.12665549443690188,0.03114918112847259,False,False
2024-06-18 20:00:00+00:00,buy,64185.327702211245,0.0018100778284858426,0.11618043858787072,0.0,116.18043858787073,64936.51,0.5001028275295534,0.5001028275295534,0.12188322051087225,0.03117034036778102,False,False
2024-06-18 21:00:00+00:00,sell,65165.36664153358,0.007245443004657925,0.4721519498788684,0.0,472.1519498788684,65220.02,0.0,0.0,0.5045918866355904,0.031176584555188402,False,False
2024-06-19 14:00:00+00:00,buy,64861.04293771708,0.0030189388013536133,0.19581151922093684,0.0,195.81151922093684,64952.02,0.21002317590300126,0.21002317590300126,0.21002317590300126,0.031167993078278944,False,False
2024-06-19 15:00:00+00:00,buy,64984.496009999995,0.0029606057723707627,0.19239347400181078,0.09614866266956616,192.39347400181077,64922.0,0.4151102079712665,0.4151102079712665,0.20562717985055862,0.031168159334756446,False,False
2024-06-19 17:00:00+00:00,sell,65150.772398704,0.00044876823727637606,0.029237597286560772,0.0,29.23759728656077,65083.99,0.38357706651299184,0.38357706651299184,0.03215659007989535,0.031165264735896314,False,False
2024-06-19 18:00:00+00:00,sell,65051.448005,0.005530776336448,0.35978500927773144,0.17998249588680684,359.78500927773143,64973.0,0.0,0.0,0.38412844562171655,0.031166310027812838,False,False
2024-06-19 19:00:00+00:00,buy,65005.4865,0.003597252102193901,0.23384112296626225,0.1168621304179188,233.84112296626225,64882.01,0.24986786649255358,0.24986786649255358,0.24986786649255358,0.03116720393267422,False,False
2024-06-19 20:00:00+00:00,buy,64914.46100999999,0.0017559893649861237,0.11398910316736637,0.056966068549399715,113.98910316736637,64874.76,0.37164572500965176,0.37164572500965176,0.12193650109133866,0.03118034184064175,False,False
2024-06-19 22:00:00+00:00,sell,64971.87781,0.005353241467180025,0.3478101504930457,0.17399207128215988,347.8101504930457,64836.01,0.0,0.0,0.37156033439724767,0.031198740157331567,False,False
2024-06-19 23:00:00+00:00,buy,64868.428005,0.005598737528600391,0.3631813022929061,0.18149990119585255,363.18130229290614,64974.37,0.38851435883615204,0.38851435883615204,0.38851435883615204,0.031201958844646216,False,False
2024-06-20 00:00:00+00:00,sell,64941.882815000004,0.005598737528600391,0.3635925564943094,0.18188722185807327,363.59255649430935,65098.01,0.0,0.0,0.3897753372102443,0.03120644653534574,False,False
2024-06-20 14:00:00+00:00,buy,64911.57756507512,0.006143245455453147,0.39876775388294217,0.0,398.76775388294215,64952.02,0.4286271332855591,0.4286271332855591,0.4286271332855591,0.031231507358497806,False,False
2024-06-20 15:00:00+00:00,buy,64984.496009999995,0.002705068196245385,0.1757874934056861,0.08784982179194302,175.78749340568612,64831.23,0.6161476965585124,0.6161476965585124,0.18916154726725315,0.031201731889485718,False,False
2024-06-20 16:00:00+00:00,buy,64602.101293897285,0.0010306407368226595,0.06658155727783438,0.0,66.58155727783438,64888.0,0.6867661488197678,0.6867661488197678,0.07110964868113778,0.03120056755424455,False,False
2024-06-20 17:00:00+00:00,sell,64855.546005000004,0.0020949947702282833,0.13587202970077486,0.06796999985030036,135.87202970077485,64970.02,0.5409974108181277,0.5409974108181277,0.14647341326177887,0.03120116119459654,False,False
2024-06-20 18:00:00+00:00,sell,65199.695941932994,0.0023277824771707357,0.15177070973049156,0.0,151.77070973049155,65116.01,0.3794106986468026,0.3794106986468026,0.16308529224622575,0.031202680847418618,False,False
2024-06-20 19:00:00+00:00,sell,65083.451995,0.0054561771411221725,0.35510684304044127,0.17764224264153572,355.1068430404413,65050.0,0.0,0.0,0.38000680724201946,0.03120374528951969,False,False
2024-06-20 20:00:00+00:00,buy,65082.514995,0.003122238149776215,0.20320311120077156,0.10155078021027991,203.20311120077156,65099.99,0.21753630927896234,0.21753630927896234,0.21753630927896234,0.031203853438719092,False,False
2024-06-20 21:00:00+00:00,sell,65067.450000000004,0.003122238149776215,0.2031560746986564,0.10162885177520217,203.1560746986564,65050.46,0.0,0.0,0.2176322484660726,0.03120506567115286,False,False
2024-06-20 23:00:00+00:00,buy,65022.44497499999,0.0032574071826272865,0.21180457929355248,0.10584936496427508,211.80457929355248,64869.99,0.2269040610324888,0.2269040610324888,0.2269040610324888,0.031209006517341736,False,False
2024-06-21 00:00:00+00:00,buy,64902.424994999994,0.0016534830158156104,0.10731505741447904,0.05363071335055759,107.31505741447904,64832.0,0.34179438466253975,0.34179438466253975,0.11521398552128242,0.031209875207399818,False,False
2024-06-21 02:00:00+00:00,sell,64935.506005,0.004910890198442897,0.3188911399708844,0.15952533265174376,318.8911399708844,64786.0,0.0,0.0,0.3415362731773854,0.03121233482046007,False,False
2024-06-21 03:00:00+00:00,buy,64556.53839019356,0.004899792537663999,0.3163136450616899,0.0,316.3136450616899,64506.14,0.3406709233419837,0.3406709233419837,0.3406709233419837,0.03121859441865185,False,False
2024-06-21 04:00:00+00:00,buy,64538.403074999995,0.00386855168138714,0.2496701477298322,0.12477268752112945,249.6701477298322,64670.0,0.6068526486336814,0.6068526486336814,0.2668791285597181,0.03122183629785716,False,False
2024-06-21 05:00:00+00:00,sell,64637.665,0.0037452486204245855,0.24208412566871654,0.1211026141414257,242.08412566871652,64661.47,0.3485065586090105,0.3485065586090105,0.25976822809045896,0.031222209502114046,False,False
2024-06-21 06:00:00+00:00,sell,64629.139265000005,0.0005520985162940882,0.035681651897570506,0.01784975082419509,35.681651897570504,64627.64,0.3103677901348572,0.3103677901348572,0.038143157339990574,0.03121798627443767,False,False
2024-06-21 08:00:00+00:00,buy,63973.09927037921,0.005227128450757274,0.33439560727931855,0.0,334.39560727931854,63639.64,0.6716602999824766,0.6716602999824766,0.3647242328745209,0.03126153208606586,False,False
2024-06-21 09:00:00+00:00,buy,63671.45982,0.004905927563732777,0.31236756975404195,0.15610573201100067,312.36756975404194,64100.0,1.0,1.0,0.3311253860023585,0.031269131466690775,False,False
2024-06-21 10:00:00+00:00,sell,64067.950000000004,0.007734358258224931,0.495524478170042,0.24788618217607528,495.524478170042,63896.02,0.47448591261073125,0.47448591261073125,0.5309978425722688,0.03125980722353022,False,False
2024-06-21 11:00:00+00:00,buy,63927.96801,0.001200269807787091,0.07673080987558199,0.03834623182188014,76.730809875582,63770.0,0.5557814378100842,0.5557814378100842,0.08359613953654466,0.03125631269901985,False,False
2024-06-21 13:00:00+00:00,sell,63795.476305000004,0.0016620002349215122,0.10602809660583978,0.053040568587206245,106.02809660583978,63615.21,0.4415844184243552,0.4415844184243552,0.11268275861852523,0.031258703582764585,False,False
2024-06-21 14:00:00+00:00,buy,63647.01760499999,0.0013930454818545006,0.0886631903081591,0.04430944043385498,88.6631903081591,64222.84,0.5334710629539061,0.5334710629539061,0.09107763069240443,0.031285573794421956,False,False
2024-06-21 15:00:00+00:00,sell,64190.718585,0.007801009893317664,0.500752430740755,0.25050146610342455,500.7524307407551,63732.02,0.0,0.0,0.5362721346406665,0.03129857127836627,False,False
2024-06-21 16:00:00+00:00,buy,63763.886009999995,0.0056771431098589405,0.36199670611950235,0.18090789911018426,361.99670611950233,63657.29,0.3890827088817596,0.3890827088817596,0.3890827088817596,0.03129916298151156,False,False
2024-06-21 17:00:00+00:00,buy,63689.10864,0.000509248413867981,0.03243357755558552,0.016208684435574834,32.43357755558552,63671.04,0.42397464964983467,0.42397464964983467,0.03481644080985474,0.03129806824828857,False,False
2024-06-21 19:00:00+00:00,sell,64139.923995000005,0.0061863915237269215,0.396794682135157,0.19849658936224346,396.794682135157,64232.01,0.0,0.0,0.42623654025111773,0.03131676160181865,False,False
2024-06-23 11:00:00+00:00,buy,64337.752799999995,0.0049152295758825145,0.316234825408378,0.15803839350741666,316.234825408378,64341.45,0.33946687825054966,0.33946687825054966,0.33946687825054966,0.031293665613783384,False,False
2024-06-23 12:00:00+00:00,sell,64309.28927,0.0049152295758825145,0.31609492062388805,0.15812652357372106,316.0949206238881,64375.99,0.0,0.0,0.3399430028016833,0.03129402346203605,False,False
2024-06-23 14:00:00+00:00,buy,64329.938895,0.005763502235251113,0.3707657466149,0.18529022819334437,370.7657466149,64192.01,0.39846967778997644,0.39846967778997644,0.39846967778997644,0.03129068663759496,False,False
2024-06-23 15:00:00+00:00,buy,64224.096,0.008694581091084067,0.5584016106735679,0.2790612746994145,558.4016106735678,64094.0,1.0,1.0,0.6019732948371532,0.03129271417999835,False,False
2024-06-23 18:00:00+00:00,sell,64088.329805,0.005859137501555934,0.37550233657256044,0.18784509083168552,375.5023365725604,64111.98,0.595182315461992,0.595182315461992,0.40541322651092404,0.03129897163468573,False,False
2024-06-23 19:00:00+00:00,sell,64079.934005,0.0008203427215510662,0.05256750745847442,0.026296902180323406,52.56750745847442,64149.78,0.5385502583613028,0.5385502583613028,0.057147207804487454,0.031297884611011045,False,False
2024-06-23 20:00:00+00:00,sell,64117.70511,0.0031523807953572625,0.2021234222311442,0.10111226724918482,202.12342223114422,63740.01,0.3216389233286952,0.3216389233286952,0.2157153038876219,0.031310356657357596,False,False
2024-06-23 21:00:00+00:00,buy,63771.890009999996,0.009871039449927326,0.6294948420851363,0.3145901259795658,629.4948420851363,63844.67,1.0,1.0,0.6803660004384708,0.031283463733928374,False,False
2024-06-23 22:00:00+00:00,sell,63812.747665,0.001921095507368126,0.12259038285204739,0.06132585435319194,122.59038285204738,63657.99,0.8716757085242286,0.8716757085242286,0.1302163383233561,0.03128622993529115,False,False
2024-06-23 23:00:00+00:00,buy,63430.34881209576,0.001806994574723506,0.11461829617627661,0.0,114.61829617627662,63210.01,1.0,1.0,0.13178596419143218,0.031301703506091766,False,False
2024-06-24 02:00:00+00:00,sell,63284.332005000004,0.003948451802798507,0.24987513479404153,0.12500006743071287,249.87513479404151,62880.94,0.7257412535875456,0.7257412535875456,0.2677440052994806,0.03131371755115675,False,False
2024-06-24 03:00:00+00:00,buy,62912.39047499999,0.0040589918685972354,0.25536088137203916,0.12761663236981757,255.36088137203913,62862.0,1.0,1.0,0.28026910005571226,0.03131335736080823,False,False
2024-06-24 04:00:00+00:00,sell,62830.569,0.0023009502831830963,0.14457001553310508,0.07232116835072067,144.57001553310508,62840.97,0.8418154941683249,0.8418154941683249,0.1585281208107403,0.03131159139684739,False,False
2024-06-24 05:00:00+00:00,sell,62809.539520000006,0.0020017012574635538,0.12572593423789077,0.06289441432609524,125.72593423789078,62314.01,0.708565547801153,0.708565547801153,0.13206604322999116,0.031333844156890334,False,False
2024-06-24 06:00:00+00:00,buy,62345.167004999996,0.003819001969857407,0.238096315603184,0.11898866346983286,238.096315603184,62405.0,0.964079799155025,0.964079799155025,0.2617746552162613,0.031337061380830616,False,False
2024-06-24 07:00:00+00:00,sell,62373.7975,0.0034274992949504535,0.21378614695463236,0.10694654675068953,213.78614695463236,62456.0,0.7288135535131468,0.7288135535131468,0.23683819955279017,0.03133804828370801,False,False
2024-06-24 08:00:00+00:00,sell,62679.73373536663,0.0021429412336180145,0.13431898593371525,0.0,134.31898593371525,62730.92,0.5802284084339469,0.5802284084339469,0.15053109549607102,0.031316494442614556,False,False
2024-06-24 09:00:00+00:00,sell,62699.554540000005,0.0038554478408387664,0.2417348621727955,0.12092789503389009,241.7348621727955,61402.28,0.3205946193200948,0.3205946193200948,0.25713075403916974,0.031454022322534136,False,False
2024-06-24 10:00:00+00:00,buy,61180.350270729476,0.010082175900240829,0.6168310530678411,0.0,616.8310530678411,61167.15,1.0,1.0,0.6886333601014516,0.03139436897942091,False,False
2024-06-24 11:00:00+00:00,sell,61136.566425000005,0.0007842256054699046,0.04794486082099667,0.023984422621806827,47.944860820996674,61291.95,0.9417743954918991,0.9417743954918991,0.0552325957647134,0.03135269650795383,False,False
2024-06-24 12:00:00+00:00,sell,61261.304025,0.003315842980688575,0.20313286493912497,0.10161724109010574,203.13286493912497,61215.21,0.7192917987017158,0.7192917987017158,0.22454060091113848,0.03133619343304614,False,False
2024-06-24 13:00:00+00:00,sell,61435.20184336974,0.0011276979174447178,0.06928034917656395,0.0,69.28034917656394,61569.2,0.6391726064811845,0.6391726064811845,0.0805045645159298,0.031344342463709596,False,False
2024-06-24 14:00:00+00:00,sell,61538.405405000005,0.0036366379417823386,0.22379289997260637,0.11195242619939325,223.79289997260636,61303.41,0.3963710116934922,0.3963710116934922,0.24566083725124777,0.031350324231593674,False,False
2024-06-24 15:00:00+00:00,buy,61082.52425729781,0.000909073090757653,0.05552847911786103,0.0,55.52847911786103,60843.99,0.45758701106326216,0.45758701106326216,0.0649494600216653,0.03136717756853091,False,False
2024-06-24 16:00:00+00:00,buy,60623.68634949638,0.0018564262749230778,0.11254340422190062,0.0,112.54340422190062,60168.01,0.5829065068607455,0.5829065068607455,0.13137939466138748,0.03141000798449739,False,False
2024-06-24 17:00:00+00:00,buy,59949.994871661074,0.002559147970816975,0.1534209077262995,0.0,153.42090772629948,60244.89,0.748864934688876,0.748864934688876,0.17150445072017628,0.03141643024823318,False,False
2024-06-24 18:00:00+00:00,sell,60463.55555670164,0.002043339217691325,0.1235475543100667,0.0,123.5475543100667,60412.01,0.610440613865209,0.610440613865209,0.13939720895174246,0.03143142841308494,False,False
2024-06-24 19:00:00+00:00,sell,60381.803995,0.0021683273264037836,0.13092751561991567,0.06549650606298933,130.92751561991565,59306.72,0.47129485509990104,0.47129485509990104,0.13645850773199425,0.03154335024426519,False,False
2024-06-24 20:00:00+00:00,buy,59088.653001040366,0.004678408822047883,0.27644087548299334,0.0,276.44087548299336,59514.0,0.7725911427227548,0.7725911427227548,0.31016343927331563,0.03154657469639205,False,False
2024-06-24 21:00:00+00:00,sell,59733.527861330665,0.002611313292300136,0.15598295530027328,0.0,155.9829553002733,60119.24,0.594827353688499,0.594827353688499,0.18074028161275335,0.031575182939995616,False,False
2024-06-24 22:00:00+00:00,sell,60089.18038,0.004096718023649889,0.2461684282890953,0.12314578703806667,246.1684282890953,60048.98,0.3274690533392174,0.3274690533392174,0.2739059842195515,0.03157612242199098,False,False
2024-06-25 00:00:00+00:00,sell,60515.93778176724,0.0048852927041116235,0.2956380693277405,0.0,295.6380693277405,60409.11,0.0,0.0,0.32847856416577553,0.03158469784327045,False,False
2024-06-26 10:00:00+00:00,buy,61407.418365,0.0041640808437794505,0.25570545447964693,0.12778883282338893,255.7054544796469,61264.3,0.28439866522707635,0.28439866522707635,0.28439866522707635,0.031693081308733745,False,False
2024-06-26 11:00:00+00:00,buy,61294.93215,0.0015872628644680083,0.09729116958178122,0.04862127415380995,97.29116958178122,61445.26,0.39218469916936194,0.39218469916936194,0.10739689523309787,0.031666676280779044,False,False
2024-06-26 12:00:00+00:00,sell,61414.537370000005,0.005751343708247459,0.353216113097878,0.1766964047512949,353.21611309787795,61431.47,0.0,0.0,0.393248982157095,0.03166262996857769,False,False
2024-06-26 17:00:00+00:00,buy,61045.980926975164,0.006534461279359907,0.3989025986278626,0.0,398.9025986278626,61242.0,0.4459608447426941,0.4459608447426941,0.4459608447426941,0.03165477470726932,False,False
2024-06-26 19:00:00+00:00,buy,60940.475009999995,0.007086542040521086,0.4318572381276896,0.2158207087094749,431.8572381276896,61000.01,0.9247981369025124,0.9247981369025124,0.48048536195889596,0.03166391294659099,False,False
2024-06-26 20:00:00+00:00,sell,60969.50999500001,0.003961292670850979,0.24151807308856904,0.12081944626739609,241.51807308856903,60993.36,0.6570468015646067,0.6570468015646067,0.26934337031650846,0.0316634513287998,False,False
2024-06-26 21:00:00+00:00,sell,60962.863320000004,0.0014200548168733368,0.08657060770795687,0.04330695733263987,86.57060770795687,61054.35,0.5603118825443362,0.5603118825443362,0.09722320404813312,0.03166309620297969,False,False
2024-06-26 22:00:00+00:00,sell,61023.822825,0.002448079354927293,0.14939116081662343,0.07473294688174187,149.39116081662343,60924.61,0.39481667971488615,0.39481667971488615,0.1656940284501724,0.03166433567284099,False,False
2024-06-26 23:00:00+00:00,buy,60955.072304999994,0.0016136638199993813,0.09836099482402479,0.04915591945227601,98.36099482402479,60864.99,0.5039325019683192,0.5039325019683192,0.11019679042344976,0.031663919176765004,False,False
2024-06-27 01:00:00+00:00,sell,60951.509000000005,0.002990132397455687,0.18225308173471189,0.09117212693080498,182.25308173471188,61064.01,0.30033847236001454,0.30033847236001454,0.20408171419558896,0.031664054976771994,False,False
2024-06-27 02:00:00+00:00,sell,61033.47799500001,0.004415107899773079,0.2694693908463509,0.13480209647138314,269.4693908463509,61029.49,0.0,0.0,0.30082814493992244,0.03166414459006425,False,False
2024-06-27 06:00:00+00:00,buy,60835.902749999994,0.006345561368425467,0.3860379543036886,0.1929225158938582,386.0379543036886,60742.01,0.430960867273018,0.430960867273018,0.430960867273018,0.03167020564206785,False,False
2024-06-27 08:00:00+00:00,sell,60763.612995,0.001063702450254225,0.06463440402908098,0.03233336869888876,64.63440402908098,60866.0,0.35880687011269685,0.35880687011269685,0.07276981291222079,0.03166890577400433,False,False
2024-06-27 09:00:00+00:00,sell,61093.183294041744,0.0017630990842538528,0.10771333551987777,0.0,107.71333551987777,61282.78,0.238786759868047,0.238786759868047,0.12210013366340547,0.03168215989705353,False,False
2024-06-27 10:00:00+00:00,sell,61252.13861,0.003518759833917389,0.2155315650824085,0.10781969238738755,215.5315650824085,61110.01,0.0,0.0,0.24002502000215484,0.031677827171704614,False,False
2024-06-28 08:00:00+00:00,buy,61380.685005,0.003933078937542121,0.24141507936507298,0.12064721607448874,241.41507936507298,61480.21,0.2692874736349758,0.2692874736349758,0.2692874736349758,0.03171667007460538,False,False
2024-06-28 09:00:00+00:00,sell,61449.469895,0.003933078937542121,0.24168561576715314,0.12090325951332194,241.68561576715314,61547.55,0.0,0.0,0.27006586819842726,0.0317119201754448,False,False
2024-06-28 13:00:00+00:00,buy,61425.78754499999,0.0035192702597996095,0.21617394729188774,0.10803295716734417,216.17394729188774,61297.99,0.24125441300410422,0.24125441300410422,0.24125441300410422,0.031644165407271746,False,False
2024-06-28 14:00:00+00:00,buy,61070.51935185125,0.0027075554061522173,0.16535181482762845,0.0,165.35181482762846,60928.02,0.42717891669555336,0.42717891669555336,0.18720361096927116,0.03162938175463248,False,False
2024-06-28 15:00:00+00:00,buy,60958.474005,0.008442959141246995,0.5146699053369821,0.25720634949369653,514.6699053369821,61062.01,1.0,1.0,0.5746004109346083,0.03163017498789347,False,False
2024-06-28 16:00:00+00:00,sell,61031.469000000005,0.004496824355049979,0.2744477962236778,0.13729254438401023,274.4477962236778,60940.01,0.6963031180133623,0.6963031180133623,0.30578571658579956,0.03163117296604029,False,False
2024-06-28 17:00:00+00:00,buy,60970.480005,0.0016683746724467652,0.10172160460726391,0.05083538461131892,101.72160460726391,60826.63,0.8099258126216289,0.8099258126216289,0.11540836792149645,0.03163198162690212,False,False
2024-06-28 18:00:00+00:00,buy,60857.043314999995,0.0005905096593640229,0.035936671917842236,0.017959356280779527,35.93667191784223,60828.02,0.8490919930407947,0.8490919930407947,0.04031318530832495,0.031628216812658705,False,False
2024-06-28 19:00:00+00:00,sell,60797.605990000004,0.00233403082945678,0.1419034867378262,0.07098723698739079,141.9034867378262,60123.73,0.6965980632460642,0.6965980632460642,0.15108345163446557,0.0316664793237314,False,False
2024-06-28 20:00:00+00:00,buy,60153.791865,0.004608342362905868,0.2772092673409019,0.13853536598743893,277.2092673409019,60229.92,1.0,1.0,0.3121487079395847,0.03166725583703195,False,False
2024-06-28 21:00:00+00:00,sell,60199.80504,0.0007521728871840092,0.04528066116485127,0.022651656410630175,45.28066116485127,60366.01,0.9484518713386212,0.9484518713386212,0.05338372308208039,0.03166848899009023,False,False
2024-06-28 22:00:00+00:00,sell,60335.817,0.004428740088603314,0.26721165152653337,0.13367266209430173,267.2116515265334,60367.99,0.649014378131131,0.649014378131131,0.3017890922831302,0.03166837736205866,False,False
2024-06-28 23:00:00+00:00,sell,60337.806005,0.0015334417807811324,0.09252451268873371,0.0462853990438879,92.52451268873371,60427.84,0.5445329336366111,0.5445329336366111,0.10512671618916036,0.03166865629449683,False,False
2024-06-29 00:00:00+00:00,sell,60653.26352096388,0.0018737932301986374,0.1136516745750361,0.0,113.6516745750361,60770.71,0.41611569848428137,0.41611569848428137,0.1305300412537242,0.03167713377487327,False,False
2024-06-29 01:00:00+00:00,sell,60997.44562103044,0.0061180083306416255,0.3731828804573238,0.0,373.1828804573238,60901.03,0.0,0.0,0.4191554524080353,0.031678461725469925,False,False
2024-06-30 03:00:00+00:00,buy,60864.68713499999,0.004672355400817547,0.2843814496542875,0.142119664994628,284.3814496542875,60898.32,0.3196824056288622,0.3196824056288622,0.3196824056288622,0.031680511676428325,False,False
2024-06-30 04:00:00+00:00,sell,60867.87084,0.004672355400817547,0.2843963250555389,0.14226929717634118,284.3963250555389,60777.55,0.0,0.0,0.31968407512987934,0.03168145962184574,False,False
2024-06-30 05:00:00+00:00,buy,60807.92877,0.008408059989414645,0.5112767129302127,0.25551060116450514,511.2767129302127,60789.26,0.5752851170224101,0.5752851170224101,0.5752851170224101,0.03168145124155977,False,False
2024-06-30 06:00:00+00:00,buy,60819.65463,0.0006125397259812183,0.03725445458133254,0.018617918331497597,37.25445458133254,61040.18,0.6164914105629244,0.6164914105629244,0.039490672097538315,0.03168632483075054,False,False
2024-06-30 07:00:00+00:00,sell,61268.56346701587,0.009020599715395863,0.5526791861732767,0.0,552.6791861732767,61528.01,0.0,0.0,0.6208565547429672,0.03170458000190468,False,False
2024-07-02 08:00:00+00:00,buy,62661.314999999995,0.008399100766722666,0.5262986988603504,0.26301784050987875,526.2986988603504,62670.01,0.5903450746867116,0.5903450746867116,0.5903450746867116,0.031792521409613334,False,False
2024-07-02 09:00:00+00:00,sell,62638.67499500001,0.0019723853152430844,0.1235476027264222,0.06180470371505589,123.5476027264222,62650.01,0.45245018739440446,0.45245018739440446,0.138670111538015,0.03178981404661618,False,False
2024-07-02 11:00:00+00:00,sell,62684.62201000001,0.002581671128516928,0.16183107884521378,0.08095601743131425,161.83107884521377,62832.01,0.2706028980039019,0.2706028980039019,0.18252719432175774,0.03176739727124456,False,False
2024-07-02 12:00:00+00:00,sell,62800.593995,0.0038450443229626537,0.2414710674191573,0.120795931675413,241.4710674191573,62878.45,0.0,0.0,0.2714393767921851,0.03176373717823294,False,False
2024-07-02 14:00:00+00:00,buy,62390.62894838987,0.005860135537937645,0.3656175419347407,0.0,365.6175419347407,62035.43,0.4123453561940384,0.4123453561940384,0.4123453561940384,0.03178114682949951,False,False
2024-07-02 15:00:00+00:00,buy,62066.447714999995,0.00843938739165086,0.5238027962905284,0.26177051288877334,523.8027962905284,61948.08,1.0,1.0,0.5907636844084938,0.031776443744661126,False,False
2024-07-02 17:00:00+00:00,sell,61889.93955,0.0016086934282634694,0.09956193902970839,0.0498058724510776,99.56193902970838,62147.98,0.8847905152175339,0.8847905152175339,0.11581237886284734,0.03177873694397601,False,False
2024-07-02 18:00:00+00:00,sell,62116.916005,0.00566264069633064,0.35174577650046507,0.1759608686845682,351.74577650046507,62330.01,0.49082981995516606,0.49082981995516606,0.3980593995392461,0.03178108201235322,False,False
2024-07-02 19:00:00+00:00,sell,62298.84499500001,0.003913060130843016,0.24377912654750353,0.12195053854300483,243.77912654750352,61939.1,0.2192938114583347,0.2192938114583347,0.2723623649898336,0.03179216983883679,False,False
2024-07-02 20:00:00+00:00,buy,61970.06954999999,0.005343061575010444,0.33110989741332975,0.16547221260033448,331.10989741332975,62012.01,0.5908448904959303,0.5908448904959303,0.37298215971389276,0.03179174461666831,False,False
2024-07-02 21:00:00+00:00,sell,61981.00399500001,0.002356063456682304,0.14603117852109943,0.07305211531819854,146.03117852109943,61958.02,0.4271156270704213,0.4271156270704213,0.1643961632964146,0.0317919344192297,False,False
2024-07-02 23:00:00+00:00,sell,62058.964995,0.0027161086128081446,0.16855888932487867,0.08432160546517177,168.55888932487866,62135.47,0.23705532994725148,0.23705532994725148,0.19046770964306903,0.031789903805522574,False,False
2024-07-03 00:00:00+00:00,sell,62104.392270000004,0.003386018179671375,0.21028660126366244,0.10519589858110555,210.28660126366245,62094.02,0.0,0.0,0.23723140975958026,0.031789683453532475,False,False
2024-07-03 01:00:00+00:00,buy,61859.18781094601,0.003016373665774903,0.1865904250991614,0.0,186.5904250991614,61617.91,0.21140022756975632,0.21140022756975632,0.21140022756975632,0.031802903294856744,False,False
2024-07-03 02:00:00+00:00,buy,61384.74766930238,0.006559124698836797,0.40263021456958575,0.0,402.63021456958575,61362.0,0.6672155914337079,0.6672155914337079,0.4579091694236467,0.03180770345823103,False,False
2024-07-03 03:00:00+00:00,buy,61129.607826507716,0.00209993403331323,0.12836814391797435,0.0,128.36814391797435,60987.99,0.8139637647611426,0.8139637647611426,0.15046788848746828,0.03181640902338262,False,False
2024-07-03 04:00:00+00:00,buy,61018.494,0.0024783163172309754,0.15122312933306037,0.07557377777763834,151.22312933306037,60883.9,0.982559541771542,0.982559541771542,0.1734292832366986,0.03181700695293288,False,False
2024-07-03 05:00:00+00:00,sell,61114.40379401103,0.001413663148763778,0.08639518050226262,0.0,86.39518050226262,61121.52,0.8801047846122032,0.8801047846122032,0.10147424447100317,0.031813288939802675,False,False
2024-07-03 06:00:00+00:00,sell,61090.959240000004,0.004561541628960638,0.27866895372639755,0.1394041789526433,278.66895372639755,61014.0,0.5681367940369317,0.5681367940369317,0.3153185897945495,0.031810675484755135,False,False
2024-07-03 09:00:00+00:00,buy,60527.84879999999,0.002398274559627423,0.14516239992601523,0.07254492749924345,145.16239992601524,60606.01,0.7300612739047523,0.7300612739047523,0.16452847387876102,0.03167288861649609,False,False
2024-07-03 10:00:00+00:00,sell,60575.71699,0.002396414045764867,0.1451644990271135,0.07261855879294363,145.1644990271135,60383.99,0.5672007972756203,0.5672007972756203,0.16347235458679288,0.03165222962972736,False,False
2024-07-03 11:00:00+00:00,buy,60159.431582257,0.000879026438166685,0.05288173086588375,0.0,52.881730865883746,60386.01,0.625663496860245,0.625663496860245,0.06068862306681344,0.03164916712891594,False,False
2024-07-03 12:00:00+00:00,sell,60355.81699500001,0.0011894874776432161,0.07179248851847812,0.03591420135991154,71.79248851847812,60028.01,0.5454651412360378,0.5454651412360378,0.0787207097614887,0.031658618031764924,False,False
2024-07-03 13:00:00+00:00,buy,59803.963947697746,0.001931287701421501,0.1154986600684435,0.0,115.4986600684435,60589.99,0.6716679653191627,0.6716679653191627,0.12730001312084616,0.03168177609744646,False,False
2024-07-03 14:00:00+00:00,sell,60559.705,0.0058918418026319835,0.35680820147406117,0.17849334741072564,356.80820147406115,60281.15,0.2709168941356215,0.2709168941356215,0.4048367140926151,0.03163219898600683,False,False
2024-07-03 15:00:00+00:00,buy,60059.956610196685,0.002054571541881825,0.1233974776579673,0.0,123.3974776579673,60186.25,0.4108447242683937,0.4108447242683937,0.14195912989016174,0.0315285318104504,False,False
2024-07-03 17:00:00+00:00,sell,60465.742005,0.005963960852488857,0.3606153182345111,0.18039785804626615,360.6153182345111,60371.34,0.0,0.0,0.4108771363134533,0.03150578462341516,False,False
2024-07-03 18:00:00+00:00,buy,60401.525669999995,0.0036674290386010684,0.22151830921796584,0.11070380270762521,221.51830921796582,60248.01,0.2526550650436065,0.2526550650436065,0.2526550650436065,0.031505495640365255,False,False
2024-07-03 19:00:00+00:00,buy,60026.80926173142,0.0008137894727739117,0.04884918546140457,0.0,48.849185461404566,59671.1,0.3091498319517535,0.3091498319517535,0.05856428293642013,0.03153293885544675,False,False
2024-07-03 20:00:00+00:00,buy,59700.945555,0.004626852775709398,0.27622748565362737,0.1380447204665704,276.22748565362735,59609.26,0.6227689625565676,0.6227689625565676,0.3166809833424385,0.031533624072713706,False,False
2024-07-03 21:00:00+00:00,sell,59828.76852364871,0.0006816082999359842,0.040779785200667724,0.0,40.779785200667725,60247.59,0.5723035058467649,0.5723035058467649,0.05291745776365775,0.0315604363786651,False,False
2024-07-03 22:00:00+00:00,sell,60217.456210000004,0.008426462987148393,0.5074201659337942,0.25383700146761257,507.4201659337942,60316.01,0.0,0.0,0.5789239582583311,0.031558267801609585,False,False
2024-07-04 02:00:00+00:00,buy,58338.379127624044,0.01496439149859277,0.8729983446590992,0.0,872.9983446590992,58972.13,1.0,1.0,1.0,0.031855194860404085,False,False
2024-07-04 03:00:00+00:00,sell,58942.643935,0.0043229650757425405,0.2548069912029329,0.1274672292160629,254.80699120293286,59102.0,0.7075859153127333,0.7075859153127333,0.2896404635156513,0.03185393999283381,False,False
2024-07-04 04:00:00+00:00,sell,59072.449,0.002316841513385008,0.13686150214051873,0.06846498356203916,136.86150214051872,58968.36,0.5563139208144405,0.5563139208144405,0.1532214639090751,0.03185382251573168,False,False
2024-07-04 07:00:00+00:00,buy,58572.01280576837,0.0006226105315103626,0.036467552024631214,0.0,36.46755202463121,58219.99,0.5990212766264758,0.5990212766264758,0.047144324743029875,0.031870747729737886,False,False
2024-07-04 08:00:00+00:00,buy,57997.63883158823,0.003881370997919579,0.2251103533087409,0.0,225.1103533087409,57688.46,0.8553486030248674,0.8553486030248674,0.26423797783039904,0.031894271091292586,False,False
2024-07-04 09:00:00+00:00,buy,57468.16832814831,0.0021611610444669093,0.12419796668766117,0.0,124.19796668766116,57748.0,0.9910706849049264,0.9910706849049264,0.1420133408064862,0.03189301640650541,False,False
2024-07-04 10:00:00+00:00,sell,57719.135995000004,0.002911470571193125,0.16804756584413633,0.0840658158299769,168.04756584413633,57946.43,0.7962453979651276,0.7962453979651276,0.19533074988376398,0.0318932146988217,False,False
2024-07-04 11:00:00+00:00,sell,57917.456785,0.0032513270336555662,0.1883085929656485,0.09420139718140898,188.3085929656485,57761.94,0.5860067925743054,0.5860067925743054,0.21329782678467035,0.031845839278399096,False,False
2024-07-04 13:00:00+00:00,buy,57030.270080576265,0.002340992636304119,0.13350744230506414,0.0,133.50744230506413,57420.02,0.7348382681804886,0.7348382681804886,0.15228958925501512,0.0318544726057228,False,False
2024-07-04 14:00:00+00:00,sell,57391.30999,0.002651854533223346,0.1521934055646078,0.07613477016737497,152.19340556460781,57450.25,0.5613124885747378,0.5613124885747378,0.17517701351088943,0.03185434625304334,False,False
2024-07-04 15:00:00+00:00,sell,57669.56239978042,0.0013189095255210451,0.0760609351817007,0.0,76.0609351817007,58140.0,0.4716580524426559,0.4716580524426559,0.0931337870971981,0.031890042756260506,False,False
2024-07-04 16:00:00+00:00,sell,58361.98067717957,0.0071971584560731085,0.42004042274393827,0.0,420.0404227439383,58304.59,0.0,0.0,0.47840571574111596,0.031891528270175606,False,False
2024-07-05 00:00:00+00:00,buy,56829.84472384839,0.0094033006027624,0.5343881131466572,0.0,534.3881131466572,57375.99,0.6116065553185543,0.6116065553185543,0.6116065553185543,0.0319929588973894,False,False
2024-07-05 01:00:00+00:00,sell,57347.302005,0.003335333577532234,0.1912723819581581,0.09568403299557761,191.2723819581581,57172.01,0.39571540621634727,0.39571540621634727,0.2153297915543,0.03198955474763357,False,False
2024-07-05 02:00:00+00:00,buy,56947.57745952298,0.0008411866425695634,0.04790354148564628,0.0,47.90354148564628,55766.32,0.4532111158473871,0.4532111158473871,0.06496478259150884,0.03215648077371966,False,False
2024-07-05 03:00:00+00:00,buy,55546.83541340542,0.00863464045929916,0.47962695244662185,0.0,479.62695244662183,55227.99,1.0,1.0,0.5597949022650192,0.03218127696637174,False,False
2024-07-05 04:00:00+00:00,sell,55200.386000000006,0.0003621950579807999,0.01999330700783254,0.01000165433107968,19.993307007832538,53941.1,1.0,0.9939129400306921,0.0060870599693079175,0.032323252417051807,True,False
2024-07-05 05:00:00+00:00,buy,53968.07055,0.00024342975332096624,0.013137434101195002,0.006565434333430344,13.137434101195002,54806.02,1.0,0.970718642547916,0.029281357452084045,0.03238528292303877,True,False
2024-07-05 06:00:00+00:00,sell,54778.61699,0.002508740591115428,0.13742533996797823,0.06874704350572829,137.42533996797823,54283.99,0.8335248575814491,0.8335248575814491,0.15241474013954892,0.032408560872493164,False,False
2024-07-05 07:00:00+00:00,buy,54065.352113751076,0.0012961452775224706,0.07007655081982798,0.0,70.07655081982799,54415.05,0.9055245417041629,0.9055245417041629,0.08059514933083145,0.032408534973942416,False,False
2024-07-05 08:00:00+00:00,sell,54387.832480000005,0.0031278360498731526,0.17011622310540597,0.0851006618836332,170.11622310540596,54088.0,0.7115056807635558,0.7115056807635558,0.1952887868221781,0.03241766872930474,False,False
2024-07-05 10:00:00+00:00,sell,54748.572122631726,0.00356274364987187,0.1950551276694583,0.0,195.05512766945827,54987.99,0.47781257963081303,0.47781257963081303,0.23225697744855933,0.03245181177393028,False,False
2024-07-05 11:00:00+00:00,sell,55210.439190577374,0.0030606285561694587,0.16897864678533853,0.0,168.97864678533853,55486.5,0.28488552468142164,0.28488552468142164,0.19980062044936403,0.032452549775259604,False,False
2024-07-05 12:00:00+00:00,sell,55709.74208626179,0.004461225252931618,0.24853370822953844,0.0,248.53370822953843,55052.81,0.0,0.0,0.28620139987380117,0.032397404067932484,False,False
2024-07-05 13:00:00+00:00,buy,55080.3264,0.0034658167934935678,0.19089832022822711,0.09540145938440468,190.8983202282271,55829.99,0.2216500479369876,0.2216500479369876,0.2216500479369876,0.03244651013085567,False,False
2024-07-05 14:00:00+00:00,sell,55802.08500000001,0.0034658167934935678,0.19339980330495554,0.09674827579035075,193.39980330495553,55753.98,0.0,0.0,0.22394019789881692,0.0324462799957321,False,False
2024-07-16 07:00:00+00:00,buy,62931.089819999994,0.0053375388195887104,0.3358971348732739,0.1678646351190473,335.8971348732739,62895.01,0.38913645014657283,0.38913645014657283,0.38913645014657283,0.03331927890497477,False,False
2024-07-16 10:00:00+00:00,sell,63464.45388066329,0.0053375388195887104,0.3387439862520377,0.0,338.7439862520377,63443.54,0.0,0.0,0.39148879385730684,0.033296133427647034,False,False
2024-07-17 17:00:00+00:00,buy,63960.779107683295,0.006770418919828012,0.4330412689975992,0.0,433.0412689975992,64278.83,0.502967112409423,0.502967112409423,0.502967112409423,0.033283791588399364,False,False
2024-07-17 18:00:00+00:00,sell,64560.2464134478,0.0008153276683924822,0.05263775517912051,0.0,52.63775517912051,64504.0,0.44099613033613494,0.44099613033613494,0.06213429763586553,0.03328474644686327,False,False
2024-07-17 19:00:00+00:00,sell,64471.74800000001,0.002886136274323715,0.18607425057185745,0.09308366711946862,186.07425057185745,64585.78,0.22793727339373548,0.22793727339373548,0.2149197273948643,0.03328162737517698,False,False
2024-07-17 20:00:00+00:00,sell,64553.48711,0.0030689549771118147,0.19811174555615788,0.09910542549081511,198.11174555615787,64510.31,0.0,0.0,0.2281802369983674,0.03327674547587803,False,False
2024-07-17 21:00:00+00:00,buy,64228.0988702484,0.00312731066804218,0.20086121878499572,0.0,200.8612187849957,64318.0,0.2325631963837059,0.2325631963837059,0.2325631963837059,0.03327619585483413,False,False
2024-07-17 22:00:00+00:00,buy,64350.159,0.002158843990584254,0.13892195405029126,0.06942626389319827,138.92195405029125,64269.2,0.3919669409857147,0.3919669409857147,0.16025364047906115,0.03327367598886696,False,False
2024-07-18 00:00:00+00:00,buy,64120.033995,0.0015392762656537698,0.09869844648141637,0.04932456096022807,98.69844648141637,64443.54,0.5039811062419409,0.5039811062419409,0.11149274486290306,0.03327888188837308,False,False
2024-07-18 01:00:00+00:00,sell,64411.308235000004,0.006825430924280204,0.4396349351005132,0.21992743126585387,439.6349351005132,64678.99,0.0,0.0,0.507484422659347,0.03327557923487362,False,False
2024-07-18 15:00:00+00:00,buy,63715.628520355014,0.013554347889947804,0.8636237949915722,0.0,863.6237949915721,63538.12,1.0,1.0,1.0,0.03326882395278377,False,False
2024-07-18 17:00:00+00:00,sell,63872.048,0.002674664938861886,0.17083632735890344,0.08546089412650829,170.83632735890345,63555.52,0.8043378495904947,0.8043378495904947,0.1922741856581085,0.03327698402237117,False,False
2024-07-18 18:00:00+00:00,buy,63587.297759999994,0.002723952046425348,0.17320874986000995,0.08656109438280597,173.20874986000993,63520.01,1.0,1.0,0.20068391925158513,0.033274252035643936,False,False
2024-07-18 19:00:00+00:00,sell,63488.249995000006,0.0012466696871474003,0.0791488767588026,0.03959423549714545,79.1488767588026,63555.0,0.9078155047200185,0.9078155047200185,0.09213822449292797,0.033273249902575075,False,False
2024-07-18 20:00:00+00:00,sell,63832.948415622464,0.0021018175885078455,0.1341652137062693,0.0,134.1652137062693,63826.01,0.75108492928716,0.75108492928716,0.15779586752756392,0.03327288076265825,False,False
2024-07-18 21:00:00+00:00,sell,63794.09699500001,0.005073517069248424,0.3236604400214222,0.16191117559848434,323.6604400214222,63850.0,0.38106431279194697,0.38106431279194697,0.37339695923199956,0.033254465769475605,False,False
2024-07-18 22:00:00+00:00,sell,63818.065005000004,0.0010021897184012384,0.06395780859627288,0.03199490174900487,63.957808596272876,64032.0,0.30741578498894817,0.30741578498894817,0.07480179480216215,0.03324658127421007,False,False
2024-07-18 23:00:00+00:00,sell,63999.984000000004,0.004179440934206358,0.267484152918152,0.13380898094953397,267.48415291815195,63987.92,0.0,0.0,0.3082555010062665,0.03324072167457434,False,False
2024-07-19 01:00:00+00:00,buy,63322.5763863925,0.006522563005861288,0.4130254941737093,0.0,413.0254941737093,63816.0,0.4783498677033695,0.4783498677033695,0.4783498677033695,0.033243883906724,False,False
2024-07-19 02:00:00+00:00,sell,63784.082005000004,0.0037406462183014757,0.23859368513983448,0.11935652083031038,238.59368513983446,63828.0,0.20403387563512207,0.20403387563512207,0.2744399135962332,0.03324363375239531,False,False
2024-07-19 03:00:00+00:00,sell,64106.59489183058,0.0027819167875598127,0.17833921252287963,0.0,178.33921252287962,64325.0,0.0,0.0,0.20545813143133082,0.033251257465757605,False,False
2024-07-19 08:00:00+00:00,buy,63415.99425342114,0.0044840654712143165,0.28436147015449126,0.0,284.36147015449126,63809.0,0.328217707456721,0.328217707456721,0.328217707456721,0.03325148267758121,False,False
2024-07-19 09:00:00+00:00,sell,64087.35054230617,0.0044840654712143165,0.28737187570836326,0.0,287.37187570836323,63700.0,0.0,0.0,0.3278758751727968,0.0332448815276615,False,False
2024-07-19 10:00:00+00:00,buy,63731.85,0.003690454374730903,0.2351994846421937,0.1175409718351739,235.1994846421937,63994.01,0.2693986020426001,0.2693986020426001,0.2693986020426001,0.033237763267775305,False,False
2024-07-19 11:00:00+00:00,sell,63962.003000000004,0.003690454374730903,0.23604885378790116,0.11808346862824902,236.04885378790115,64116.0,0.0,0.0,0.2708274204684462,0.033222799165590705,False,False
2024-07-21 07:00:00+00:00,buy,66755.350995,0.003977781170078105,0.2655381781898657,0.13270273772605173,265.5381781898657,66701.99,0.30409902646606074,0.30409902646606074,0.30409902646606074,0.03252402802908283,False,False
2024-07-21 09:00:00+00:00,sell,66762.602,0.003977781170078105,0.2655670211010188,0.1328499355182727,265.56702110101884,66976.0,0.0,0.0,0.30508912730467447,0.032521079313329926,False,False
2024-07-21 18:00:00+00:00,buy,66377.29825445889,0.0072820458016364595,0.48336252607785346,0.0,483.36252607785343,66864.42,0.5565804981453238,0.5565804981453238,0.5565804981453238,0.032493257110895596,False,False
2024-07-21 19:00:00+00:00,sell,67136.30512191704,0.0072820458016364595,0.48888964885044034,0.0,488.8896488504403,67422.02,0.0,0.0,0.55848138658506,0.03250381783603187,False,False
2024-07-22 08:00:00+00:00,buy,67269.62800499999,0.003462683198083854,0.23293341063426454,0.11640850106658732,232.93341063426453,67080.48,0.2656069547848251,0.2656069547848251,0.2656069547848251,0.032456182328536504,False,False
2024-07-22 09:00:00+00:00,buy,67114.02024,0.0015342074617796775,0.1029668306422403,0.051457686477884415,102.9668306422403,67427.22,0.3823168907214357,0.3823168907214357,0.11601423876233663,0.03245842522771636,False,False
2024-07-22 10:00:00+00:00,sell,67393.50639000001,0.004996890659863531,0.33675798261564427,0.1684632229192398,336.75798261564427,67422.01,0.0,0.0,0.38413193405252577,0.032456855974388216,False,False
2024-07-22 14:00:00+00:00,buy,66826.80981356303,0.004679535735495232,0.3127184446117116,0.0,312.7184446117116,66712.0,0.3582713672199901,0.3582713672199901,0.3582713672199901,0.03244371031663365,False,False
2024-07-22 15:00:00+00:00,buy,66745.356,0.004639139199108823,0.30964099737807327,0.1547431271254728,309.6409973780733,67063.87,0.7087013123289112,0.7087013123289112,0.3509374312803491,0.0324386396250764,False,False
2024-07-22 16:00:00+00:00,sell,67030.338065,0.005686679961290186,0.3811800802727423,0.19068538282773836,381.1800802727423,67052.0,0.2773909596865417,0.2773909596865417,0.4341900539704807,0.03243617534214838,False,False
2024-07-22 18:00:00+00:00,sell,67434.256005,0.0036319949733138682,0.24492087883932057,0.12252170026980361,244.92087883932055,67445.49,0.0,0.0,0.27873639540023953,0.03243933584505462,False,False
2024-07-23 05:00:00+00:00,buy,66667.32640775993,0.008891967319176004,0.5928036876746406,0.0,592.8036876746406,66428.0,0.6775712899691526,0.6775712899691526,0.6775712899691526,0.032374752154392616,False,False
2024-07-23 06:00:00+00:00,buy,66461.224005,0.004302952291273076,0.2859794761131279,0.14291827891711242,285.9794761131279,66519.34,1.0,1.0,0.32518022864276597,0.032370767552595686,False,False
2024-07-23 07:00:00+00:00,sell,66486.08033,0.0015449379252259476,0.10271686700143588,0.05138412556349886,102.71686700143589,66576.0,0.8835547113590791,0.8835547113590791,0.11802315811085706,0.03225028125125001,False,False
2024-07-23 08:00:00+00:00,sell,66836.95202103145,0.0024506222225024014,0.1637921199070665,0.0,163.79211990706648,66888.0,0.6956391186047342,0.6956391186047342,0.18944013636018475,0.032141362731692213,False,False
2024-07-23 09:00:00+00:00,sell,67150.02290390483,0.005258532502451325,0.35311057798053447,0.0,353.11057798053446,66938.2,0.2993360316788046,0.2993360316788046,0.39995030032641987,0.032135758142412346,False,False
2024-07-23 10:00:00+00:00,sell,66904.72090500001,0.001135780023761794,0.0759890454992571,0.03801352951437791,75.9890454992571,66870.01,0.21310562812287298,0.21310562812287298,0.0859827762495659,0.03211239770608826,False,False
2024-07-23 11:00:00+00:00,buy,66608.946613131,0.0006989139935263291,0.04655392488196544,0.0,46.55392488196544,66676.01,0.2661193766687944,0.2661193766687944,0.05369925415282306,0.03210262162178515,False,False
2024-07-23 12:00:00+00:00,buy,66415.84369163132,0.002289648767124595,0.15206895462608347,0.0,152.06895462608347,66504.68,0.4390366263678833,0.4390366263678833,0.17419061097443833,0.032097458569980586,False,False
2024-07-23 13:00:00+00:00,buy,66245.17823840956,0.001468184555465324,0.09726014756368048,0.0,97.26014756368048,66092.01,0.5503443243964343,0.5503443243964343,0.11399282467879085,0.03209834285993318,False,False
2024-07-23 14:00:00+00:00,buy,66125.046,0.003955054187032259,0.26152814005000075,0.1306987206646763,261.52814005000073,67227.8,0.8372461137256337,0.8372461137256337,0.28589756760848706,0.03214174405132969,False,False
2024-07-23 15:00:00+00:00,sell,67194.196095,0.011216848439656119,0.7537071136221482,0.3770420778498988,753.7071136221481,66584.01,0.0,0.0,0.8465881620060608,0.03214899618586156,False,False
2024-07-23 16:00:00+00:00,buy,66322.35180802962,0.0040102554357667785,0.2659695718509874,0.0,265.9695718509874,65857.99,0.3007251314733786,0.3007251314733786,0.3007251314733786,0.03216635867107473,False,False
2024-07-23 17:00:00+00:00,buy,65890.92899999999,0.007530228577867057,0.49617375657800916,0.2479628968405028,496.17375657800915,65940.29,0.8577104287521731,0.8577104287521731,0.5592883040716106,0.03216491082830669,False,False
2024-07-23 18:00:00+00:00,sell,65907.319855,0.0027221001215542336,0.17940632338860923,0.08974803571215885,179.40632338860922,65860.0,0.6571811718095932,0.6571811718095932,0.2018145653788107,0.03215878260116081,False,False
2024-07-23 20:00:00+00:00,buy,65568.768,0.0011684687537761689,0.07661505663159873,0.03828838412373328,76.61505663159873,65836.01,0.7399912542939298,0.7399912542939298,0.08358831363471508,0.032152952197917806,False,False
2024-07-23 21:00:00+00:00,sell,65803.08200000001,0.004226856908001047,0.2781402117194594,0.1391396756975386,278.1402117194594,65872.0,0.4284797513689342,0.4284797513689342,0.3148374726965411,0.032142087757488,False,False
2024-07-23 22:00:00+00:00,sell,65839.064,0.0011588868565274597,0.07630002591567023,0.038169097506590165,76.30002591567023,65917.99,0.34263035945944165,0.34263035945944165,0.08659818923228618,0.03213665325082379,False,False
2024-07-23 23:00:00+00:00,sell,65885.03100500001,0.0010542079183957008,0.06945652138921728,0.03474563351135756,69.45652138921727,65936.01,0.26434792388165773,0.26434792388165773,0.07866308522352011,0.032128928955957814,False,False
2024-07-24 00:00:00+00:00,sell,65903.032,0.0006230323905245636,0.041059723569776815,0.02054013185080975,41.059723569776814,65784.7,0.21814463955815877,0.21814463955815877,0.0458761113371729,0.03212816098564905,False,False
2024-07-24 01:00:00+00:00,buy,65817.59234999999,0.0008704592816963577,0.057291534159964685,0.02863145135430051,57.291534159964684,65666.01,0.2825455451498461,0.2825455451498461,0.06521178823184667,0.032125839588755145,False,False
2024-07-24 02:00:00+00:00,buy,65698.84300499999,0.0007721757946129231,0.050731056302535556,0.025352851725399778,50.731056302535556,65878.16,0.3392068604193001,0.3392068604193001,0.05644781657506154,0.03212654979614091,False,False
2024-07-24 03:00:00+00:00,sell,65845.22092,0.004566503648716281,0.3006824415817096,0.15041642900534133,300.6824415817096,66052.71,0.0,0.0,0.34087300685391414,0.03212506765481471,False,False
2024-07-24 19:00:00+00:00,buy,65786.877,0.008803737103551857,0.5791703699717022,0.28944046475341395,579.1703699717023,65652.0,0.6552309096691147,0.6552309096691147,0.6552309096691147,0.03209338785494775,False,False
2024-07-24 20:00:00+00:00,buy,65684.83600499999,0.0006406258105219852,0.04207940130470679,0.02102918605932076,42.07940130470679,66044.01,0.7007136266511969,0.7007136266511969,0.04363041863858219,0.03209652281004957,False,False
2024-07-24 21:00:00+00:00,sell,66010.987995,0.009444362914073842,0.6234317269413516,0.31187179937028187,623.4317269413516,65647.05,0.0,0.0,0.7035085601000848,0.031950072812527375,False,False
2024-07-24 22:00:00+00:00,buy,65394.963008842045,0.010365538311151015,0.6778539944244557,0.0,677.8539944244557,65288.01,0.7699409607191368,0.7699409607191368,0.7699409607191368,0.03194552826734015,False,False
2024-07-24 23:00:00+00:00,buy,65320.654005,0.003157874950995917,0.20627445706506065,0.10308568568966858,206.27445706506063,65376.0,1.0,1.0,0.23247866791518113,0.031937585643630556,False,False
2024-07-25 00:00:00+00:00,sell,65343.321995000006,0.001982640262817045,0.1295523010935056,0.06480855482415762,129.5523010935056,65514.8,0.8528591419155491,0.8528591419155491,0.1486380555769935,0.031929541062114125,False,False
2024-07-25 01:00:00+00:00,sell,65482.052595,0.004109513492733856,0.2690993786710605,0.1346169978344337,269.0993786710605,64478.0,0.558220847038684,0.558220847038684,0.2949786577233823,0.031966124503500615,False,False
2024-07-25 02:00:00+00:00,buy,64229.814480728826,0.006121822369867759,0.3932035151005819,0.0,393.20351510058185,64208.01,1.0,1.0,0.45398812887158446,0.03196754122313408,False,False
2024-07-25 05:00:00+00:00,sell,64187.89000000001,0.0023908195166126023,0.1534616601421829,0.07676921467841466,153.4616601421829,64263.01,0.8200952255649525,0.8200952255649525,0.176321208345394,0.0318653553362466,False,False
2024-07-25 06:00:00+00:00,sell,64230.878495000004,0.0022674505551665523,0.14564034110232313,0.07285659885058132,145.64034110232313,64324.01,0.6537397967267171,0.6537397967267171,0.1674289901159104,0.03186291313806905,False,False
2024-07-25 07:00:00+00:00,sell,64291.838,0.0019258620988638515,0.12381721407049473,0.06193957682365269,123.81721407049473,64134.0,0.5139272334714703,0.5139272334714703,0.14008571929813352,0.031861492770102445,False,False
2024-07-25 09:00:00+00:00,sell,64319.83399500001,0.002340035108951668,0.15051066975024305,0.07529298136579012,150.51066975024304,64306.71,0.34099255688270524,0.34099255688270524,0.1720191033530969,0.031845457801695065,False,False
2024-07-25 13:00:00+00:00,sell,64091.928005,0.0009786096323318905,0.06272097810041505,0.03137617713877337,62.720978100415046,64050.01,0.26837470045420875,0.26837470045420875,0.0715558957304741,0.03181202741402181,False,False
2024-07-25 15:00:00+00:00,sell,64802.572505000004,0.0036503049645372257,0.23654915212978503,0.11833374293633964,236.54915212978503,64790.88,0.0,0.0,0.2703439889660177,0.031833026092267847,False,False
2024-07-27 21:00:00+00:00,buy,67825.105605,0.005752025892801502,0.3901317636219563,0.1949683976121599,390.1317636219563,68860.0,0.44588506089784596,0.44588506089784596,0.44588506089784596,0.03153547631418216,False,False
2024-07-27 22:00:00+00:00,sell,68825.579995,0.005752025892801502,0.39588651821832105,0.1980422802492966,395.88651821832104,68619.97,0.0,0.0,0.44928776960370775,0.031534566641347905,False,False
2024-07-28 00:00:00+00:00,buy,67647.05398536059,0.005250957544482923,0.35521180848647277,0.0,355.21180848647276,67958.0,0.4055534683355255,0.4055534683355255,0.4055534683355255,0.031538860747006625,False,False
2024-07-28 01:00:00+00:00,sell,68207.67551563751,0.001330140562533705,0.0907257958794865,0.0,90.7257958794865,68090.01,0.3024175240943936,0.3024175240943936,0.10338215446948273,0.031539345583640216,False,False
2024-07-28 02:00:00+00:00,sell,68055.964995,0.003920816981949218,0.26683498327533756,0.1334842337545173,266.83498327533755,68149.45,0.0,0.0,0.30316666165672956,0.03153946792411175,False,False
2024-07-28 04:00:00+00:00,buy,67691.1353539315,0.003648001300402033,0.24693734979683216,0.0,246.93734979683214,67338.0,0.2814537794289076,0.2814537794289076,0.2814537794289076,0.03154622241516766,False,False
2024-07-28 05:00:00+00:00,buy,67090.4145174257,0.008356236062003778,0.5606233412052944,0.0,560.6233412052944,67422.0,0.919224837907116,0.919224837907116,0.6395305616950724,0.03154613996797628,False,False
2024-07-28 06:00:00+00:00,sell,67388.298995,0.002927871329000093,0.19730426853754632,0.09870148501124983,197.3042685375463,67486.01,0.6935409714682819,0.6935409714682819,0.22459446774620007,0.0315438733102264,False,False
2024-07-28 07:00:00+00:00,sell,67452.257,0.0021234673869906977,0.143232667918415,0.0716521600392318,143.232667918415,67560.86,0.531728740368983,0.531728740368983,0.1631639122505667,0.031543948248112436,False,False
2024-07-28 08:00:00+00:00,sell,67527.07957,0.0018516485229104528,0.1250364171422471,0.06254948331277789,125.03641714224712,67380.0,0.39131029398583794,0.39131029398583794,0.14060979256816686,0.03154441343910491,False,False
2024-07-28 09:00:00+00:00,buy,67413.69,0.001594559202715293,0.10749511977849593,0.053720699539481935,107.49511977849593,67433.65,0.5120435049067865,0.5120435049067865,0.12162889357588169,0.03153365800245714,False,False
2024-07-28 10:00:00+00:00,sell,67399.933175,0.0015891947634078755,0.10711162085575074,0.05358260172873319,107.11162085575074,67560.01,0.3905075280488873,0.3905075280488873,0.12248666219916787,0.03153371874362734,False,False
2024-07-28 11:00:00+00:00,sell,67808.13745235882,0.0022558857454653184,0.15296741070532927,0.0,152.96741070532926,67836.0,0.21816037261118187,0.21816037261118187,0.17423471922384437,0.03153625021286671,False,False
2024-07-28 12:00:00+00:00,sell,68085.05571455185,0.0028507288173466668,0.19409203035612632,0.0,194.09203035612632,68000.01,0.0,0.0,0.21951859834451198,0.03153282508794808,False,False
2024-07-29 15:00:00+00:00,buy,67985.83827625125,0.005964392092117245,0.4054941961908349,0.0,405.4941961908349,68104.0,0.4607990239927974,0.4607990239927974,0.4607990239927974,0.031237004750095138,False,False
2024-07-29 16:00:00+00:00,buy,67860.90327595489,0.0005186520956771629,0.03519619969861926,0.0,35.19619969861925,66940.01,0.5037482194141454,0.5037482194141454,0.04822140740107772,0.03128519238976507,False,False
2024-07-29 17:00:00+00:00,buy,66701.28767275604,0.006609959496042656,0.4408928098508067,0.0,440.8928098508067,67015.08,1.0,1.0,0.5042913935865563,0.03127760132003035,False,False
2024-07-29 18:00:00+00:00,sell,67254.24809704006,0.0009806609203759607,0.06595361283803652,0.0,65.95361283803652,67419.99,0.9188675738706706,0.9188675738706706,0.08039619758234473,0.031283675201560446,False,False
2024-07-29 19:00:00+00:00,sell,67386.28000500001,0.0045522992696054665,0.306762513248191,0.15345798561689225,306.762513248191,67303.05,0.5780622147183472,0.5780622147183472,0.34647522462684954,0.03128413904829819,False,False
2024-07-29 21:00:00+00:00,sell,67336.315,0.0015303567373662575,0.1030485833296666,0.05155006669817882,103.0485833296666,67500.0,0.45997067089972754,0.45997067089972754,0.11785510236631636,0.03128310731740985,False,False
2024-07-29 22:00:00+00:00,sell,67466.24000500001,0.001620667305671875,0.10934032941271545,0.05469751346307472,109.34032941271545,67227.36,0.33777178317537015,0.33777178317537015,0.12229242899556209,0.031260021261310805,False,False
2024-07-29 23:00:00+00:00,buy,66987.89688830168,0.0012801689855921963,0.0857558280064518,0.0,85.75582800645181,66784.69,0.434937487001019,0.434937487001019,0.10008813792725796,0.03126701108504801,False,False
2024-07-30 00:00:00+00:00,buy,66546.79122665655,0.0020106981335836346,0.13380550891541812,0.0,133.80550891541813,66610.0,0.5856712043632228,0.5856712043632228,0.15407019955256768,0.03126746010144907,False,False
2024-07-30 02:00:00+00:00,buy,65975.30869207498,0.000900125056593112,0.05938602847020203,0.0,59.38602847020203,66418.01,0.6496196112977988,0.6496196112977988,0.06617715427693016,0.03127349078775654,False,False
2024-07-30 03:00:00+00:00,sell,66654.6034223904,0.0024480233889711475,0.163172028160608,0.0,163.172028160608,66610.0,0.4650976765886299,0.4650976765886299,0.18695300277886118,0.031268217586569336,False,False
2024-07-30 04:00:00+00:00,sell,66576.695,0.0019143408435921471,0.12745048646987708,0.06375712179582309,127.45048646987709,66808.04,0.3208720736671558,0.3208720736671558,0.1463376763507777,0.03125682579003333,False,False
2024-07-30 05:00:00+00:00,sell,66774.63597999999,0.004237647394023152,0.28296736214749163,0.14155445830290475,282.9673621474916,66484.01,0.0,0.0,0.32099757957093267,0.031260823693140816,False,False
2024-07-30 06:00:00+00:00,buy,66517.25200499999,0.0038254629393264074,0.25445928237096266,0.12716605815637555,254.45928237096263,66766.01,0.289508808609256,0.289508808609256,0.289508808609256,0.031262534410187615,False,False
2024-07-30 07:00:00+00:00,sell,66732.617,0.0038254629393264074,0.2552831531777634,0.1277054293035397,255.28315317776338,66952.0,0.0,0.0,0.29112203222456107,0.03126385456847211,False,False
2024-07-30 15:00:00+00:00,buy,65575.67929155377,0.005665911114145614,0.37154597011566287,0.0,371.54597011566284,66216.01,0.4244172212319185,0.4244172212319185,0.4244172212319185,0.031264285496519106,False,False
2024-07-30 16:00:00+00:00,sell,66451.78144734635,0.0027773351869440975,0.184558870848834,0.0,184.55887084883398,66180.01,0.21695603640259536,0.21695603640259536,0.20836956840647386,0.031264105864491354,False,False
2024-07-30 18:00:00+00:00,buy,65633.42076092628,0.0024747626030924654,0.162427135212173,0.0,162.427135212173,65824.01,0.40092248901878663,0.40092248901878663,0.18513871302819143,0.031266197756035424,False,False
2024-07-30 19:00:00+00:00,buy,65589.57318223681,0.0009448153867759324,0.0619700379546434,0.0,61.970037954643395,65931.02,0.47076280874149784,0.47076280874149784,0.06985861552768402,0.03126598879091477,False,False
2024-07-30 21:00:00+00:00,sell,66152.907,0.0034046367172860794,0.22522661612741132,0.11266964288512603,225.22661612741132,66304.0,0.21723071206933103,0.21723071206933103,0.25556409584971956,0.0312477903346923,False,False
2024-07-30 22:00:00+00:00,sell,66270.848,0.002903517199783835,0.19241854701226016,0.0962574022072391,192.41854701226015,66222.0,0.0,0.0,0.21761710027642828,0.031247694355605315,False,False
2024-07-31 03:00:00+00:00,buy,66155.23108499999,0.0036087205596667745,0.23873574254594596,0.11930821716436882,238.73574254594595,66058.0,0.2701088784307768,0.2701088784307768,0.2701088784307768,0.031163757557778476,False,False
2024-07-31 04:00:00+00:00,buy,65825.52827008022,0.001338017365808916,0.08807569993891308,0.0,88.07569993891308,65804.0,0.3705806187305742,0.3705806187305742,0.10127592264813168,0.031163866127420725,False,False
2024-07-31 05:00:00+00:00,buy,65836.902,0.0049231284995872645,0.3241235285607338,0.16198077389342935,324.1235285607338,66175.52,0.7351148283219466,0.7351148283219466,0.3645980498411607,0.03116580314603612,False,False
2024-07-31 06:00:00+00:00,sell,66408.51786807025,0.009869866425062955,0.6554432008442599,0.0,655.4432008442599,66459.99,0.0,0.0,0.7391063306366162,0.031167610424807035,False,False
2024-07-31 11:00:00+00:00,buy,66024.996,0.005585408486744819,0.3687765729956927,0.1842961384286275,368.77657299569273,66094.01,0.41586399608708974,0.41586399608708974,0.41586399608708974,0.031158153914841086,False,False
2024-07-31 12:00:00+00:00,sell,66060.962995,0.002857691508254406,0.18878185297792005,0.0944381455617419,188.78185297792004,66153.82,0.2033690887158196,0.2033690887158196,0.21343637340465726,0.031158296358147264,False,False
2024-07-31 13:00:00+00:00,sell,66386.60589349044,0.002727716978490413,0.1810838720400256,0.0,181.0838720400256,66508.0,0.0,0.0,0.2045465838925872,0.031163024211391555,False,False
2024-07-31 20:00:00+00:00,buy,65025.03696989225,0.0135832628126116,0.8832521665618319,0.0,883.2521665618319,64595.81,1.0,1.0,1.0,0.031243212306398094,False,False
2024-07-31 21:00:00+00:00,buy,64628.107905,8.036724385609637e-05,0.005193982907959244,0.0025956936071759897,5.193982907959244,64978.0,1.0,0.9974400401095078,0.0025599598904921805,0.03122749475004552,True,False
2024-07-31 23:00:00+00:00,sell,64947.519995,0.0010160142719449396,0.06598760724234934,0.033010308775562096,65.98760724234934,64628.0,0.9337879021922553,0.9337879021922553,0.06954860938410867,0.031219267769952902,False,False
2024-08-01 00:00:00+00:00,buy,64399.1518176779,0.000977569262426082,0.06295463134327266,0.0,62.95463134327266,64645.9,1.0,1.0,0.07149027406327335,0.031216952768254702,False,False
2024-08-01 01:00:00+00:00,sell,64613.57705000001,0.0022881218826041605,0.147843739561435,0.07395884920530713,147.843739561435,64202.0,0.837882469000435,0.837882469000435,0.16219240907830268,0.031222776360055493,False,False
2024-08-01 02:00:00+00:00,buy,63974.48647329602,0.0019058318614262031,0.12192461463918722,0.0,121.92461463918721,64110.01,0.9723741998681141,0.9723741998681141,0.14113054293393035,0.0312231300644574,False,False
2024-08-01 03:00:00+00:00,sell,64077.94500000001,0.00176455999518128,0.11306937832042634,0.056562970645523604,113.06937832042634,63936.01,0.8436935366535423,0.8436935366535423,0.12705895739576833,0.03122245204285659,False,False
2024-08-01 04:00:00+00:00,sell,63904.04199500001,0.0007253251077812255,0.04635120614767934,0.023187196672172256,46.35120614767934,63740.41,0.7901956696812982,0.7901956696812982,0.05072072214595946,0.031224014585320703,False,False
2024-08-01 05:00:00+00:00,sell,63966.63892823166,0.00041627208692407783,0.02662752628017395,0.0,26.62752628017395,64303.99,0.7520011796279125,0.7520011796279125,0.037200744411635234,0.03123646189936169,False,False
2024-08-01 06:00:00+00:00,sell,64271.848000000005,0.005506298548819206,0.35389998337232864,0.1770385109416053,353.8999833723286,64226.0,0.35491753884322386,0.35491753884322386,0.40365518241383247,0.03123522179595728,False,False
2024-08-01 08:00:00+00:00,sell,64296.4357,0.0014396104466937024,0.09256182051888992,0.04630406229058554,92.56182051888992,64507.17,0.24893007146220825,0.24893007146220825,0.10667014187445023,0.031231925014279682,False,False
2024-08-01 09:00:00+00:00,sell,64474.92641000001,0.0033908288403713895,0.218623439951851,0.10936640317749045,218.623439951851,64466.0,0.0,0.0,0.24962751753651863,0.031228872171836675,False,False
2024-08-01 15:00:00+00:00,buy,63708.51155745606,0.005125978472531643,0.3265684587605531,0.0,326.56845876055314,62906.6,0.37439033788371145,0.37439033788371145,0.37439033788371145,0.0312514524204163,False,False
2024-08-01 16:00:00+00:00,buy,62683.81960153981,0.006124175783621697,0.3838867300286612,0.0,383.8867300286612,62908.0,0.812582416075974,0.812582416075974,0.442337088206555,0.031249847911894252,False,False
2024-08-01 17:00:00+00:00,sell,63131.72933398674,0.0016470579278796988,0.1039816153002982,0.0,103.9816153002982,63220.0,0.690059429020806,0.690059429020806,0.12236361010634833,0.031253577648383574,False,False
2024-08-01 18:00:00+00:00,sell,63188.39000000001,0.003192001374756826,0.2016974277486705,0.10089916345604191,201.6974277486705,62954.0,0.46446084288940576,0.46446084288940576,0.2283218351696759,0.031255851345083935,False,False
2024-08-01 19:00:00+00:00,buy,62985.466994999995,0.0008938845372267676,0.05630173501683741,0.028136799108861826,56.30173501683741,63422.01,0.5249198986111459,0.5249198986111459,0.06080769778068945,0.031265216235001,False,False
2024-08-01 20:00:00+00:00,sell,63649.756365232446,0.003554288867717327,0.22622962048186573,0.0,226.22962048186574,64760.0,0.26843170945385797,0.26843170945385797,0.2654049739404878,0.03133760521391055,False,False
2024-08-01 21:00:00+00:00,sell,64992.50727978502,0.0037506906230262557,0.24376678762125534,0.0,243.76678762125533,64889.03,0.0,0.0,0.27578870951127504,0.03133559026937871,False,False
2024-08-02 15:00:00+00:00,buy,62927.34130787429,0.012981959923582382,0.8169202229564142,0.0,816.9202229564141,63416.01,0.9289475996221785,0.9289475996221785,0.9289475996221785,0.03148416772283816,False,False
2024-08-02 16:00:00+00:00,sell,63384.292,0.004090195011374921,0.2592541149379313,0.12969190342067077,259.2541149379313,63307.38,0.6359000043662444,0.6359000043662444,0.2909225959089343,0.03148458925615841,False,False
2024-08-02 18:00:00+00:00,buy,62867.57255055314,0.0004668939382981886,0.029352488539374853,0.0,29.352488539374853,62898.25,0.6687337309662249,0.6687337309662249,0.0353739452289028,0.03148600372401997,False,False
2024-08-02 19:00:00+00:00,buy,62668.46920392863,0.00043672444673097284,0.027368852540562743,0.0,27.36885254056274,62633.57,0.6996990299795978,0.6996990299795978,0.034008886776480174,0.031488437536810576,False,False
2024-08-02 20:00:00+00:00,buy,62404.77946003754,0.0007496057776181144,0.046778983234228376,0.0,46.77898323422838,62622.01,0.7502078173665856,0.7502078173665856,0.05345833711928616,0.03148830397004079,False,False
2024-08-02 21:00:00+00:00,sell,62590.698995000006,0.0015560410856243437,0.09739369921416634,0.048721210212182925,97.39369921416633,61987.01,0.6442022041698716,0.6442022041698716,0.1038521549955701,0.03150506900310818,False,False
2024-08-02 22:00:00+00:00,buy,61759.768681777736,0.0032357155282589714,0.19983704254531032,0.0,199.8370425453103,61386.01,0.8718080460578115,0.8718080460578115,0.2369721523246182,0.03152021311921713,False,False
2024-08-02 23:00:00+00:00,buy,61416.703004999996,0.0017559662668285916,0.10784565869661018,0.05389588140759027,107.84565869661019,61498.33,0.9874097229448027,0.9874097229448027,0.12243882718365506,0.031519907308883904,False,False
2024-08-03 00:00:00+00:00,sell,61467.59083,0.0032464474604790503,0.19955130415181888,0.099825564858324,199.55130415181887,61132.01,0.7640283184450354,0.7640283184450354,0.22514525643886696,0.03152559956151524,False,False
2024-08-03 02:00:00+00:00,sell,61566.98187399725,0.0027326974103883458,0.1682439319324985,0.0,168.2439319324985,61450.01,0.565324651131603,0.565324651131603,0.19440706276566644,0.03152359626578699,False,False
2024-08-03 03:00:00+00:00,sell,61675.569877100985,0.0017060188937488945,0.10521968749306446,0.0,105.21968749306446,61895.99,0.4436723938622789,0.4436723938622789,0.12432411884900624,0.031531201218503446,False,False
2024-08-03 04:00:00+00:00,sell,61865.042005,0.003071594334019854,0.19002431249645826,0.09505968609125938,190.02431249645826,61566.25,0.2295241276196144,0.2295241276196144,0.2162949709174832,0.03153347692266997,False,False
2024-08-03 05:00:00+00:00,buy,61597.04313,0.0012492574204552524,0.07695056320825472,0.0384560535773339,76.95056320825472,61693.99,0.3163886019962346,0.3163886019962346,0.08788806189308537,0.031508993994112916,False,False
2024-08-03 06:00:00+00:00,sell,61663.153000000006,0.001121390311564321,0.06914846235470841,0.03459152694081822,69.14846235470841,61827.89,0.2373985898213779,0.2373985898213779,0.08011396201761284,0.031507004235377056,False,False
2024-08-03 07:00:00+00:00,sell,61796.97605500001,0.0033517387945727426,0.20712732203082634,0.10361546874976447,207.12732203082635,61662.01,0.0,0.0,0.23750575237545576,0.03150772462335805,False,False
2024-08-03 16:00:00+00:00,buy,60654.97180088821,0.0063834204570317665,0.3871861878144748,0.0,387.18618781447475,60912.01,0.44651560726272027,0.44651560726272027,0.44651560726272027,0.03155417771142496,False,False
2024-08-03 17:00:00+00:00,sell,60881.553995,0.0005720457285341516,0.034827032909361066,0.017422227568464767,34.827032909361066,60576.0,0.40713871958717296,0.40713871958717296,0.037609930518605894,0.031558706229483646,False,False
2024-08-03 18:00:00+00:00,buy,60353.52744767094,0.0018900189190944154,0.11406930871018216,0.0,114.06930871018216,60243.97,0.53769252401764,0.53769252401764,0.13418037113858589,0.03153565878004261,False,False
2024-08-03 19:00:00+00:00,buy,60022.80357738885,0.002162620407963777,0.12980653995966232,0.0,129.80653995966233,60246.0,0.6851479569725152,0.6851479569725152,0.15019617207387082,0.03153255400394095,False,False
2024-08-03 20:00:00+00:00,buy,60276.133004999996,0.0008145601292970806,0.04909853469408083,0.024536998847611725,49.098534694080826,60395.97,0.7401882728330644,0.7401882728330644,0.054759573601354083,0.031519757522955244,False,False
2024-08-03 21:00:00+00:00,sell,60617.443934112736,0.0023665165497777536,0.1434521842753029,0.0,143.4521842753029,60648.0,0.5757878598672603,0.5757878598672603,0.16701873327453343,0.031522453844242376,False,False
2024-08-03 22:00:00+00:00,sell,60617.67600000001,0.002720624092501276,0.1649179097570364,0.08250020498099032,164.9179097570364,60629.84,0.3891063792734366,0.3891063792734366,0.18915430793441923,0.03151688452890242,False,False
2024-08-04 00:00:00+00:00,sell,60667.641005,0.0010210692459339237,0.06194586245356534,0.030988425439502712,61.94586245356534,60747.0,0.3181758442632215,0.3181758442632215,0.07139825889251511,0.03150601124790395,False,False
2024-08-04 01:00:00+00:00,sell,60716.626500000006,0.0007290845879564514,0.04426755661385826,0.022144850732291076,44.26755661385826,60743.58,0.2676931723444308,0.2676931723444308,0.05079090866826247,0.031501549719800265,False,False
2024-08-04 03:00:00+00:00,sell,60856.516520000005,0.003841279708683483,0.2337669020494372,0.11694192198569013,233.7669020494372,60735.0,0.0,0.0,0.26767684098152467,0.03149508527116862,False,False
2024-08-04 04:00:00+00:00,buy,60765.3675,0.0034351187480664317,0.20873625313239663,0.10431596858190836,208.73625313239663,60564.12,0.23934192979492877,0.23934192979492877,0.23934192979492877,0.03149549418167544,False,False
2024-08-04 05:00:00+00:00,buy,60594.40206,0.0015643228217045776,0.09478920601000088,0.047370917546223766,94.78920601000087,60792.0,0.34744439442101804,0.34744439442101804,0.10781693283936664,0.03149777209028015,False,False
2024-08-04 06:00:00+00:00,sell,60761.60400000001,0.004999441569771009,0.30377408888356444,0.15196302595472644,303.77408888356445,60819.61,0.0,0.0,0.34878802728039854,0.0314946326296528,False,False
2024-08-04 08:00:00+00:00,buy,60153.37281581483,0.006025118248207658,0.36243118424380444,0.0,362.4311842438044,60565.41,0.4176222513177179,0.4176222513177179,0.4176222513177179,0.03149156410270895,False,False
2024-08-04 09:00:00+00:00,sell,60535.717000000004,0.0029274087395970484,0.17721278700357362,0.08865071886120515,177.21278700357362,60708.0,0.21466179652940306,0.21466179652940306,0.20383937572960023,0.03149182584564919,False,False
2024-08-04 10:00:00+00:00,sell,60677.646,0.0030977095086106095,0.18796172097430852,0.09402787442436446,187.96172097430852,60812.01,0.0,0.0,0.21564425917855354,0.031487940377647905,False,False
2024-08-04 15:00:00+00:00,buy,59367.01832739941,0.014648583366138928,0.869642717168008,0.0,869.642717168008,59086.01,1.0,1.0,1.0,0.03157009774435701,False,False
2024-08-04 16:00:00+00:00,sell,59304.004602720066,0.00010464936665516636,0.006206126521789725,0.0,6.2061265217897255,58663.9,1.0,0.9972748521596622,0.002725147840337838,0.031577058262758056,True,False
2024-08-04 17:00:00+00:00,sell,58634.56805,0.0001982043286342574,0.01162162519510993,0.005813719457283563,11.62162519510993,57864.43,1.0,0.989944819366816,0.010055180633184002,0.031545364581099605,True,False
2024-08-04 18:00:00+00:00,buy,57893.362214999994,0.00022465735609654598,0.013006169690761574,0.006499834927915357,13.006169690761574,58770.6,1.0,0.9766555170811991,0.02334448291880087,0.0315766471994198,True,False
2024-08-04 19:00:00+00:00,sell,58987.67875412773,0.003979128248418201,0.2347195388391678,0.0,234.7195388391678,59257.66,0.7150264546843059,0.7150264546843059,0.2767869919965793,0.031587338824782485,False,False
2024-08-04 20:00:00+00:00,sell,59476.38024642099,0.005012796264139154,0.29814297670377893,0.0,298.1429767037789,59158.0,0.38076298909571266,0.38076298909571266,0.3409370016323012,0.031580444382808215,False,False
2024-08-04 21:00:00+00:00,buy,58939.1559230972,0.0004507102971810714,0.026564484481700644,0.0,26.564484481700642,58459.98,0.4120667022017193,0.4120667022017193,0.035302688326564025,0.03160153322420853,False,False
2024-08-04 22:00:00+00:00,buy,58489.20999,0.0047798524689608044,0.2795697947782685,0.13971503986919875,279.5697947782685,58715.83,0.7289364009373049,0.7289364009373049,0.32056306334222656,0.0315549526246002,False,False
2024-08-04 23:00:00+00:00,sell,58686.47208500001,0.003588962035538594,0.21062352031276052,0.10536444237754472,210.62352031276052,58161.0,0.492063105818889,0.492063105818889,0.23763462357259602,0.03156826496834714,False,False
2024-08-05 00:00:00+00:00,buy,57942.126802781124,0.002799156928158214,0.16218910567222652,0.0,162.18910567222653,56174.02,0.6865607722803994,0.6865607722803994,0.2087128448260755,0.03175724858156412,False,False
2024-08-05 01:00:00+00:00,buy,55959.208128433434,0.004688740636856904,0.26237821315811904,0.0,262.378213158119,54432.65,1.0,1.0,0.33990642260054016,0.031905830254418704,False,False
2024-08-05 03:00:00+00:00,sell,54670.631010000005,0.0002170270684468574,0.011865006778240155,0.005935471124682113,11.865006778240156,53890.87,1.0,0.9775635571891668,0.022436442810833235,0.03194131346987872,True,False
2024-08-05 04:00:00+00:00,buy,53684.04293769811,0.0004297109851305915,0.02306862297655123,0.0,23.06862297655123,53528.01,0.9979851699107478,0.9979851699107478,0.03526787901287842,0.03194025173075937,False,False
2024-08-05 05:00:00+00:00,sell,53731.937356863156,0.0019461226401620412,0.10456893978995994,0.0,104.56893978995994,52718.0,0.8751666372925013,0.8751666372925013,0.11607840472604602,0.03196322452887915,False,False
2024-08-05 06:00:00+00:00,sell,52922.21348661696,0.00027810393022489367,0.014717875566829049,0.0,14.717875566829049,51588.0,0.8573192442704711,0.8573000857856108,1.9158484860337666e-05,0.032028739293932934,True,False
2024-08-05 07:00:00+00:00,buy,51386.86276010275,0.0008543778115079059,0.0439037953452337,0.0,43.903795345233696,52674.19,0.8794422447253771,0.8794422447253771,0.03809958615712705,0.03209035597104526,False,False
2024-08-05 08:00:00+00:00,sell,52879.53769755238,0.004982165841045754,0.26345462640703676,0.0,263.45462640703676,52752.0,0.5663066890245816,0.5663066890245816,0.3305975622187367,0.03208874052889635,False,False
2024-08-05 09:00:00+00:00,sell,52725.624,0.0014349873596953737,0.07566060397205104,0.037849226599320246,75.66060397205104,52667.8,0.4723708971086853,0.4723708971086853,0.0941154141232764,0.032083555464039126,False,False
2024-08-05 10:00:00+00:00,sell,52641.466100000005,0.0008679244574529349,0.04568881590436957,0.02285583587011794,45.68881590436957,51386.0,0.41906304940314687,0.41906304940314687,0.046436746395288164,0.03216448084347562,False,False
2024-08-05 11:00:00+00:00,buy,51182.15351786354,0.002029437317833862,0.10387097235625395,0.0,103.87097235625394,51340.0,0.5407689831566969,0.5407689831566969,0.13265069431288035,0.032162539647696,False,False
2024-08-05 12:00:00+00:00,sell,51314.33,0.0011629869210593507,0.05967789465292348,0.029853874263591502,59.67789465292348,49804.0,0.47205576379180414,0.47205576379180414,0.06054844695710282,0.03228573230808032,False,False
2024-08-05 13:00:00+00:00,buy,49828.912005,0.0025118745101004635,0.12516397393139847,0.06255071160988494,125.16397393139847,51951.0,0.6059476781248048,0.6059476781248048,0.1385062658874444,0.03252327420104745,False,False
2024-08-05 14:00:00+00:00,sell,52166.8612368809,0.005721983521759816,0.2984979203793634,0.0,298.4979203793634,54061.68,0.24904026129157913,0.24904026129157913,0.38821004665242703,0.03272495648128426,False,False
2024-08-05 15:00:00+00:00,sell,54286.311928618234,0.0039220596947328965,0.21291415599093122,0.0,212.91415599093122,54321.09,0.0,0.0,0.26366418488789234,0.03272593070509719,False,False
2024-08-13 10:00:00+00:00,buy,58683.799529062875,0.0027942054826730366,0.16397459438819287,0.0,163.97459438819286,58672.1,0.20392431224545127,0.20392431224545127,0.20392431224545127,0.033462255330558605,False,False
2024-08-13 11:00:00+00:00,buy,58701.42604499999,0.0030402977609080887,0.17846981416672522,0.08919031192738791,178.46981416672523,58830.0,0.4237017205859889,0.4237017205859889,0.2202403470403894,0.033452858233107535,False,False
2024-08-13 12:00:00+00:00,sell,59091.246996503774,0.002522149889648721,0.14903698209143731,0.0,149.03698209143732,59124.0,0.2406429695338154,0.2406429695338154,0.18535280347335756,0.03344257897434655,False,False
2024-08-13 13:00:00+00:00,sell,59386.58983988157,0.0033123533539324043,0.19670937003473976,0.0,196.70937003473975,59395.25,0.0,0.0,0.24275516821697185,0.033444605905556396,False,False
2024-08-14 14:00:00+00:00,buy,59344.86510779737,0.008095870178339926,0.48044832366382234,0.0,480.44832366382235,59502.67,0.5956588912139333,0.5956588912139333,0.5956588912139333,0.03354265070597551,False,False
2024-08-14 17:00:00+00:00,buy,59161.555994999995,0.0024402014904001505,0.14436611711339095,0.07214698506415657,144.36611711339094,59168.36,0.7707735833295033,0.7707735833295033,0.1781503439883626,0.033521707592455735,False,False
2024-08-14 18:00:00+00:00,sell,59432.87288394053,0.0011337054281545383,0.06737937059934206,0.0,67.37937059934205,58990.05,0.6900342230588921,0.6900342230588921,0.08087162805814374,0.033518031044593055,False,False
2024-08-14 19:00:00+00:00,buy,58726.38129196841,0.0005541650427541914,0.03254410759946262,0.0,32.54410759946262,58891.13,0.728949720604189,0.728949720604189,0.04172642640017232,0.0335160133732407,False,False
2024-08-14 20:00:00+00:00,sell,59154.35598875844,0.0005022684315432457,0.029711365601424507,0.0,29.711365601424507,59149.16,0.6887700595119421,0.6887700595119421,0.039769844417298805,0.03351641618504292,False,False
2024-08-14 21:00:00+00:00,sell,59119.575425,0.0035042950555851105,0.20717243585011852,0.10363803694352657,207.17243585011852,58913.56,0.43658898291561155,0.43658898291561155,0.2543705112231107,0.03349111937690366,False,False
2024-08-14 22:00:00+00:00,buy,58650.885855126486,0.0010961238117445206,0.06428863256571403,0.0,64.28863256571402,58986.0,0.5144223153509704,0.5144223153509704,0.07949194409649435,0.03348880938480306,False,False
2024-08-14 23:00:00+00:00,sell,58956.497005000005,0.001566526913793811,0.09235693930133672,0.046201570435875715,92.35693930133672,58683.39,0.40145482349748274,0.40145482349748274,0.11212177673763046,0.033490977300997815,False,False
2024-08-15 00:00:00+00:00,buy,58712.731694999995,0.001540761645682797,0.09046232510892072,0.0452085582753158,90.46232510892071,58993.99,0.5104361991453199,0.5104361991453199,0.109917496896969,0.03349320457104232,False,False
2024-08-15 01:00:00+00:00,sell,58964.503000000004,0.0033114467418559317,0.19525781134450432,0.09767774454451035,195.25781134450432,58204.93,0.2728659132584372,0.2728659132584372,0.23671808225755714,0.03351123513503887,False,False
2024-08-15 02:00:00+00:00,buy,58234.032465,0.004967633152514101,0.2892853102777165,0.1445703699538629,289.28531027771646,58412.25,0.6274608186176437,0.6274608186176437,0.3582897978751696,0.03351179479216368,False,False
2024-08-15 03:00:00+00:00,sell,58383.543625000006,0.0027084049182770917,0.15812627670039517,0.07910268969502965,158.12627670039515,58442.98,0.43275155840487844,0.43275155840487844,0.19671387784056948,0.033510796984098395,False,False
2024-08-15 04:00:00+00:00,sell,58413.768505,0.0009897581609199617,0.05781550408791319,0.028922213150529834,57.81550408791318,58388.71,0.3614944345603065,0.3614944345603065,0.07146711868133204,0.03350950351015114,False,False
2024-08-15 06:00:00+00:00,sell,58285.85249500001,0.0005422811617057065,0.031607319801996055,0.01581156568383755,31.607319801996052,58101.44,0.32200917735339063,0.32200917735339063,0.03804010029976129,0.03351030590913254,False,False
2024-08-15 07:00:00+00:00,buy,57841.88931880772,0.0007212342528773443,0.041717551827864324,0.0,41.71755182786433,58060.37,0.37305188930900324,0.37305188930900324,0.05239707577535463,0.033510066684262735,False,False
2024-08-15 08:00:00+00:00,sell,58319.79294884168,0.000447379962706918,0.02609110679452797,0.0,26.09110679452797,58378.3,0.3397074617017417,0.3397074617017417,0.034304631651006834,0.03351293672557101,False,False
2024-08-15 09:00:00+00:00,sell,58349.110850000005,0.004709922799770716,0.2748198075387639,0.13747864309091956,274.8198075387639,58412.64,0.0,0.0,0.3417221575662699,0.03351271333029873,False,False
2024-08-15 19:00:00+00:00,buy,57613.27922272594,0.013899169611570006,0.80077673979541,0.0,800.77673979541,57047.46,1.0,1.0,1.0,0.03355435484244906,False,False
2024-08-15 20:00:00+00:00,sell,57017.816829999996,9.143584622308895e-05,0.005213472331644133,0.0026080401859150597,5.213472331644133,56671.06,1.0,0.9964495007747174,0.0035504992252826106,0.033547695729158555,True,False
2024-08-15 21:00:00+00:00,buy,56699.395529999994,0.00023174484420989717,0.013139792583895188,0.006566612985454092,13.139792583895188,57622.21,1.0,0.9900300739183445,0.009969926081655478,0.03357362120689883,True,False
2024-08-15 22:00:00+00:00,sell,57593.398895000006,0.005991668308280809,0.3450805429253465,0.17262658475501125,345.0805429253465,57617.36,0.576946569624246,0.576946569624246,0.4294572780165238,0.033565373875514504,False,False
2024-08-15 23:00:00+00:00,sell,57588.541325,0.0009833768282723294,0.05663123711300847,0.028329783448228566,56.63123711300847,57541.06,0.5072104637517247,0.5072104637517247,0.06983917549799701,0.033563985870049357,False,False
2024-08-16 02:00:00+00:00,sell,57799.47637576996,0.0018545245029031052,0.10719054519383457,0.0,107.19054519383457,58199.99,0.3714271043477528,0.3714271043477528,0.13798179560833407,0.033574355082509416,False,False
2024-08-16 03:00:00+00:00,sell,58170.88001000001,0.00520990897010057,0.303064989562743,0.15160829893081168,303.064989562743,57890.0,0.0,0.0,0.37482483351064116,0.033576345060808394,False,False
2024-08-16 13:00:00+00:00,buy,57897.7344,0.0031576802888286736,0.18282253468271784,0.09136558454907893,182.82253468271784,58343.66,0.22681053586037794,0.22681053586037794,0.22681053586037794,0.03358271833269319,False,False
2024-08-16 14:00:00+00:00,sell,58314.478175000004,0.0031576802888286736,0.1841384782865274,0.09211529679165202,184.1384782865274,58018.86,0.0,0.0,0.22736811943997673,0.03358487689946302,False,False
2024-08-18 18:00:00+00:00,buy,59557.34379,0.003812987134459613,0.22709138563385814,0.11348894834274717,227.09138563385812,59602.17,0.2814632549813286,0.2814632549813286,0.2814632549813286,0.03349269014856612,False,False
2024-08-18 19:00:00+00:00,sell,59572.37891000001,0.003812987134459613,0.2271487143529832,0.1136311727628485,227.1487143529832,59708.38,0.0,0.0,0.2822357703875931,0.033487133223497806,False,False
2024-08-18 22:00:00+00:00,buy,59469.049665,0.006528115215326472,0.38822080795909214,0.19401339728088535,388.22080795909216,59350.0,0.4815440866705802,0.4815440866705802,0.4815440866705802,0.033446021329962244,False,False
2024-08-18 23:00:00+00:00,buy,59085.9692318895,0.0016314601059375265,0.0963964016224799,0.0,96.39640162247989,58427.35,0.6065406123338168,0.6065406123338168,0.12881821156163842,0.03346324558567906,False,False
2024-08-19 00:00:00+00:00,buy,58456.563675,0.005474108487571206,0.3199975713675642,0.15991882627064158,319.99757136756415,58346.03,1.0,1.0,0.4023465099479616,0.03346149254444819,False,False
2024-08-19 02:00:00+00:00,sell,58534.718,0.0013379667315959083,0.07831750532734819,0.039178341834590374,78.31750532734819,58670.51,0.9001992446969369,0.9001992446969369,0.09977112549721667,0.033459120048708935,False,False
2024-08-19 03:00:00+00:00,sell,58641.174745000004,0.003543398824908275,0.20778906968267385,0.10394650809537802,207.78906968267384,58736.85,0.6415295665418925,0.6415295665418925,0.26074398249199293,0.03345830706832048,False,False
2024-08-19 04:00:00+00:00,sell,58707.481575000005,0.0022399851218017214,0.13150388526644868,0.0657848350507347,131.5038852664487,58582.0,0.47908300572378104,0.47908300572378104,0.16308815945922062,0.0334575766422652,False,False
2024-08-19 05:00:00+00:00,buy,58611.280994999994,0.001001835372683441,0.0587188545390797,0.029344754892089542,58.7188545390797,58475.18,0.5517489245907301,0.5517489245907301,0.07443443213796735,0.03345630337080244,False,False
2024-08-19 07:00:00+00:00,sell,58540.715000000004,0.0021362233777417776,0.12505604393271874,0.06255930161715988,125.05604393271875,58502.19,0.39482051982405947,0.39482051982405947,0.1561916350872719,0.03344912422623039,False,False
2024-08-19 09:00:00+00:00,sell,58578.97586,0.0018525672152417067,0.10852149018067136,0.05428788903485345,108.52149018067136,58006.59,0.2598864553050727,0.2598864553050727,0.13249881192377622,0.03345051158535492,False,False
2024-08-19 10:00:00+00:00,buy,58035.603299999995,0.005839425601761664,0.3388945877237036,0.16936261255555463,338.89458772370364,58046.01,0.6823845914290466,0.6823845914290466,0.42532655676211745,0.033422816104753755,False,False
2024-08-19 11:00:00+00:00,sell,58303.326318085776,0.00188529088926728,0.10991872992146436,0.0,109.91872992146435,58396.95,0.5434414169991847,0.5434414169991847,0.14109395902972566,0.03342343625771049,False,False
2024-08-19 12:00:00+00:00,sell,58367.74153000001,0.004509179567331914,0.26319062749838645,0.1316611443213346,263.19062749838645,58412.0,0.21716849634980567,0.21716849634980567,0.32981844896650253,0.03339304394948517,False,False
2024-08-19 13:00:00+00:00,sell,58670.25775361168,0.0029703330553917254,0.17427020597390547,0.0,174.27020597390546,58199.99,0.0,0.0,0.21676829996477914,0.033393526637564785,False,False
2024-08-19 14:00:00+00:00,buy,58229.1,0.004077084309361459,0.23740494995823935,0.11864315340241252,237.40494995823934,58617.42,0.2970811670133504,0.2970811670133504,0.2970811670133504,0.033394005289280604,False,False
2024-08-19 15:00:00+00:00,sell,58588.11129,0.004077084309361459,0.23886866925558195,0.11949408166861517,238.86866925558195,58539.24,0.0,0.0,0.2984733490052668,0.03339318698064081,False,False
2024-08-20 15:00:00+00:00,buy,59218.070498860725,0.0042808504972585175,0.25350370654173787,0.0,253.50370654173787,58825.53,0.31839291601349196,0.31839291601349196,0.31839291601349196,0.03258592250590012,False,False
2024-08-20 16:00:00+00:00,buy,58584.63723502567,0.0037836830074502786,0.2216656964038055,0.0,221.6656964038055,58801.15,0.594906846168002,0.594906846168002,0.27924670359972703,0.03257583379706569,False,False
2024-08-20 18:00:00+00:00,sell,59278.95429029354,0.0026692257614039363,0.15822891190073793,0.0,158.22891190073793,59191.45,0.3975828682117748,0.3975828682117748,0.19822635283613244,0.03247967320391443,False,False
2024-08-20 19:00:00+00:00,sell,59431.20015255635,0.0015028688106060325,0.08931729708616142,0.0,89.31729708616142,59511.99,0.28692776841468726,0.28692776841468726,0.1129363991736772,0.03246496922742109,False,False
2024-08-20 20:00:00+00:00,sell,59482.244000000006,0.0038924389326988273,0.23153100234989127,0.11582341288136275,231.53100234989125,59317.57,0.0,0.0,0.287885997090046,0.03244847330890438,False,False
2024-08-21 00:00:00+00:00,buy,59043.3069,0.00432659598383113,0.25545653450564887,0.12766443503530814,255.45653450564888,58989.0,0.31824114894057065,0.31824114894057065,0.31824114894057065,0.03231131503623702,False,False
2024-08-21 02:00:00+00:00,sell,59251.929215000004,0.00432659598383113,0.2563591589758655,0.1282437013385845,256.35915897586545,59363.32,0.0,0.0,0.31972690713990043,0.03230750462955309,False,False
2024-08-22 17:00:00+00:00,buy,60359.86484999999,0.003069290658517969,0.18526196933351208,0.09258469232057658,185.26196933351207,60164.7,0.230755774462296,0.230755774462296,0.230755774462296,0.03215989747458317,False,False
2024-08-22 18:00:00+00:00,buy,60194.782349999994,0.0017118920661724803,0.10304697032994423,0.05149773629681849,103.04697032994423,60331.16,0.35863989066839164,0.35863989066839164,0.1277732468207378,0.032149301485982995,False,False
2024-08-22 19:00:00+00:00,sell,60300.99442000001,0.004781182724690449,0.2883100728025592,0.14422714997623662,288.3100728025592,60308.0,0.0,0.0,0.3595083567111755,0.032147897655530444,False,False
2024-08-24 22:00:00+00:00,buy,63644.16618,0.002809243598487873,0.1787919664222634,0.08935130755735185,178.79196642226339,63833.98,0.22293694776877698,0.22293694776877698,0.22293694776877698,0.031810167517077326,False,False
2024-08-24 23:00:00+00:00,sell,64075.61531434308,0.002809243598487873,0.1800040121409898,0.0,180.0040121409898,64157.01,0.0,0.0,0.22451731246139398,0.031811451763514464,False,False
2024-08-25 08:00:00+00:00,buy,63900.20413499999,0.004311429665257148,0.27550123572362645,0.1376817769733088,275.50123572362645,63931.0,0.343197346549556,0.343197346549556,0.343197346549556,0.03180392002569307,False,False
2024-08-25 09:00:00+00:00,sell,63899.0345,0.004311429665257148,0.27549619292459,0.1378170049647706,275.49619292459,63861.31,0.0,0.0,0.34340856297665967,0.031802781365090405,False,False
2024-08-25 10:00:00+00:00,buy,63893.23065,0.003855502495575958,0.2463405102214853,0.12310870076034236,246.3405102214853,63881.01,0.30718961912758247,0.30718961912758247,0.30718961912758247,0.03177065883981786,False,False
2024-08-25 11:00:00+00:00,sell,63849.079490000004,0.001164581963853158,0.0743574863826806,0.037197341862263374,74.35748638268059,63873.91,0.21458586833174897,0.21458586833174897,0.09283468089302754,0.03176499768071889,False,False
2024-08-25 13:00:00+00:00,sell,63892.028005,0.0026909205317228,0.17192836997206265,0.08600718858031567,171.92836997206265,64082.02,0.0,0.0,0.215148380318019,0.031747023104842564,False,False
2024-08-26 02:00:00+00:00,buy,63971.94999,0.006045896334422847,0.3867677779504227,0.19328724535252165,386.7677779504227,64070.0,0.4827821438890266,0.4827821438890266,0.4827821438890266,0.03145458007607427,False,False
2024-08-26 03:00:00+00:00,sell,64037.965000000004,0.006045896334422847,0.3871668978573986,0.19368028907321305,387.1668978573986,64114.99,0.0,0.0,0.48393147201374437,0.03141924613565236,False,False
2024-08-26 05:00:00+00:00,buy,64051.00949999999,0.0031437743519017935,0.2013619208795181,0.10063064511717795,201.3619208795181,63950.01,0.25158898901347304,0.25158898901347304,0.25158898901347304,0.031419137919192736,False,False
2024-08-26 06:00:00+00:00,buy,63719.507885839535,0.00247255434135214,0.15754994585195448,0.0,157.54994585195448,63728.44,0.4497172966742212,0.4497172966742212,0.19885747341661442,0.03137022360153496,False,False
2024-08-26 07:00:00+00:00,buy,63760.294214999994,0.0069046048824043076,0.4402396387404241,0.22000981446294016,440.2396387404241,63627.01,1.0,1.0,0.5521587422515919,0.03137036698711779,False,False
2024-08-26 09:00:00+00:00,sell,63706.121005,0.004212433499678966,0.2683577982560639,0.1342460221390892,268.35779825606386,63856.99,0.6625895883709767,0.6625895883709767,0.33779909563234645,0.031141851269116172,False,False
2024-08-26 10:00:00+00:00,sell,63825.071500000005,0.0048870154061565994,0.31191410771954653,0.15603507139544426,311.9141077195465,63780.0,0.2739424755613168,0.2739424755613168,0.3904786141647598,0.031001886841767384,False,False
2024-08-26 11:00:00+00:00,buy,63811.900004999996,0.0019740612367949804,0.1259685982461079,0.06295282271168594,125.9685982461079,63859.0,0.4314633664415327,0.4314633664415327,0.15752007811671198,0.030999966312663163,False,False
2024-08-26 12:00:00+00:00,sell,63827.0705,0.005395545906617656,0.3443818889676716,0.17227708302533964,344.38188896767156,63633.0,0.0,0.0,0.43117994466269327,0.03099866187145367,False,False
2024-08-26 13:00:00+00:00,buy,63664.81649999999,0.008583365503121335,0.54645838970865,0.27309264853000453,546.45838970865,63766.0,0.6854748814387583,0.6854748814387583,0.6854748814387583,0.030985433053784345,False,False
2024-08-26 14:00:00+00:00,sell,63734.117000000006,0.004966624357497137,0.3165434178957724,0.15835088439005318,316.5434178957724,63500.6,0.29025172121315673,0.29025172121315673,0.39571593237008823,0.03090568488293602,False,False
2024-08-26 15:00:00+00:00,buy,63284.049413891844,0.006457660121587659,0.4086668822326722,0.0,408.6668822326722,63532.53,0.8043184406487711,0.8043184406487711,0.5154204447007283,0.03090119567347796,False,False
2024-08-26 16:00:00+00:00,sell,63748.501297017494,0.0023866889104141595,0.15214784110111432,0.0,152.14784110111432,63705.0,0.6118225580691437,0.6118225580691437,0.19211979111629351,0.030874791497712772,False,False
2024-08-26 17:00:00+00:00,sell,63673.14750000001,0.0076877123567976975,0.4895008428319525,0.24487285784484944,489.50084283195247,63375.99,0.0,0.0,0.6122920138611119,0.030877258815307423,False,False
2024-08-26 18:00:00+00:00,buy,63407.687999999995,0.009456099624243614,0.5995894146709564,0.299644884892981,599.5894146709563,63643.94,0.7516720235891476,0.7516720235891476,0.7516720235891476,0.030875641763173478,False,False
2024-08-26 19:00:00+00:00,sell,63612.118030000005,0.009456099624243614,0.6015225254008235,0.3009117185596654,601.5225254008235,63342.99,0.0,0.0,0.7527070651241681,0.030863337840391664,False,False
2024-08-26 20:00:00+00:00,buy,63374.66149499999,0.008112649443496815,0.5141364123092108,0.25693973628642197,514.1364123092108,63417.01,0.6444380850577829,0.6444380850577829,0.6444380850577829,0.030736383035131876,False,False
2024-08-26 21:00:00+00:00,sell,63385.29150000001,0.0026620836514349034,0.1687369482435858,0.08441067946150597,168.73694824358577,63155.81,0.43486690684800056,0.43486690684800056,0.20972537215073994,0.030734987884517728,False,False
2024-08-26 22:00:00+00:00,buy,62944.81145225786,0.003929654659604759,0.24735137162130813,0.0,247.35137162130812,62973.01,0.7459068012037477,0.7459068012037477,0.31373723302665696,0.030735339158060065,False,False
2024-08-26 23:00:00+00:00,buy,63004.496504999996,0.0012454539593474596,0.07846919962884544,0.03921499231825547,78.46919962884543,62834.0,0.844029251060002,0.844029251060002,0.10057492258544709,0.030734810974108545,False,False
2024-08-27 02:00:00+00:00,sell,62963.312595,0.01062567441101413,0.6690276594733753,0.3346811703217913,669.0276594733753,62900.07,0.0,0.0,0.8426562218602063,0.030729814598675437,False,False
2024-09-03 14:00:00+00:00,buy,58216.509812778204,0.008229836958497608,0.4791123840519408,0.0,479.11238405194075,57672.84,0.6062071237039073,0.6062071237039073,0.6062071237039073,0.030220070391774434,False,False
2024-09-03 15:00:00+00:00,buy,57701.676419999996,0.005438599490681166,0.31381630798926147,0.1568297391250662,313.8163079892615,57725.0,1.0,1.0,0.39735022720372015,0.030220142711326864,False,False
2024-09-03 17:00:00+00:00,sell,57888.1111714969,0.0015738673176292177,0.09110820625210578,0.0,91.10820625210577,57698.0,0.8861945547966812,0.8861945547966812,0.11514719813362939,0.030211870234595428,False,False
2024-09-03 18:00:00+00:00,sell,57877.98696236783,0.0018064164906298162,0.10455175009327876,0.0,104.55175009327876,57926.0,0.7508766765503538,0.7508766765503538,0.13532873439842819,0.030207642428046966,False,False
2024-09-03 19:00:00+00:00,sell,58106.69983853223,0.004222905988171731,0.24537913070103512,0.0,245.3791307010351,58046.0,0.44383303516082656,0.44383303516082656,0.310576882442872,0.030208119370390057,False,False
2024-09-03 20:00:00+00:00,sell,58227.07139087294,0.002196447375311233,0.12789269812854265,0.0,127.89269812854263,58228.0,0.2832923932866592,0.2832923932866592,0.16222722501597292,0.03020800484649272,False,False
2024-09-03 21:00:00+00:00,sell,58198.895995000006,0.003868799277436777,0.22515984677307418,0.11263624150727453,225.15984677307418,58134.61,0.0,0.0,0.28390083422732604,0.030206141675254927,False,False
2024-09-03 23:00:00+00:00,buy,57684.42953514227,0.004827805272027277,0.2784891930236458,0.0,278.4891930236458,57487.73,0.3526714061882018,0.3526714061882018,0.3526714061882018,0.030210201815755927,False,False
2024-09-04 00:00:00+00:00,buy,57308.2474482985,0.0032730431935316454,0.18757236924388068,0.0,187.57236924388067,57140.02,0.5900745842677714,0.5900745842677714,0.2405390785995245,0.030214293608113757,False,False
2024-09-04 01:00:00+00:00,buy,56961.516973768346,0.0019527421900752198,0.11123115740536321,0.0,111.2311574053632,56784.01,0.7312410370813474,0.7312410370813474,0.14570242863883776,0.030218278365339413,False,False
2024-09-04 02:00:00+00:00,buy,56606.60434524821,0.0012116551244359432,0.06858768223183792,0.0,68.58768223183792,56648.01,0.8161610195248554,0.8161610195248554,0.0895282573960885,0.030218895120961597,False,False
2024-09-04 03:00:00+00:00,sell,56824.98881469818,0.0009309005697742245,0.052898414465016474,0.0,52.89841446501647,56653.98,0.746878026492019,0.746878026492019,0.0673633281085988,0.03021881375527352,False,False
2024-09-04 04:00:00+00:00,sell,56625.663005,0.0017467918545324094,0.0989132468946312,0.04948136412937296,98.9132468946312,56694.0,0.620288968137326,0.620288968137326,0.12669997141638167,0.03021885939393365,False,False
2024-09-04 05:00:00+00:00,sell,56665.653000000006,0.0015426148648418313,0.08741327864376912,0.04372850357366259,87.41327864376912,56252.01,0.5118752992466912,0.5118752992466912,0.10721979362014922,0.03022560760180315,False,False
2024-09-04 06:00:00+00:00,buy,56280.136005,0.0020060881438913065,0.11290291357622075,0.05642324516552411,112.90291357622074,56277.0,0.6519372119327579,0.6519372119327579,0.14427127258571792,0.03022387275049171,False,False
2024-09-04 07:00:00+00:00,sell,56453.09391642529,0.0014296115427340234,0.08070599468596948,0.0,80.70599468596947,56746.0,0.5463605824169846,0.5463605824169846,0.10789268792728324,0.03023035379391384,False,False
2024-09-04 08:00:00+00:00,sell,56717.627,0.004054765644410318,0.22997668539207905,0.11504586562885229,229.97668539207905,56783.01,0.2578865906031405,0.2578865906031405,0.29353924055627395,0.030228805081439464,False,False
2024-09-04 09:00:00+00:00,sell,56754.618495,0.0006537189911105415,0.03710157194341508,0.018560066004709632,37.10157194341508,56596.99,0.211099379376204,0.211099379376204,0.046528103837949475,0.030165221653371738,False,False
2024-09-04 10:00:00+00:00,buy,56625.28849499999,0.0009201590618953238,0.052104272341111264,0.02603911661224533,52.10427234111126,56456.45,0.2770010525740083,0.2770010525740083,0.06701869610014102,0.03016553960799831,False,False
2024-09-04 11:00:00+00:00,buy,56484.68822999999,0.0005264812573616637,0.029738129681011968,0.014861634023490734,29.738129681011966,56573.0,0.3141798038248782,0.3141798038248782,0.03737153454832248,0.030165876485808096,False,False
2024-09-04 12:00:00+00:00,sell,56748.408842177276,0.0012432287148164242,0.07055125139273706,0.0,70.55125139273706,56599.99,0.22501369084999,0.22501369084999,0.08991679242630907,0.030162938736664063,False,False
2024-09-04 13:00:00+00:00,sell,56571.700000000004,0.003116342060998607,0.17629676817219492,0.08819248032624698,176.2967681721949,56490.0,0.0,0.0,0.22474919701631965,0.030163323462494812,False,False
2024-09-04 14:00:00+00:00,buy,56313.99306786594,0.003143812718054755,0.17704064761120425,0.0,177.04064761120424,57511.1,0.2267331894974334,0.2267331894974334,0.2267331894974334,0.030198352345918528,False,False
2024-09-04 15:00:00+00:00,sell,57690.5950026644,0.003143812718054755,0.18136842628152244,0.0,181.36842628152243,58134.0,0.0,0.0,0.23169160780892498,0.03021097861613828,False,False
2024-09-05 04:00:00+00:00,buy,57163.987709999994,0.004596021543610577,0.2627269190338502,0.13129781061159962,262.7269190338502,57206.4,0.3335639507098998,0.3335639507098998,0.3335639507098998,0.03020688890754994,False,False
2024-09-05 05:00:00+00:00,sell,57177.796800000004,0.0011692492068153277,0.06685509355584798,0.03344426891237754,66.85509355584799,57194.99,0.24909229073188235,0.24909229073188235,0.08492616200850509,0.030206854807652145,False,False
2024-09-05 07:00:00+00:00,buy,56942.467005,0.002088713123599221,0.11893647812345913,0.059438519801821486,118.93647812345912,57155.1,0.3990021588338797,0.3990021588338797,0.15005191450972336,0.030206685267549382,False,False
2024-09-05 08:00:00+00:00,sell,57126.522450000004,0.0055154854603944705,0.31508050397587334,0.15761906151866575,315.08050397587334,57004.0,0.0,0.0,0.3999215911066262,0.030207368853417488,False,False
2024-09-05 09:00:00+00:00,buy,56826.47489739182,0.003771583964228694,0.21432582146664741,0.0,214.3258214666474,56797.0,0.2734026513136951,0.2734026513136951,0.2734026513136951,0.03019531078817736,False,False
2024-09-05 10:00:00+00:00,buy,56825.398499999996,0.001686018151620713,0.09580865334408042,0.04788038647879356,95.80865334408043,56771.0,0.394398141695702,0.394398141695702,0.12196626800547761,0.03019529547364047,False,False
2024-09-05 14:00:00+00:00,sell,57205.31631455388,0.005457602115849407,0.31220385535614387,0.0,312.20385535614383,56558.01,0.0,0.0,0.3934383344651928,0.030157745922899742,False,False
2024-09-05 15:00:00+00:00,buy,56383.03119877913,0.005784283610161359,0.3261354432543147,0.0,326.1354432543147,55976.01,0.41528399349406603,0.41528399349406603,0.41528399349406603,0.030146484287807307,False,False
2024-09-05 16:00:00+00:00,buy,56003.998005,0.005125975693944113,0.2870751325373246,0.14346583335198243,287.0751325373246,56335.0,0.7758391143335923,0.7758391143335923,0.3618751499765545,0.030146148704933456,False,False
2024-09-05 17:00:00+00:00,sell,56508.57875294349,0.00490939348974964,0.2774228486447056,0.0,277.4228486447056,56602.99,0.4271902113075742,0.4271902113075742,0.35318510502790246,0.030117107486455102,False,False
2024-09-05 18:00:00+00:00,sell,56574.698500000006,0.006000865814355832,0.3394971741861382,0.1698335038449563,339.4971741861382,56548.99,0.0,0.0,0.42939076093013984,0.03011721110843449,False,False
2024-09-05 20:00:00+00:00,buy,56088.03,0.007215527981790123,0.40470474990848393,0.20225124932956876,404.7047499084839,56094.0,0.5120711373546638,0.5120711373546638,0.5120711373546638,0.03012551172398467,False,False
2024-09-05 21:00:00+00:00,sell,56065.953,0.0014196069379668339,0.07959161586252243,0.03981571578915389,79.59161586252243,56150.6,0.4116550515317734,0.4116550515317734,0.10134462929867516,0.030125453871665653,False,False
2024-09-05 22:00:00+00:00,sell,56122.514705,0.0012258298024550272,0.06879665111410951,0.0344155333237106,68.79665111410951,56104.6,0.3251263814499663,0.3251263814499663,0.08687051708204441,0.03011066809875207,False,False
2024-09-06 00:00:00+00:00,sell,56151.91,0.0012483828579128663,0.07009908188306606,0.03506707447876806,70.09908188306606,56182.0,0.23635584765837242,0.23635584765837242,0.08884014137829893,0.030101582897548412,False,False
2024-09-06 01:00:00+00:00,sell,56354.86015218154,0.0004479592575371196,0.025244681312379454,0.0,25.244681312379452,56558.99,0.2042017069741459,0.2042017069741459,0.033414681790025685,0.03010629124199335,False,False
2024-09-06 02:00:00+00:00,sell,56732.948573985435,0.0028737491259182763,0.16303626137525717,0.0,163.03626137525717,56738.0,0.0,0.0,0.20611884442725686,0.030103725589420316,False,False
2024-09-06 08:00:00+00:00,buy,55832.18214,0.010899628635738961,0.6085500512489374,0.30412296414237927,608.5500512489374,55783.01,0.7690800097908406,0.7690800097908406,0.7690800097908406,0.030104030240449248,False,False
2024-09-06 10:00:00+00:00,sell,56061.57226025384,0.0030478082190147204,0.1708649207056893,0.0,170.8649207056893,56178.01,0.5528786275066757,0.5528786275066757,0.21856549459875418,0.030096188001550256,False,False
2024-09-06 11:00:00+00:00,sell,56149.92099500001,0.00785182041672424,0.4408790960659941,0.220549822944425,440.87909606599413,55999.09,0.0,0.0,0.5553098420246352,0.030097268913336056,False,False
2024-09-06 12:00:00+00:00,buy,55826.55543704888,0.0053751527548387985,0.3000762632506142,0.0,300.0762632506142,56873.99,0.3798998569564412,0.3798998569564412,0.3798998569564412,0.03011671980519623,False,False
2024-09-06 13:00:00+00:00,sell,56845.553005,0.0053751527548387985,0.3055535308351607,0.1528531920135677,305.5535308351607,55896.01,0.0,0.0,0.37916550354971895,0.03013706340281086,False,False
2024-09-06 14:00:00+00:00,buy,55722.17912996845,0.008070156558391335,0.44968670935357163,0.0,449.68670935357164,54733.24,0.5659542076481188,0.5659542076481188,0.5659542076481188,0.030184993853197117,False,False
2024-09-06 15:00:00+00:00,buy,54563.40262828487,0.0062364497055340026,0.3402819162541004,0.0,340.2819162541004,54045.01,1.0,1.0,0.4430146803958007,0.03020143596055111,False,False
2024-09-06 18:00:00+00:00,sell,53908.042495,0.00015446940849244903,0.008327143437188456,0.004165654545867243,8.327143437188456,53352.67,1.0,0.9918346358590554,0.008165364140944598,0.030207778981164723,True,False
2024-09-06 20:00:00+00:00,sell,53701.59454993931,0.002191812856597147,0.11770384535432427,0.0,117.70384535432426,52887.99,0.839086399977959,0.839086399977959,0.14178243097530419,0.030222071071769524,False,False
2024-09-06 21:00:00+00:00,buy,52722.029060787885,0.0018994448087073876,0.10014258440403358,0.0,100.14258440403357,53766.57,0.9455210338419622,0.9455210338419622,0.11602685831259363,0.030251919544916656,False,False
2024-09-06 22:00:00+00:00,sell,53739.696710000004,0.007452985267786915,0.400521167874967,0.20036076431962793,400.521167874967,53644.01,0.4442288526579415,0.4442288526579415,0.5145788615375302,0.030252164753592048,False,False
2024-09-07 00:00:00+00:00,sell,53935.988515000005,0.0028165357068999234,0.15191263753944168,0.07599431592767512,151.91263753944168,53914.0,0.24925514651140931,0.24925514651140931,0.1951360702277051,0.030256003454401076,False,False
2024-09-07 03:00:00+00:00,sell,53775.099,0.0005302341843729155,0.028513395757837786,0.014263829793814749,28.513395757837785,53818.91,0.21194795255678064,0.21194795255678064,0.03680415460884165,0.030256058959956034,False,False
2024-09-07 04:00:00+00:00,sell,53987.9556447441,0.003060013648483376,0.16520388112663206,0.0,165.20388112663207,54060.59,0.0,0.0,0.2127821404899937,0.030258231395089707,False,False
2024-09-07 21:00:00+00:00,buy,53995.69951442237,0.003128941932493408,0.16894940838499012,0.0,168.9494083849901,53926.99,0.21810814162991513,0.21810814162991513,0.21810814162991513,0.030266313861876087,False,False
2024-09-07 22:00:00+00:00,buy,53953.9635,0.003781280687355106,0.20401508018881231,0.10195656181349193,204.0150801888123,53954.0,0.47974803862884935,0.47974803862884935,0.2624098419303203,0.030251730724698306,False,False
2024-09-07 23:00:00+00:00,sell,54122.9112989801,0.0012269524857900123,0.06640624055647598,0.0,66.40624055647598,54160.86,0.3941931577505515,0.3941931577505515,0.08693937709028143,0.030234137548012546,False,False
2024-09-08 00:00:00+00:00,sell,54133.779570000006,0.005683270134058502,0.30765689267388735,0.15390539903643075,307.65689267388734,54137.5,0.0,0.0,0.3956588132599887,0.030233745744151053,False,False
2024-09-08 13:00:00+00:00,buy,54221.807355,0.0061756115605374595,0.33485282033477304,0.16734273879797557,334.852820334773,54399.0,0.43065637712699695,0.43065637712699695,0.43065637712699695,0.030237988758051476,False,False
2024-09-08 14:00:00+00:00,sell,54371.790505000004,0.0061756115605374595,0.3357790580097989,0.16797351576274053,335.7790580097989,54149.5,0.0,0.0,0.4308230609608995,0.0302401475966686,False,False
2024-09-08 15:00:00+00:00,buy,53979.67197338914,0.00709494560194259,0.3829828362619009,0.0,382.9828362619009,53687.0,0.4944042121932859,0.4944042121932859,0.4944042121932859,0.030247905097539635,False,False
2024-09-08 16:00:00+00:00,buy,53713.83349499999,0.0073624678201505075,0.3954663706038599,0.19763436811782473,395.4663706038599,53907.18,1.0,1.0,0.5072393405916027,0.03024940093104736,False,False
2024-09-08 17:00:00+00:00,sell,54076.50204782692,0.004189111554072266,0.22653249953236432,0.0,226.5324995323643,54510.01,0.7044935196630917,0.7044935196630917,0.2985011461796845,0.03025863564361045,False,False
2024-09-08 18:00:00+00:00,sell,54482.745,0.010268301868020831,0.5594452722584026,0.27986256741288085,559.4452722584026,54412.01,0.0,0.0,0.7138609620820875,0.030258742694038998,False,False
2024-09-11 02:00:00+00:00,buy,56746.34899499999,0.008548489220456998,0.48509555268404825,0.24242656306045154,485.09555268404824,56921.1,0.6195739244389611,0.6195739244389611,0.6195739244389611,0.03099360353777303,False,False
2024-09-11 03:00:00+00:00,sell,56892.649445,0.004713256567322513,0.26814965362902377,0.1341418977633834,268.14965362902376,56819.55,0.2790001814748253,0.2790001814748253,0.34176388468820174,0.030996373610790107,False,False
2024-09-11 04:00:00+00:00,buy,56623.46238459326,0.0014518940238627993,0.08221126664661096,0.0,82.21126664661097,56530.5,0.3845075171377923,0.3845075171377923,0.1070082801160403,0.030999884125770844,False,False
2024-09-11 05:00:00+00:00,buy,56335.32991989875,0.004401998104115679,0.24798801550212557,0.0,247.98801550212556,56244.0,0.7026167612869436,0.7026167612869436,0.3211585491439587,0.03100329428972562,False,False
2024-09-11 06:00:00+00:00,buy,56272.121999999996,0.003146680339950969,0.1770703799847224,0.08849094452008778,177.0703799847224,56460.0,0.9243731170426681,0.9243731170426681,0.22392912410894994,0.031004369928580133,False,False
2024-09-11 07:00:00+00:00,sell,56655.025511829735,0.005216176318060714,0.2955226023739319,0.0,295.5226023739319,56712.0,0.5483368294229521,0.5483368294229521,0.379498288182337,0.031007085837429088,False,False
2024-09-11 08:00:00+00:00,sell,56683.65399500001,0.0076196288030032176,0.4319084026397705,0.21606223243605893,431.9084026397705,56398.0,0.0,0.0,0.5498267909463128,0.031011731317607732,False,False
2024-09-11 09:00:00+00:00,buy,56426.209005,0.007140044759969077,0.4028856579310702,0.20134215788655568,402.88565793107017,56677.99,0.514214751144972,0.514214751144972,0.514214751144972,0.03101039926161031,False,False
2024-09-11 10:00:00+00:00,sell,56649.661,0.007140044759969077,0.4044811151770746,0.20234172845276327,404.48111517707457,56510.0,0.0,0.0,0.515239750629897,0.031002689670460465,False,False
2024-09-11 11:00:00+00:00,buy,56538.255,0.00435797431335425,0.2463922630118725,0.12313456422381293,246.3922630118725,56797.99,0.314323359805896,0.314323359805896,0.314323359805896,0.03100682313270836,False,False
2024-09-11 12:00:00+00:00,sell,56769.601,0.00435797431335425,0.24740046293736978,0.12376211252493695,247.40046293736978,56748.01,0.0,0.0,0.31542798903171815,0.03100287255785622,False,False
2024-09-11 14:00:00+00:00,buy,55767.880005,0.013978462659515977,0.7795492282502602,0.38957982421298215,779.5492282502602,55974.0,0.9941338912676865,0.9941338912676865,0.9941338912676865,0.0310258885410524,False,False
2024-09-11 15:00:00+00:00,sell,56167.78486031218,0.005202515298015936,0.29221375999144206,0.0,292.21375999144203,56701.23,0.617399844576399,0.617399844576399,0.37878069463002106,0.03102594208309875,False,False
2024-09-11 16:00:00+00:00,sell,56897.83865142108,0.008775947361500041,0.49933243698799384,0.0,499.33243698799384,57312.0,0.0,0.0,0.6303418184621621,0.03103937815138741,False,False
2024-09-13 07:00:00+00:00,buy,57795.883499999996,0.004974289613524655,0.28749346299853096,0.14367489405222086,287.49346299853096,58109.31,0.36199562106150013,0.36199562106150013,0.36199562106150013,0.031103496729549818,False,False
2024-09-13 08:00:00+00:00,sell,58080.255345,0.004974289613524655,0.28890801091349333,0.14452626859104176,288.90801091349334,57953.64,0.0,0.0,0.3630035135558771,0.03110183852712073,False,False
2024-09-13 12:00:00+00:00,buy,57666.620799420714,0.003041898890480916,0.1754160298275416,0.0,175.4160298275416,57910.0,0.22161449870640265,0.22161449870640265,0.22161449870640265,0.031198073668490034,False,False
2024-09-13 13:00:00+00:00,sell,58113.21131023013,0.003041898890480916,0.17677451300687205,0.0,176.77451300687204,58056.01,0.0,0.0,0.22204054089730885,0.031139002265405447,False,False
2024-09-15 17:00:00+00:00,buy,59738.09699535192,0.005130410047882793,0.30648093306635044,0.0,306.4809330663504,59814.07,0.38670826931327934,0.38670826931327934,0.38670826931327934,0.031203242906494788,False,False
2024-09-15 18:00:00+00:00,buy,59843.977034999996,0.005341472368683455,0.31965494976457975,0.15974760108173053,319.6549497645797,59971.09,0.7866559917674973,0.7866559917674973,0.4002438510777925,0.03120440939771954,False,False
2024-09-15 19:00:00+00:00,sell,59941.104455,0.007503287257078314,0.4497553252324017,0.22499015769501768,449.7553252324017,59878.22,0.22380586359249294,0.22380586359249294,0.5644590242408176,0.03120263422230382,False,False
2024-09-15 20:00:00+00:00,buy,59908.169115,0.003943627676878373,0.23625551379302412,0.11806872253521984,236.2555137930241,59795.99,0.5206062154492183,0.5206062154492183,0.2973283355441985,0.031203471844909986,False,False
2024-09-15 21:00:00+00:00,buy,59584.54809434398,0.002584072376137156,0.1539707847752101,0.0,153.9707847752101,59651.69,0.7158634711142555,0.7158634711142555,0.19605381319939952,0.031205004228266525,False,False
2024-09-15 22:00:00+00:00,buy,59440.57632914829,0.0037663909014965385,0.22387644586581462,0.0,223.87644586581462,59430.31,1.0,1.0,0.28664142458258113,0.03121238624938444,False,False
2024-09-16 00:00:00+00:00,sell,59102.434,0.00010443815805524954,0.006172549343541955,0.0030878185810613926,6.172549343541955,58666.36,1.0,0.9965754822795,0.003424517720500009,0.031239391002367195,True,False
2024-09-16 04:00:00+00:00,sell,58545.802455,0.0034441343843378217,0.20163961129391517,0.10087024076733858,201.63961129391515,58352.0,0.7326430610829469,0.7326430610829469,0.25597857659936385,0.03125630022260553,False,False
2024-09-16 05:00:00+00:00,buy,58381.165994999996,0.0005270399530931877,0.030769206987530405,0.01537691503624591,30.769206987530403,58670.0,0.7660438827538449,0.7660438827538449,0.03546289607587083,0.03126074565674486,False,False
2024-09-16 06:00:00+00:00,sell,58640.665,0.004716364456526539,0.27657074811307986,0.1383545513322019,276.57074811307984,58707.43,0.4152489235120593,0.4152489235120593,0.3549779566397446,0.031262528619480506,False,False
2024-09-16 07:00:00+00:00,sell,58916.50336777638,0.0011583010684209439,0.06824304879852151,0.0,68.24304879852151,58911.1,0.32823290938102057,0.32823290938102057,0.08851134032830404,0.03126564370107984,False,False
2024-09-16 08:00:00+00:00,sell,59120.88154200325,0.004366487999752635,0.2581506197879543,0.0,258.15061978795427,58924.98,0.0,0.0,0.3294498112707723,0.03126493863249233,False,False
2024-09-16 10:00:00+00:00,buy,58665.85827,0.003953263335006984,0.23192158651550726,0.11590284183681987,231.92158651550724,58749.99,0.2965853074302512,0.2965853074302512,0.2965853074302512,0.031267636239076746,False,False
2024-09-16 11:00:00+00:00,sell,58720.615005,0.003953263335006984,0.23213805430832748,0.11612709069950679,232.13805430832747,58663.99,0.0,0.0,0.2968590656463581,0.03126922951108646,False,False
2024-09-16 12:00:00+00:00,buy,58454.87749242377,0.002876293711107553,0.16813339651502093,0.0,168.13339651502093,58527.99,0.2160215336197347,0.2160215336197347,0.2160215336197347,0.03127405821367374,False,False
2024-09-16 13:00:00+00:00,buy,58319.30146716907,0.0008980739616543075,0.05237504610953239,0.0,52.37504610953239,58497.1,0.28283028732137067,0.28283028732137067,0.06741046199660158,0.03127616346243661,False,False
2024-09-16 15:00:00+00:00,buy,57632.801999999996,0.007067073168491532,0.40729522863918505,0.2035458413988651,407.29522863918504,57881.69,0.8018467703984062,0.8018467703984062,0.5213440063679713,0.03131119602626986,False,False
2024-09-16 16:00:00+00:00,sell,57852.75915,0.0038505920952409626,0.22276737707086927,0.11143940823955073,222.76737707086926,57809.98,0.5192975842191054,0.5192975842191054,0.28503366502793126,0.03131223328730537,False,False
2024-09-16 18:00:00+00:00,sell,58146.912000000004,0.004102547478305022,0.23855046719682407,0.11933490104892049,238.55046719682406,57896.0,0.2155216131666371,0.2155216131666371,0.30361653840491476,0.031321665083052036,False,False
2024-09-16 19:00:00+00:00,buy,57924.948,0.001996806692934087,0.11566492385425896,0.05780356014704933,115.66492385425896,57943.99,0.36238997820878394,0.36238997820878394,0.14795069773937766,0.031321814625477146,False,False
2024-09-16 20:00:00+00:00,sell,58151.75054399448,0.0008682295789043792,0.05048906988736483,0.0,50.48906988736483,57687.99,0.2987600322690413,0.2987600322690413,0.06297035294998443,0.03132444522235156,False,False
2024-09-16 21:00:00+00:00,buy,57716.844,0.0018946656527017592,0.1093541219091456,0.05464973608652447,109.3541219091456,57995.5,0.4368454634491423,0.4368454634491423,0.1384278874176711,0.031326202432063716,False,False
2024-09-16 22:00:00+00:00,sell,57966.502250000005,0.0031294945031150544,0.18140585015618146,0.0907482992276889,181.40585015618146,57970.01,0.20662456032620594,0.20662456032620594,0.23223654422211834,0.03132630258825164,False,False
2024-09-17 00:00:00+00:00,sell,58184.883005,0.0027820495313238204,0.16187322649419159,0.08097710179797987,161.87322649419158,57630.01,0.0,0.0,0.20564607596331252,0.031350354414594245,False,False
2024-09-17 01:00:00+00:00,buy,57658.825005,0.00633294330848725,0.3651500699906521,0.18248379309875604,365.15006999065207,57896.0,0.46734451368522956,0.46734451368522956,0.46734451368522956,0.0313541477986706,False,False
2024-09-17 02:00:00+00:00,sell,58104.22240733013,0.003233335050814615,0.1878704189099485,0.0,187.87041890994848,58115.52,0.22910591748481082,0.22910591748481082,0.24076510903101975,0.03135100321751441,False,False
2024-09-17 03:00:00+00:00,sell,58086.472235,0.003099608257672635,0.18004530899867827,0.09006768834350388,180.04530899867825,58060.0,0.0,0.0,0.22987125620833151,0.031350708282800344,False,False
2024-09-18 10:00:00+00:00,buy,59435.94229124973,0.0027505941167419866,0.16348415318932774,0.0,163.48415318932774,59907.49,0.20964126739936856,0.20964126739936856,0.20964126739936856,0.031524976923518105,False,False
2024-09-18 11:00:00+00:00,sell,59877.54625000001,0.0027505941167419866,0.16469882644019623,0.08239060852434187,164.69882644019623,59846.0,0.0,0.0,0.21005450823959707,0.0315237136984729,False,False
2024-09-18 14:00:00+00:00,buy,59538.25425,0.004655270565969408,0.277166682559228,0.1385140842374866,277.166682559228,59487.6,0.3535763065472374,0.3535763065472374,0.3535763065472374,0.03148981538487683,False,False
2024-09-18 16:00:00+00:00,buy,59212.275128887704,0.0004609509672775635,0.027293955495366003,0.0,27.293955495366003,59915.26,0.38740622289508475,0.38740622289508475,0.03202063154849011,0.03148093392574011,False,False
2024-09-18 17:00:00+00:00,sell,60133.9726257708,0.0051162215332469715,0.30765872562765256,0.0,307.65872562765253,60013.01,0.0,0.0,0.39081522257057927,0.03148189268704546,False,False
2024-09-20 14:00:00+00:00,buy,62608.36149431984,0.004628948172564085,0.28981086052636346,0.0,289.81086052636346,63037.53,0.37008266901996245,0.37008266901996245,0.37008266901996245,0.031432455501501144,False,False
2024-09-20 15:00:00+00:00,sell,63265.82811548376,0.004628948172564085,0.2928542394409221,0.0,292.8542394409221,63153.99,0.0,0.0,0.37089766803436414,0.03141201589546985,False,False
2024-09-20 17:00:00+00:00,buy,62644.836754214695,0.004880309140790389,0.30572616943491576,0.0,305.72616943491573,62704.0,0.3891842466991606,0.3891842466991606,0.3891842466991606,0.03141096381501668,False,False
2024-09-20 18:00:00+00:00,buy,62476.95626028491,0.0024638950826842516,0.15393666531079506,0.0,153.93666531079506,62865.45,0.5835293722921565,0.5835293722921565,0.19476897013362987,0.03141060214367733,False,False
2024-09-20 19:00:00+00:00,sell,62834.017275,0.003634363407467646,0.22836165312844992,0.11423794553698893,228.36165312844992,62809.13,0.29537626324472027,0.29537626324472027,0.28884291713141935,0.03141017262055379,False,False
2024-09-20 20:00:00+00:00,buy,62840.534564999994,0.0004474377518468918,0.028117227510620495,0.014051587961328282,28.117227510620495,62814.0,0.33080263956360767,0.33080263956360767,0.0355805924952024,0.03140947493142396,False,False
2024-09-20 21:00:00+00:00,sell,63041.52187834667,0.0006041673808134087,0.0380876311557319,0.0,38.087631155731906,63116.03,0.28232003658773563,0.28232003658773563,0.04959372080029317,0.03141330390683883,False,False
2024-09-20 22:00:00+00:00,sell,63084.481980000004,0.003553111187040478,0.22414617865179148,0.11212915390283563,224.14617865179147,63180.24,0.0,0.0,0.28391402650263275,0.031413404938546136,False,False
2024-09-21 02:00:00+00:00,buy,62868.39849,0.0036550880040894518,0.2297895291571144,0.11483734590559118,229.7895291571144,62917.11,0.29072452247574626,0.29072452247574626,0.29072452247574626,0.031417117343973205,False,False
2024-09-21 03:00:00+00:00,sell,62885.651445,0.0036550880040894518,0.22985259022597002,0.11498378700647886,229.85259022597,62889.57,0.0,0.0,0.2910662994687671,0.03141707994620696,False,False
2024-09-22 02:00:00+00:00,buy,63077.533005,0.00432590551577157,0.2728674479475927,0.13636554120317515,272.8674479475927,62957.31,0.3454996812335227,0.3454996812335227,0.3454996812335227,0.031406369482819024,False,False
2024-09-22 03:00:00+00:00,buy,62988.788655,0.003720762579772846,0.23436632777274438,0.1171246015855756,234.36632777274437,63106.0,0.6419965466713811,0.6419965466713811,0.2960427325687435,0.031404168223771456,False,False
2024-09-22 04:00:00+00:00,sell,63074.447,0.008046668095544416,0.5075391403190073,0.253896518418712,507.53914031900723,63080.01,0.0,0.0,0.6433492707490525,0.03140143816868676,False,False
2024-09-22 06:00:00+00:00,buy,62969.989259999995,0.0075886176194702865,0.4778551699962907,0.23880818090767655,477.85516999629067,62876.24,0.6059854159258744,0.6059854159258744,0.6059854159258744,0.0313987214049547,False,False
2024-09-22 07:00:00+00:00,buy,62907.67812,0.0016064883706296152,0.1010604533230911,0.050504974174456534,101.0604533230911,62936.0,0.7344523626183945,0.7344523626183945,0.12774098877398365,0.03139474134877149,False,False
2024-09-22 08:00:00+00:00,sell,62904.53200000001,0.003279641848966566,0.20630433563685655,0.10320376970325852,206.30433563685654,63025.35,0.4725129552643841,0.4725129552643841,0.2630125938912714,0.03139328205602712,False,False
2024-09-22 09:00:00+00:00,sell,62993.837325,0.0059154641411333355,0.37263778580842416,0.18641209895367786,372.63778580842416,62702.94,0.0,0.0,0.472329578955429,0.03139650260331023,False,False
2024-09-22 10:00:00+00:00,buy,62734.281465,0.012542547708841233,0.7868477182546368,0.3932272455045628,786.8477182546368,62655.99,1.0,1.0,1.0,0.03139248490093524,False,False
2024-09-22 12:00:00+00:00,sell,62752.608,0.005603289744084495,0.35162104482095463,0.17589847164629951,351.62104482095464,62781.99,0.5543828092864969,0.5543828092864969,0.44761917144628227,0.0313877660070902,False,False
2024-09-22 13:00:00+00:00,sell,62750.599005000004,0.000994193699346402,0.0623862501609836,0.031208729445208732,62.3862501609836,62589.99,0.4761673408407486,0.4761673408407486,0.0779297736615236,0.03138956598302203,False,False
2024-09-22 14:00:00+00:00,buy,62621.295,0.0047266793220179185,0.29599078019448405,0.14792142938254252,295.99078019448405,62668.0,0.8515591845598707,0.8515591845598707,0.3765774682207724,0.03138169572744948,False,False
2024-09-22 15:00:00+00:00,sell,62636.666000000005,0.0039926244507518735,0.25008468418517854,0.1251048945398404,250.08468418517856,62652.12,0.5338963713573601,0.5338963713573601,0.3189348619450557,0.03138201149105824,False,False
2024-09-22 16:00:00+00:00,sell,62620.79394,0.0006046322891261656,0.03786255398684012,0.01894074736710326,37.86255398684012,62776.03,0.48520014753984064,0.48520014753984064,0.04935017309174894,0.03138243124519874,False,False
2024-09-22 17:00:00+00:00,sell,63002.70168625444,0.006074486847550215,0.38270908275328236,0.0,382.70908275328236,63062.66,0.0,0.0,0.4873912395596448,0.031385733198094345,False,False
2024-09-22 22:00:00+00:00,buy,62553.179880730575,0.003768508588283485,0.2357321956049749,0.0,235.7321956049749,63881.51,0.301300308162947,0.301300308162947,0.301300308162947,0.03139091952859546,False,False
2024-09-22 23:00:00+00:00,sell,63849.559250000006,0.003768508588283485,0.24061761239174026,0.12036899069119424,240.61761239174027,63578.76,0.0,0.0,0.3037300029897845,0.0313920877049359,False,False
2024-09-23 14:00:00+00:00,buy,63216.802605,0.0028170894377253235,0.1780873869053122,0.08899919385572262,178.0873869053122,63394.5,0.22545468107687064,0.22545468107687064,0.22545468107687064,0.03137604740664093,False,False
2024-09-23 15:00:00+00:00,sell,63623.20592868031,0.0028170894377253235,0.17923226141590848,0.0,179.23226141590848,63618.0,0.0,0.0,0.22675104993424264,0.0313781150861194,False,False
2024-09-23 23:00:00+00:00,buy,63250.6095,0.002576377063676086,0.16295741957933274,0.0814379907942658,162.95741957933274,63339.99,0.2061181051703923,0.2061181051703923,0.2061181051703923,0.031366270606074914,False,False
2024-09-24 00:00:00+00:00,sell,63308.320005,0.002576377063676086,0.16310610360074793,0.08159384872472747,163.10610360074793,62906.0,0.0,0.0,0.20539189903277377,0.03137440263117178,False,False
2024-09-24 01:00:00+00:00,buy,62937.463005,0.008234747832176518,0.5182741370431134,0.2590075647391522,518.2741370431135,62942.01,0.6558260579141217,0.6558260579141217,0.6558260579141217,0.031374209377732165,False,False
2024-09-24 02:00:00+00:00,sell,62910.529,0.0017711903345772077,0.11142652090793914,0.05574113101947528,111.42652090793914,63123.99,0.5145663829783262,0.5145663829783262,0.14290068133261224,0.031371849010549624,False,False
2024-09-24 03:00:00+00:00,sell,63092.438,0.00646355749759931,0.4078016006767196,0.204002801739217,407.8016006767196,63124.0,0.0,0.0,0.5164103734689492,0.031370284560464035,False,False
2024-09-24 05:00:00+00:00,buy,63119.543999999994,0.0026487395192742722,0.16718723063137125,0.08355183939597284,167.18723063137125,63215.99,0.2117207914907334,0.2117207914907334,0.2117207914907334,0.03136631848955346,False,False
2024-09-24 06:00:00+00:00,sell,63184.39200000001,0.0026487395192742722,0.1673589960917172,0.0837213587252024,167.3589960917172,63305.43,0.0,0.0,0.2123854583792973,0.031364924471858596,False,False
2024-09-24 15:00:00+00:00,buy,63226.487445,0.005193271831216772,0.3283523362348994,0.16409412105691823,328.3523362348994,63159.99,0.4159893062604876,0.4159893062604876,0.4159893062604876,0.03132606548473041,False,False
2024-09-24 16:00:00+00:00,buy,63191.569995,0.0006089435243949743,0.03848009734480701,0.0192304334556757,38.48009734480701,63262.0,0.4646914033200163,0.4646914033200163,0.048097687163023484,0.03132488956549068,False,False
2024-09-24 17:00:00+00:00,sell,63489.132041262514,0.005802215355611746,0.36837761684427506,0.0,368.37761684427505,63775.86,0.0,0.0,0.4674640511609962,0.03133569708316267,False,False
2024-09-25 10:00:00+00:00,buy,63641.694944999996,0.003937728351338067,0.25060370651213504,0.12523923363923303,250.603706512135,63630.45,0.3172376497332624,0.3172376497332624,0.3172376497332624,0.03127636512512447,False,False
2024-09-25 11:00:00+00:00,sell,63598.624780000006,0.0005525564330585838,0.03514182925586807,0.017579704480172334,35.14182925586807,63838.01,0.27267264035753747,0.27267264035753747,0.045542618363881404,0.03125810812070498,False,False
2024-09-25 12:00:00+00:00,sell,63806.090995000006,0.003385171918279483,0.2159945874514594,0.10805131938540923,215.9945874514594,63600.01,0.0,0.0,0.27288445746378487,0.031256787482956794,False,False
2024-09-25 13:00:00+00:00,buy,63374.09146459293,0.003619304379696575,0.2293701267970925,0.0,229.3701267970925,63761.34,0.29162019154617624,0.29162019154617624,0.29162019154617624,0.031243613835636674,False,False
2024-09-25 14:00:00+00:00,sell,63729.449335000005,0.003619304379696575,0.23065627509381648,0.11538583046212827,230.65627509381648,63936.5,0.0,0.0,0.29249379344256393,0.031243140356584986,False,False
2024-09-25 16:00:00+00:00,buy,63527.40783,0.004836049742406405,0.3072217042720181,0.15353408509342836,307.2217042720181,63463.88,0.3886683972867433,0.3886683972867433,0.3886683972867433,0.03124450670108697,False,False
2024-09-25 18:00:00+00:00,buy,63199.594005,0.0036906326925735767,0.23324648779223003,0.11656496141539616,233.24648779223003,63351.0,0.682880253319727,0.682880253319727,0.29445138059499576,0.03124974071339648,False,False
2024-09-25 19:00:00+00:00,sell,63319.3245,0.0037164814028900943,0.23532509194781312,0.1177214066772361,235.32509194781312,63181.5,0.38695925425106675,0.38695925425106675,0.29713911710338065,0.031249758063103206,False,False
2024-09-25 20:00:00+00:00,buy,63213.100755,0.0017720958469978794,0.112019673323794,0.05598184573902296,112.01967332379401,63505.78,0.5269495281917507,0.5269495281917507,0.13988975801512282,0.03125439839357061,False,False
2024-09-25 21:00:00+00:00,sell,63474.02711,0.006582296879087767,0.4178048905492853,0.2090069487489916,417.8048905492853,63437.99,0.0,0.0,0.5291527056869086,0.03125466025545204,False,False
2024-09-25 23:00:00+00:00,buy,63037.50288212159,0.004563858416478464,0.28769423808235606,0.0,287.69423808235604,63152.01,0.366052766337866,0.366052766337866,0.366052766337866,0.031235167736242325,False,False
2024-09-26 00:00:00+00:00,buy,62927.85687674356,0.0008717586491030146,0.054857903501817816,0.0,54.857903501817816,62946.01,0.43560529055227826,0.43560529055227826,0.07105497054892368,0.03123694319204151,False,False
2024-09-26 01:00:00+00:00,buy,62722.53538961505,0.0018803216639249453,0.11793854210939224,0.0,117.93854210939223,63154.74,0.5835687539682756,0.5835687539682756,0.1485494097329953,0.03123896841165258,False,False
2024-09-26 02:00:00+00:00,sell,63378.880689112506,0.0036935520052841266,0.23409319186193492,0.0,234.0931918619349,63353.99,0.28911556758309265,0.28911556758309265,0.29663782437206787,0.03123647990404871,False,False
2024-09-26 03:00:00+00:00,sell,63322.313005,0.0036223867242222976,0.22937790597636096,0.11474632615123563,229.37790597636095,63514.34,0.0,0.0,0.2906007119441592,0.03123463343787533,False,False
2024-09-28 09:00:00+00:00,buy,65668.71794999999,0.0032603577956964894,0.21410351650167647,0.10699825912126758,214.10351650167647,65628.2,0.27064966209769303,0.27064966209769303,0.27064966209769303,0.030940796905148116,False,False
2024-09-28 11:00:00+00:00,sell,65731.127995,0.0032603577956964894,0.214306995578422,0.10720710133985553,214.306995578422,65798.01,0.0,0.0,0.27128366267272813,0.03093989082805554,False,False
2024-09-28 13:00:00+00:00,buy,65580.89405999999,0.005731060867162394,0.3758480955807886,0.18783013272400995,375.8480955807886,65528.03,0.4753760680130652,0.4753760680130652,0.4753760680130652,0.030929368335055246,False,False
2024-09-28 15:00:00+00:00,sell,65687.869635,0.005731060867162394,0.37646117911241334,0.18832475193217538,376.46117911241333,65619.13,0.0,0.0,0.47609863556183885,0.030930907107472233,False,False
2024-09-28 16:00:00+00:00,buy,65651.94957,0.0024875236268256553,0.1633107757025414,0.08161458056098429,163.3107757025414,65516.0,0.20669174607837829,0.20669174607837829,0.20669174607837829,0.030930086680236696,False,False
2024-09-28 17:00:00+00:00,buy,65548.758,0.002577549395577064,0.16895516156372725,0.08443536310031766,168.95516156372724,65633.2,0.42035753972640055,0.42035753972640055,0.21354515141362077,0.030929589242140454,False,False
2024-09-28 18:00:00+00:00,sell,65600.3834,0.005065073022402719,0.3322707322186152,0.16621847534693557,332.2707322186152,65715.01,0.0,0.0,0.4214322763386153,0.03093085329918585,False,False
2024-09-29 06:00:00+00:00,buy,65626.79699999999,0.0045978719583480866,0.3017436096425023,0.15079640661790258,301.7436096425023,65499.99,0.382377435074326,0.382377435074326,0.382377435074326,0.030933154488917897,False,False
2024-09-29 07:00:00+00:00,buy,65532.75,0.002673598132455327,0.17520823801466184,0.08756033883791196,175.20823801466184,65477.01,0.6047329604196097,0.6047329604196097,0.22248442506421695,0.03093303726389221,False,False
2024-09-29 09:00:00+00:00,sell,65527.130045000005,0.0031413198227249082,0.20584167253663144,0.10297232242952467,205.84167253663142,65579.91,0.3436519709489392,0.3436519709489392,0.26156023153085206,0.030922289912341444,False,False
2024-09-29 10:00:00+00:00,sell,65547.120045,0.0008968200461481686,0.05878397122363645,0.029406688956296542,58.78397122363645,65571.99,0.26928690540229994,0.26928690540229994,0.07464983777723727,0.030918276066248807,False,False
2024-09-29 12:00:00+00:00,sell,65659.07404,0.003233330221930337,0.21229746843749364,0.10620183513628736,212.29746843749365,65631.68,0.0,0.0,0.26947125124110705,0.030901848159677447,False,False
2024-09-29 23:00:00+00:00,buy,65707.25721,0.0031610305523727534,0.20770264755342488,0.10379942406467337,207.70264755342487,65602.01,0.26369422233975187,0.26369422233975187,0.26369422233975187,0.030878745147108505,False,False
2024-09-30 00:00:00+00:00,buy,65378.99216627962,0.00321631604809506,0.21027950171268633,0.0,210.27950171268634,65463.85,0.5321444486507827,0.5321444486507827,0.2689343151733075,0.030875595021424063,False,False
2024-09-30 01:00:00+00:00,buy,65240.7700093779,0.005278120912770986,0.34434867255177964,0.0,344.34867255177966,64769.99,0.9759333469672022,0.9759333469672022,0.4476064742119211,0.030895478910072438,False,False
2024-09-30 02:00:00+00:00,buy,64549.16147183414,0.00030078985398355497,0.019415732853873904,0.0,19.4157328538739,64376.01,1.0,1.0,0.031087254093494887,0.030899305276909372,False,False
2024-09-30 06:00:00+00:00,sell,64493.737,0.002700412036024575,0.17415966364300345,0.0871233935182582,174.15966364300346,64356.0,0.771535742085224,0.771535742085224,0.22247142398532527,0.03089670239051137,False,False
2024-09-30 08:00:00+00:00,sell,64529.728995000005,0.003406311318660403,0.2198083462657569,0.10995915270922317,219.8083462657569,64311.58,0.4880587953381342,0.4880587953381342,0.2812117402368433,0.030901823192608063,False,False
2024-09-30 09:00:00+00:00,buy,64091.68900698541,0.0016575850697502512,0.10623742679305533,0.0,106.23742679305532,63541.01,0.627249424758979,0.627249424758979,0.14435390993674402,0.030922680154292198,False,False
2024-09-30 10:00:00+00:00,buy,63324.91846178414,0.004602705275396664,0.29146593626811745,0.0,291.46593626811745,63645.99,1.0,1.0,0.37905596187904356,0.030878249823458714,False,False
2024-09-30 11:00:00+00:00,sell,63861.96244896728,0.002437630040785293,0.15567183812910498,0.0,155.67183812910497,63819.44,0.7966232363744821,0.7966232363744821,0.20348686126101367,0.030861039355128628,False,False
2024-09-30 12:00:00+00:00,sell,64034.265641998114,0.002909149166428069,0.18628523051525236,0.0,186.28523051525235,64048.0,0.5569815815628967,0.5569815815628967,0.2424403817897557,0.030795035544017108,False,False
2024-09-30 13:00:00+00:00,sell,64015.985995,0.002729464031659898,0.17472933122459625,0.08740836979719484,174.72933122459625,63874.54,0.33398494658573796,0.33398494658573796,0.2244859284581362,0.030796311775837804,False,False
2024-09-30 14:00:00+00:00,buy,63659.45741673881,0.000677405955504906,0.04312329557830983,0.0,43.12329557830983,63740.72,0.3892276578215143,0.3892276578215143,0.05666632276986233,0.03079809547942708,False,False
2024-09-30 16:00:00+00:00,buy,63593.20071,0.000764199666588459,0.048597902779874955,0.02428680798594381,48.59790277987496,63486.98,0.45083937333221163,0.45083937333221163,0.06338024990279956,0.030781203449715355,False,False
2024-09-30 18:00:00+00:00,sell,63664.152,0.0023215046850206165,0.14779662713586467,0.07393528120853227,147.79662713586467,63330.55,0.2605723316373334,0.2605723316373334,0.18921832291218926,0.030774795226677393,False,False
2024-09-30 19:00:00+00:00,buy,63362.22527999999,0.0019095488450182516,0.12099326410121025,0.0604663988511677,120.99326410121024,63488.0,0.4153828683856524,0.4153828683856524,0.1560144625763995,0.03077446428864475,False,False
2024-09-30 20:00:00+00:00,sell,63701.29105431199,0.0015900977696238008,0.10129128082761807,0.0,101.29128082761807,63809.99,0.28501742197479935,0.28501742197479935,0.13259628067492907,0.030779593424156898,False,False
2024-09-30 21:00:00+00:00,sell,63778.095,0.003473133131278231,0.2215098147943105,0.11081031255342792,221.5098147943105,63706.93,0.0,0.0,0.2862341226507879,0.03077995167144479,False,False
2024-09-30 23:00:00+00:00,buy,63268.73416916106,0.0028567430019733227,0.18074251358146132,0.0,180.7425135814613,63327.59,0.23462962498337728,0.23462962498337728,0.23462962498337728,0.030779025803628568,False,False
2024-10-01 00:00:00+00:00,buy,63114.8176445575,0.0007826887491344521,0.049399257674067755,0.0,49.399257674067755,63531.99,0.2979661019736147,0.2979661019736147,0.06332511241032746,0.030780735528201347,False,False
