timestamp,side,price,qty,fee,slippage,notional,bar_close,target_exposure_raw,target_exposure_final,delta_e,delta_e_min,suppressed,clamped_long_only
2024-04-30 05:00:00+00:00,buy,63169.385274,0.0007885940283244049,0.049815,0.0,49.815,63330.0,0.05,0.05,0.05,0.031602793098166465,False,False
2024-04-30 06:00:00+00:00,sell,63298.33500000001,0.0007885940283244049,0.049916688983877675,0.024970829906887232,49.91668898387768,63412.0,0.0,0.0,0.049999249154153644,0.03160256133377934,False,False
2024-04-30 08:00:00+00:00,buy,62914.05324266712,0.0007917632136959399,0.049813032982051586,0.0,49.81303298205159,61919.32,0.05,0.05,0.05,0.031642837510812816,False,False
2024-04-30 11:00:00+00:00,sell,61751.28891,0.0007917632136959399,0.048892398957248055,0.024458428692968413,48.892398957248055,61204.42,0.0,0.0,0.04852863200075499,0.0316342003602976,False,False
2024-04-30 12:00:00+00:00,buy,60977.6801665663,0.0008160630815488224,0.049761633582426607,0.0,49.761633582426605,61230.16,0.05,0.05,0.05,0.03161369346663315,False,False
2024-04-30 13:00:00+00:00,sell,61199.54492000001,0.0008160630815488224,0.04994268921680079,0.02498383652666041,49.94268921680079,60820.57,0.0,0.0,0.04969528171007689,0.031606351899796936,False,False
2024-04-30 14:00:00+00:00,buy,60595.33845840156,0.0008212594783333203,0.04976449605177785,0.0,49.76449605177785,61247.87,0.05,0.05,0.05,0.031611030098805254,False,False
2024-04-30 15:00:00+00:00,sell,61217.24606500001,0.0008212594783333203,0.05027524356834441,0.02515019688261021,50.27524356834441,60796.85,0.0,0.0,0.04997470244009436,0.0316160263475517,False,False
2024-04-30 17:00:00+00:00,buy,60113.049402543154,0.0008281654821202156,0.04978355254017349,0.0,49.78355254017349,60368.81,0.05,0.05,0.05,0.031618353003214444,False,False
2024-04-30 18:00:00+00:00,sell,60338.635590000005,0.0008281654821202156,0.04997037523386835,0.024997686460159606,49.97037523386835,60403.67,0.0,0.0,0.050045953829323024,0.031616268159562894,False,False
2024-04-30 20:00:00+00:00,buy,59322.59647499999,0.00084279596875693,0.04999684516532405,0.02498592961784813,49.99684516532405,59958.62,0.05,0.05,0.05,0.03166093696214348,False,False
2024-04-30 21:00:00+00:00,sell,60181.904433085,0.00084279596875693,0.05072106644831885,0.0,50.72106644831885,60180.0,0.0,0.0,0.05071515983255063,0.03166130198749062,False,False
2024-05-01 01:00:00+00:00,buy,60016.46200445556,0.000830034921771908,0.04981575934489497,0.0,49.815759344894964,60133.78,0.05,0.05,0.05,0.0316525290620156,False,False
2024-05-01 04:00:00+00:00,sell,60215.89699,0.000830034921771908,0.04998129734751993,0.025003150248880838,49.98129734751993,60283.99,0.0,0.0,0.050027414024397476,0.0316494843370613,False,False
2024-05-01 06:00:00+00:00,buy,59826.476258086426,0.0008327032526996017,0.04981770137766406,0.0,49.81770137766406,59529.94,0.05,0.05,0.05,0.03165679056736928,False,False
2024-05-01 11:00:00+00:00,sell,57739.79566,0.0008327032526996017,0.048080115656292347,0.024052083870078615,48.08011565629234,57898.47,0.0,0.0,0.048288483835601206,0.031728248008545484,False,False
2024-05-01 14:00:00+00:00,buy,57329.940644999995,0.0008710248096764447,0.049935800639073,0.02495542260822738,49.935800639072994,57482.0,0.05,0.05,0.05,0.03171971221150466,False,False
2024-05-01 15:00:00+00:00,sell,57453.268995000006,0.0008710248096764447,0.05004322269165946,0.025034128410031452,50.04322269165946,56886.0,0.0,0.0,0.049660588967910174,0.031715806838856914,False,False
2024-05-01 16:00:00+00:00,buy,56914.443,0.0008773462344052427,0.049933672249321825,0.024954358945187705,49.93367224932182,57043.99,0.05,0.05,0.05,0.031715056795005664,False,False
2024-05-01 17:00:00+00:00,sell,57257.76650770649,0.0008773462344052427,0.05023488583599091,0.0,50.23488583599091,57424.65,0.0,0.0,0.0504546060392501,0.03171852674016323,False,False
2024-05-01 20:00:00+00:00,buy,56982.937229999996,0.0008764462418546074,0.04994248118507049,0.02495876121192646,49.94248118507049,57361.7,0.05,0.05,0.05,0.03189077406233615,False,False
2024-05-01 21:00:00+00:00,sell,57580.889264684105,0.0008764462418546074,0.05046655399867869,0.0,50.46655399867869,57909.03,0.0,0.0,0.05080052152664338,0.03189880526142455,False,False
2024-05-02 01:00:00+00:00,buy,57546.05240097451,0.0008644589183624505,0.04974619821457532,0.0,49.74619821457532,57112.37,0.05,0.05,0.05,0.031920837442227123,False,False
2024-05-02 03:00:00+00:00,sell,57684.03235634942,0.0008644589183624505,0.04986547621755441,0.0,49.86547621755441,57442.88,0.0,0.0,0.04972611832717637,0.03192369335302553,False,False
2024-05-02 17:00:00+00:00,buy,59047.038765,0.0008461628433305585,0.049963410211642106,0.024969220495572146,49.963410211642106,59190.24,0.05,0.05,0.05,0.03179162190446161,False,False
2024-05-02 18:00:00+00:00,sell,59413.83182360878,0.0008461628433305585,0.050273776869028425,0.0,50.273776869028424,59383.52,0.0,0.0,0.05029950378627578,0.03179220446820269,False,False
2024-05-02 20:00:00+00:00,buy,59126.71386154359,0.0008415631555883048,0.049758863896887384,0.0,49.758863896887384,58727.45,0.05,0.05,0.05,0.03179990554139292,False,False
2024-05-02 23:00:00+00:00,sell,59298.336,0.0008415631555883048,0.04990329476529558,0.024964129447368973,49.90329476529558,59060.61,0.0,0.0,0.04976052806061008,0.03180128202378679,False,False
2024-05-03 00:00:00+00:00,buy,58837.290587933254,0.0008457192990361081,0.04975983215321072,0.0,49.759832153210716,59031.81,0.05,0.05,0.05,0.031800799248343725,False,False
2024-05-03 02:00:00+00:00,sell,59535.41631621691,0.0008457192990361081,0.050350250554773844,0.0,50.350250554773844,59543.76,0.0,0.0,0.05038141449430581,0.03180326661391353,False,False
2024-05-03 05:00:00+00:00,buy,59633.801999999996,0.0008384203182436535,0.04999819125091902,0.024986602324294043,49.99819125091902,59522.67,0.05,0.05,0.05,0.03180321582216819,False,False
2024-05-03 10:00:00+00:00,sell,59451.369445000004,0.0008384203182436535,0.04984523609009792,0.024935085587840095,49.84523609009792,59040.0,0.0,0.0,0.04955527988096719,0.03168149398273559,False,False
2024-05-03 11:00:00+00:00,buy,59069.530005,0.000846173105912262,0.0499830476691084,0.024979034317394226,49.9830476691084,59291.09,0.05,0.05,0.05,0.03163076738114934,False,False
2024-05-03 13:00:00+00:00,sell,60867.42882973362,0.000846173105912262,0.05150438130174926,0.0,51.504381301749255,61689.94,0.0,0.0,0.05213240150132958,0.031685598355013556,False,False
2024-05-03 19:00:00+00:00,buy,61860.064575,0.0008091298682459428,0.05005282589925526,0.025013905996625466,50.05282589925526,62067.32,0.05,0.05,0.05,0.03162174639114251,False,False
2024-05-03 20:00:00+00:00,sell,62297.79872495755,0.0008091298682459428,0.05040700967433717,0.0,50.40700967433717,62900.0,0.0,0.0,0.050827044053681214,0.03163540416396682,False,False
2024-05-03 23:00:00+00:00,buy,62813.81120999999,0.0007970264206912418,0.05006426711868169,0.025019623747462586,50.06426711868169,62882.01,0.05,0.05,0.05,0.0315979197268324,False,False
2024-05-04 06:00:00+00:00,sell,63352.317995000005,0.0007970264206912418,0.050493471254048204,0.02525936530967667,50.4934712540482,62966.93,0.0,0.0,0.05014459126706491,0.03160594196376623,False,False
2024-05-04 07:00:00+00:00,buy,62998.403459999994,0.0007949120882096674,0.05007819244826373,0.02502658293266222,50.07819244826373,62959.03,0.05,0.05,0.05,0.03160517130981444,False,False
2024-05-04 11:00:00+00:00,sell,64388.68955,0.0007949120882096674,0.05118334766727449,0.025604476071672027,51.18334766727449,63873.31,0.0,0.0,0.05068832299715517,0.031642643917790286,False,False
2024-05-04 14:00:00+00:00,buy,63761.865,0.0007861419895861542,0.05012587941082377,0.025050414498161203,50.12587941082377,63819.09,0.05,0.05,0.05,0.03163151412755158,False,False
2024-05-04 20:00:00+00:00,sell,64148.220597194886,0.0007861419895861542,0.050429609768690306,0.0,50.429609768690305,63867.73,0.0,0.0,0.05010765494356203,0.031243282258818034,False,False
2024-05-04 21:00:00+00:00,buy,63640.86746491245,0.0007845860088212775,0.04993173420221955,0.0,49.93173420221955,63903.91,0.05,0.05,0.05,0.03124372660029945,False,False
2024-05-05 08:00:00+00:00,sell,63704.991570000006,0.0007845860088212775,0.04998204507789943,0.02500352430109633,49.98204507789943,63668.0,0.0,0.0,0.04984505460802356,0.031223489858828946,False,False
2024-05-05 19:00:00+00:00,buy,63964.576304999995,0.0007837315713786749,0.05013105790008881,0.025053002448815653,50.131057900088805,63879.94,0.05,0.05,0.05,0.031212360144308088,False,False
2024-05-06 00:00:00+00:00,sell,64240.46635314155,0.0007837315713786749,0.05034728164104652,0.0,50.34728164104652,64218.02,0.0,0.0,0.05021702553283288,0.031284638214526345,False,False
2024-05-06 03:00:00+00:00,buy,63857.99304,0.0007851107183394055,0.05013559478734716,0.025055269758793755,50.13559478734716,63866.59,0.05,0.05,0.05,0.03126178612013178,False,False
2024-05-06 05:00:00+00:00,sell,64133.92699500001,0.0007851107183394055,0.05035223349297145,0.02518871110203135,50.35223349297145,64186.93,0.0,0.0,0.05027349943228799,0.031262458830072615,False,False
2024-05-06 11:00:00+00:00,buy,64039.16358,0.0007829410781920729,0.050138891779843736,0.025056917431203814,50.13889177984373,64203.56,0.05,0.05,0.05,0.031231740743474512,False,False
2024-05-06 21:00:00+00:00,sell,63535.54889448602,0.0007829410781920729,0.04974459115497405,0.0,49.74459115497405,63550.29,0.0,0.0,0.04966580327814975,0.031334959052881306,False,False
2024-05-07 00:00:00+00:00,buy,63196.76259,0.000792966517488761,0.050112916747556316,0.025043936405573914,50.11291674755631,63545.45,0.05,0.05,0.05,0.03133430877153759,False,False
2024-05-07 01:00:00+00:00,sell,63773.59864697636,0.000792966517488761,0.05057032842681881,0.0,50.570328426818804,63895.72,0.0,0.0,0.05055409983963061,0.03133642383557991,False,False
2024-05-07 04:00:00+00:00,buy,63271.11975,0.0007922968561743035,0.05012950926455288,0.025052228518015866,50.12950926455288,63466.26,0.05,0.05,0.05,0.03133454830782445,False,False
2024-05-07 05:00:00+00:00,sell,63694.10436283882,0.0007922968561743035,0.050464638643515185,0.0,50.46463864351519,63563.48,0.0,0.0,0.05024830801773981,0.03133489423270314,False,False
2024-05-07 12:00:00+00:00,buy,63522.175214999996,0.0007893304736818081,0.05013998865175476,0.025057465593077182,50.139988651754756,63663.02,0.05,0.05,0.05,0.03129353504356072,False,False
2024-05-07 15:00:00+00:00,sell,64253.58584755467,0.0007893304736818081,0.05071731335280504,0.0,50.71731335280504,63740.48,0.0,0.0,0.05019205611001321,0.031307537534459806,False,False
2024-05-07 17:00:00+00:00,buy,63406.84192929628,0.0007879044152792292,0.0499585307150047,0.0,49.9585307150047,63391.79,0.05,0.05,0.05,0.03128581394353239,False,False
2024-05-08 03:00:00+00:00,sell,62724.622,0.0007879044152792292,0.04942100662052068,0.024722864742629268,49.42100662052068,62893.99,0.0,0.0,0.04944093618295273,0.03132235444904444,False,False
2024-05-08 05:00:00+00:00,buy,62551.410075,0.0008014123503863346,0.0501294725681852,0.025052210179001753,50.1294725681852,62617.71,0.05,0.05,0.05,0.031326662471597544,False,False
2024-05-08 06:00:00+00:00,sell,62586.401145,0.0008014123503863346,0.05015751484383643,0.025091303073451476,50.15751484383643,62505.98,0.0,0.0,0.049994234878882486,0.03132262962154378,False,False
2024-05-08 08:00:00+00:00,buy,62239.104,0.0008053353418652831,0.05012335009722891,0.02504915047337725,50.12335009722891,62375.99,0.05,0.05,0.05,0.031323578456381534,False,False
2024-05-08 09:00:00+00:00,sell,62344.802005000005,0.0008053353418652831,0.050208472436220064,0.025116794615412063,50.20847243622006,62302.01,0.0,0.0,0.0500767860985295,0.03132279952661715,False,False
2024-05-08 20:00:00+00:00,buy,61959.28742554439,0.0008056525455809593,0.04991765763677216,0.0,49.91765763677216,61570.01,0.05,0.05,0.05,0.031215985375607158,False,False
2024-05-09 02:00:00+00:00,sell,61520.214505,0.0008056525455809593,0.04956391742063991,0.02479435588825958,49.56391742063991,61664.64,0.0,0.0,0.0496002519987132,0.031223642066784213,False,False
2024-05-12 21:00:00+00:00,buy,61070.01827672121,0.0008083342282464798,0.04936498609271186,0.0,49.36498609271186,61236.0,0.04946760512542861,0.04946760512542861,0.04946760512542861,0.031098473673335403,False,False
2024-05-13 00:00:00+00:00,sell,61698.1182630696,0.0008083342282464798,0.04987270081043841,0.0,49.87270081043841,61512.89,0.0,0.0,0.04963704030231011,0.031075251030740325,False,False
2024-05-13 02:00:00+00:00,buy,61202.17531366339,0.0008156124314999842,0.04991725502066531,0.0,49.91725502066531,61044.26,0.05,0.05,0.05,0.031068325299223043,False,False
2024-05-13 07:00:00+00:00,sell,61719.03635515459,0.0008156124314999842,0.05033881331146356,0.0,50.33881331146356,62334.37,0.0,0.0,0.050703553278204916,0.03110499379569709,False,False
2024-05-13 14:00:00+00:00,buy,62811.04983,0.0007981505527528272,0.05013267414079988,0.02505381016531734,50.13267414079988,62747.87,0.05,0.05,0.05,0.03111307049128198,False,False
2024-05-13 16:00:00+00:00,sell,63222.46762557531,0.0007981505527528272,0.050461047481750655,0.0,50.461047481750654,63178.89,0.0,0.0,0.05030699754418981,0.031115964646709626,False,False
2024-05-13 18:00:00+00:00,buy,62590.7705321971,0.0007979199121467522,0.04994242212424824,0.0,49.94242212424824,62786.9,0.05,0.05,0.05,0.03111373296618236,False,False
2024-05-13 20:00:00+00:00,sell,63141.11365,0.0007979199121467522,0.0503815518564561,0.025203377617034783,50.3815518564561,63091.89,0.0,0.0,0.0502064646700478,0.031116531129120634,False,False
2024-05-13 21:00:00+00:00,buy,62871.096059051466,0.0007946099678773752,0.049957999619898254,0.0,49.95799961989825,62901.75,0.05,0.05,0.05,0.0311160332008886,False,False
2024-05-14 06:00:00+00:00,sell,62685.861390000005,0.0007946099678773752,0.0498108103054735,0.0249178640847757,49.810810305473495,62042.0,0.0,0.0,0.049202755760391986,0.03112878652183615,False,False
2024-05-14 07:00:00+00:00,buy,62073.010995,0.000807837449132458,0.05014490286217181,0.025059921470349883,50.14490286217181,62035.39,0.05,0.05,0.05,0.031128256182671038,False,False
2024-05-14 12:00:00+00:00,sell,62015.005752178324,0.000807837449132458,0.05009804405477444,0.0,50.09804405477444,61566.52,0.0,0.0,0.04964080285047796,0.031122972833442647,False,False
2024-05-14 13:00:00+00:00,buy,61597.313265,0.0008139363198951156,0.05013629047434069,0.02505561742845466,50.13629047434069,61695.98,0.05,0.05,0.05,0.031124753582486314,False,False
2024-05-14 14:00:00+00:00,sell,61912.154202018115,0.0008139363198951156,0.050392550947969544,0.0,50.392550947969546,61803.74,0.0,0.0,0.05018799683192077,0.031126798561921326,False,False
2024-05-14 17:00:00+00:00,buy,61212.18279555209,0.0008158843518339027,0.04994206208448739,0.0,49.94206208448739,61314.98,0.05,0.05,0.05,0.031131656843819355,False,False
2024-05-14 19:00:00+00:00,sell,61645.51344897722,0.0008158843518339027,0.05029560978378691,0.0,50.29560978378691,61596.52,0.0,0.0,0.05012436080366396,0.031137460668857392,False,False
2024-05-15 01:00:00+00:00,buy,61469.069175,0.0008159469477781011,0.050155499376102204,0.02506521707951001,50.155499376102206,61696.0,0.05,0.05,0.05,0.031136558398130287,False,False
2024-05-15 02:00:00+00:00,sell,61665.142005,0.0008159469477781011,0.05031548440328292,0.025170327365321224,50.31548440328292,61774.01,0.0,0.0,0.05026446519584739,0.031140565753145194,False,False
2024-05-15 21:00:00+00:00,buy,65963.84544,0.0007603553613112781,0.050155963533012514,0.025065449041985217,50.15596353301251,65859.99,0.05,0.05,0.05,0.031180160565871112,False,False
2024-05-16 08:00:00+00:00,sell,66375.38866565401,0.0007603553613112781,0.05046888263104987,0.0,50.46888263104987,66297.12,0.0,0.0,0.05026881162631048,0.031163834723545558,False,False
2024-05-16 11:00:00+00:00,buy,66203.08499999999,0.0007577491238342465,0.05016532965387414,0.02507012976204987,50.16532965387414,66503.8,0.05,0.05,0.05,0.031150979094678732,False,False
2024-05-16 12:00:00+00:00,sell,66737.6174476938,0.0007577491238342465,0.05057037114777511,0.0,50.570371147775106,66011.01,0.0,0.0,0.049890846570175264,0.031155393411664928,False,False
2024-05-16 13:00:00+00:00,buy,65778.9027066409,0.0007597856979809726,0.04997786950538764,0.0,49.977869505387645,66328.05,0.05,0.05,0.05,0.031156578747177255,False,False
2024-05-16 21:00:00+00:00,sell,65241.26305000001,0.0007597856979809726,0.049569378583604495,0.02479708783571463,49.5693785836045,65461.99,0.0,0.0,0.04959852223007457,0.03126760485639557,False,False
2024-05-17 00:00:00+00:00,buy,65267.827605,0.0007684129405637472,0.05015264333416577,0.02506378977219637,50.15264333416577,65508.69,0.05,0.05,0.05,0.031303960089778454,False,False
2024-05-17 01:00:00+00:00,sell,65475.94565,0.0007684129405637472,0.050312563933108595,0.0251688663997508,50.31256393310859,65340.84,0.0,0.0,0.050081915647524726,0.031301355109973894,False,False
2024-05-17 12:00:00+00:00,buy,66251.09899500001,0.0007570154376653345,0.050153104701509334,0.02506402034058613,50.153104701509335,66379.97,0.05,0.05,0.05,0.0312963251223404,False,False
2024-05-17 13:00:00+00:00,sell,66346.78001500001,0.0007570154376653345,0.050225536710740905,0.025125331020873297,50.225536710740904,65944.02,0.0,0.0,0.04980841617760938,0.031298843735973386,False,False
2024-05-17 14:00:00+00:00,buy,65976.99201,0.0007601012780535921,0.050149195948932634,0.025062066940994058,50.149195948932636,66806.66,0.05,0.05,0.05,0.03132172346493753,False,False
2024-05-17 15:00:00+00:00,sell,67046.18680664967,0.0007601012780535921,0.0509618922803543,0.0,50.9618922803543,67195.1,0.0,0.0,0.05090539579537193,0.031323674348413544,False,False
2024-05-17 18:00:00+00:00,buy,66463.28776260954,0.0007519726025423061,0.04997857147236771,0.0,49.978571472367705,66821.98,0.05,0.05,0.05,0.03132654144267255,False,False
2024-05-17 20:00:00+00:00,sell,67014.46600500001,0.0007519726025423061,0.05039304240976276,0.02520912576776219,50.39304240976276,66890.0,0.0,0.0,0.05012700556463119,0.03132018159702221,False,False
2024-05-17 21:00:00+00:00,buy,66923.44499999999,0.0007500807975884507,0.050197991002966805,0.025086452275340055,50.1979910029668,66810.65,0.05,0.05,0.05,0.03130975588875695,False,False
2024-05-18 00:00:00+00:00,sell,66990.488,0.0007500807975884507,0.050248278669879534,0.02513670768878599,50.24827866987953,66891.59,0.0,0.0,0.05000613094850137,0.031311003816373056,False,False
2024-05-18 01:00:00+00:00,buy,66925.03579499999,0.0007499879351433455,0.050192969405286524,0.0250839427312719,50.192969405286526,66980.0,0.05,0.05,0.05,0.03131115514214447,False,False
2024-05-18 09:00:00+00:00,sell,66994.076205,0.0007499879351433455,0.050244748879823886,0.02513494191086112,50.24474887982389,67125.04,0.0,0.0,0.050170762361650745,0.03131219411543398,False,False
2024-05-18 13:00:00+00:00,buy,66981.463995,0.0007492822653247059,0.05018802307693882,0.025081470803062642,50.18802307693882,66863.17,0.05,0.05,0.05,0.031314807094324854,False,False
2024-05-18 20:00:00+00:00,sell,66879.16369,0.0007492822653247059,0.05011137127266502,0.025068219746201204,50.11137127266502,66964.01,0.0,0.0,0.05001636897743826,0.03133923893844637,False,False
2024-05-18 22:00:00+00:00,buy,66932.739645,0.000749657979354895,0.05017666235495796,0.025075793280839014,50.17666235495796,66932.01,0.05,0.05,0.05,0.0313369348512999,False,False
2024-05-18 23:00:00+00:00,sell,66898.534,0.000749657979354895,0.050151019820244745,0.025088053937091178,50.15101982024474,66915.2,0.0,0.0,0.05001629914421396,0.031337630645181,False,False
2024-05-19 00:00:00+00:00,buy,66948.65759999999,0.0007493481280556856,0.05016785124840104,0.025071389929231615,50.16785124840104,66906.53,0.05,0.05,0.05,0.031336697217986265,False,False
2024-05-19 02:00:00+00:00,sell,67160.38265629555,0.0007493481280556856,0.05032650702299861,0.0,50.326507022998605,67211.61,0.0,0.0,0.05021538281529028,0.031340328104169285,False,False
2024-05-19 07:00:00+00:00,buy,67056.15131999999,0.0007481715784366545,0.05016950657697155,0.025072217179888737,50.16950657697155,67324.44,0.05,0.05,0.05,0.03134361327329041,False,False
2024-05-19 08:00:00+00:00,sell,67290.77778,0.0007481715784366545,0.05034504742589277,0.02518511627108068,50.345047425892766,67160.01,0.0,0.0,0.0501023572800824,0.03134692829297786,False,False
2024-05-19 09:00:00+00:00,buy,67193.58,0.0007466598095274721,0.05017074564426895,0.025072836403933815,50.170745644268955,67180.01,0.05,0.05,0.05,0.03134868801608856,False,False
2024-05-19 10:00:00+00:00,sell,67421.5519782393,0.0007466598095274721,0.050340963158118715,0.0,50.34096315811871,67269.99,0.0,0.0,0.05008279496439975,0.03134846509915323,False,False
2024-05-19 13:00:00+00:00,buy,66866.406495,0.0007503465647174725,0.05017297840852534,0.025073952228146845,50.17297840852534,67049.99,0.05,0.05,0.05,0.0313571511574251,False,False
2024-05-19 23:00:00+00:00,sell,66330.428195,0.0007503465647174725,0.049770808932357226,0.024897853392875178,49.77080893235723,66274.01,0.0,0.0,0.04960751576735033,0.03144340587460656,False,False
2024-05-20 00:00:00+00:00,buy,66307.137,0.0007562588677737981,0.05014536035294212,0.025060150101422197,50.14536035294212,66459.99,0.05,0.05,0.05,0.03148866443472961,False,False
2024-05-20 01:00:00+00:00,sell,66426.760005,0.0007562588677737981,0.05023582631126312,0.025130478394830114,50.23582631126312,66520.4,0.0,0.0,0.050181585832269844,0.03153611585063229,False,False
2024-05-20 07:00:00+00:00,buy,66443.21500499999,0.0007546647698140496,0.05014235355745372,0.02505864745499647,50.142353557453724,66825.14,0.05,0.05,0.05,0.03156528786453097,False,False
2024-05-20 08:00:00+00:00,sell,66791.737425,0.0007546647698140496,0.05040537114931806,0.025215293221265766,50.405371149318064,66762.0,0.0,0.0,0.05025672101557794,0.031561129165905644,False,False
2024-05-20 09:00:00+00:00,buy,66795.391005,0.0007507698570837336,0.050147966158675956,0.025061452353163587,50.147966158675956,66894.01,0.05,0.05,0.05,0.031549124430125364,False,False
2024-05-20 10:00:00+00:00,sell,67139.41390959747,0.0007507698570837336,0.05040624818559413,0.0,50.40624818559413,67109.99,0.0,0.0,0.05025254236598013,0.031526146861088955,False,False
2024-05-20 13:00:00+00:00,buy,66969.8682,0.0007489129684944787,0.05015460279334599,0.025064769012169145,50.154602793345994,67099.98,0.05,0.05,0.05,0.03152191711204114,False,False
2024-05-20 14:00:00+00:00,sell,67066.43001,0.0007489129684944787,0.05022691918511629,0.02512602260385972,50.226919185116294,67006.01,0.0,0.0,0.05005440112644198,0.03152143491860307,False,False
2024-05-20 15:00:00+00:00,buy,67039.503,0.0007480766681825898,0.050150688040856733,0.025062812614119044,50.150688040856735,67419.99,0.05,0.05,0.05,0.031526541808964414,False,False
2024-05-20 16:00:00+00:00,sell,67667.85679331157,0.0007480766681825898,0.05062074485299715,0.0,50.62074485299715,68190.06,0.0,0.0,0.050843710538499017,0.03154504939028199,False,False
2024-05-21 02:00:00+00:00,buy,71125.50498,0.0007053434318513364,0.05016790777475252,0.025071418178281107,50.167907774752514,71283.8,0.05,0.05,0.05,0.03163045994402139,False,False
2024-05-21 13:00:00+00:00,sell,71314.31500500001,0.0007053434318513364,0.05030108368575396,0.02516312340457499,50.30108368575396,70595.92,0.0,0.0,0.04967475423664226,0.03155773828316266,False,False
2024-05-21 14:00:00+00:00,buy,70335.89404546778,0.000710267108573302,0.049957272092592535,0.0,49.95727209259253,70213.2,0.05,0.05,0.05,0.03156208091354745,False,False
2024-05-21 21:00:00+00:00,sell,69692.13650000001,0.000710267108573302,0.04950003228215089,0.024762397339739776,49.50003228215089,69727.76,0.0,0.0,0.04940886274172488,0.0314997947505756,False,False
2024-05-22 05:00:00+00:00,buy,69634.76998499999,0.0007200130546013789,0.05013794344336426,0.025056443499925366,50.13794344336426,69898.12,0.05,0.05,0.05,0.031315776968070336,False,False
2024-05-22 06:00:00+00:00,sell,69863.17094,0.0007200130546013789,0.05030239511264769,0.025163779446046152,50.30239511264769,69854.08,0.0,0.0,0.0501784093744408,0.03129665557360872,False,False
2024-05-22 08:00:00+00:00,buy,69749.8575,0.000718834921541324,0.05013863334353103,0.025056788277625447,50.13863334353103,70010.27,0.05,0.05,0.05,0.03129965413786115,False,False
2024-05-22 09:00:00+00:00,sell,69975.25487,0.000718834921541324,0.05030065684431061,0.02516290987708699,50.30065684431061,69987.44,0.0,0.0,0.05019060883356394,0.031280047144737116,False,False
2024-05-22 12:00:00+00:00,buy,69771.00807,0.000718625160223598,0.050139201853265696,0.025057072390435337,50.139201853265696,69643.88,0.05,0.05,0.05,0.031269860116057396,False,False
2024-05-22 15:00:00+00:00,sell,70356.5363342089,0.000718625160223598,0.050559977195948264,0.0,50.559977195948264,70455.9,0.0,0.0,0.05049505184984125,0.030997284613870718,False,False
2024-05-22 18:00:00+00:00,buy,69622.79730108142,0.0007175260527302003,0.049956170927479795,0.0,49.956170927479796,69574.6,0.05,0.05,0.05,0.03098634973711617,False,False
2024-05-23 01:00:00+00:00,sell,69465.06009500001,0.0007175260527302003,0.04984299037263151,0.024933962167392038,49.84299037263151,69483.16,0.0,0.0,0.049735232063568155,0.030941865776637545,False,False
2024-05-23 11:00:00+00:00,buy,69571.98861,0.0007207219392941164,0.050142058551547374,0.02505850002576021,50.14205855154737,69982.72,0.05,0.05,0.05,0.030902100743595923,False,False
2024-05-23 12:00:00+00:00,sell,69947.72864,0.0007207219392941164,0.050412862634639406,0.02521904083773856,50.4128626346394,69428.53,0.0,0.0,0.04993074413881005,0.030910085033874157,False,False
2024-05-23 13:00:00+00:00,buy,69189.59970989253,0.0007219366250815584,0.04995050610530379,0.0,49.95050610530379,68036.14,0.05,0.05,0.05,0.03097616939313519,False,False
2024-05-23 21:00:00+00:00,sell,68036.00852800538,0.0007219366250815584,0.04911768638072833,0.0,49.11768638072833,67992.77,0.0,0.0,0.04901070099989372,0.030968455208176898,False,False
2024-05-24 05:00:00+00:00,buy,67475.27161816892,0.0007395910989952132,0.04990411029108207,0.0,49.90411029108207,67299.99,0.05,0.05,0.05,0.030974331647823067,False,False
2024-05-24 09:00:00+00:00,sell,67417.58967391278,0.0007395910989952132,0.04986144923853749,0.0,49.86144923853749,67375.26,0.0,0.0,0.04976026857637457,0.030840676634141084,False,False
2024-05-30 07:00:00+00:00,buy,67607.36943769302,0.0007381448858389873,0.04990403399546015,0.0,49.90403399546015,67584.56,0.05,0.05,0.05,0.030638036666446655,False,False
2024-05-30 11:00:00+00:00,sell,67908.10896000001,0.0007381448858389873,0.05012602333582072,0.025075549442623878,50.12602333582072,67817.01,0.0,0.0,0.04998427757878392,0.03060175473428503,False,False
2024-05-30 12:00:00+00:00,buy,67850.918505,0.0007383712005704216,0.05009916415634268,0.025037063546397717,50.09916415634268,68133.34,0.05,0.05,0.05,0.030601558546997254,False,False
2024-05-30 13:00:00+00:00,sell,68357.4234657481,0.0007383712005704216,0.05047315283230514,0.0,50.47315283230514,68623.99,0.0,0.0,0.05056993945117285,0.03061054066434915,False,False
2024-05-30 20:00:00+00:00,buy,68427.12394229631,0.0007295607106223099,0.049921741169182576,0.0,49.921741169182575,68475.99,0.05,0.05,0.05,0.030614138635019106,False,False
2024-05-31 11:00:00+00:00,sell,68299.163335,0.0007295607106223099,0.049828386137591815,0.024926656396992222,49.828386137591814,68349.73,0.0,0.0,0.049784401046336066,0.030428048667144103,False,False
2024-05-31 14:00:00+00:00,buy,67859.66695625,0.0007355591288918463,0.04991479751323006,0.0,49.914797513230056,67501.76,0.05,0.05,0.05,0.030427436892896786,False,False
2024-05-31 20:00:00+00:00,sell,67647.15950000001,0.0007355591288918463,0.04975848571382779,0.024891688701258016,49.75848571382779,67709.04,0.0,0.0,0.04973674946718761,0.030430525388769697,False,False
2024-06-01 16:00:00+00:00,buy,67725.12564,0.0007395576007461583,0.05008663142855053,0.02503080031411787,50.086631428550525,67700.01,0.05,0.05,0.05,0.030417724045359307,False,False
2024-06-01 17:00:00+00:00,sell,67666.159995,0.0007395576007461583,0.05004302293760787,0.025034028483045638,50.04302293760787,67791.02,0.0,0.0,0.05007499230014393,0.030417641559381814,False,False
2024-06-02 02:00:00+00:00,buy,67788.8775,0.0007387190684013151,0.050076936434770875,0.02502595523976727,50.07693643477087,67733.26,0.05,0.05,0.05,0.030415549599027814,False,False
2024-06-02 04:00:00+00:00,sell,67755.58525999999,0.0007387190684013151,0.05005234282225308,0.02503869075650728,50.052342822253074,67852.62,0.0,0.0,0.05007344032102188,0.03041259222606668,False,False
2024-06-02 06:00:00+00:00,buy,67762.274205,0.0007388800519994866,0.05006819268819386,0.025021585551314448,50.06819268819386,67841.09,0.05,0.05,0.05,0.03041238948818986,False,False
2024-06-02 07:00:00+00:00,sell,67807.169455,0.0007388800519994866,0.050101364892848395,0.025063214053451556,50.101364892848395,67721.0,0.0,0.0,0.049999804370318625,0.030412997917010687,False,False
2024-06-02 08:00:00+00:00,buy,67754.87050499998,0.0007388743463072389,0.050062335653513486,0.025018658497500342,50.062335653513486,67750.67,0.05,0.05,0.05,0.030413042390618095,False,False
2024-06-02 12:00:00+00:00,sell,68217.40423500001,0.0007388743463072389,0.0504040899609123,0.025214652306601894,50.4040899609123,67934.99,0.0,0.0,0.05015507936138028,0.030437228677520217,False,False
2024-06-02 17:00:00+00:00,buy,67884.64893917624,0.0007348634679761563,0.049885948541786955,0.0,49.88594854178695,67879.28,0.05,0.05,0.05,0.030435359380630855,False,False
2024-06-02 23:00:00+00:00,sell,67894.03600000001,0.0007348634679761563,0.04989284674985801,0.024958902826336782,49.89284674985801,67765.63,0.0,0.0,0.04975867664851748,0.030429820577215133,False,False
2024-06-03 00:00:00+00:00,buy,67799.50280999999,0.0007384419673141433,0.05006599823793718,0.025020488874528016,50.06599823793718,67823.99,0.05,0.05,0.05,0.030428791086015372,False,False
2024-06-03 02:00:00+00:00,sell,68695.90169167868,0.0007384419673141433,0.05072793679162219,0.0,50.72793679162219,68416.08,0.0,0.0,0.05046076315066152,0.030425397640152313,False,False
2024-06-03 10:00:00+00:00,buy,69049.397445,0.0007254635044053783,0.050092817847529475,0.02503389197777269,50.092817847529474,68907.99,0.05,0.05,0.05,0.030381476306292454,False,False
2024-06-03 13:00:00+00:00,sell,69969.14435683166,0.0007254635044053783,0.050760060665352894,0.0,50.760060665352896,69795.34,0.0,0.0,0.050541899440768395,0.03038938476837061,False,False
2024-06-03 15:00:00+00:00,buy,68810.398005,0.0007283768243885964,0.050119899183797306,0.025047425878959688,50.11989918379731,69615.28,0.05,0.05,0.05,0.030451671423960575,False,False
2024-06-03 16:00:00+00:00,sell,69580.46236500001,0.0007283768243885964,0.05068079621690896,0.025353074645770163,50.68079621690896,69080.02,0.0,0.0,0.05021493908229492,0.030462753094801648,False,False
2024-06-03 17:00:00+00:00,buy,68857.11158998002,0.0007254678928838998,0.04995362365525436,0.0,49.95362365525436,69268.97,0.05,0.05,0.05,0.030462503734262486,False,False
2024-06-04 02:00:00+00:00,sell,69180.802295,0.0007254678928838998,0.05018845086897131,0.025106778823899178,50.18845086897131,69139.57,0.0,0.0,0.050035366507382745,0.03044510791099636,False,False
2024-06-04 03:00:00+00:00,buy,69174.14979,0.000724922185928756,0.050145875875529995,0.025060407733893775,50.145875875529995,69170.22,0.05,0.05,0.05,0.03044573646036136,False,False
2024-06-04 11:00:00+00:00,sell,68856.21467,0.000724922185928756,0.049915397653356085,0.024970183918639016,49.91539765335608,68955.85,0.0,0.0,0.049878747555235324,0.030452069646791896,False,False
2024-06-04 20:00:00+00:00,buy,70195.36620230203,0.0007114345169670844,0.04993940644746235,0.0,49.939406447462346,70402.69,0.05,0.05,0.05,0.0304963178753416,False,False
2024-06-05 01:00:00+00:00,sell,71005.50426222617,0.0007114345169670844,0.050515766626801135,0.0,50.51576662680113,70986.3,0.0,0.0,0.05037372673681676,0.030500640215749497,False,False
2024-06-05 03:00:00+00:00,buy,70873.37898000001,0.0007076090589528773,0.05015064500484844,0.025062791106872335,50.15064500484844,70947.58,0.05,0.05,0.05,0.030504816359756298,False,False
2024-06-05 05:00:00+00:00,sell,71132.95573,0.0007076090589528773,0.05033432386464198,0.025179751808219516,50.33432386464198,70999.99,0.0,0.0,0.050113647935213786,0.030502227859364822,False,False
2024-06-05 06:00:00+00:00,buy,71035.489995,0.0007060174203002283,0.050152293396032575,0.025063614890564672,50.152293396032576,71119.05,0.05,0.05,0.05,0.030502883031580247,False,False
2024-06-05 16:00:00+00:00,sell,71544.21999499999,0.0007060174203002283,0.05051146563826191,0.025268367002634084,50.5114656382619,71312.77,0.0,0.0,0.05021422974527511,0.03041646624995828,False,False
2024-06-05 19:00:00+00:00,buy,71132.3484,0.0007052024648958477,0.050162707425510204,0.025068819303103323,50.162707425510206,71279.95,0.05,0.05,0.05,0.03043247536330984,False,False
2024-06-06 11:00:00+00:00,sell,70952.515995,0.0007052024648958477,0.050035889170236054,0.025030459815025875,50.035889170236054,71170.01,0.0,0.0,0.05005391570270102,0.03054797477924892,False,False
2024-06-06 17:00:00+00:00,buy,70984.42447499999,0.00070647673855156,0.05014884469105753,0.025061891399825627,50.148844691057526,71098.31,0.05,0.05,0.05,0.03078756136102251,False,False
2024-06-06 23:00:00+00:00,sell,70865.559495,0.00070647673855156,0.050064869347659136,0.025044957152406268,50.06486934765913,70799.06,0.0,0.0,0.049904630961986926,0.030815130982674854,False,False
2024-06-07 00:00:00+00:00,buy,70834.45953,0.0007078069681201733,0.05013712403836041,0.025056034002175678,50.13712403836041,70883.05,0.05,0.05,0.05,0.03081585469630979,False,False
2024-06-07 01:00:00+00:00,sell,70847.608475,0.0007078069681201733,0.05014643095325484,0.02508575835580674,50.14643095325484,70840.01,0.0,0.0,0.050032477441027866,0.03081272354180417,False,False
2024-06-07 08:00:00+00:00,buy,71145.565005,0.00070461264289986,0.05013006458877684,0.025052506041369136,50.13006458877684,71117.2,0.05,0.05,0.05,0.03079406712715549,False,False
2024-06-07 10:00:00+00:00,sell,71266.40897,0.00070461264289986,0.050215212774334,0.025120166470397706,50.215212774334,71377.38,0.0,0.0,0.05018358266994342,0.030748904475568162,False,False
2024-06-07 13:00:00+00:00,buy,71269.70704499999,0.0007033394206975844,0.05012679446631684,0.02505087179725401,50.12679446631684,71534.6,0.05,0.05,0.05,0.030760255151256605,False,False
2024-06-07 14:00:00+00:00,sell,71498.83270000001,0.0007033394206975844,0.05028794757177151,0.025156552061911256,50.28794757177151,71430.94,0.0,0.0,0.05013625869629941,0.030760934000627488,False,False
2024-06-07 15:00:00+00:00,buy,71191.23824803131,0.0007014086214682836,0.049934148280171786,0.0,49.93414828017178,71111.54,0.05,0.05,0.05,0.030770065173942457,False,False
2024-06-07 23:00:00+00:00,sell,69464.25050000001,0.0007014086214682836,0.04872282418453253,0.024373598891705667,48.722824184532534,69355.6,0.0,0.0,0.04861220145049124,0.03085369872645055,False,False
2024-06-08 21:00:00+00:00,buy,69407.42637,0.0007212566839387874,0.050060570184351755,0.02501777620407081,50.060570184351754,69404.91,0.05,0.05,0.05,0.030952490682281064,False,False
2024-06-08 22:00:00+00:00,sell,69370.19755,0.0007212566839387874,0.0500337186490916,0.025029374011549442,50.0337186490916,69338.15,0.0,0.0,0.04998131490040589,0.03095054145482748,False,False
2024-06-08 23:00:00+00:00,buy,69372.81907499999,0.0007214888594436428,0.05005171611081193,0.02501335137971465,50.05171611081193,69310.46,0.05,0.05,0.05,0.03095074107535975,False,False
2024-06-09 02:00:00+00:00,sell,69250.367495,0.0007214888594436428,0.049963368660020664,0.024994181420717927,49.96336866002066,69174.93,0.0,0.0,0.04989316436295627,0.030952027341025923,False,False
2024-06-09 03:00:00+00:00,buy,69209.50746,0.0007230190400800477,0.050039791648142096,0.025007392128003566,50.03979164814209,69259.38,0.05,0.05,0.05,0.030948393977544397,False,False
2024-06-09 04:00:00+00:00,sell,69224.75031,0.0007230190400800477,0.05005081251891719,0.025037925222070764,50.05081251891718,69304.44,0.0,0.0,0.05009393870935151,0.03094788598866166,False,False
2024-06-09 23:00:00+00:00,buy,69669.17718,0.0007181487487423879,0.050032832417728726,0.025003914251737192,50.03283241772873,69648.14,0.05,0.05,0.05,0.03101793303910788,False,False
2024-06-10 03:00:00+00:00,sell,69681.151995,0.0007181487487423879,0.050041432116137395,0.02503323267440724,50.04143211613739,69613.2,0.0,0.0,0.04999056619682983,0.030970859826985636,False,False
2024-06-10 04:00:00+00:00,buy,69648.0066,0.0007182653996343283,0.050025753294283326,0.02500037645890952,50.02575329428333,69674.33,0.05,0.05,0.05,0.030971435247020063,False,False
2024-06-10 15:00:00+00:00,sell,69898.17514347573,0.0007182653996343283,0.05020544070313887,0.0,50.20544070313887,70066.12,0.0,0.0,0.050313976787986714,0.03084990729804238,False,False
2024-06-10 20:00:00+00:00,buy,69525.55540499999,0.000719569619489892,0.050028477447599244,0.025001737854868023,50.02847744759924,69632.51,0.05,0.05,0.05,0.030662653326187533,False,False
2024-06-11 15:00:00+00:00,sell,66817.84436500001,0.000719569619489892,0.04808009084485788,0.024052071458152493,48.08009084485788,66244.48,0.0,0.0,0.047780586984440605,0.030729482185104684,False,False
2024-06-11 16:00:00+00:00,buy,66277.60224,0.0007532506596885814,0.049923647609857395,0.02494934913036123,49.9236476098574,66487.47,0.05,0.05,0.05,0.030723593468739513,False,False
2024-06-11 17:00:00+00:00,sell,66709.46897821073,0.0007532506596885814,0.050248951515312196,0.0,50.24895151531219,66770.99,0.0,0.0,0.05038241672101916,0.0307299040246424,False,False
2024-06-12 06:00:00+00:00,buy,67276.831605,0.000742211850959926,0.0499336617122663,0.024954353679288305,49.9336617122663,67281.64,0.05,0.05,0.05,0.030723109793091563,False,False
2024-06-12 07:00:00+00:00,sell,67247.98918500001,0.000742211850959926,0.049912254526331946,0.02496861156894418,49.91225452633194,67453.63,0.0,0.0,0.0501536313788894,0.030713364092159884,False,False
2024-06-12 17:00:00+00:00,buy,69650.818005,0.0007167912748118709,0.049925098629493556,0.024950074277607228,49.925098629493554,69799.99,0.05,0.05,0.05,0.03086185574959993,False,False
2024-06-12 18:00:00+00:00,sell,69765.1,0.0007167912748118709,0.05000701496637766,0.025016015490930122,50.00701496637766,68828.01,0.0,0.0,0.04946698258923234,0.030907432040782862,False,False
2024-06-12 19:00:00+00:00,buy,68590.37615465646,0.0007249484143356183,0.04972448443200181,0.0,49.72448443200181,67532.92,0.05,0.05,0.05,0.03100276356172693,False,False
2024-06-12 22:00:00+00:00,sell,68501.732,0.0007249484143356183,0.049660221992643486,0.024842532262450354,49.660221992643486,68345.82,0.0,0.0,0.04966101817251503,0.031029544951392457,False,False
2024-06-12 23:00:00+00:00,buy,68379.982905,0.0007299251406631902,0.049912268640478666,0.02494366248899443,49.912268640478665,68263.99,0.05,0.05,0.05,0.031031437481980784,False,False
2024-06-13 06:00:00+00:00,sell,67570.23797999999,0.0007299251406631902,0.04932121546219673,0.02467294420320202,49.321215462196726,67518.57,0.0,0.0,0.049429671337807096,0.031055462130008538,False,False
2024-06-13 09:00:00+00:00,buy,67334.3623647464,0.0007378066937722248,0.049679743273594465,0.0,49.67974327359446,67419.86,0.05,0.05,0.05,0.030929468979537827,False,False
2024-06-13 11:00:00+00:00,sell,67786.4898,0.0007378066937722248,0.050013325921762636,0.025019172547153745,50.013325921762636,67739.99,0.0,0.0,0.05011652822261527,0.030929961278362533,False,False
2024-06-13 14:00:00+00:00,buy,67358.81267240201,0.000737694530771669,0.04969022770770435,0.0,49.69022770770435,67365.62,0.05,0.05,0.05,0.03092577233084931,False,False
2024-06-13 18:00:00+00:00,sell,66886.53000500001,0.000737694530771669,0.04934182736698364,0.0246832553111455,49.341827366983644,66862.99,0.0,0.0,0.04948280648057359,0.030958693689251027,False,False
2024-06-13 20:00:00+00:00,buy,66637.31200499999,0.0007482607661656075,0.04986208613607792,0.02491858377614375,49.86208613607792,66712.98,0.05,0.05,0.05,0.0309587722025296,False,False
2024-06-13 21:00:00+00:00,sell,66942.21363468676,0.0007482607661656075,0.050090232063112486,0.0,50.09023206311249,66969.99,0.0,0.0,0.050265960838338675,0.030963853897568117,False,False
2024-06-14 10:00:00+00:00,buy,66953.470005,0.0007448046003512962,0.04986725246920652,0.024921165651777984,49.86725246920652,66873.14,0.05,0.05,0.05,0.03093377923021834,False,False
2024-06-14 12:00:00+00:00,sell,67265.39349649049,0.0007448046003512962,0.05009957452062628,0.0,50.09957452062628,67083.3,0.0,0.0,0.050120902266359735,0.03092975847979118,False,False
2024-06-14 15:00:00+00:00,buy,66753.60375729877,0.0007441846123671065,0.04967700473623281,0.0,49.67700473623281,66392.0,0.05,0.05,0.05,0.0309352929539575,False,False
2024-06-14 21:00:00+00:00,sell,65994.08930645246,0.0007441846123671065,0.049111785769042536,0.0,49.111785769042534,66196.01,0.0,0.0,0.04943559915210763,0.031025671692625517,False,False
2024-06-15 08:00:00+00:00,buy,66110.028495,0.0007538857720154757,0.04983940986991818,0.024907251309304955,49.83940986991818,66221.31,0.05,0.05,0.05,0.03102673413533036,False,False
2024-06-15 09:00:00+00:00,sell,66188.199345,0.0007538857720154757,0.04989834176151953,0.024961651706610632,49.898341761519525,66227.0,0.0,0.0,0.05011283567839315,0.03110509266834008,False,False
2024-06-15 15:00:00+00:00,buy,66253.62025499999,0.0007521834078362817,0.04983487386489679,0.02490498444022251,49.834873864896785,66316.02,0.05,0.05,0.05,0.03118746684907539,False,False
2024-06-15 16:00:00+00:00,sell,66282.86199,0.0007521834078362817,0.04985686901278014,0.0249409049588689,49.856869012780145,66184.0,0.0,0.0,0.049978809907778914,0.031188531510901507,False,False
2024-06-15 17:00:00+00:00,buy,66217.09199999999,0.0007525019907566315,0.049828493552115015,0.024901795878110655,49.82849355211501,66250.01,0.05,0.05,0.05,0.031189054246625214,False,False
2024-06-15 18:00:00+00:00,sell,66216.875,0.0007525019907566315,0.049828330259183026,0.02492662844381342,49.828330259183026,66145.19,0.0,0.0,0.04997714450734782,0.031190009170490723,False,False
2024-06-15 19:00:00+00:00,buy,66178.262595,0.0007528303921900237,0.049821007383848225,0.0248980546645847,49.821007383848226,66154.7,0.05,0.05,0.05,0.031188587752317115,False,False
2024-06-15 22:00:00+00:00,sell,66093.826555,0.0007528303921900237,0.04975744136674006,0.024891166266497632,49.75744136674006,66200.0,0.0,0.0,0.050044363854291805,0.031190103716697615,False,False
2024-06-16 03:00:00+00:00,buy,66175.93143,0.0007526959469978188,0.04981035537616657,0.024892731322419308,49.81035537616657,66146.0,0.05,0.05,0.05,0.03119234186903569,False,False
2024-06-16 04:00:00+00:00,sell,66112.91700500001,0.0007526959469978188,0.04976292467386668,0.024893909291575353,49.76292467386668,66166.02,0.0,0.0,0.0500216352159897,0.03119082309830082,False,False
2024-06-16 15:00:00+00:00,buy,66552.26950499999,0.0007482917005784656,0.0498005109252528,0.024887811556843886,49.800510925252794,66712.8,0.05,0.05,0.05,0.031214758823191163,False,False
2024-06-16 16:00:00+00:00,sell,66679.44360000001,0.0007482917005784656,0.04989567424506989,0.024960317281167793,49.89567424506989,66592.19,0.0,0.0,0.050057260318042154,0.031215397337201634,False,False
2024-06-16 17:00:00+00:00,buy,66625.486095,0.0007474285507652832,0.049797790516018375,0.024886452031991604,49.797790516018374,66578.02,0.05,0.05,0.05,0.03121523667506923,False,False
2024-06-16 23:00:00+00:00,sell,66722.612005,0.0007474285507652832,0.04987038519417143,0.02494766643030278,49.87038519417143,66676.87,0.0,0.0,0.05006540561170998,0.031207293068943764,False,False
2024-06-17 00:00:00+00:00,buy,66710.19843,0.0007464217523618451,0.04979394321252701,0.024884529341595265,49.79394321252701,66583.96,0.05,0.05,0.05,0.031207239625768823,False,False
2024-06-17 17:00:00+00:00,sell,66130.32209323496,0.0007464217523618451,0.049361110901085685,0.0,49.36111090108568,66607.28,0.0,0.0,0.049955426294765286,0.03117866231209493,False,False
2024-06-18 01:00:00+00:00,buy,65517.432964310545,0.000756520611693579,0.04956528846275327,0.0,49.56528846275327,65133.99,0.05,0.05,0.05,0.03120649551336399,False,False
2024-06-18 08:00:00+00:00,sell,65639.673745,0.000756520611693579,0.04965776613293436,0.024841303718327844,49.657766132934356,65727.53,0.0,0.0,0.049977432907663995,0.031190864768227522,False,False
2024-06-18 10:00:00+00:00,buy,65502.65495999999,0.0007597326490399552,0.04976450557191096,0.024869817877012652,49.76450557191095,65435.52,0.05,0.05,0.05,0.031183532010459453,False,False
2024-06-18 19:00:00+00:00,sell,64645.661,0.0007597326490399552,0.04911341928046892,0.024568994137303065,49.11341928046892,64412.19,0.0,0.0,0.0492368999609031,0.03114918112847259,False,False
2024-06-18 20:00:00+00:00,buy,64185.327702211245,0.0007715880071535927,0.04952462909024946,0.0,49.52462909024946,64936.51,0.05,0.05,0.05,0.03117034036778102,False,False
2024-06-18 21:00:00+00:00,sell,65165.36664153358,0.0007715880071535927,0.05028081538237411,0.0,50.28081538237411,65220.02,0.0,0.0,0.05058897482380194,0.031176584555188402,False,False
2024-06-19 08:00:00+00:00,buy,65359.553445,0.0007612865796152412,0.0497573508873236,0.024866242322499274,49.757350887323604,65183.89,0.05,0.05,0.05,0.031166364908383676,False,False
2024-06-19 10:00:00+00:00,sell,65274.00667000001,0.0007612865796152412,0.049692225275586754,0.02485854190874297,49.69222527558675,65520.0,0.0,0.0,0.050145407002652354,0.031167303063042384,False,False
2024-06-19 12:00:00+00:00,buy,65242.604999999996,0.0007624868830914669,0.04974663053121775,0.02486088482319417,49.74663053121775,65192.21,0.05,0.05,0.05,0.031168525733276414,False,False
2024-06-19 18:00:00+00:00,sell,65051.448005,0.0007624868830914669,0.04960087582991907,0.024812844337127785,49.60087582991907,64973.0,0.0,0.0,0.049832319441490545,0.031166310027812838,False,False
2024-06-19 19:00:00+00:00,buy,65005.4865,0.0007650413379335038,0.04973188436497832,0.024853515424776058,49.73188436497832,64882.01,0.05,0.05,0.05,0.03116720393267422,False,False
2024-06-19 22:00:00+00:00,sell,64971.87781,0.0007650413379335038,0.04970617232781453,0.02486551892336837,49.70617232781453,64836.01,0.0,0.0,0.049904832020588215,0.031198740157331567,False,False
2024-06-19 23:00:00+00:00,buy,64868.428005,0.0007665229151692603,0.049723136536839886,0.024849143696571305,49.72313653683989,64974.37,0.05,0.05,0.05,0.031201958844646216,False,False
2024-06-20 00:00:00+00:00,sell,64941.882815000004,0.0007665229151692603,0.04977944133193429,0.024902171751841635,49.779441331934294,65098.01,0.0,0.0,0.05019692696183584,0.03120644653534574,False,False
2024-06-20 13:00:00+00:00,buy,65746.01678987718,0.0007531622835685815,0.049517420141002196,0.0,49.5174201410022,65142.65,0.05,0.05,0.05,0.031228961251138443,False,False
2024-06-20 21:00:00+00:00,sell,65067.450000000004,0.0007531622835685815,0.049006349227984504,0.02451543233015404,49.0063492279845,65050.46,0.0,0.0,0.04932405305004077,0.03120506567115286,False,False
2024-06-20 22:00:00+00:00,buy,65082.995234999995,0.0007634369810471214,0.04968676539971258,0.02483096721624336,49.686765399712584,64989.95,0.05,0.05,0.05,0.03120623658684804,False,False
2024-06-21 02:00:00+00:00,sell,64935.506005,0.0007634369810471214,0.049574166667224424,0.024799483075146005,49.574166667224425,64786.0,0.0,0.0,0.04981182758539246,0.03121233482046007,False,False
2024-06-21 03:00:00+00:00,buy,64556.53839019356,0.0007663516797881333,0.049473011636631946,0.0,49.473011636631945,64506.14,0.05,0.05,0.05,0.03121859441865185,False,False
2024-06-21 13:00:00+00:00,sell,63795.476305000004,0.0007663516797881333,0.04888977042922081,0.02445711377149281,48.88977042922081,63615.21,0.0,0.0,0.04913456125910158,0.031258703582764585,False,False
2024-06-21 14:00:00+00:00,buy,63647.01760499999,0.0007799008581688496,0.04963836365002737,0.02480677843579151,49.63836365002737,64222.84,0.05,0.05,0.05,0.031285573794421956,False,False
2024-06-21 15:00:00+00:00,sell,64190.718585,0.0007799008581688496,0.05006239651091663,0.0250437201155156,50.06239651091663,63732.02,0.0,0.0,0.05009222132199083,0.03129857127836627,False,False
2024-06-21 16:00:00+00:00,buy,63763.886009999995,0.0007786867723900866,0.04965209459217629,0.024813640475848598,49.65209459217629,63657.29,0.05,0.05,0.05,0.03129916298151156,False,False
2024-06-21 18:00:00+00:00,sell,63899.1236829771,0.0007786867723900866,0.049757402379252386,0.0,49.75740237925238,64172.01,0.0,0.0,0.05033284782305787,0.031316393780980806,False,False
2024-06-21 22:00:00+00:00,buy,64116.48222,0.0007743897767411539,0.04965114835177396,0.024813167592087626,49.65114835177396,64155.02,0.05,0.05,0.05,0.03131495635416645,False,False
2024-06-21 23:00:00+00:00,sell,64122.94249,0.0007743897767411539,0.04965615111881695,0.02484049580730867,49.65615111881695,64143.56,0.0,0.0,0.0500488241911228,0.03131503008294184,False,False
2024-06-22 01:00:00+00:00,buy,64088.488229999995,0.0007746156636565699,0.04964394684302771,0.024809568637192362,49.64394684302771,64144.33,0.05,0.05,0.05,0.03131616406064738,False,False
2024-06-22 02:00:00+00:00,sell,64112.26783,0.0007746156636565699,0.049662366893663205,0.024843605249455912,49.662366893663204,64303.4,0.0,0.0,0.05018809804842017,0.03131821008945876,False,False
2024-06-22 09:00:00+00:00,buy,64321.304579999996,0.0007717103521424316,0.0496374166076924,0.024806305151265053,49.6374166076924,64325.99,0.05,0.05,0.05,0.03132249287793043,False,False
2024-06-22 15:00:00+00:00,sell,64255.816020000006,0.0007717103521424316,0.0495868784079935,0.024805842125054236,49.5868784079935,64307.08,0.0,0.0,0.050018242999718084,0.03132481245700969,False,False
2024-06-22 18:00:00+00:00,buy,64288.50818999999,0.0007719488955095446,0.04962744289122681,0.024801320785217563,49.627442891226806,64260.81,0.05,0.05,0.05,0.031325271280063155,False,False
2024-06-22 20:00:00+00:00,sell,64262.86249500001,0.0007719488955095446,0.049607645725297,0.02481623097813258,49.607645725297,64283.99,0.0,0.0,0.05002541328152647,0.03132464166250032,False,False
2024-06-23 00:00:00+00:00,buy,64294.141005,0.000771750044546165,0.049619006184666165,0.024797104540059685,49.61900618466616,64476.43,0.05,0.05,0.05,0.03133038237511937,False,False
2024-06-23 01:00:00+00:00,sell,64444.20178,0.000771750044546165,0.04973481559445705,0.02487984772108851,49.73481559445705,64476.19,0.0,0.0,0.05016330396826674,0.03132990721490361,False,False
2024-06-23 04:00:00+00:00,buy,64448.34806999999,0.0007698776736996914,0.049617344285919594,0.02479627400595167,49.61734428591959,64378.02,0.05,0.05,0.05,0.031330345994520975,False,False
2024-06-23 08:00:00+00:00,sell,64383.062365,0.0007698776736996914,0.049567082279228354,0.024795939109167872,49.56708227922835,64395.43,0.0,0.0,0.0499897286519123,0.03129151594317725,False,False
2024-06-23 09:00:00+00:00,buy,64427.63772,0.0007699706078504171,0.04960738737763486,0.02479129803979482,49.60738737763486,64418.81,0.05,0.05,0.05,0.03129163338390725,False,False
2024-06-23 10:00:00+00:00,sell,64386.600595,0.0007699706078504171,0.04957578999755417,0.02480029514634576,49.575789997554175,64305.6,0.0,0.0,0.0499387221786892,0.03129385733929499,False,False
2024-06-23 11:00:00+00:00,buy,64337.752799999995,0.0007709060715095259,0.049598364260799,0.024786788736028558,49.598364260798995,64341.45,0.05,0.05,0.05,0.031293665613783384,False,False
2024-06-23 20:00:00+00:00,sell,64117.70511,0.0007709060715095259,0.04942872816055636,0.02472672744399727,49.42872816055635,63740.01,0.0,0.0,0.049586999381730425,0.031310356657357596,False,False
2024-06-23 21:00:00+00:00,buy,63771.890009999996,0.0007774969106790485,0.049582447470939074,0.024778834318309392,49.58244747093907,63844.67,0.05,0.05,0.05,0.031283463733928374,False,False
2024-06-24 09:00:00+00:00,sell,62699.554540000005,0.0007774969106790485,0.048748709955802515,0.024386548252022307,48.74870995580251,61402.28,0.0,0.0,0.04825951722875547,0.031454022322534136,False,False
2024-06-24 10:00:00+00:00,buy,61180.350270729476,0.0008062991624067393,0.049329665179040104,0.0,49.329665179040106,61167.15,0.05,0.05,0.05,0.03139436897942091,False,False
2024-06-24 14:00:00+00:00,sell,61538.405405000005,0.0008062991624067393,0.049618364733897864,0.02482159316352856,49.61836473389786,61303.41,0.0,0.0,0.04991697471869356,0.031350324231593674,False,False
2024-06-24 16:00:00+00:00,buy,60623.68634949638,0.0008138331071064396,0.049337563026056894,0.0,49.33756302605689,60168.01,0.05,0.05,0.05,0.03141000798449739,False,False
2024-06-24 19:00:00+00:00,sell,60381.803995,0.0008138331071064396,0.049140711157942885,0.024582646902422654,49.14071115794288,59306.72,0.0,0.0,0.048791947487902144,0.03154335024426519,False,False
2024-06-24 20:00:00+00:00,buy,59088.653001040366,0.0008346584972325753,0.049318846317345455,0.0,49.318846317345454,59514.0,0.05,0.05,0.05,0.03154657469639205,False,False
2024-06-24 22:00:00+00:00,sell,60089.18038,0.0008346584972325753,0.050153944995907945,0.02508951725658226,50.15394499590794,60048.98,0.0,0.0,0.05058734385066447,0.03157612242199098,False,False
2024-06-25 06:00:00+00:00,buy,61054.522005,0.0008117523677892153,0.0495611528017975,0.02476819230474383,49.5611528017975,61139.67,0.05,0.05,0.05,0.0316308660194663,False,False
2024-06-25 07:00:00+00:00,sell,61109.100165,0.0008117523677892153,0.04960545675240708,0.024815135944171392,49.60545675240708,60685.16,0.0,0.0,0.04974114870085638,0.031646849915371394,False,False
2024-06-25 08:00:00+00:00,buy,60715.50258,0.000816198924253196,0.04955592789128814,0.02476558115506394,49.55592789128814,60860.12,0.05,0.05,0.05,0.03164925845379635,False,False
2024-06-25 09:00:00+00:00,sell,61086.656282481075,0.000816198924253196,0.049858863143985785,0.0,49.858863143985786,61468.01,0.0,0.0,0.05061742371497564,0.03165747941714231,False,False
2024-06-25 12:00:00+00:00,buy,60960.90671017621,0.0008096422750437579,0.04935652719755736,0.0,49.356527197557355,61048.51,0.05,0.05,0.05,0.03161630810120358,False,False
2024-06-25 14:00:00+00:00,sell,61427.33365504236,0.0008096422750437579,0.049734166170340495,0.0,49.734166170340494,61763.44,0.0,0.0,0.050439954150051224,0.03163841932283959,False,False
2024-06-25 17:00:00+00:00,buy,61418.0937,0.0008072345052588839,0.049578804481863276,0.024777013734061513,49.57880448186327,61381.44,0.05,0.05,0.05,0.031645078354493233,False,False
2024-06-25 19:00:00+00:00,sell,62391.384502009896,0.0008072345052588839,0.05036447840089675,0.0,50.36447840089675,61975.46,0.0,0.0,0.05045985277606537,0.031693351188147645,False,False
2024-06-25 21:00:00+00:00,buy,61954.962,0.0008007731275313294,0.04961186868682467,0.024793537574624647,49.61186868682467,61916.53,0.05,0.05,0.05,0.03168773119311827,False,False
2024-06-26 02:00:00+00:00,sell,62321.95079665917,0.0008007731275313294,0.04990574345329439,0.0,49.90574345329439,62028.01,0.0,0.0,0.05008478548922848,0.03168959125666315,False,False
2024-06-26 03:00:00+00:00,buy,62059.024005,0.0007995670557557431,0.04962035110675283,0.02479777666504171,49.62035110675283,61936.07,0.05,0.05,0.05,0.03168985300419069,False,False
2024-06-26 12:00:00+00:00,sell,61414.537370000005,0.0007995670557557431,0.04910504082553196,0.02456480281417032,49.10504082553196,61431.47,0.0,0.0,0.049547918407734905,0.03166262996857769,False,False
2024-06-26 16:00:00+00:00,buy,61239.10675530225,0.0008063139253684027,0.04937794455392243,0.0,49.377944553922426,61274.01,0.05,0.05,0.05,0.03165488581362691,False,False
2024-06-26 22:00:00+00:00,sell,61023.822825,0.0008063139253684027,0.04920435812301168,0.02461448630465464,49.20435812301168,60924.61,0.0,0.0,0.0495732618370997,0.03166433567284099,False,False
2024-06-26 23:00:00+00:00,buy,60955.072304999994,0.0008132599331610255,0.04957231802858978,0.02477377212822561,49.57231802858978,60864.99,0.05,0.05,0.05,0.031663919176765004,False,False
2024-06-27 01:00:00+00:00,sell,60951.509000000005,0.0008132599331610255,0.049569420135403656,0.02479710862200838,49.569420135403654,61064.01,0.0,0.0,0.05011368311783277,0.031664054976771994,False,False
2024-06-27 06:00:00+00:00,buy,60835.902749999994,0.000814728334293058,0.049564733712721964,0.024769981865423243,49.56473371272196,60742.01,0.05,0.05,0.05,0.03167020564206785,False,False
2024-06-27 09:00:00+00:00,sell,61093.183294041744,0.000814728334293058,0.04977434746181511,0.0,49.77434746181511,61282.78,0.0,0.0,0.0503777320588088,0.03168215989705353,False,False
2024-06-27 16:00:00+00:00,buy,61606.78799999999,0.0008046030753078991,0.049569011084641776,0.024772119482574118,49.56901108464177,61714.57,0.05,0.05,0.05,0.031686639308334874,False,False
2024-06-27 17:00:00+00:00,sell,61945.07429009341,0.0008046030753078991,0.049841197273985435,0.0,49.841197273985436,61842.11,0.0,0.0,0.0502102552846875,0.03168784672249489,False,False
2024-06-27 20:00:00+00:00,buy,61480.725,0.0008063732979370923,0.049576414977813434,0.02477581957911599,49.576414977813435,61493.11,0.05,0.05,0.05,0.031699815289065486,False,False
2024-06-27 23:00:00+00:00,sell,61609.18999500001,0.0008063732979370923,0.04968000571950107,0.024852429074282936,49.68000571950107,61706.47,0.0,0.0,0.050203226930409316,0.03169941869134443,False,False
2024-06-28 01:00:00+00:00,buy,61590.769994999995,0.0008048957522873406,0.04957414914908209,0.024774687230923284,49.57414914908209,62091.99,0.05,0.05,0.05,0.03171892404857776,False,False
2024-06-28 02:00:00+00:00,sell,62060.944005000005,0.0008048957522873406,0.049952590212567004,0.024988789501028483,49.952590212567,61730.67,0.0,0.0,0.050136693525340385,0.031728661877720665,False,False
2024-06-28 03:00:00+00:00,buy,61761.53533499999,0.0008028558900174053,0.049585612420222844,0.02478041600210632,49.585612420222844,61828.17,0.05,0.05,0.05,0.031728004524812364,False,False
2024-06-28 10:00:00+00:00,sell,61516.77622500001,0.0008028558900174053,0.04938910612712394,0.02470690651681572,49.38910612712394,61548.14,0.0,0.0,0.049864516008944204,0.03171131538206656,False,False
2024-06-28 13:00:00+00:00,buy,61425.78754499999,0.0008069632862743988,0.04956835537930623,0.02477179179375256,49.568355379306226,61297.99,0.05,0.05,0.05,0.031644165407271746,False,False
2024-06-28 22:00:00+00:00,sell,60335.817,0.0008069632862743988,0.04868878916637074,0.02435657286961797,48.68878916637074,60367.99,0.0,0.0,0.04920961689757807,0.03166837736205866,False,False
2024-06-29 15:00:00+00:00,buy,61048.519005,0.0008111086546645039,0.049516982119405945,0.024746118000702533,49.516982119405945,61106.0,0.05,0.05,0.05,0.031680587432370705,False,False
2024-06-29 16:00:00+00:00,sell,61075.447,0.0008111086546645039,0.04953882364920321,0.024781802725964492,49.53882364920321,61009.91,0.0,0.0,0.0499986955954975,0.031680846637369864,False,False
2024-06-29 17:00:00+00:00,buy,61040.414955,0.000811112471589785,0.049510641841016126,0.024742949445782494,49.510641841016124,61040.77,0.05,0.05,0.05,0.0316808583987907,False,False
2024-06-29 19:00:00+00:00,sell,61028.510480000004,0.000811112471589785,0.0495009859728759,0.02476287442364686,49.5009859728759,61057.39,0.0,0.0,0.050041969940588224,0.03168057037567809,False,False
2024-06-29 21:00:00+00:00,buy,61080.524999999994,0.000810450290345277,0.049502729220691946,0.024738995112784865,49.50272922069195,61044.99,0.05,0.05,0.05,0.031680455435157684,False,False
2024-06-30 01:00:00+00:00,sell,60994.03772500001,0.000810450290345277,0.04943263558355704,0.024728682132839814,49.43263558355704,60961.99,0.0,0.0,0.04993651407476195,0.03168003832414734,False,False
2024-06-30 02:00:00+00:00,buy,60992.470994999996,0.0008114411191567061,0.04949179892431573,0.0247335326958084,49.49179892431573,60834.27,0.05,0.05,0.05,0.031680738592519186,False,False
2024-06-30 07:00:00+00:00,sell,61268.56346701587,0.0008114411191567061,0.04971583170879903,0.0,49.71583170879903,61528.01,0.0,0.0,0.05044586694832553,0.03170458000190468,False,False
2024-06-30 13:00:00+00:00,buy,61526.748,0.0008044762256517114,0.049496806007663985,0.024736034986338494,49.496806007663984,61719.61,0.05,0.05,0.05,0.03169722206343123,False,False
2024-06-30 14:00:00+00:00,sell,61688.750195,0.0008044762256517114,0.04962713292204488,0.024825979450747854,49.62713292204488,61587.11,0.0,0.0,0.0500753772951872,0.031698196681325536,False,False
2024-06-30 15:00:00+00:00,buy,61617.903555,0.0008032712043271449,0.04949588759673871,0.02473557601036141,49.49588759673871,61717.9,0.05,0.05,0.05,0.03169944831450844,False,False
2024-06-30 16:00:00+00:00,sell,61687.04105000001,0.0008032712043271449,0.04955142375561153,0.02478810593076662,49.55142375561153,61603.54,0.0,0.0,0.050017674670796354,0.0317004073813619,False,False
2024-06-30 17:00:00+00:00,buy,61634.34177,0.0008029814565690107,0.04949123352914682,0.024733250139502224,49.49123352914682,61707.99,0.05,0.05,0.05,0.03170099839195656,False,False
2024-06-30 18:00:00+00:00,sell,61939.00084938863,0.0008029814565690107,0.049735869120471274,0.0,49.73586912047127,62055.31,0.0,0.0,0.05035324864493414,0.031709277750228415,False,False
2024-06-30 21:00:00+00:00,buy,62020.994999999995,0.0007980728188568169,0.04949727030795455,0.024736267020463325,49.497270307954544,61940.01,0.05,0.05,0.05,0.03170889925628473,False,False
2024-06-30 23:00:00+00:00,sell,62869.5495,0.0007980728188568169,0.05017447858972319,0.025099789189455532,50.174478589723186,62772.01,0.0,0.0,0.05060389795571545,0.0317767603005332,False,False
2024-07-01 03:00:00+00:00,buy,63467.57793,0.0007802986995804445,0.04952366852429952,0.0247494595323827,49.52366852429952,63437.69,0.05,0.05,0.05,0.03181404721294759,False,False
2024-07-01 13:00:00+00:00,sell,62850.559,0.0007802986995804445,0.049042209455604,0.024533371413507893,49.042209455604,62685.27,0.0,0.0,0.049442583061213734,0.031821342842112216,False,False
2024-07-01 14:00:00+00:00,buy,62716.61263499999,0.0007891399953431816,0.049492187402724014,0.024733726837937994,49.492187402724014,62826.02,0.05,0.05,0.05,0.03182083229742039,False,False
2024-07-01 15:00:00+00:00,sell,63064.049076021714,0.0007891399953431816,0.04976636339417395,0.0,49.76636339417395,63132.9,0.0,0.0,0.050344106130085504,0.0318196109723384,False,False
2024-07-01 20:00:00+00:00,buy,63258.39339,0.0007825001188037225,0.04949970034300761,0.02473748143078733,49.49970034300761,63292.53,0.05,0.05,0.05,0.03185309900236857,False,False
2024-07-02 03:00:00+00:00,sell,63237.744190553945,0.0007825001188037225,0.049483542341987874,0.0,49.48354234198787,63138.67,0.0,0.0,0.049938796997728345,0.03180007956585687,False,False
2024-07-02 07:00:00+00:00,buy,62628.5003448361,0.0007868794110731705,0.04928107746774049,0.0,49.28107746774049,62629.99,0.05,0.05,0.05,0.03179347287147774,False,False
2024-07-02 11:00:00+00:00,sell,62684.62201000001,0.0007868794110731705,0.04932523845057311,0.024674956703635842,49.3252384505731,62832.01,0.0,0.0,0.04996735958006489,0.03176739727124456,False,False
2024-07-02 14:00:00+00:00,buy,62390.62894838987,0.0007898203026882143,0.04927738544092536,0.0,49.27738544092536,62035.43,0.05,0.05,0.05,0.03178114682949951,False,False
2024-07-02 18:00:00+00:00,sell,62116.916005,0.0007898203026882143,0.049061201401127484,0.024542872136631137,49.061201401127484,62330.01,0.0,0.0,0.049767840986819106,0.03178108201235322,False,False
2024-07-02 20:00:00+00:00,buy,61970.06954999999,0.0007983173736120118,0.049471783165709694,0.02472352981794136,49.471783165709695,62012.01,0.05,0.05,0.05,0.03179174461666831,False,False
2024-07-02 21:00:00+00:00,sell,61981.00399500001,0.0007983173736120118,0.04948051232312402,0.024752632477797423,49.48051232312402,61958.02,0.0,0.0,0.050019512316985114,0.0317919344192297,False,False
2024-07-03 02:00:00+00:00,buy,61384.74766930238,0.0008023654598886564,0.04925300129382893,0.0,49.25300129382893,61362.0,0.05,0.05,0.05,0.03180770345823103,False,False
2024-07-03 06:00:00+00:00,sell,61090.959240000004,0.0008023654598886564,0.04901727560564177,0.02452089825194126,49.01727560564177,61014.0,0.0,0.0,0.04952733082852311,0.031810675484755135,False,False
2024-07-03 07:00:00+00:00,buy,61044.507,0.0008100132564281363,0.04944685990212016,0.024711074413851362,49.44685990212016,60870.01,0.05,0.05,0.05,0.03180945828978185,False,False
2024-07-03 14:00:00+00:00,sell,60559.705,0.0008100132564281363,0.04905416385537729,0.024539351603488975,49.05416385537729,60281.15,0.0,0.0,0.04943407382752386,0.03163219898600683,False,False
2024-07-03 20:00:00+00:00,buy,59700.945555,0.0008277896364401538,0.04941982401610687,0.024697563226438426,49.419824016106865,59609.26,0.05,0.05,0.05,0.031533624072713706,False,False
2024-07-03 22:00:00+00:00,sell,60217.456210000004,0.0008277896364401538,0.04984738618342679,0.02493616117229774,49.847386183426785,60316.01,0.0,0.0,0.050518132903391674,0.031558267801609585,False,False
2024-07-04 02:00:00+00:00,buy,58338.379127624044,0.0008437180912673518,0.049221145885190075,0.0,49.221145885190076,58972.13,0.05,0.05,0.05,0.031855194860404085,False,False
2024-07-04 11:00:00+00:00,sell,57917.456785,0.0008437180912673518,0.048866006089699536,0.024445225657677056,48.86600608969953,57761.94,0.0,0.0,0.04934441354739216,0.031845839278399096,False,False
2024-07-04 12:00:00+00:00,buy,57542.340521224745,0.0008549776436886283,0.049197414711165406,0.0,49.19741471116541,57247.98,0.05,0.05,0.05,0.03185213702030232,False,False
2024-07-04 14:00:00+00:00,sell,57391.30999,0.0008549776436886283,0.049068286983453835,0.024546416700072883,49.06828698345383,57450.25,0.0,0.0,0.0497366278613867,0.03185434625304334,False,False
2024-07-04 23:00:00+00:00,buy,57815.0577342808,0.0008506816971799409,0.04918221143595426,0.0,49.18221143595426,57050.01,0.05,0.05,0.05,0.03198409817451628,False,False
2024-07-05 06:00:00+00:00,sell,54778.61699,0.0008506816971799409,0.04659916687022315,0.023311239054634246,46.599166870223144,54283.99,0.0,0.0,0.04691026340041137,0.032408560872493164,False,False
2024-07-05 07:00:00+00:00,buy,54065.352113751076,0.0009070348744519416,0.04903915986669622,0.0,49.03915986669622,54415.05,0.05,0.05,0.05,0.032408534973942416,False,False
2024-07-05 08:00:00+00:00,sell,54387.832480000005,0.0009070348744519416,0.04933166080521004,0.024678169487345327,49.331660805210035,54088.0,0.0,0.0,0.04982091888144029,0.03241766872930474,False,False
2024-07-05 09:00:00+00:00,buy,54115.043999999994,0.0009104781957517042,0.04927056762414408,0.024622972325904,49.27056762414408,54528.0,0.05,0.05,0.05,0.03243435065974626,False,False
2024-07-05 10:00:00+00:00,sell,54748.572122631726,0.0009104781957517042,0.04984738116619578,0.0,49.84738116619578,54987.99,0.0,0.0,0.050794789369494595,0.03245181177393028,False,False
2024-07-05 20:00:00+00:00,buy,56493.642705,0.000872544771796839,0.04929323258200638,0.02463429914142802,49.29323258200638,56351.1,0.05,0.05,0.05,0.03250059840498154,False,False
2024-07-05 22:00:00+00:00,sell,56489.351195,0.000872544771796839,0.04928948804739277,0.024657072559974333,49.289488047392766,56621.09,0.0,0.0,0.05013595769905289,0.03250182083682035,False,False
2024-07-06 01:00:00+00:00,buy,56370.74329814989,0.000870319081281419,0.049060533518396524,0.0,49.060533518396525,56219.64,0.05,0.05,0.05,0.032513163640878695,False,False
2024-07-06 06:00:00+00:00,sell,56334.35873000001,0.000870319081281419,0.049028867334471496,0.02452669701573811,49.02886733447149,56417.35,0.0,0.0,0.049838109702257403,0.03253209556854686,False,False
2024-07-13 09:00:00+00:00,buy,57979.17509999999,0.0008499246462898842,0.04927792988904675,0.02462665161871064,49.27792988904675,58678.02,0.05,0.05,0.05,0.03327491898380963,False,False
2024-07-13 10:00:00+00:00,sell,58648.68099,0.0008499246462898842,0.04984695944579401,0.024935947696742018,49.846959445794006,58436.67,0.0,0.0,0.05040361673674737,0.033278305496315774,False,False
2024-07-13 14:00:00+00:00,buy,58647.018854999995,0.000840604662666503,0.049298957501003306,0.02463716017041281,49.29895750100331,58800.0,0.05,0.05,0.05,0.03328497416522622,False,False
2024-07-13 15:00:00+00:00,sell,58770.600000000006,0.000840604662666503,0.04940284038770798,0.024713777082390295,49.40284038770798,58830.63,0.0,0.0,0.0501775233588942,0.03328485158247302,False,False
2024-07-13 17:00:00+00:00,buy,58651.300995,0.0008405056165512472,0.04929674790433525,0.024636055924205372,49.29674790433525,58708.0,0.05,0.05,0.05,0.03328740671736655,False,False
2024-07-13 22:00:00+00:00,sell,58943.81068818404,0.0008405056165512472,0.04954260394435212,0.0,49.54260394435212,59464.53,0.0,0.0,0.05068726617202432,0.033322581070906826,False,False
2024-07-14 03:00:00+00:00,buy,59385.678,0.0008302148204060794,0.04930286999546325,0.024639115440011527,49.302869995463254,59466.15,0.05,0.05,0.05,0.0333513193976345,False,False
2024-07-14 05:00:00+00:00,sell,60214.46769573926,0.0008302148204060794,0.04999094348386583,0.0,49.990943483865834,60265.38,0.0,0.0,0.05073225043689206,0.033369090990563954,False,False
2024-07-14 07:00:00+00:00,buy,59905.937999999995,0.0008234758151512693,0.0493310911269514,0.02465321895399429,49.3310911269514,60062.01,0.05,0.05,0.05,0.03337458814967553,False,False
2024-07-14 09:00:00+00:00,sell,60171.889005000005,0.0008234758151512693,0.04955009534758408,0.024787441394483863,49.55009534758408,60186.01,0.0,0.0,0.05025089423957432,0.033375175940011687,False,False
2024-07-14 10:00:00+00:00,buy,59920.263932764705,0.0008192930586297126,0.04909225631137445,0.0,49.09225631137445,59920.51,0.05,0.05,0.05,0.033378631278267956,False,False
2024-07-14 15:00:00+00:00,sell,59981.994000000006,0.0008192930586297126,0.04914283132696908,0.024583707517238196,49.14283132696908,60084.0,0.0,0.0,0.049910958074796355,0.03339501365281461,False,False
2024-07-14 18:00:00+00:00,buy,60035.56277999999,0.0008216965200843028,0.04933101301762868,0.02465317991885102,49.331013017628685,60020.11,0.05,0.05,0.05,0.033383616738898086,False,False
2024-07-14 21:00:00+00:00,sell,60351.029885964825,0.0008216965200843028,0.04959023124080105,0.0,49.59023124080105,61276.36,0.0,0.0,0.05100998957569005,0.033452032425697276,False,False
2024-07-15 00:00:00+00:00,buy,60828.308955,0.0008110992964669276,0.04933779859867342,0.024656571013827303,49.337798598673416,61211.99,0.05,0.05,0.05,0.033458089903852545,False,False
2024-07-15 01:00:00+00:00,sell,61483.869022891064,0.0008110992964669276,0.049869522908531666,0.0,49.869522908531664,61390.0,0.0,0.0,0.050467406620607294,0.0334448399734307,False,False
2024-07-15 07:00:00+00:00,buy,62901.45500999999,0.0007846909393145803,0.04935820181605071,0.024666767524258344,49.35820181605071,62840.12,0.05,0.05,0.05,0.03340511002658511,False,False
2024-07-15 14:00:00+00:00,sell,63185.39192103263,0.0007846909393145803,0.04958100453747499,0.0,49.58100453747499,63218.06,0.0,0.0,0.050267907522807034,0.033363671833269826,False,False
2024-07-15 16:00:00+00:00,buy,63057.523004999995,0.0007828275165428333,0.049363164133346724,0.024669247442946744,49.36316413334672,63411.77,0.05,0.05,0.05,0.03329815689954274,False,False
2024-07-15 17:00:00+00:00,sell,63689.314954771406,0.0007828275165428333,0.04985774825635803,0.0,49.85774825635803,63081.97,0.0,0.0,0.050047178525957116,0.03328174669977618,False,False
2024-07-15 18:00:00+00:00,buy,63113.510985,0.0007824268897129038,0.04938170809885475,0.02467851479203107,49.381708098854745,63499.0,0.05,0.05,0.05,0.03329029659633964,False,False
2024-07-15 19:00:00+00:00,sell,63777.051455518595,0.0007824268897129038,0.049900880005401244,0.0,49.90088000540124,63342.0,0.0,0.0,0.05020077955936815,0.03328709899390611,False,False
2024-07-15 20:00:00+00:00,buy,63373.670999999995,0.000779526856181447,0.04940147851930734,0.02468839506211857,49.40147851930734,63731.36,0.05,0.05,0.05,0.03329183273303196,False,False
2024-07-15 21:00:00+00:00,sell,63699.494320000005,0.000779526856181447,0.049655466547617544,0.024840153350480378,49.65546654761754,63532.44,0.0,0.0,0.050147804272695766,0.033290080104758174,False,False
2024-07-15 22:00:00+00:00,buy,63564.20622,0.0007772731576339072,0.04940675128111224,0.02469103012549159,49.40675128111224,64343.6,0.05,0.05,0.05,0.03332045976346623,False,False
2024-07-15 23:00:00+00:00,sell,64625.796380745756,0.0007772731576339072,0.05023189681746819,0.0,50.23189681746819,64724.14,0.0,0.0,0.05089522515789219,0.03330420847867541,False,False
2024-07-16 04:00:00+00:00,buy,64784.51607,0.0007631732486971605,0.049441809594415305,0.024708550521945486,49.441809594415304,64487.01,0.05,0.05,0.05,0.03328618364279992,False,False
2024-07-16 11:00:00+00:00,sell,63721.70740161103,0.0007631732486971605,0.048630702450217396,0.0,48.63070245021739,63746.11,0.0,0.0,0.04926636806508665,0.03330056707828327,False,False
2024-07-16 14:00:00+00:00,buy,63143.269120499746,0.0007784675877992905,0.04915498839799687,0.0,49.15498839799687,63836.09,0.05,0.05,0.05,0.0332475558230205,False,False
2024-07-16 15:00:00+00:00,sell,64115.3638065004,0.0007784675877992905,0.049911732603320304,0.0,49.9117326033203,64878.24,0.0,0.0,0.05108234731773941,0.033276676415679135,False,False
2024-07-16 21:00:00+00:00,buy,64684.14591,0.0007641438478881373,0.04942799215302512,0.024701645253885286,49.427992153025116,64500.01,0.05,0.05,0.05,0.03328213446847947,False,False
2024-07-17 00:00:00+00:00,sell,65329.00212698443,0.0007641438478881373,0.049920755064006186,0.0,49.92075506400619,65505.41,0.0,0.0,0.050631784013331085,0.033293889100228985,False,False
2024-07-17 06:00:00+00:00,buy,65656.81199999999,0.0007531044455335966,0.049446436996763585,0.024710863066841445,49.44643699676358,65575.87,0.05,0.05,0.05,0.033279937087724004,False,False
2024-07-17 14:00:00+00:00,sell,65109.379025,0.0007531044455335966,0.049034162789659407,0.024529346067859937,49.034162789659405,65032.09,0.0,0.0,0.04957633118005767,0.0332718310932813,False,False
2024-07-17 16:00:00+00:00,buy,64440.62656861421,0.0007631437913518563,0.04917746407666141,0.0,49.17746407666141,64242.0,0.05,0.05,0.05,0.033285447663595646,False,False
2024-07-17 19:00:00+00:00,sell,64471.74800000001,0.0007631437913518563,0.04920121420380146,0.02461291355867483,49.20121420380146,64585.78,0.0,0.0,0.049890105101402585,0.03328162737517698,False,False
2024-07-17 22:00:00+00:00,buy,64350.159,0.0007678840186209228,0.04941345869181534,0.024694382154829986,49.41345869181534,64269.2,0.05,0.05,0.05,0.03327367598886696,False,False
2024-07-18 01:00:00+00:00,sell,64411.308235000004,0.0007678840186209228,0.04946041421212274,0.024742578395254986,49.460414212122735,64678.99,0.0,0.0,0.05027154981575677,0.03327557923487362,False,False
2024-07-18 05:00:00+00:00,buy,64606.287,0.0007647613055409791,0.04940838839227519,0.02469184827199901,49.408388392275185,64756.77,0.05,0.05,0.05,0.03327002325938794,False,False
2024-07-18 06:00:00+00:00,sell,65039.91314470663,0.0007647613055409791,0.04974000888881774,0.0,49.740008888817734,65000.01,0.0,0.0,0.05031829686435958,0.03327089521631821,False,False
2024-07-18 08:00:00+00:00,buy,64700.333999999995,0.0007638103166411927,0.04941878259933093,0.024697042778272723,49.418782599330925,64936.9,0.05,0.05,0.05,0.03327762693745079,False,False
2024-07-18 09:00:00+00:00,sell,64904.421555,0.0007638103166411927,0.04957466677933801,0.02479973325629609,49.574666779338,64865.99,0.0,0.0,0.05015042106958279,0.033255282822652554,False,False
2024-07-18 11:00:00+00:00,buy,64642.294995,0.0007645018247840984,0.04941915248190949,0.024697227627140106,49.41915248190949,64758.0,0.05,0.05,0.05,0.03325299656048761,False,False
2024-07-18 13:00:00+00:00,sell,64818.234670000005,0.0007645018247840984,0.04955365868449892,0.024789223954225205,49.55365868449892,64594.2,0.0,0.0,0.049993392009356215,0.03325330324584394,False,False
2024-07-18 14:00:00+00:00,buy,64311.7927724837,0.0007646779060855994,0.04917780703387382,0.0,49.17780703387382,63995.4,0.05,0.05,0.05,0.033269524547824336,False,False
2024-07-18 21:00:00+00:00,sell,63794.09699500001,0.0007646779060855994,0.04878193651075824,0.02440316984029535,48.781936510758236,63850.0,0.0,0.0,0.04944407760677724,0.033254465769475605,False,False
2024-07-19 01:00:00+00:00,buy,63322.5763863925,0.0007762241146492225,0.04915251079283528,0.0,49.15251079283528,63816.0,0.05,0.05,0.05,0.033243883906724,False,False
2024-07-19 02:00:00+00:00,sell,63784.082005000004,0.0007762241146492225,0.04951074258304453,0.02476775516910225,49.51074258304453,63828.0,0.0,0.0,0.05016181874234974,0.03324363375239531,False,False
2024-07-19 08:00:00+00:00,buy,63415.99425342114,0.0007752626340927916,0.04916405074852061,0.0,49.16405074852061,63809.0,0.05,0.05,0.05,0.03325148267758121,False,False
2024-07-19 11:00:00+00:00,sell,63962.003000000004,0.0007752626340927916,0.049587350927631044,0.02480607850306376,49.58735092763104,64116.0,0.0,0.0,0.05030612426256036,0.033222799165590705,False,False
2024-07-19 21:00:00+00:00,buy,66965.27590499999,0.0007379835253742454,0.049419270390030905,0.024697286551732218,49.4192703900309,66892.28,0.05,0.05,0.05,0.033234146161985306,False,False
2024-07-20 14:00:00+00:00,sell,66506.61006,0.0007379835253742454,0.049080782552769056,0.02455266761018838,49.08078255276906,66590.0,0.0,0.0,0.04976234192580878,0.03257077346457171,False,False
2024-07-20 20:00:00+00:00,buy,67257.612,0.0007344142153287641,0.04939494634186647,0.024685130605625803,49.394946341866465,67339.28,0.05,0.05,0.05,0.03256363120191491,False,False
2024-07-20 21:00:00+00:00,sell,67305.61036,0.0007344142153287641,0.04943019701976294,0.02472746224099668,49.43019701976294,67092.41,0.0,0.0,0.04991200327797388,0.03256558903522547,False,False
2024-07-20 22:00:00+00:00,buy,67125.94619999999,0.0007357705471610087,0.049389294164274435,0.024682305929170454,49.38929416427443,67114.0,0.05,0.05,0.05,0.03255966250162892,False,False
2024-07-21 02:00:00+00:00,sell,67242.68184,0.0007357705471610087,0.049475184809990434,0.02474996738869121,49.47518480999043,67287.01,0.0,0.0,0.05014277458767054,0.03254821726553794,False,False
2024-07-21 04:00:00+00:00,buy,67204.915665,0.0007348595234457386,0.04938617229879295,0.02468074577650192,49.38617229879295,67040.01,0.05,0.05,0.05,0.03252643649788614,False,False
2024-07-21 10:00:00+00:00,sell,66942.512,0.0007348595234457386,0.049193342466580636,0.024608975721149097,49.19334246658064,66798.87,0.0,0.0,0.04974151978615138,0.03252085289772233,False,False
2024-07-21 11:00:00+00:00,buy,66832.25942999999,0.0007387020766461088,0.04936912882789248,0.024672228299789246,49.36912882789248,66879.99,0.05,0.05,0.05,0.03251992664097847,False,False
2024-07-21 12:00:00+00:00,sell,66846.55000500001,0.0007387020766461088,0.04937968530532146,0.024702193749530588,49.37968530532146,66928.02,0.0,0.0,0.05009684595589007,0.03251818644671667,False,False
2024-07-21 14:00:00+00:00,buy,66793.390005,0.0007390289225788764,0.04936224705078584,0.024668789130826825,49.36224705078584,67290.76,0.05,0.05,0.05,0.03252047235988745,False,False
2024-07-21 15:00:00+00:00,sell,67257.104625,0.0007390289225788764,0.049704945566788526,0.024864905236006932,49.704945566788524,67164.0,0.0,0.0,0.050292382445034034,0.03250831013668229,False,False
2024-07-21 18:00:00+00:00,buy,66377.29825445889,0.0007404164526908745,0.04914684371277062,0.0,49.146843712770625,66864.42,0.05,0.05,0.05,0.032493257110895596,False,False
2024-07-21 20:00:00+00:00,sell,67696.21473036277,0.0007404164526908745,0.05012339117125493,0.0,50.12339117125493,67723.91,0.0,0.0,0.050758400248943784,0.03250537881916832,False,False
2024-07-22 02:00:00+00:00,buy,67883.93500499999,0.0007279460534241033,0.049415842577788076,0.024695573502141025,49.41584257778808,68070.62,0.05,0.05,0.05,0.0324727756224967,False,False
2024-07-22 10:00:00+00:00,sell,67393.50639000001,0.0007279460534241033,0.04905883700301259,0.024541689346173273,49.05883700301259,67422.01,0.0,0.0,0.04970524730589664,0.032456855974388216,False,False
2024-07-22 14:00:00+00:00,buy,66826.80981356303,0.0007357283938588599,0.04916638145084422,0.0,49.16638145084422,66712.0,0.05,0.05,0.05,0.03244371031663365,False,False
2024-07-22 16:00:00+00:00,sell,67030.338065,0.0007357283938588599,0.04931612296437885,0.02467039668052365,49.31612296437885,67052.0,0.0,0.0,0.049959818625341504,0.03243617534214838,False,False
2024-07-22 22:00:00+00:00,buy,67567.99936333568,0.0007276837999429502,0.04916813853125495,0.0,49.16813853125495,67635.01,0.05,0.05,0.05,0.032421953952495586,False,False
2024-07-23 03:00:00+00:00,sell,67613.826175,0.0007276837999429502,0.0492014859597061,0.024613049504604984,49.201485959706105,67473.99,0.0,0.0,0.049734982739461024,0.032357988997602505,False,False
2024-07-23 04:00:00+00:00,buy,67203.35269904307,0.0007315821416903292,0.04916477269633649,0.0,49.16477269633649,66936.0,0.05,0.05,0.05,0.032366831985635725,False,False
2024-07-23 08:00:00+00:00,sell,66836.95202103145,0.0007315821416903292,0.048896720503599965,0.0,48.896720503599965,66888.0,0.0,0.0,0.04957982844899435,0.032141362731692213,False,False
2024-07-23 12:00:00+00:00,buy,66415.84369163132,0.0007400631878408064,0.04915192100556538,0.0,49.151921005565384,66504.68,0.05,0.05,0.05,0.032097458569980586,False,False
2024-07-23 15:00:00+00:00,sell,67194.196095,0.0007400631878408064,0.04972795096646597,0.024876413690071406,49.72795096646597,66584.01,0.0,0.0,0.04992720760350524,0.03214899618586156,False,False
2024-07-23 16:00:00+00:00,buy,66322.35180802962,0.0007414252580497259,0.04917306680373307,0.0,49.173066803733064,65857.99,0.05,0.05,0.05,0.03216635867107473,False,False
2024-07-23 21:00:00+00:00,sell,65803.08200000001,0.0007414252580497259,0.04878806705231728,0.024406236644473885,48.78806705231728,65872.0,0.0,0.0,0.04948452892624516,0.032142087757488,False,False
2024-07-24 01:00:00+00:00,buy,65817.59234999999,0.0007500482397904028,0.04936636928935977,0.02467084922006582,49.366369289359774,65666.01,0.05,0.05,0.05,0.032125839588755145,False,False
2024-07-24 03:00:00+00:00,sell,65845.22092,0.0007500482397904028,0.04938709204965621,0.02470589897431261,49.38709204965621,66052.71,0.0,0.0,0.05019849793186687,0.03212506765481471,False,False
2024-07-24 06:00:00+00:00,buy,65846.917005,0.0007496174153144272,0.0493599957317117,0.024667664033839635,49.3599957317117,65898.0,0.05,0.05,0.05,0.032114721649859235,False,False
2024-07-24 07:00:00+00:00,sell,65865.051,0.0007496174153144272,0.04937358929017294,0.02469914421719,49.37358929017294,66078.0,0.0,0.0,0.050195511316298014,0.03211261707952229,False,False
2024-07-24 12:00:00+00:00,buy,66401.184,0.0007432588404944746,0.04935326702730026,0.024664301362964058,49.353267027300255,66215.1,0.05,0.05,0.05,0.032087658481671194,False,False
2024-07-24 15:00:00+00:00,sell,66726.629995,0.0007432588404944746,0.04959515764018752,0.024809983811999076,49.59515764018752,66176.0,0.0,0.0,0.049867553221859894,0.03208688738169008,False,False
2024-07-24 16:00:00+00:00,buy,66209.088,0.0007454859181741043,0.04935794275915007,0.02466663806054728,49.35794275915007,66394.0,0.05,0.05,0.05,0.032087781222868594,False,False
2024-07-24 18:00:00+00:00,sell,66552.716995,0.0007454859181741043,0.04961411333599889,0.0248194664011997,49.61411333599889,65754.0,0.0,0.0,0.049701972038308624,0.03209368733594986,False,False
2024-07-24 19:00:00+00:00,buy,65786.877,0.0007503522484092849,0.04936333107277507,0.024669330870946908,49.36333107277507,65652.0,0.05,0.05,0.05,0.03209338785494775,False,False
2024-07-25 07:00:00+00:00,sell,64291.838,0.0007503522484092849,0.04824152519766551,0.02413282901333689,48.24152519766551,64134.0,0.0,0.0,0.048833176159775525,0.031861492770102445,False,False
2024-07-26 08:00:00+00:00,buy,66924.00528,0.0007366547850300686,0.049299888722889575,0.024637625548670387,49.29988872288958,67106.01,0.05,0.05,0.05,0.031528537901977016,False,False
2024-07-26 10:00:00+00:00,sell,67262.361995,0.0007366547850300686,0.04954914081604138,0.02478696388996233,49.54914081604138,67304.01,0.0,0.0,0.05029853595711551,0.03149774420505855,False,False
2024-07-26 11:00:00+00:00,buy,67337.652,0.0007322046241092598,0.049304940171060144,0.024640150010526173,49.304940171060146,67322.0,0.05,0.05,0.05,0.03145521630512163,False,False
2024-07-26 14:00:00+00:00,sell,67853.93606,0.0007322046241092598,0.049682965747146056,0.02485390982848535,49.682965747146056,67328.01,0.0,0.0,0.05002194818343916,0.0314754166175254,False,False
2024-07-26 15:00:00+00:00,buy,67361.66399999999,0.0007321140862875185,0.049316423090166824,0.024645888600775524,49.31642309016682,67560.01,0.05,0.05,0.05,0.03147701263392544,False,False
2024-07-26 20:00:00+00:00,sell,67956.005,0.0007321140862875185,0.04975154850832505,0.024888218363340785,49.751548508325044,67435.17,0.0,0.0,0.050080611485266886,0.031493837106748745,False,False
2024-07-26 21:00:00+00:00,buy,67468.87758,0.0007311631405419047,0.049330756420230104,0.024653051684270587,49.3307564202301,67946.01,0.05,0.05,0.05,0.031495659821719035,False,False
2024-07-26 22:00:00+00:00,sell,67912.027,0.0007311631405419047,0.049654770941886625,0.024839805373628766,49.654770941886625,67926.0,0.0,0.0,0.05035064675021939,0.031493188758945884,False,False
2024-07-26 23:00:00+00:00,buy,67959.963,0.0007260088946118962,0.049339537615495366,0.02465744008770628,49.33953761549537,67907.99,0.05,0.05,0.05,0.03149315426390517,False,False
2024-07-27 03:00:00+00:00,sell,67993.986,0.0007260088946118962,0.049364238616116746,0.024694466541325826,49.364238616116744,67798.0,0.0,0.0,0.04991547565980855,0.03148852033295932,False,False
2024-07-27 04:00:00+00:00,buy,67831.888995,0.000727288706365715,0.049333366797516334,0.024654356220644876,49.333366797516334,67866.01,0.05,0.05,0.05,0.03148856583947962,False,False
2024-07-27 07:00:00+00:00,sell,68058.843555,0.000727288706365715,0.04949842828586253,0.024761594940401428,49.49842828586253,68036.68,0.0,0.0,0.05017221693832755,0.03148775704410306,False,False
2024-07-27 08:00:00+00:00,buy,68070.69833999999,0.0007247495487493038,0.049334207904964976,0.024654776564196824,49.33420790496498,67986.0,0.05,0.05,0.05,0.031487818128650286,False,False
2024-07-27 10:00:00+00:00,sell,68183.0914,0.0007247495487493038,0.04941566472448254,0.024720192458464917,49.41566472448254,68155.41,0.0,0.0,0.05008789405676857,0.03148680476081747,False,False
2024-07-27 11:00:00+00:00,buy,68189.49771,0.0007234379852298475,0.0493308728371577,0.0246531098636454,49.3308728371577,68209.88,0.05,0.05,0.05,0.03148356962706528,False,False
2024-07-27 13:00:00+00:00,sell,68650.01492412756,0.0007234379852298475,0.04966402848270981,0.0,49.66402848270981,69226.01,0.0,0.0,0.05075062004078599,0.03149362741478648,False,False
2024-07-27 16:00:00+00:00,buy,68878.42199999999,0.0007163542953490861,0.04934135345656698,0.02465834755450007,49.341353456566985,68684.01,0.05,0.05,0.05,0.03149477095391234,False,False
2024-07-27 22:00:00+00:00,sell,68825.579995,0.0007163542953490861,0.04930349985931038,0.024664081970641932,49.30349985931038,68619.97,0.0,0.0,0.04985038892200495,0.031534566641347905,False,False
2024-07-28 00:00:00+00:00,buy,67647.05398536059,0.0007262143310354865,0.04912626005650009,0.0,49.12626005650009,67958.0,0.05,0.05,0.05,0.031538860747006625,False,False
2024-07-28 03:00:00+00:00,sell,68115.36528000001,0.0007262143310354865,0.04946635443005302,0.02474554999001397,49.466354430053016,67940.95,0.0,0.0,0.050024406291156794,0.0315372677836917,False,False
2024-07-28 04:00:00+00:00,buy,67691.1353539315,0.0007258987272690284,0.04913690900081441,0.0,49.13690900081441,67338.0,0.05,0.05,0.05,0.03154622241516766,False,False
2024-07-28 08:00:00+00:00,sell,67527.07957,0.0007258987272690284,0.04901782111605741,0.024521171143599696,49.01782111605741,67380.0,0.0,0.0,0.04960101389380128,0.03154441343910491,False,False
2024-07-28 09:00:00+00:00,buy,67413.69,0.0007317624471083489,0.04933080676300363,0.02465307684308198,49.33080676300363,67433.65,0.05,0.05,0.05,0.03153365800245714,False,False
2024-07-28 10:00:00+00:00,sell,67399.933175,0.0007317624471083489,0.049320740035077186,0.02467270637072094,49.320740035077186,67560.01,0.0,0.0,0.05013189612692478,0.03153371874362734,False,False
2024-07-28 15:00:00+00:00,buy,67779.87299999999,0.0007276924317784612,0.04932290060900526,0.024649125741626227,49.32290060900526,67645.0,0.05,0.05,0.05,0.0315344570929888,False,False
2024-07-28 18:00:00+00:00,sell,68237.55791972979,0.0007276924317784612,0.04965595446123177,0.0,49.65595446123177,68236.01,0.0,0.0,0.05034847980920575,0.031514291001422945,False,False
2024-07-28 21:00:00+00:00,buy,68042.004,0.0007250429769561575,0.04933337713822278,0.024654361388417773,49.33337713822278,68021.93,0.05,0.05,0.05,0.03146850558423439,False,False
2024-07-29 00:00:00+00:00,sell,68498.38977268244,0.0007250429769561575,0.049664276437488886,0.0,49.66427643748889,68714.01,0.0,0.0,0.050497903346084914,0.031459538786711566,False,False
2024-07-29 08:00:00+00:00,buy,69562.77400499998,0.00070934124450059,0.04934374468361998,0.024659542570517633,49.34374468361998,69457.5,0.05,0.05,0.05,0.031268285119039285,False,False
2024-07-30 04:00:00+00:00,sell,66576.695,0.00070934124450059,0.04722559568603621,0.023624610148087193,47.22559568603621,66808.04,0.0,0.0,0.048142959684924894,0.03125682579003333,False,False
2024-07-30 14:00:00+00:00,buy,66145.80670699982,0.0007412541805988953,0.04903085575065007,0.0,49.03085575065007,65810.0,0.05,0.05,0.05,0.031257934016515054,False,False
2024-07-30 16:00:00+00:00,sell,66451.78144734635,0.0007412541805988953,0.0492576608060896,0.0,49.257660806089596,66180.01,0.0,0.0,0.04984905720239897,0.031264105864491354,False,False
2024-07-30 18:00:00+00:00,buy,65633.42076092628,0.0007471359897385698,0.04903709078014265,0.0,49.03709078014265,65824.01,0.05,0.05,0.05,0.031266197756035424,False,False
2024-07-30 20:00:00+00:00,sell,66165.46466722594,0.0007471359897385698,0.04943459993066022,0.0,49.43459993066022,66186.01,0.0,0.0,0.05022282721314676,0.03125227719000864,False,False
2024-07-31 04:00:00+00:00,buy,65825.52827008022,0.00074521348990963,0.049054071647291496,0.0,49.054071647291494,65804.0,0.05,0.05,0.05,0.031163866127420725,False,False
2024-07-31 06:00:00+00:00,sell,66408.51786807025,0.00074521348990963,0.049488523360190655,0.0,49.488523360190655,66459.99,0.0,0.0,0.05028262850609869,0.031167610424807035,False,False
2024-07-31 11:00:00+00:00,buy,66024.996,0.0007462133011932495,0.0492687302264311,0.024622054086171852,49.268730226431096,66094.01,0.05,0.05,0.05,0.031158153914841086,False,False
2024-07-31 13:00:00+00:00,sell,66386.60589349044,0.0007462133011932495,0.04953856833879674,0.0,49.538568338796736,66508.0,0.0,0.0,0.050376300427954344,0.031163024211391555,False,False
2024-07-31 20:00:00+00:00,buy,65025.03696989225,0.0007521442008860424,0.04890820446930498,0.0,48.90820446930498,64595.81,0.049828550803104124,0.049828550803104124,0.049828550803104124,0.031243212306398094,False,False
2024-08-01 06:00:00+00:00,sell,64271.848000000005,0.0007521442008860424,0.04834169775342919,0.024182940346883966,48.34169775342919,64226.0,0.0,0.0,0.04907381150377706,0.03123522179595728,False,False
2024-08-01 15:00:00+00:00,buy,63708.51155745606,0.0007697879519575856,0.04904204463408028,0.0,49.04204463408028,62906.6,0.05,0.05,0.05,0.0312514524204163,False,False
2024-08-01 20:00:00+00:00,sell,63649.756365232446,0.0007697879519575856,0.04899681559499159,0.0,48.99681559499159,64760.0,0.0,0.0,0.05060543748665802,0.03133760521391055,False,False
2024-08-02 01:00:00+00:00,buy,64665.055453394234,0.0007582647883978316,0.049033234590102025,0.0,49.033234590102026,64647.99,0.05,0.05,0.05,0.03133379134675443,False,False
2024-08-02 04:00:00+00:00,sell,64576.865415,0.0007582647883978316,0.04896636318930023,0.02449542930930328,48.966363189300225,64531.99,0.0,0.0,0.04972558650923235,0.031335206763130924,False,False
2024-08-02 05:00:00+00:00,buy,64300.36067365854,0.000762418880004115,0.04902380896867139,0.0,49.02380896867139,64170.01,0.05,0.05,0.05,0.03133336177825968,False,False
2024-08-02 07:00:00+00:00,sell,64444.98139000001,0.000762418880004115,0.04913407053324984,0.02457932492908417,49.13407053324984,64164.07,0.0,0.0,0.04972266767681625,0.03133856231243998,False,False
2024-08-02 08:00:00+00:00,buy,64196.152035,0.0007667807876597498,0.04922437602212235,0.02459988806702724,49.22437602212235,64598.01,0.05,0.05,0.05,0.031344549142667405,False,False
2024-08-02 09:00:00+00:00,sell,64565.71099500001,0.0007667807876597498,0.04950774673255788,0.024766256494521202,49.50774673255788,64511.99,0.0,0.0,0.05026251792687404,0.031333780082317964,False,False
2024-08-02 15:00:00+00:00,buy,62927.34130787429,0.0007791028644250057,0.049026871863614846,0.0,49.02687186361484,63416.01,0.05,0.05,0.05,0.03148416772283816,False,False
2024-08-03 02:00:00+00:00,sell,61566.98187399725,0.0007791028644250057,0.047967011932033655,0.0,47.96701193203366,61450.01,0.0,0.0,0.048707274223118595,0.03152359626578699,False,False
2024-08-03 16:00:00+00:00,buy,60654.97180088821,0.0008073176134999969,0.04896782708120268,0.0,48.96782708120268,60912.01,0.05,0.05,0.05,0.03155417771142496,False,False
2024-08-03 21:00:00+00:00,sell,60617.443934112736,0.0008073176134999969,0.04893753017335776,0.0,48.93753017335776,60648.0,0.0,0.0,0.04981303793786526,0.031522453844242376,False,False
2024-08-04 05:00:00+00:00,buy,60594.40206,0.0008114092461376054,0.04916685809566357,0.024571143476091892,49.166858095663564,60792.0,0.05,0.05,0.05,0.03149777209028015,False,False
2024-08-04 06:00:00+00:00,sell,60761.60400000001,0.0008114092461376054,0.049302527295751714,0.02466359544559327,49.302527295751716,60819.61,0.0,0.0,0.05020535742956059,0.0314946326296528,False,False
2024-08-04 08:00:00+00:00,buy,60153.37281581483,0.0008139544374395639,0.048962104730388915,0.0,48.962104730388916,60565.41,0.05,0.05,0.05,0.03149156410270895,False,False
2024-08-04 09:00:00+00:00,sell,60535.717000000004,0.0008139544374395639,0.04927331547573565,0.024648982228978905,49.27331547573565,60708.0,0.0,0.0,0.05025602884509282,0.03149182584564919,False,False
2024-08-04 15:00:00+00:00,buy,59367.01832739941,0.0008248671225591119,0.04896990158263601,0.0,48.96990158263601,59086.01,0.05,0.05,0.05,0.03157009774435701,False,False
2024-08-04 19:00:00+00:00,sell,58987.67875412773,0.0008248671225591119,0.0486569968403586,0.0,48.6569968403586,59257.66,0.0,0.0,0.049730947356940045,0.031587338824782485,False,False
2024-08-04 22:00:00+00:00,buy,58489.20999,0.0008404138171290306,0.04915514022855733,0.024565287470543238,49.15514022855733,58715.83,0.05,0.05,0.05,0.0315549526246002,False,False
2024-08-04 23:00:00+00:00,sell,58686.47208500001,0.0008404138171290306,0.04932092201879116,0.024672797408093933,49.32092201879116,58161.0,0.0,0.0,0.04976198885435513,0.03156826496834714,False,False
2024-08-05 00:00:00+00:00,buy,57942.126802781124,0.00084474954562752,0.04894658528934151,0.0,48.946585289341506,56174.02,0.05,0.05,0.05,0.03175724858156412,False,False
2024-08-05 08:00:00+00:00,sell,52879.53769755238,0.00084474954562752,0.04466996544300069,0.0,44.66996544300069,52752.0,0.0,0.0,0.04555550837163787,0.03208874052889635,False,False
2024-08-05 11:00:00+00:00,buy,51182.15351786354,0.0009519104488437749,0.048720826727980476,0.0,48.72082672798047,51340.0,0.05,0.05,0.05,0.032162539647696,False,False
2024-08-05 14:00:00+00:00,sell,52166.8612368809,0.0009519104488437749,0.04965818029477022,0.0,49.65818029477022,54061.68,0.0,0.0,0.052461176367496046,0.03272495648128426,False,False
2024-08-05 19:00:00+00:00,buy,52874.00643324565,0.0009219928344407791,0.04874945505962815,0.0,48.74945505962815,53470.09,0.05,0.05,0.05,0.03282991232642743,False,False
2024-08-05 20:00:00+00:00,sell,53695.26681496992,0.0009219928344407791,0.04950665124678802,0.0,49.50665124678802,54393.85,0.0,0.0,0.05115069301696314,0.032866245309312564,False,False
2024-08-13 10:00:00+00:00,buy,58683.799529062875,0.000819214479973933,0.04807461831409578,0.0,48.07461831409577,58672.1,0.04928713228659087,0.04928713228659087,0.04928713228659087,0.033462255330558605,False,False
2024-08-13 12:00:00+00:00,sell,59091.246996503774,0.000819214479973933,0.04840840517925207,0.0,48.40840517925207,59124.0,0.0,0.0,0.04942019177911937,0.03344257897434655,False,False
2024-08-13 20:00:00+00:00,buy,60850.57008,0.0008056494331403057,0.04902422729121645,0.024499863713746673,49.02422729121645,60569.14,0.05,0.05,0.05,0.03352097926972261,False,False
2024-08-13 22:00:00+00:00,sell,60999.52498,0.0008056494331403057,0.04914423272196492,0.024584408565264216,49.14423272196492,60585.14,0.0,0.0,0.0498214003643443,0.033530668868252955,False,False
2024-08-13 23:00:00+00:00,buy,60615.43257,0.0008087521967008,0.049022864244956714,0.02449918253121097,49.022864244956715,60587.15,0.05,0.05,0.05,0.03352928191801041,False,False
2024-08-14 04:00:00+00:00,sell,60922.353585000004,0.0008087521967008,0.04927108729005161,0.024647867578813078,49.27108729005161,60943.51,0.0,0.0,0.05028591476258697,0.03352929176773897,False,False
2024-08-14 05:00:00+00:00,buy,60973.99175999999,0.0008040789925589793,0.0490279058666803,0.02450170208229344,49.0279058666803,60834.64,0.05,0.05,0.05,0.03352860337341387,False,False
2024-08-14 11:00:00+00:00,sell,61373.02714731473,0.0008040789925589793,0.04934876183890771,0.0,49.34876183890771,61296.87,0.0,0.0,0.05028035260589382,0.0335134375237327,False,False
2024-08-14 13:00:00+00:00,buy,60790.417815293076,0.000802647806692331,0.04879329552735539,0.0,48.79329552735539,59611.92,0.05,0.05,0.05,0.03356463873208121,False,False
2024-08-14 21:00:00+00:00,sell,59119.575425,0.000802647806692331,0.04745219754745809,0.023737967757606827,47.452197547458084,58913.56,0.0,0.0,0.04831543613169516,0.03349111937690366,False,False
2024-08-15 00:00:00+00:00,buy,58712.731694999995,0.0008339710601702371,0.04896471909716983,0.024470124486338014,48.964719097169834,58993.99,0.05,0.05,0.05,0.03349320457104232,False,False
2024-08-15 01:00:00+00:00,sell,58964.503000000004,0.0008339710601702371,0.049174689079321134,0.024599644361837942,49.17468907932113,58204.93,0.0,0.0,0.049617527981760515,0.03351123513503887,False,False
2024-08-15 02:00:00+00:00,buy,58234.032465,0.0008408804376697958,0.04896785870644629,0.024471693506466802,48.96785870644629,58412.25,0.05,0.05,0.05,0.03351179479216368,False,False
2024-08-15 04:00:00+00:00,sell,58413.768505,0.0008408804376697958,0.049118995226426536,0.024571783504964032,49.118995226426534,58388.71,0.0,0.0,0.05015497184874045,0.03350950351015114,False,False
2024-08-15 07:00:00+00:00,buy,57841.88931880772,0.0008423816573632533,0.048724946589399104,0.0,48.7249465893991,58060.37,0.05,0.05,0.05,0.033510066684262735,False,False
2024-08-15 08:00:00+00:00,sell,58319.79294884168,0.0008423816573632533,0.04912752384132703,0.0,49.127523841327026,58378.3,0.0,0.0,0.05021757415668615,0.03351293672557101,False,False
2024-08-15 18:00:00+00:00,buy,58611.52107045324,0.0008315709622822975,0.04873963897738595,0.0,48.73963897738595,57872.82,0.05,0.05,0.05,0.03353468994316705,False,False
2024-08-15 22:00:00+00:00,sell,57593.398895000006,0.0008315709622822975,0.04789299814022336,0.023958478309260827,47.89299814022336,57617.36,0.0,0.0,0.048975645236234766,0.033565373875514504,False,False
2024-08-16 09:00:00+00:00,buy,58389.190005,0.0008380817954595451,0.048934917194818926,0.02445523098191407,48.93491719481892,58672.51,0.05,0.05,0.05,0.0335754206966698,False,False
2024-08-16 10:00:00+00:00,sell,58643.17374500001,0.0008380817954595451,0.049147776343655664,0.024586181262454623,49.147776343655664,58433.95,0.0,0.0,0.05006518440494824,0.03356982239422951,False,False
2024-08-16 11:00:00+00:00,buy,58463.16697499999,0.000837077567338674,0.0489382055903477,0.02445687435799128,48.9382055903477,58400.0,0.05,0.05,0.05,0.033568408851121084,False,False
2024-08-16 14:00:00+00:00,sell,58314.478175000004,0.000837077567338674,0.048813741531353205,0.024419080305827526,48.8137415313532,58018.86,0.0,0.0,0.04966743000678276,0.03358487689946302,False,False
2024-08-16 15:00:00+00:00,buy,57758.05077997981,0.000842832874452884,0.04868038396168602,0.0,48.68038396168602,58071.06,0.05,0.05,0.05,0.03358073510915771,False,False
2024-08-16 17:00:00+00:00,sell,58826.57227798557,0.000842832874452884,0.04958096900726492,0.0,49.58096900726492,59215.85,0.0,0.0,0.0509700638776643,0.03358707019382917,False,False
2024-08-16 21:00:00+00:00,buy,58990.20118778427,0.0008259007569006946,0.04872005181071529,0.0,48.72005181071528,59023.98,0.05,0.05,0.05,0.033594627909062424,False,False
2024-08-17 01:00:00+00:00,sell,59157.666370000006,0.0008259007569006946,0.04885836143146177,0.0244414014164356,48.85836143146177,59248.49,0.0,0.0,0.04998450657574717,0.03359307621992985,False,False
2024-08-17 03:00:00+00:00,buy,59175.93318,0.0008274579330475383,0.04896559535528204,0.02447056239644231,48.96559535528204,59158.37,0.05,0.05,0.05,0.03359137911570817,False,False
2024-08-17 10:00:00+00:00,sell,59296.686825000004,0.0008274579330475383,0.0490655139167817,0.024545029473122634,49.0655139167817,59106.4,0.0,0.0,0.049972906047105865,0.033574247644595295,False,False
2024-08-17 11:00:00+00:00,buy,59135.963205,0.0008279773443506973,0.04896323777009645,0.024469384192948872,48.96323777009645,59137.12,0.05,0.05,0.05,0.033573582825630555,False,False
2024-08-17 14:00:00+00:00,sell,59294.627855000006,0.0008279773443506973,0.04909460850564579,0.02455958404484099,49.09460850564579,59535.37,0.0,0.0,0.05034963676558449,0.03357350556476854,False,False
2024-08-17 16:00:00+00:00,buy,59417.804055,0.0008240367067070376,0.04896245157324627,0.02446899129097759,48.96245157324626,59610.1,0.05,0.05,0.05,0.03356687985674772,False,False
2024-08-17 17:00:00+00:00,sell,59580.284955,0.0008240367067070376,0.04909634179898507,0.024560451125049863,49.096341798985065,59428.57,0.0,0.0,0.050037364569325476,0.03354197214561902,False,False
2024-08-17 18:00:00+00:00,buy,59458.284284999994,0.0008234645841461913,0.04896179134279354,0.02446866134072193,48.96179134279354,59417.67,0.05,0.05,0.05,0.03353958207258523,False,False
2024-08-18 00:00:00+00:00,sell,59462.244005,0.0008234645841461913,0.04896505203197668,0.02449477340268762,48.96505203197668,59678.93,0.0,0.0,0.05020508602126039,0.033493924289470484,False,False
2024-08-18 02:00:00+00:00,buy,59465.667975,0.0008232415095915194,0.04895460627260707,0.02446507060100268,48.954606272607066,60126.0,0.05,0.05,0.05,0.03350491127401384,False,False
2024-08-18 03:00:00+00:00,sell,60095.927005,0.0008232415095915194,0.049473461667897956,0.02474910538664249,49.47346166789796,59337.42,0.0,0.0,0.04992624459114464,0.0335222161092755,False,False
2024-08-18 04:00:00+00:00,buy,59367.078705,0.0008249214426375233,0.04897317621050399,0.024474350929784137,48.973176210503986,59456.0,0.05,0.05,0.05,0.03352174156085588,False,False
2024-08-18 07:00:00+00:00,sell,59566.202000000005,0.0008249214426375233,0.04913743728627813,0.02458100914770898,49.13743728627813,59573.39,0.0,0.0,0.050193885683915536,0.033518897435281525,False,False
2024-08-18 08:00:00+00:00,buy,59603.176694999995,0.0008216681410053078,0.048974031392991536,0.024474778307338182,48.974031392991535,59706.02,0.05,0.05,0.05,0.03351717515501612,False,False
2024-08-18 09:00:00+00:00,sell,59972.84677296124,0.0008216681410053078,0.04927777751873524,0.0,49.277777518735235,59880.0,0.0,0.0,0.05024943315817812,0.03351508004777545,False,False
2024-08-18 14:00:00+00:00,buy,59857.924005,0.0008183225146818425,0.04898308689540622,0.024479303795804166,48.983086895406224,59806.01,0.05,0.05,0.05,0.033497498741027365,False,False
2024-08-18 21:00:00+00:00,sell,59784.622735000004,0.0008183225146818425,0.04892310281581046,0.024473788302051647,48.92310281581046,59439.33,0.0,0.0,0.049696282641810904,0.033475042706897634,False,False
2024-08-18 22:00:00+00:00,buy,59469.049665,0.0008234996158863194,0.048972739556251955,0.024474132711767533,48.97273955625195,59350.0,0.05,0.05,0.05,0.033446021329962244,False,False
2024-08-19 04:00:00+00:00,sell,58707.481575000005,0.0008234996158863194,0.04834558852666568,0.024184886706680658,48.34558852666568,58582.0,0.0,0.0,0.049319320569056316,0.0334575766422652,False,False
2024-08-19 05:00:00+00:00,buy,58611.280994999994,0.0008348915597555801,0.04893406380918814,0.024454804502339347,48.93406380918814,58475.18,0.05,0.05,0.05,0.03345630337080244,False,False
2024-08-19 07:00:00+00:00,sell,58540.715000000004,0.0008348915597555801,0.04887514885555689,0.024449799327439004,48.87514885555689,58502.19,0.0,0.0,0.049940287023789436,0.03344912422623039,False,False
2024-08-19 10:00:00+00:00,buy,58035.603299999995,0.0008429959274665213,0.0489237772299626,0.02444966378308695,48.923777229962596,58046.01,0.05,0.05,0.05,0.033422816104753755,False,False
2024-08-19 12:00:00+00:00,sell,58367.74153000001,0.0008429959274665213,0.04920376840520854,0.02461419129824979,49.20376840520854,58412.0,0.0,0.0,0.050336888068750536,0.03339304394948517,False,False
2024-08-20 08:00:00+00:00,buy,60954.792165,0.000802732956684234,0.048930420538683427,0.02445298377745073,48.93042053868343,60765.13,0.05,0.05,0.05,0.033246744576565096,False,False
2024-08-20 20:00:00+00:00,sell,59482.244000000006,0.000802732956684234,0.047748357596333044,0.023886121859091208,47.748357596333044,59317.57,0.0,0.0,0.04875050906361451,0.03244847330890438,False,False
2024-08-20 21:00:00+00:00,buy,59077.762619236135,0.0008233581598170372,0.048642157916282014,0.0,48.64215791628201,59296.94,0.05,0.05,0.05,0.032446409552176564,False,False
2024-08-20 23:00:00+00:00,sell,59338.316000000006,0.0008233581598170372,0.04885668666840186,0.02444056361600385,48.856686668401856,59013.8,0.0,0.0,0.04974909727261748,0.03237076839413722,False,False
2024-08-21 00:00:00+00:00,buy,59043.3069,0.0008276749333341667,0.048868665102286254,0.024422121490398185,48.86866510228625,58989.0,0.05,0.05,0.05,0.03231131503623702,False,False
2024-08-21 02:00:00+00:00,sell,59251.929215000004,0.0008276749333341667,0.049041336562945896,0.024532934748844024,49.041336562945894,59363.32,0.0,0.0,0.05028627252767788,0.03230750462955309,False,False
2024-08-21 09:00:00+00:00,buy,59206.518831365924,0.0008217205272434703,0.048651211870360464,0.0,48.65121187036046,59290.51,0.05,0.05,0.05,0.03228625586803052,False,False
2024-08-21 13:00:00+00:00,sell,59743.38340373167,0.0008217205272434703,0.04909236450982318,0.0,49.092364509823184,59928.0,0.0,0.0,0.05037988886558925,0.03227578489018154,False,False
2024-08-21 15:00:00+00:00,buy,59440.115205,0.0008224603020596513,0.04888713510596478,0.024431351877042536,48.887135105964774,59511.8,0.05,0.05,0.05,0.03225057563296549,False,False
2024-08-21 17:00:00+00:00,sell,59855.63721000001,0.0008224603020596513,0.049228885459709514,0.02462675610790352,49.22888545970951,59928.42,0.0,0.0,0.050419021489552546,0.03224149078432659,False,False
2024-08-21 23:00:00+00:00,buy,61207.058235,0.0007988763092304515,0.04889686878163011,0.02443621628267022,48.89686878163011,61156.03,0.05,0.05,0.05,0.03226139438829417,False,False
2024-08-22 08:00:00+00:00,sell,60953.817845,0.0007988763092304515,0.04869456103351883,0.024359460246882788,48.69456103351883,60926.81,0.0,0.0,0.049811097221166424,0.0322631433863316,False,False
2024-08-22 09:00:00+00:00,buy,60957.27340499999,0.0008018637086468935,0.04887942532153595,0.02442749891130828,48.87942532153595,60887.98,0.05,0.05,0.05,0.03226227247981325,False,False
2024-08-22 11:00:00+00:00,sell,61319.34499,0.0008018637086468935,0.04916975738547971,0.02459717728137976,49.16975738547971,61336.09,0.0,0.0,0.05032400931971887,0.03223190734556544,False,False
2024-08-22 13:00:00+00:00,buy,60638.52659564602,0.0008026085881378652,0.04866900221769185,0.0,48.66900221769185,60815.99,0.05,0.05,0.05,0.03222408753459949,False,False
2024-08-22 21:00:00+00:00,sell,60649.66,0.0008026085881378652,0.04867793798364156,0.02435114456410003,48.67793798364156,60545.47,0.0,0.0,0.049732193870858275,0.03214480302407574,False,False
2024-08-23 00:00:00+00:00,buy,60406.017915,0.0008092066414148851,0.048880950878244525,0.024428261308463962,48.880950878244526,60726.16,0.05,0.05,0.05,0.03211005481150811,False,False
2024-08-23 01:00:00+00:00,sell,60695.806915,0.0008092066414148851,0.049115450061653514,0.024570010035842433,49.11545006165351,60768.45,0.0,0.0,0.05031381993768351,0.03207171988182608,False,False
2024-08-23 12:00:00+00:00,buy,60772.050839999996,0.0008044047817329435,0.04888532829141354,0.02443044892124289,48.885328291413536,61146.58,0.05,0.05,0.05,0.03197580687152127,False,False
2024-08-23 13:00:00+00:00,sell,61116.016705,0.0008044047817329435,0.04916201607797245,0.024593304691327617,49.16201607797245,61119.99,0.0,0.0,0.050300776129631304,0.03193703107882262,False,False
2024-08-23 15:00:00+00:00,buy,61025.407455,0.0008011714203188617,0.0488918123662596,0.02443368933845816,48.8918123662596,61533.05,0.05,0.05,0.05,0.031900985642687646,False,False
2024-08-23 16:00:00+00:00,sell,61768.19642342894,0.0008011714203188617,0.049486913659093,0.0,49.486913659093,61731.99,0.0,0.0,0.050578713103089486,0.031900340328515936,False,False
2024-08-24 01:00:00+00:00,buy,63718.63498960453,0.0007643781251399409,0.04870513074983015,0.0,48.70513074983015,63836.48,0.05,0.05,0.05,0.031851136565939187,False,False
2024-08-25 00:00:00+00:00,sell,64399.86014648554,0.0007643781251399409,0.04922584435804501,0.0,49.22584435804501,64175.99,0.0,0.0,0.05015201133679817,0.03181076478856146,False,False
2024-08-25 02:00:00+00:00,buy,64182.15504,0.0007624640881578006,0.04893658831857618,0.024456066126221993,48.936588318576185,64137.0,0.05,0.05,0.05,0.03180963868446546,False,False
2024-08-25 13:00:00+00:00,sell,63892.028005,0.0007624640881578006,0.048715376873384994,0.024369873373377537,48.71537687338499,64082.02,0.0,0.0,0.04995459919565694,0.031747023104842564,False,False
2024-08-25 17:00:00+00:00,buy,64066.006994999996,0.0007635592875745495,0.0489181946588483,0.024446873892476486,48.9181946588483,64140.99,0.05,0.05,0.05,0.03171253881694766,False,False
2024-08-25 18:00:00+00:00,sell,64108.929500000006,0.0007635592875745495,0.04895096853618703,0.024487728132155277,48.95096853618703,64166.99,0.0,0.0,0.050103659393954995,0.031711007516567,False,False
2024-08-26 00:00:00+00:00,buy,63984.81315620233,0.0007612590143748354,0.048709015798248594,0.0,48.70901579824859,64111.01,0.05,0.05,0.05,0.031510326964280744,False,False
2024-08-26 10:00:00+00:00,buy,63888.928499999995,0.007855109921975415,0.5018545561647278,0.2508018771437491,501.85455616472785,63780.0,0.5628478591389662,0.5628478591389662,0.5131800293777171,0.031001886841767384,False,False
2024-08-26 11:00:00+00:00,sell,63748.11999500001,0.007850746061482762,0.5004703019776768,0.2503603311543672,500.47030197767685,63859.0,0.05,0.05,0.5134001010224749,0.030999966312663163,False,False
2024-08-26 12:00:00+00:00,sell,63827.0705,0.000765622874867488,0.04886746521057984,0.02444595558308021,48.86746521057984,63633.0,0.0,0.0,0.049976573855039966,0.03099866187145367,False,False
2024-08-26 13:00:00+00:00,buy,63664.81649999999,0.0007660408997952977,0.048769853316962514,0.02437274028833214,48.76985331696251,63766.0,0.05,0.05,0.05,0.030985433053784345,False,False
2024-08-26 14:00:00+00:00,sell,63734.117000000006,0.0007660408997952977,0.04882294033433878,0.02442368200816915,48.82294033433878,63500.6,0.0,0.0,0.04990614973214791,0.03090568488293602,False,False
2024-08-26 15:00:00+00:00,buy,63284.049413891844,0.0007675646445347856,0.0485745988930957,0.0,48.5745988930957,63532.53,0.05,0.05,0.05,0.03090119567347796,False,False
2024-08-26 17:00:00+00:00,sell,63673.14750000001,0.0007675646445347856,0.048873256827248475,0.024448852840039344,48.873256827248476,63375.99,0.0,0.0,0.049900756856730545,0.030877258815307423,False,False
2024-08-26 18:00:00+00:00,buy,63407.687999999995,0.0007692131647315264,0.04877402835478922,0.02437482676400849,48.77402835478922,63643.94,0.05,0.05,0.05,0.030875641763173478,False,False
2024-08-26 19:00:00+00:00,sell,63612.118030000005,0.0007692131647315264,0.0489312786251317,0.024477878251689567,48.9312786251317,63342.99,0.0,0.0,0.049980257928665124,0.030863337840391664,False,False
2024-08-26 20:00:00+00:00,buy,63374.66149499999,0.0007696224655789467,0.04877456323501303,0.024375094070467472,48.77456323501303,63417.01,0.05,0.05,0.05,0.030736383035131876,False,False
2024-08-27 02:00:00+00:00,sell,62963.312595,0.0007696224655789467,0.04845797988038185,0.0242411104954345,48.45797988038185,62900.07,0.0,0.0,0.04967271473020322,0.030729814598675437,False,False
2024-09-03 08:00:00+00:00,buy,58925.831322628284,0.0008207471315423713,0.048363207031796786,0.0,48.36320703179678,58789.02,0.0497834325933947,0.0497834325933947,0.0497834325933947,0.030279021313877857,False,False
2024-09-03 20:00:00+00:00,sell,58227.07139087294,0.0008207471315423713,0.047789701822171834,0.0,47.789701822171835,58228.0,0.0,0.0,0.04907020387864189,0.03020800484649272,False,False
2024-09-03 23:00:00+00:00,buy,57684.42953514227,0.0008415032166232263,0.04854163300289806,0.0,48.54163300289806,57487.73,0.05,0.05,0.05,0.030210201815755927,False,False
2024-09-04 08:00:00+00:00,sell,56717.627,0.0008415032166232263,0.04772806555973635,0.023875970765250457,47.72806555973634,56783.01,0.0,0.0,0.049105769928823366,0.030228805081439464,False,False
2024-09-05 00:00:00+00:00,buy,57999.88545,0.0008391606473985829,0.04867122142326565,0.02432344898713936,48.67122142326565,57997.75,0.05,0.05,0.05,0.0301976287946151,False,False
2024-09-05 14:00:00+00:00,sell,57205.31631455388,0.0008391606473985829,0.048004450273161754,0.0,48.00445027316175,56558.01,0.0,0.0,0.048845790226831165,0.030157745922899742,False,False
2024-09-05 15:00:00+00:00,buy,56383.03119877913,0.0008594276576388686,0.048457136433745995,0.0,48.457136433745994,55976.01,0.05,0.05,0.05,0.030146484287807307,False,False
2024-09-05 18:00:00+00:00,sell,56574.698500000006,0.0008594276576388686,0.048621860613480214,0.024323091852661387,48.621860613480216,56548.99,0.0,0.0,0.04998719245278806,0.03011721110843449,False,False
2024-09-05 20:00:00+00:00,buy,56088.03,0.0008671008841470006,0.0486339804030635,0.024304837782639418,48.6339804030635,56094.0,0.05,0.05,0.05,0.03012551172398467,False,False
2024-09-05 22:00:00+00:00,sell,56122.514705,0.0008671008841470006,0.04866388212125854,0.02434411311718361,48.663882121258546,56104.6,0.0,0.0,0.050042793696155795,0.03011066809875207,False,False
2024-09-06 08:00:00+00:00,buy,55832.18214,0.0008709703504913853,0.04862817524717466,0.024301936655258243,48.62817524717466,55783.01,0.05,0.05,0.05,0.030104030240449248,False,False
2024-09-06 11:00:00+00:00,sell,56149.92099500001,0.0008709703504913853,0.048904916369078746,0.024464690529799358,48.90491636907875,55999.09,0.0,0.0,0.05017080868738399,0.030097268913336056,False,False
2024-09-06 12:00:00+00:00,buy,55826.55543704888,0.0008680568805792118,0.04846062556616709,0.0,48.46062556616709,56873.99,0.05,0.05,0.05,0.03011671980519623,False,False
2024-09-06 13:00:00+00:00,sell,56845.553005,0.0008680568805792118,0.04934517341632054,0.02468492917274351,49.34517341632054,55896.01,0.0,0.0,0.04990735551433429,0.03013706340281086,False,False
2024-09-06 14:00:00+00:00,buy,55722.17912996845,0.0008703393719296681,0.0484972063865292,0.0,48.4972063865292,54733.24,0.05,0.05,0.05,0.030184993853197117,False,False
2024-09-06 22:00:00+00:00,sell,53739.696710000004,0.0008703393719296681,0.04677177388227226,0.023397585734001334,46.77177388227226,53644.01,0.0,0.0,0.04807731514732238,0.030252164753592048,False,False
2024-09-07 17:00:00+00:00,buy,54294.75664606791,0.0008914978156684157,0.04840365695221774,0.0,48.40365695221774,54134.0,0.05,0.05,0.05,0.030264560930264056,False,False
2024-09-07 20:00:00+00:00,sell,54376.807995,0.0008914978156684157,0.04847680555056335,0.0242505280393006,48.47680555056335,54166.01,0.0,0.0,0.04973299217534264,0.030265995025214237,False,False
2024-09-07 21:00:00+00:00,buy,53995.69951442237,0.0008963904515701201,0.04840122947057758,0.0,48.40122947057758,53926.99,0.05,0.05,0.05,0.030266313861876087,False,False
2024-09-08 00:00:00+00:00,sell,54133.779570000006,0.0008963904515701201,0.04852500311394965,0.024274638876408117,48.52500311394965,54137.5,0.0,0.0,0.0499696326414815,0.030233745744151053,False,False
2024-09-08 07:00:00+00:00,buy,54319.156005,0.0008943124928004544,0.04857829981364832,0.024277011401119177,48.57829981364832,54436.25,0.05,0.05,0.05,0.030234344631205473,False,False
2024-09-08 08:00:00+00:00,sell,54409.031875,0.0008943124928004544,0.04865867692699063,0.024341509218103848,48.65867692699063,54480.0,0.0,0.0,0.050169461037342974,0.030234355008149888,False,False
2024-09-08 13:00:00+00:00,buy,54221.807355,0.0008958577116299048,0.04857502425748783,0.02427537444152142,48.57502425748783,54399.0,0.05,0.05,0.05,0.030237988758051476,False,False
2024-09-08 18:00:00+00:00,sell,54482.745,0.0008958577116299048,0.04880878725901564,0.024416601930470707,48.80878725901564,54412.01,0.0,0.0,0.05019543839781997,0.030258742694038998,False,False
2024-09-09 05:00:00+00:00,buy,54678.11617607754,0.0008852405301351654,0.048403284550503044,0.0,48.403284550503045,54668.0,0.05,0.05,0.05,0.030226301671557376,False,False
2024-09-09 08:00:00+00:00,sell,55145.95726220074,0.0008852405301351654,0.04881743644160176,0.0,48.81743644160176,55244.0,0.0,0.0,0.05033602578714025,0.030227358183147146,False,False
2024-09-09 15:00:00+00:00,buy,54867.42,0.0008856852626227865,0.048595265292134725,0.02428548990111526,48.59526529213473,55386.0,0.05,0.05,0.05,0.030272650028672105,False,False
2024-09-09 16:00:00+00:00,sell,55561.203205955375,0.0008856852626227865,0.04920973885310459,0.0,49.20973885310459,56430.11,0.0,0.0,0.0513804214911224,0.030311998158978753,False,False
2024-09-09 23:00:00+00:00,buy,57034.27416645332,0.0008493356834141316,0.04844124422719358,0.0,48.44124422719358,57042.0,0.05,0.05,0.05,0.030342424002301333,False,False
2024-09-10 06:00:00+00:00,sell,56916.977275,0.0008493356834141316,0.04834161979172872,0.024182901346537312,48.34161979172872,56825.99,0.0,0.0,0.04967068531060723,0.030448808566446744,False,False
2024-09-10 07:00:00+00:00,buy,56854.413,0.0008549707782623848,0.04860886173026105,0.024292284722769536,48.60886173026105,57218.57,0.05,0.05,0.05,0.0304827493956214,False,False
2024-09-10 08:00:00+00:00,sell,57189.95072,0.0008549707782623848,0.04889573667586584,0.024460098387123867,48.895736675865834,57046.99,0.0,0.0,0.05018970556032861,0.030574913993950292,False,False
2024-09-10 09:00:00+00:00,buy,57075.51349499999,0.0008517820194149195,0.04861589614391458,0.024295800171866246,48.61589614391458,57086.01,0.05,0.05,0.05,0.030699673559941132,False,False
2024-09-10 11:00:00+00:00,sell,57141.415,0.0008517820194149195,0.048672029860925975,0.02434818902497473,48.672029860925974,57228.0,0.0,0.0,0.05015570953888497,0.030679027584745,False,False
2024-09-10 13:00:00+00:00,buy,57012.081768951924,0.0008493774899626805,0.04842477891045948,0.0,48.42477891045948,56741.09,0.05,0.05,0.05,0.030735249298999345,False,False
2024-09-10 18:00:00+00:00,sell,57369.08048031876,0.0008493774899626805,0.04872800557984015,0.0,48.72800557984015,57581.99,0.0,0.0,0.050308537760742976,0.03082300648542491,False,False
2024-09-10 22:00:00+00:00,buy,57536.75399999999,0.0008450548467704966,0.04862171283514176,0.0242987070640334,48.62171283514176,57615.85,0.05,0.05,0.05,0.030949581934346743,False,False
2024-09-10 23:00:00+00:00,sell,57813.62909307602,0.0008450548467704966,0.04885568747449568,0.0,48.85568747449568,57635.99,0.0,0.0,0.050110716165100516,0.03095489830686271,False,False
2024-09-11 00:00:00+00:00,buy,57664.807994999996,0.0008432756001011996,0.04862732556670407,0.024301512027336353,48.62732556670407,57640.5,0.05,0.05,0.05,0.03095736027487994,False,False
2024-09-11 08:00:00+00:00,sell,56683.65399500001,0.0008432756001011996,0.0477999423385624,0.023911927132842712,47.799942338562396,56398.0,0.0,0.0,0.048983533522343484,0.031011731317607732,False,False
2024-09-11 09:00:00+00:00,buy,56426.209005,0.0008609243988913152,0.04857870006934534,0.024277211428953834,48.57870006934534,56677.99,0.05,0.05,0.05,0.03101039926161031,False,False
2024-09-11 10:00:00+00:00,sell,56649.661,0.0008609243988913152,0.04877107534382178,0.02439773654018093,48.77107534382178,56510.0,0.0,0.0,0.050099322470603974,0.031002689670460465,False,False
2024-09-11 11:00:00+00:00,buy,56538.255,0.0008592592529724135,0.04858101875566382,0.024278370192733295,48.58101875566382,56797.99,0.05,0.05,0.05,0.03100682313270836,False,False
2024-09-11 12:00:00+00:00,sell,56769.601,0.0008592592529724135,0.04877980494680198,0.024402103525161523,48.77980494680198,56748.01,0.0,0.0,0.05020504007307086,0.03100287255785622,False,False
2024-09-11 14:00:00+00:00,buy,55767.880005,0.0008711763350985579,0.04858365731897205,0.024279688815075903,48.58365731897205,55974.0,0.05,0.05,0.05,0.0310258885410524,False,False
2024-09-11 16:00:00+00:00,sell,56897.83865142108,0.0008711763350985579,0.049568050551374095,0.0,49.56805055137409,57312.0,0.0,0.0,0.0513428457335493,0.03103937815138741,False,False
2024-09-11 22:00:00+00:00,buy,57380.676,0.000847441688553892,0.04862677695980379,0.02430123786097096,48.626776959803784,57467.99,0.05,0.05,0.05,0.031024815732153155,False,False
2024-09-11 23:00:00+00:00,sell,57439.266,0.000847441688553892,0.04867642856833616,0.02435038947890477,48.676428568336156,57338.0,0.0,0.0,0.04999340544781843,0.031020651296372798,False,False
2024-09-12 00:00:00+00:00,buy,57366.668999999994,0.0008475646266128227,0.048621959391006386,0.02429883028035828,48.621959391006385,57626.01,0.05,0.05,0.05,0.03102195078476891,False,False
2024-09-12 01:00:00+00:00,sell,57825.68882114197,0.0008475646266128227,0.04901100835432048,0.0,49.011008354320474,58137.74,0.0,0.0,0.050667124097346576,0.031033244322279996,False,False
2024-09-12 06:00:00+00:00,buy,57996.994005,0.0008385834949136679,0.048635321927199944,0.024305508209493912,48.635321927199946,57947.99,0.05,0.05,0.05,0.031053823622233856,False,False
2024-09-12 08:00:00+00:00,sell,58340.11755045558,0.0008385834949136679,0.04892305966913526,0.0,48.923059669135256,58171.06,0.0,0.0,0.05017137109446157,0.031054561210904247,False,False
2024-09-12 09:00:00+00:00,buy,58200.145529999994,0.0008357989369902649,0.04864361976665271,0.024309655055795663,48.64361976665271,58022.0,0.05,0.05,0.05,0.031059785280747543,False,False
2024-09-12 17:00:00+00:00,sell,58268.47229674347,0.0008357989369902649,0.048700727205664894,0.0,48.70072720566489,58389.1,0.0,0.0,0.05018302739549687,0.031086355036247793,False,False
2024-09-12 21:00:00+00:00,buy,57996.703709768495,0.0008353280264042335,0.04844627204783201,0.0,48.446272047832004,57921.11,0.05,0.05,0.05,0.031100316131365907,False,False
2024-09-12 23:00:00+00:00,sell,58114.258335000006,0.0008353280264042335,0.04854446872092133,0.02428437654873156,48.54446872092133,58132.32,0.0,0.0,0.049938534174684454,0.031104558064678295,False,False
2024-09-13 00:00:00+00:00,buy,58161.376155,0.0008362806993431831,0.04863923632566533,0.024307464430617723,48.63923632566533,58031.14,0.05,0.05,0.05,0.031105736576302334,False,False
2024-09-13 08:00:00+00:00,sell,58080.255345,0.0008362806993431831,0.04857139655794725,0.024297847202574836,48.571396557947246,57953.64,0.0,0.0,0.04985897393957089,0.03110183852712073,False,False
2024-09-13 09:00:00+00:00,buy,57982.60681499999,0.0008386747486848186,0.048628548198660776,0.024302123037806895,48.62854819866077,58058.6,0.05,0.05,0.05,0.03114735066424884,False,False
2024-09-13 10:00:00+00:00,sell,58263.71967974866,0.0008386747486848186,0.04886431045985593,0.0,48.86431045985593,58343.99,0.0,0.0,0.050324871504494134,0.031197156230772266,False,False
2024-09-13 12:00:00+00:00,buy,57666.620799420714,0.0008399692495839532,0.04843818819893181,0.0,48.438188198931805,57910.0,0.05,0.05,0.05,0.031198073668490034,False,False
2024-09-13 14:00:00+00:00,sell,58259.89239182237,0.0008399692495839532,0.048936518093200904,0.0,48.9365180932009,58456.89,0.0,0.0,0.0504741680167637,0.03114644240486611,False,False
2024-09-14 01:00:00+00:00,buy,60444.597194999995,0.0008049405480879102,0.04865430719509626,0.024314996099494685,48.65430719509626,60406.06,0.05,0.05,0.05,0.031201222714824978,False,False
2024-09-14 21:00:00+00:00,sell,59994.00799,0.0008049405480879102,0.048291609673461064,0.024157883778618678,48.29160967346106,60036.0,0.0,0.0,0.04970737630329094,0.031190453431571813,False,False
2024-09-14 23:00:00+00:00,buy,60036.973484999995,0.0008099823467686781,0.0486288886762692,0.024302293191533823,48.6288886762692,59993.03,0.05,0.05,0.05,0.031190590364445298,False,False
2024-09-15 02:00:00+00:00,sell,60205.10239000001,0.0008099823467686781,0.04876507012130076,0.024394732426858846,48.76507012130076,60238.01,0.0,0.0,0.05018786929620279,0.031191820997790304,False,False
2024-09-15 04:00:00+00:00,buy,60186.007965,0.0008079684065412743,0.048628392951561496,0.024302045453051608,48.628392951561494,60117.99,0.05,0.05,0.05,0.03119165682420258,False,False
2024-09-15 13:00:00+00:00,sell,60316.676369449255,0.0008079684065412743,0.04873396889408965,0.0,48.73396889408965,60189.98,0.0,0.0,0.05003188991404567,0.031194700340881287,False,False
2024-09-15 17:00:00+00:00,buy,59738.09699535192,0.0008107297071957391,0.04843144988547233,0.0,48.431449885472325,59814.07,0.05,0.05,0.05,0.031203242906494788,False,False
2024-09-16 04:00:00+00:00,sell,58545.802455,0.0008107297071957391,0.04746482128188173,0.023744282782331406,47.46482128188173,58352.0,0.0,0.0,0.048725939071457905,0.03125630022260553,False,False
2024-09-16 05:00:00+00:00,buy,58381.165994999996,0.0008320020109852793,0.0485732475115054,0.02427448651249461,48.5732475115054,58670.0,0.05,0.05,0.05,0.03126074565674486,False,False
2024-09-16 06:00:00+00:00,sell,58640.665,0.0008320020109852793,0.04878915120551408,0.02440677899225244,48.78915120551408,58707.43,0.0,0.0,0.05029427823418809,0.031262528619480506,False,False
2024-09-16 10:00:00+00:00,buy,58665.85827,0.0008280240618986429,0.048576742259495494,0.024276233013237912,48.57674225949549,58749.99,0.05,0.05,0.05,0.031267636239076746,False,False
2024-09-16 11:00:00+00:00,sell,58720.615005,0.0008280240618986429,0.048622082153626504,0.024323202678150923,48.6220821536265,58663.99,0.0,0.0,0.05002723989809398,0.03126922951108646,False,False
2024-09-16 13:00:00+00:00,buy,58319.30146716907,0.000829473950979413,0.048374341406332205,0.0,48.374341406332206,58497.1,0.05,0.05,0.05,0.03127616346243661,False,False
2024-09-16 18:00:00+00:00,sell,58146.912000000004,0.000829473950979413,0.04823134883389225,0.024127738286085932,48.23134883389225,57896.0,0.0,0.0,0.049480454406929004,0.031321665083052036,False,False
2024-09-16 19:00:00+00:00,buy,57924.948,0.0008383006910345319,0.048558523936539325,0.02426712840406485,48.55852393653932,57943.99,0.05,0.05,0.05,0.031321814625477146,False,False
2024-09-16 20:00:00+00:00,sell,58151.75054399448,0.0008383006910345319,0.04874865266589829,0.0,48.74865266589829,57687.99,0.0,0.0,0.04983429588164836,0.03132444522235156,False,False
2024-09-16 21:00:00+00:00,buy,57716.844,0.000841382688416185,0.048561953371617554,0.024268842264674188,48.561953371617555,57995.5,0.05,0.05,0.05,0.031326202432063716,False,False
2024-09-16 22:00:00+00:00,sell,57966.502250000005,0.000841382688416185,0.04877201150118784,0.024398204853016216,48.77201150118784,57970.01,0.0,0.0,0.05023717257317505,0.03132630258825164,False,False
2024-09-17 01:00:00+00:00,buy,57658.825005,0.0008422849030432558,0.048565157828924475,0.02427044369261319,48.56515782892448,57896.0,0.05,0.05,0.05,0.0313541477986706,False,False
2024-09-17 02:00:00+00:00,sell,58104.22240733013,0.0008422849030432558,0.048940309336761835,0.0,48.940309336761835,58115.52,0.0,0.0,0.05040503982858327,0.03135100321751441,False,False
2024-09-17 12:00:00+00:00,buy,59110.53049499999,0.000821813516751849,0.04857783294316336,0.02427677808253534,48.57783294316336,59381.1,0.05,0.05,0.05,0.03160228857757666,False,False
2024-09-17 13:00:00+00:00,sell,59351.40945,0.000821813516751849,0.04877579052428342,0.024400095309796074,48.77579052428342,58966.0,0.0,0.0,0.049912534201455375,0.031604268562519994,False,False
2024-09-17 14:00:00+00:00,buy,58995.483,0.000823460172290707,0.04858043059555348,0.02427807625964706,48.58043059555348,60265.17,0.05,0.05,0.05,0.03167681861613375,False,False
2024-09-17 15:00:00+00:00,sell,60491.57986230744,0.000823460172290707,0.049812406775552744,0.0,49.812406775552745,61135.5,0.0,0.0,0.051749596131920234,0.031708357231839124,False,False
2024-09-17 19:00:00+00:00,buy,60316.006089584334,0.0008029646725903191,0.04843162208167878,0.0,48.43162208167878,59967.99,0.05,0.05,0.05,0.031609451988066944,False,False
2024-09-18 04:00:00+00:00,sell,60479.745,0.0008029646725903191,0.04856309864227099,0.024293696169218,48.563098642270994,60429.99,0.0,0.0,0.04990679048897849,0.0315701829998728,False,False
2024-09-18 05:00:00+00:00,buy,60208.20949464556,0.0008044371212008676,0.048433718718531416,0.0,48.433718718531416,60241.07,0.05,0.05,0.05,0.03152978021415925,False,False
2024-09-18 07:00:00+00:00,sell,60423.763005,0.0008044371212008676,0.04860711796386569,0.024315716840350814,48.60711796386568,60428.01,0.0,0.0,0.049991760465435506,0.031522970013641904,False,False
2024-09-18 08:00:00+00:00,buy,60206.32784926769,0.0008045065413272385,0.04843638458402815,0.0,48.43638458402815,60198.05,0.05,0.05,0.05,0.031526109576043626,False,False
2024-09-18 17:00:00+00:00,sell,60133.9726257708,0.0008045065413272385,0.048378174333425714,0.0,48.37817433342571,60013.01,0.0,0.0,0.04966703503407348,0.03148189268704546,False,False
2024-09-19 06:00:00+00:00,buy,62021.41520999999,0.0007841046743014776,0.04863128157295375,0.024303489041950944,48.63128157295375,62020.6,0.05,0.05,0.05,0.03159416272231566,False,False
2024-09-19 10:00:00+00:00,sell,62502.09173877342,0.0007841046743014776,0.049008182285992005,0.0,49.00818228599201,62320.01,0.0,0.0,0.050257506042176305,0.03159007794619392,False,False
2024-09-19 15:00:00+00:00,buy,62967.30791999999,0.0007725284348618953,0.04864403583490461,0.024309862985955857,48.644035834904614,63154.04,0.05,0.05,0.05,0.0315060440330624,False,False
2024-09-19 16:00:00+00:00,sell,63385.27850045801,0.0007725284348618953,0.04896692999324417,0.0,48.966929993244165,63556.92,0.0,0.0,0.050473566935796424,0.03150937323420333,False,False
2024-09-19 19:00:00+00:00,buy,63394.96458299992,0.000764282501344847,0.048451662104163164,0.0,48.45166210416316,63251.99,0.05,0.05,0.05,0.03151172083708745,False,False
2024-09-20 03:00:00+00:00,sell,63356.36134177485,0.000764282501344847,0.04842215832239965,0.0,48.422158322399646,63742.16,0.0,0.0,0.05007853277962077,0.0315174371530956,False,False
2024-09-20 08:00:00+00:00,buy,63291.95445803988,0.0007654246546866561,0.04844522238548874,0.0,48.44522238548874,63298.91,0.05,0.05,0.05,0.03151892972827394,False,False
2024-09-20 11:00:00+00:00,sell,63632.177995000005,0.0007654246546866561,0.048705637868782715,0.024365001435106285,48.705637868782716,63440.0,0.0,0.0,0.04992991577661883,0.03145197198784319,False,False
2024-09-20 12:00:00+00:00,buy,63471.730005,0.0007665572678718944,0.04865471593973534,0.024315200369679442,48.65471593973534,63417.45,0.05,0.05,0.05,0.03144278950723936,False,False
2024-09-20 22:00:00+00:00,sell,63084.481980000004,0.0007665572678718944,0.048357868151702565,0.024191029590644116,48.35786815170256,63180.24,0.0,0.0,0.049810443589934625,0.031413404938546136,False,False
2024-09-21 02:00:00+00:00,buy,62868.39849,0.0007735617212867556,0.04863258655046607,0.024304141204627917,48.632586550466065,62917.11,0.05,0.05,0.05,0.031417117343973205,False,False
2024-09-21 06:00:00+00:00,sell,62877.36559,0.0007735617212867556,0.04863952315577701,0.024331927541658145,48.63952315577701,62999.98,0.0,0.0,0.05012821310577406,0.03141452049608101,False,False
2024-09-21 11:00:00+00:00,buy,63010.54953,0.0007717062437991986,0.04862563449751966,0.024300666915301347,48.625634497519655,63089.77,0.05,0.05,0.05,0.031412861618677984,False,False
2024-09-21 12:00:00+00:00,sell,63058.21512000001,0.0007717062437991986,0.04866241833093705,0.02434338085589184,48.662418330937044,63151.98,0.0,0.0,0.050135415744028855,0.031413591798095136,False,False
2024-09-21 20:00:00+00:00,buy,63235.19179499999,0.0007688784199955295,0.04862017435545387,0.024297938208618808,48.62017435545387,63139.99,0.05,0.05,0.05,0.03141633309117267,False,False
2024-09-21 23:00:00+00:00,sell,63459.3938938261,0.0007688784199955295,0.04879255851095896,0.0,48.79255851095896,63348.96,0.0,0.0,0.05011425084886951,0.03141499599998804,False,False
2024-09-22 01:00:00+00:00,buy,63262.53545999999,0.0007685861615087484,0.048622709296512474,0.024299205045728467,48.622709296512475,63046.0,0.05,0.05,0.05,0.03140761749001264,False,False
2024-09-22 09:00:00+00:00,sell,62993.837325,0.0007685861615087484,0.04841619162832827,0.024220205917121256,48.41619162832827,62702.94,0.0,0.0,0.04960817210299589,0.03139650260331023,False,False
2024-09-22 10:00:00+00:00,buy,62734.281465,0.0007747772917862556,0.04860509669560939,0.024290403146231373,48.60509669560939,62655.99,0.05,0.05,0.05,0.03139248490093524,False,False
2024-09-22 13:00:00+00:00,sell,62750.599005000004,0.0007747772917862556,0.04861773915505921,0.024321030092571465,48.617739155059205,62589.99,0.0,0.0,0.04991942932679609,0.03138956598302203,False,False
2024-09-22 14:00:00+00:00,buy,62621.295,0.0007760688081479656,0.04859843377533216,0.02428707335098923,48.59843377533216,62668.0,0.05,0.05,0.05,0.03138169572744948,False,False
2024-09-22 16:00:00+00:00,sell,62620.79394,0.0007760688081479656,0.048598044918295155,0.024311178048171206,48.59804491829515,62776.03,0.0,0.0,0.05014617364967081,0.03138243124519874,False,False
2024-09-22 22:00:00+00:00,buy,62553.179880730575,0.0007736036559831902,0.04839136864910731,0.0,48.39136864910731,63881.51,0.05,0.05,0.05,0.03139091952859546,False,False
2024-09-22 23:00:00+00:00,sell,63849.559250000006,0.0007736036559831902,0.04939425246871532,0.02470948097484067,49.39425246871532,63578.76,0.0,0.0,0.05059735058006507,0.0313920877049359,False,False
2024-09-23 06:00:00+00:00,buy,63785.87699999999,0.0007624754048138226,0.048635162386979694,0.024305428479244988,48.635162386979694,63671.42,0.05,0.05,0.05,0.03138377955981034,False,False
2024-09-23 16:00:00+00:00,sell,63586.181005,0.0007624754048138226,0.04848289910235237,0.024253576339345412,48.48289910235237,63227.55,0.0,0.0,0.04961257028479641,0.031369865187753476,False,False
2024-09-23 17:00:00+00:00,buy,63259.163775,0.0007685883754938107,0.04862025792092417,0.024297979970475298,48.62025792092417,63318.01,0.05,0.05,0.05,0.03137061708834585,False,False
2024-09-23 19:00:00+00:00,sell,63398.46491,0.0007685883754938107,0.048727323153978264,0.024375849501738364,48.72732315397826,63298.56,0.0,0.0,0.05005835041273773,0.03136635449889574,False,False
2024-09-23 20:00:00+00:00,buy,63331.660005,0.0007676777955023866,0.04861830913814506,0.024297006066036346,48.618309138145065,63308.0,0.05,0.05,0.05,0.03136605541404858,False,False
2024-09-23 22:00:00+00:00,sell,63348.310000000005,0.0007676777955023866,0.0486310909696018,0.024327709339466836,48.6310909696018,63219.0,0.0,0.0,0.04994420261358391,0.03136729312024125,False,False
2024-09-23 23:00:00+00:00,buy,63250.6095,0.0007685562491952768,0.048611651196635144,0.024293678758937072,48.611651196635144,63339.99,0.05,0.05,0.05,0.031366270606074914,False,False
2024-09-24 00:00:00+00:00,sell,63308.320005,0.0007685562491952768,0.048656004965897115,0.024340172569230527,48.65600496589711,62906.0,0.0,0.0,0.04976974666724621,0.03137440263117178,False,False
2024-09-24 01:00:00+00:00,buy,62937.463005,0.00077229950096922,0.04860657127103025,0.024291140065479104,48.60657127103025,62942.01,0.05,0.05,0.05,0.031374209377732165,False,False
2024-09-24 03:00:00+00:00,sell,63092.438,0.00077229950096922,0.04872625838233146,0.02437531684958904,48.72625838233146,63124.0,0.0,0.0,0.05016959194069207,0.031370284560464035,False,False
2024-09-24 12:00:00+00:00,buy,63510.089174999994,0.0007653154898040264,0.048605255004462514,0.024290482261097,48.605255004462514,63446.01,0.05,0.05,0.05,0.03132391873114454,False,False
2024-09-24 14:00:00+00:00,sell,63488.10007000001,0.0007653154898040264,0.0485884264017991,0.02430636638408615,48.5884264017991,63194.89,0.0,0.0,0.049792824945261584,0.03132646573575332,False,False
2024-09-24 15:00:00+00:00,buy,63226.487445,0.0007686196394291638,0.048597119982348454,0.024286416782782393,48.59711998234845,63159.99,0.05,0.05,0.05,0.03132606548473041,False,False
2024-09-24 18:00:00+00:00,sell,63743.65223000001,0.0007686196394291638,0.04899462299292062,0.024509566279595423,48.99462299292062,63727.58,0.0,0.0,0.050405263719059686,0.03133213587965211,False,False
2024-09-25 01:00:00+00:00,buy,64159.003469999996,0.0007576439688186025,0.048609682024457285,0.024292694664891413,48.609682024457285,64390.01,0.05,0.05,0.05,0.031335961422724046,False,False
2024-09-25 02:00:00+00:00,sell,64357.805,0.0007576439688186025,0.048760302804653696,0.024392347576114685,48.7603028046537,64422.52,0.0,0.0,0.050223913567187625,0.03133607452980813,False,False
2024-09-25 05:00:00+00:00,buy,64204.926419999996,0.0007571056169159525,0.04860991042625743,0.02429280880872408,48.60991042625743,64170.63,0.05,0.05,0.05,0.031326148995994424,False,False
2024-09-25 15:00:00+00:00,sell,63904.541745,0.0007571056169159525,0.04838248750157946,0.024203345423501308,48.38248750157946,63495.66,0.0,0.0,0.049503448723466015,0.031244361084851346,False,False
2024-09-25 16:00:00+00:00,buy,63527.40783,0.0007648864826919949,0.04859125552962859,0.02428348602179802,48.59125552962859,63463.88,0.05,0.05,0.05,0.03124450670108697,False,False
2024-09-25 21:00:00+00:00,sell,63474.02711,0.0007648864826919949,0.04855042533846423,0.024287356347402846,48.55042533846423,63437.99,0.0,0.0,0.04996185377713104,0.03125466025545204,False,False
2024-09-25 23:00:00+00:00,buy,63037.50288212159,0.0007675641760912825,0.04838532896256751,0.0,48.385328962567506,63152.01,0.05,0.05,0.05,0.031235167736242325,False,False
2024-09-26 02:00:00+00:00,sell,63378.880689112506,0.0007675641760912825,0.04864735833772634,0.0,48.64735833772634,63353.99,0.0,0.0,0.05006267714722216,0.03123647990404871,False,False
2024-09-26 20:00:00+00:00,buy,64743.425534999995,0.0007505036579101479,0.04859017768965077,0.024282947371136173,48.59017768965077,64664.26,0.05,0.05,0.05,0.031235660893865896,False,False
2024-09-26 22:00:00+00:00,sell,65019.474,0.0007505036579101479,0.04879735307239376,0.024410881977183985,48.79735307239376,65086.33,0.0,0.0,0.05028040086549377,0.031233041972872244,False,False
2024-09-26 23:00:00+00:00,buy,64855.42537291147,0.0007462236218518925,0.04839665041851912,0.0,48.39665041851912,65173.99,0.05,0.05,0.05,0.031232325562532692,False,False
2024-09-27 00:00:00+00:00,sell,65141.403005,0.0007462236218518925,0.04861005368290486,0.0243171854341679,48.610053682904855,65241.98,0.0,0.0,0.05010719653137223,0.03123272591494533,False,False
2024-09-27 02:00:00+00:00,buy,64888.79274713272,0.0007459094063882117,0.04840116087926147,0.0,48.40116087926147,64878.12,0.05,0.05,0.05,0.031236170933823554,False,False
2024-09-27 04:00:00+00:00,sell,65333.326995,0.0007459094063882117,0.048732743156207375,0.024378560858532176,48.73274315620738,65303.96,0.0,0.0,0.05012783440529583,0.031225364773173447,False,False
2024-09-27 05:00:00+00:00,buy,65336.611979999994,0.0007439680059640545,0.04860834893120775,0.024292028451374535,48.60834893120775,65354.58,0.05,0.05,0.05,0.03122488121778441,False,False
2024-09-27 08:00:00+00:00,sell,65690.82116218611,0.0007439680059640545,0.048871869230172914,0.0,48.87186923017291,65725.99,0.0,0.0,0.05031190271114218,0.03117988571141736,False,False
2024-09-27 11:00:00+00:00,buy,65522.765009999996,0.0007419625815563043,0.04861543987752669,0.024295572152686056,48.61543987752668,65437.35,0.05,0.05,0.05,0.0310203597760062,False,False
2024-09-27 13:00:00+00:00,sell,65708.319405,0.0007419625815563043,0.04875311429546001,0.024388751523491986,48.75311429546001,65678.01,0.0,0.0,0.05014134450244053,0.03102375043789324,False,False
2024-09-27 14:00:00+00:00,buy,65710.85901,0.0007398323728757078,0.04861502074506938,0.024295362691186175,48.61502074506938,66242.66,0.05,0.05,0.05,0.031016091845408267,False,False
2024-09-27 15:00:00+00:00,sell,66209.528675,0.0007398323728757078,0.048983952706607464,0.024504228467537553,48.98395270660746,66006.01,0.0,0.0,0.05024217564106529,0.031016857886921545,False,False
2024-09-27 18:00:00+00:00,buy,65689.50111045355,0.0007373344804398319,0.04843513417162803,0.0,48.43513417162803,65876.42,0.05,0.05,0.05,0.030949442456531084,False,False
2024-09-28 03:00:00+00:00,sell,66135.65563000001,0.0007373344804398319,0.0487640992824937,0.02439424676462684,48.764099282493696,66063.76,0.0,0.0,0.050100651782270765,0.030943690072527424,False,False
2024-09-28 04:00:00+00:00,buy,66096.79187999999,0.0007358379334412231,0.048636526744073816,0.02430611031687479,48.63652674407381,66006.5,0.05,0.05,0.05,0.030943455359706856,False,False
2024-09-28 15:00:00+00:00,sell,65687.869635,0.0007358379334412231,0.04833562624437487,0.024179903073724633,48.335626244374865,65619.13,0.0,0.0,0.04968517379181238,0.030930907107472233,False,False
2024-09-28 16:00:00+00:00,buy,65651.94957,0.0007404836866263873,0.04861419765180326,0.024294951350224754,48.61419765180326,65516.0,0.05,0.05,0.05,0.030930086680236696,False,False
2024-09-28 18:00:00+00:00,sell,65600.3834,0.0007404836866263873,0.04857601374413646,0.024300156950536847,48.57601374413646,65715.01,0.0,0.0,0.05007440107288631,0.03093085329918585,False,False
2024-09-28 21:00:00+00:00,buy,65678.82299999999,0.0007400405849417308,0.048604994591204397,0.024290352119534588,48.604994591204395,65692.0,0.05,0.05,0.05,0.030928933228507205,False,False
2024-09-28 22:00:00+00:00,sell,65659.15400000001,0.0007400405849417308,0.048590438732939195,0.024307373052989023,48.59043873293919,65680.01,0.0,0.0,0.05002961233195384,0.030929732216023936,False,False
2024-09-29 01:00:00+00:00,buy,65719.94355,0.0007394554910819135,0.04859697313164088,0.024286343394116356,48.59697313164088,65872.9,0.05,0.05,0.05,0.030934364085711152,False,False
2024-09-29 02:00:00+00:00,sell,65839.96355,0.0007394554910819135,0.04868572257968054,0.024355038809240292,48.68572257968054,65824.0,0.0,0.0,0.05010399666062924,0.030934326128546324,False,False
2024-09-29 05:00:00+00:00,buy,65774.871,0.0007387945005742602,0.04859411297078139,0.024284914028375904,48.59411297078139,65594.01,0.05,0.05,0.05,0.030934173850932084,False,False
2024-09-29 10:00:00+00:00,sell,65547.120045,0.0007387945005742602,0.04842585181772686,0.024225038428077605,48.42585181772686,65571.99,0.0,0.0,0.0498821383629182,0.030918276066248807,False,False
2024-09-29 21:00:00+00:00,buy,65844.91600499999,0.000737770180598314,0.04857841557248966,0.02427706925161688,48.57841557248966,65868.6,0.05,0.05,0.05,0.03087603570534128,False,False
2024-09-29 22:00:00+00:00,sell,65835.66570000001,0.000737770180598314,0.04857159097329924,0.024297944458874277,48.57159097329924,65674.42,0.0,0.0,0.049905675992764284,0.030877911536978525,False,False
2024-09-29 23:00:00+00:00,buy,65707.25721,0.0007391996917866302,0.048570784277776835,0.024273255511131277,48.57078427777683,65602.01,0.05,0.05,0.05,0.030878745147108505,False,False
2024-09-30 08:00:00+00:00,sell,64529.728995000005,0.0007391996917866302,0.04770035578417878,0.02386210894656052,47.700355784178775,64311.58,0.0,0.0,0.04901819006713414,0.030901823192608063,False,False
2024-09-30 09:00:00+00:00,buy,64091.68900698541,0.0007540752267687999,0.04832995492193793,0.0,48.329954921937926,63541.01,0.05,0.05,0.05,0.030922680154292198,False,False
2024-09-30 13:00:00+00:00,sell,64015.985995,0.0007540752267687999,0.04827286915600795,0.02414850883241966,48.27286915600795,63874.54,0.0,0.0,0.04967107753255009,0.030796311775837804,False,False
2024-09-30 16:00:00+00:00,buy,63593.20071,0.0007628350250422002,0.04851112085612651,0.02424343870870821,48.51112085612651,63486.98,0.05,0.05,0.05,0.030781203449715355,False,False
2024-09-30 18:00:00+00:00,sell,63664.152,0.0007628350250422002,0.04856524498521044,0.02429476987754257,48.56524498521044,63330.55,0.0,0.0,0.04983242290237434,0.030774795226677393,False,False
2024-09-30 19:00:00+00:00,buy,63362.22527999999,0.0007655435684628499,0.04850654404659819,0.024241151447570563,48.50654404659819,63488.0,0.05,0.05,0.05,0.03077446428864475,False,False
2024-09-30 20:00:00+00:00,sell,63701.29105431199,0.0007655435684628499,0.04876611366940861,0.0,48.76611366940861,63809.99,0.0,0.0,0.05036448799030476,0.030779593424156898,False,False
2024-10-01 00:00:00+00:00,buy,63114.8176445575,0.0007656883520902887,0.048326280714740315,0.0,48.326280714740314,63531.99,0.05,0.05,0.05,0.030780735528201347,False,False
