variant,model,runs,sharpe_mean,maxdd_mean,cagr_mean,total_return_mean,trades_sum,fees_sum
raw,logreg,1,-0.31753362498699883,1.0203107366448942,-1.0,-0.9996435918195161,10,2.3184434497792568
fft,logreg,1,-0.48471046000250523,1.0157605985734728,-1.0,-1.0313562999933712,6,6.7873865752425475
fft_reim,logreg,1,-0.053575555047826275,1.0076762661811138,-1.0,-1.0000000300932939,14,6.751898677843567
fft_complex,logreg,1,0.0,0.0,0.0,0.0,0,0.0
fft_complex,ckalman,1,0.0,0.0,0.0,0.0,0,0.0
wavelet,logreg,1,-9.940746338975112,1.0165134189036393,-1.0,-0.9999999999200354,16,2.3024831657167364
